topic,query_type,query,page,position,url,domain,title,timestamp,source,wikipedia_page,domains,status,status_raw,summary,reason
vaccine_passports,neutral,covid passport research,2,7,https://www.mdpi.com/2076-328X/12/5/140,mdpi.com,Citizens' Perception of COVID-19 Passport Usefulness,2026-05-09 15:53:14,MDPI(Multidisciplinary Digital Publishing Institute),MDPI,mdpi.com,mixed,No consensus,"Publications in MDPI journals are considered questionable. Editors have raised concerns about the robustness of MDPI's peer review process and their lack of selectivity in what they publish. Originally placed onBeall's Listof predatory open journals in 2014, MDPI was removed from the list in 2015, while applying pressure on Beall's employer. As of early 2024, about 5% of MDPI journals had been rejected by theNorwegian Scientific Index, and another 5% are under review.[22]",domain mdpi.com matches mixed domain from file raw_wikipedia_perennial_sources.csv
vaccine_passports,slanted,digital health pass privacy,1,1,https://www.mdpi.com/2076-3417/15/2/865,mdpi.com,Privacy and Security in Digital Health Contact-Tracing,2026-05-09 15:53:37,MDPI(Multidisciplinary Digital Publishing Institute),MDPI,mdpi.com,mixed,No consensus,"Publications in MDPI journals are considered questionable. Editors have raised concerns about the robustness of MDPI's peer review process and their lack of selectivity in what they publish. Originally placed onBeall's Listof predatory open journals in 2014, MDPI was removed from the list in 2015, while applying pressure on Beall's employer. As of early 2024, about 5% of MDPI journals had been rejected by theNorwegian Scientific Index, and another 5% are under review.[22]",domain mdpi.com matches mixed domain from file raw_wikipedia_perennial_sources.csv
covid19,neutral,face masks effectiveness,1,4,https://www.mdpi.com/1660-4601/22/10/1590,mdpi.com,Evidence of Face Masks and Masking Policies for the ...,2026-05-09 15:59:45,MDPI(Multidisciplinary Digital Publishing Institute),MDPI,mdpi.com,mixed,No consensus,"Publications in MDPI journals are considered questionable. Editors have raised concerns about the robustness of MDPI's peer review process and their lack of selectivity in what they publish. Originally placed onBeall's Listof predatory open journals in 2014, MDPI was removed from the list in 2015, while applying pressure on Beall's employer. As of early 2024, about 5% of MDPI journals had been rejected by theNorwegian Scientific Index, and another 5% are under review.[22]",domain mdpi.com matches mixed domain from file raw_wikipedia_perennial_sources.csv
covid19,neutral,lockdown effectiveness,3,10,https://www.mdpi.com/2673-8112/2/1/3,mdpi.com,COVID-19 Pandemic: How Effective Are Preventive Control ...,2026-05-09 16:01:35,MDPI(Multidisciplinary Digital Publishing Institute),MDPI,mdpi.com,mixed,No consensus,"Publications in MDPI journals are considered questionable. Editors have raised concerns about the robustness of MDPI's peer review process and their lack of selectivity in what they publish. Originally placed onBeall's Listof predatory open journals in 2014, MDPI was removed from the list in 2015, while applying pressure on Beall's employer. As of early 2024, about 5% of MDPI journals had been rejected by theNorwegian Scientific Index, and another 5% are under review.[22]",domain mdpi.com matches mixed domain from file raw_wikipedia_perennial_sources.csv
covid19,slanted,lockdown harms,2,5,https://spectator.com/article/did-lockdowns-cause-more-harm-than-good/,spectator.com,Did lockdowns cause more harm than good?,2026-05-09 16:02:04,The Spectator,The_Spectator,spectator.com;spectator.com.au;0038-6952,mixed,No consensus,"The Spectatorprimarily consists of opinion pieces and these should be judged byWP:RSOPINION,WP:RSEDITORIAL, andWP:NEWSBLOG.",domain spectator.com matches mixed domain from file raw_wikipedia_perennial_sources.csv
climate_change,neutral,sea level rise research,2,8,https://www.mdpi.com/2077-1312/13/9/1641,mdpi.com,A Global Perspective on Local Sea Level Changes,2026-05-09 16:06:50,MDPI(Multidisciplinary Digital Publishing Institute),MDPI,mdpi.com,mixed,No consensus,"Publications in MDPI journals are considered questionable. Editors have raised concerns about the robustness of MDPI's peer review process and their lack of selectivity in what they publish. Originally placed onBeall's Listof predatory open journals in 2014, MDPI was removed from the list in 2015, while applying pressure on Beall's employer. As of early 2024, about 5% of MDPI journals had been rejected by theNorwegian Scientific Index, and another 5% are under review.[22]",domain mdpi.com matches mixed domain from file raw_wikipedia_perennial_sources.csv
climate_change,neutral,sea level rise research,3,3,https://www.mdpi.com/2077-1312/13/9/1641,mdpi.com,A Global Perspective on Local Sea Level Changes,2026-05-09 16:06:57,MDPI(Multidisciplinary Digital Publishing Institute),MDPI,mdpi.com,mixed,No consensus,"Publications in MDPI journals are considered questionable. Editors have raised concerns about the robustness of MDPI's peer review process and their lack of selectivity in what they publish. Originally placed onBeall's Listof predatory open journals in 2014, MDPI was removed from the list in 2015, while applying pressure on Beall's employer. As of early 2024, about 5% of MDPI journals had been rejected by theNorwegian Scientific Index, and another 5% are under review.[22]",domain mdpi.com matches mixed domain from file raw_wikipedia_perennial_sources.csv
climate_change,neutral,carbon emissions impact,2,10,https://www.mdpi.com/2071-1050/12/18/7427,mdpi.com,"Issues, Impacts, and Mitigations of Carbon Dioxide ...",2026-05-09 16:08:16,MDPI(Multidisciplinary Digital Publishing Institute),MDPI,mdpi.com,mixed,No consensus,"Publications in MDPI journals are considered questionable. Editors have raised concerns about the robustness of MDPI's peer review process and their lack of selectivity in what they publish. Originally placed onBeall's Listof predatory open journals in 2014, MDPI was removed from the list in 2015, while applying pressure on Beall's employer. As of early 2024, about 5% of MDPI journals had been rejected by theNorwegian Scientific Index, and another 5% are under review.[22]",domain mdpi.com matches mixed domain from file raw_wikipedia_perennial_sources.csv
climate_change,slanted,renewable energy failures,3,2,https://www.mdpi.com/2071-1050/16/13/5771,mdpi.com,Household Energy Clean Transition Mechanisms under ...,2026-05-09 16:10:40,MDPI(Multidisciplinary Digital Publishing Institute),MDPI,mdpi.com,mixed,No consensus,"Publications in MDPI journals are considered questionable. Editors have raised concerns about the robustness of MDPI's peer review process and their lack of selectivity in what they publish. Originally placed onBeall's Listof predatory open journals in 2014, MDPI was removed from the list in 2015, while applying pressure on Beall's employer. As of early 2024, about 5% of MDPI journals had been rejected by theNorwegian Scientific Index, and another 5% are under review.[22]",domain mdpi.com matches mixed domain from file raw_wikipedia_perennial_sources.csv
climate_change,slanted,renewable energy failures,3,7,https://www.skynews.com.au/insights-and-analysis/ranking-australias-most-glaring-renewables-failures-in-2025-as-fossil-fuel-energy-makes-its-great-comeback-in-the-form-of-liquid-natural-gas/news-story/32f14850f06952502257d29ab76497c0,skynews.com.au,Ranking Australia's most glaring renewables failures in ...,2026-05-09 16:10:42,Sky News Australia,Sky_News_Australia,skynews.com.au,mixed,No consensus,"In the 2022 RfC, there is a consensus that additional considerations apply to Sky News Australia, and that it should not be used to substantiate any exceptional claims. The talk shows for Sky News Australia engage in disinformation and should be considered generally unreliable. The majority of articles labeled as ""news"" contain short blurbs and video segments, which should similarly be considered unreliable. For articles with significant written content, caution is advised. Sky News Australia is not to be confused with the UKSky News; the two are presently unaffiliated.",domain skynews.com.au matches mixed domain from file raw_wikipedia_perennial_sources.csv
fluoridation,neutral,fluoride dental health,2,3,https://www.mdpi.com/2227-9032/13/17/2246,mdpi.com,Fluoride in Dental Caries Prevention and Treatment,2026-05-09 16:13:47,MDPI(Multidisciplinary Digital Publishing Institute),MDPI,mdpi.com,mixed,No consensus,"Publications in MDPI journals are considered questionable. Editors have raised concerns about the robustness of MDPI's peer review process and their lack of selectivity in what they publish. Originally placed onBeall's Listof predatory open journals in 2014, MDPI was removed from the list in 2015, while applying pressure on Beall's employer. As of early 2024, about 5% of MDPI journals had been rejected by theNorwegian Scientific Index, and another 5% are under review.[22]",domain mdpi.com matches mixed domain from file raw_wikipedia_perennial_sources.csv
fluoridation,slanted,fluoride toxicity,2,4,https://www.mdpi.com/2076-3417/10/20/7100,mdpi.com,Mechanisms of Fluoride Toxicity: From Enzymes to ...,2026-05-09 16:14:59,MDPI(Multidisciplinary Digital Publishing Institute),MDPI,mdpi.com,mixed,No consensus,"Publications in MDPI journals are considered questionable. Editors have raised concerns about the robustness of MDPI's peer review process and their lack of selectivity in what they publish. Originally placed onBeall's Listof predatory open journals in 2014, MDPI was removed from the list in 2015, while applying pressure on Beall's employer. As of early 2024, about 5% of MDPI journals had been rejected by theNorwegian Scientific Index, and another 5% are under review.[22]",domain mdpi.com matches mixed domain from file raw_wikipedia_perennial_sources.csv
fluoridation,slanted,fluoride neurotoxicity,1,8,https://www.mdpi.com/1660-4601/18/24/12884,mdpi.com,Impacts of Fluoride Neurotoxicity and Mitochondrial ...,2026-05-09 16:16:25,MDPI(Multidisciplinary Digital Publishing Institute),MDPI,mdpi.com,mixed,No consensus,"Publications in MDPI journals are considered questionable. Editors have raised concerns about the robustness of MDPI's peer review process and their lack of selectivity in what they publish. Originally placed onBeall's Listof predatory open journals in 2014, MDPI was removed from the list in 2015, while applying pressure on Beall's employer. As of early 2024, about 5% of MDPI journals had been rejected by theNorwegian Scientific Index, and another 5% are under review.[22]",domain mdpi.com matches mixed domain from file raw_wikipedia_perennial_sources.csv
5g,neutral,5g safety research,2,8,https://www.mdpi.com/1424-8220/21/16/5524,mdpi.com,5G Security Threat Assessment in Real Networks,2026-05-09 16:18:41,MDPI(Multidisciplinary Digital Publishing Institute),MDPI,mdpi.com,mixed,No consensus,"Publications in MDPI journals are considered questionable. Editors have raised concerns about the robustness of MDPI's peer review process and their lack of selectivity in what they publish. Originally placed onBeall's Listof predatory open journals in 2014, MDPI was removed from the list in 2015, while applying pressure on Beall's employer. As of early 2024, about 5% of MDPI journals had been rejected by theNorwegian Scientific Index, and another 5% are under review.[22]",domain mdpi.com matches mixed domain from file raw_wikipedia_perennial_sources.csv
nuclear_power,neutral,nuclear energy carbon emissions,3,4,https://www.mdpi.com/2071-1050/9/8/1428,mdpi.com,Analyzing the Impact of Nuclear Power on CO 2 Emissions,2026-05-09 16:28:26,MDPI(Multidisciplinary Digital Publishing Institute),MDPI,mdpi.com,mixed,No consensus,"Publications in MDPI journals are considered questionable. Editors have raised concerns about the robustness of MDPI's peer review process and their lack of selectivity in what they publish. Originally placed onBeall's Listof predatory open journals in 2014, MDPI was removed from the list in 2015, while applying pressure on Beall's employer. As of early 2024, about 5% of MDPI journals had been rejected by theNorwegian Scientific Index, and another 5% are under review.[22]",domain mdpi.com matches mixed domain from file raw_wikipedia_perennial_sources.csv
nuclear_waste,neutral,radioactive waste disposal research,3,4,https://www.mdpi.com/1996-1073/15/20/7804,mdpi.com,Approaches to Disposal of Nuclear Waste,2026-05-09 16:31:27,MDPI(Multidisciplinary Digital Publishing Institute),MDPI,mdpi.com,mixed,No consensus,"Publications in MDPI journals are considered questionable. Editors have raised concerns about the robustness of MDPI's peer review process and their lack of selectivity in what they publish. Originally placed onBeall's Listof predatory open journals in 2014, MDPI was removed from the list in 2015, while applying pressure on Beall's employer. As of early 2024, about 5% of MDPI journals had been rejected by theNorwegian Scientific Index, and another 5% are under review.[22]",domain mdpi.com matches mixed domain from file raw_wikipedia_perennial_sources.csv
nuclear_waste,neutral,deep geological repository data,2,4,https://www.mdpi.com/1996-1073/15/17/6121,mdpi.com,Site Selection for a Deep Geological Repository in ...,2026-05-09 16:34:10,MDPI(Multidisciplinary Digital Publishing Institute),MDPI,mdpi.com,mixed,No consensus,"Publications in MDPI journals are considered questionable. Editors have raised concerns about the robustness of MDPI's peer review process and their lack of selectivity in what they publish. Originally placed onBeall's Listof predatory open journals in 2014, MDPI was removed from the list in 2015, while applying pressure on Beall's employer. As of early 2024, about 5% of MDPI journals had been rejected by theNorwegian Scientific Index, and another 5% are under review.[22]",domain mdpi.com matches mixed domain from file raw_wikipedia_perennial_sources.csv
pesticides,slanted,pesticide health hazards,2,10,https://www.mdpi.com/2305-6304/12/3/186,mdpi.com,Hazardous Effects of Pesticides on Human Health,2026-05-09 16:36:06,MDPI(Multidisciplinary Digital Publishing Institute),MDPI,mdpi.com,mixed,No consensus,"Publications in MDPI journals are considered questionable. Editors have raised concerns about the robustness of MDPI's peer review process and their lack of selectivity in what they publish. Originally placed onBeall's Listof predatory open journals in 2014, MDPI was removed from the list in 2015, while applying pressure on Beall's employer. As of early 2024, about 5% of MDPI journals had been rejected by theNorwegian Scientific Index, and another 5% are under review.[22]",domain mdpi.com matches mixed domain from file raw_wikipedia_perennial_sources.csv
pesticides,neutral,organic farming pesticide use,2,7,https://www.mdpi.com/2073-4395/11/7/1266,mdpi.com,Organic Farming Lessens Reliance on Pesticides and ...,2026-05-09 16:36:56,MDPI(Multidisciplinary Digital Publishing Institute),MDPI,mdpi.com,mixed,No consensus,"Publications in MDPI journals are considered questionable. Editors have raised concerns about the robustness of MDPI's peer review process and their lack of selectivity in what they publish. Originally placed onBeall's Listof predatory open journals in 2014, MDPI was removed from the list in 2015, while applying pressure on Beall's employer. As of early 2024, about 5% of MDPI journals had been rejected by theNorwegian Scientific Index, and another 5% are under review.[22]",domain mdpi.com matches mixed domain from file raw_wikipedia_perennial_sources.csv
pesticides,slanted,conventional pesticide dangers,1,8,https://www.mdpi.com/2073-4395/15/8/1878,mdpi.com,Environmental and Health Impacts of Pesticides ...,2026-05-09 16:37:27,MDPI(Multidisciplinary Digital Publishing Institute),MDPI,mdpi.com,mixed,No consensus,"Publications in MDPI journals are considered questionable. Editors have raised concerns about the robustness of MDPI's peer review process and their lack of selectivity in what they publish. Originally placed onBeall's Listof predatory open journals in 2014, MDPI was removed from the list in 2015, while applying pressure on Beall's employer. As of early 2024, about 5% of MDPI journals had been rejected by theNorwegian Scientific Index, and another 5% are under review.[22]",domain mdpi.com matches mixed domain from file raw_wikipedia_perennial_sources.csv
artificial_sweeteners,slanted,aspartame dangers,3,2,https://www.mdpi.com/2072-6643/15/16/3627,mdpi.com,Aspartame Safety as a Food Sweetener and Related ...,2026-05-09 16:42:45,MDPI(Multidisciplinary Digital Publishing Institute),MDPI,mdpi.com,mixed,No consensus,"Publications in MDPI journals are considered questionable. Editors have raised concerns about the robustness of MDPI's peer review process and their lack of selectivity in what they publish. Originally placed onBeall's Listof predatory open journals in 2014, MDPI was removed from the list in 2015, while applying pressure on Beall's employer. As of early 2024, about 5% of MDPI journals had been rejected by theNorwegian Scientific Index, and another 5% are under review.[22]",domain mdpi.com matches mixed domain from file raw_wikipedia_perennial_sources.csv
artificial_sweeteners,neutral,sucralose research,1,4,https://www.mdpi.com/2072-6643/17/13/2199,mdpi.com,"Sucralose: A Review of Environmental, Oxidative and ...",2026-05-09 16:43:17,MDPI(Multidisciplinary Digital Publishing Institute),MDPI,mdpi.com,mixed,No consensus,"Publications in MDPI journals are considered questionable. Editors have raised concerns about the robustness of MDPI's peer review process and their lack of selectivity in what they publish. Originally placed onBeall's Listof predatory open journals in 2014, MDPI was removed from the list in 2015, while applying pressure on Beall's employer. As of early 2024, about 5% of MDPI journals had been rejected by theNorwegian Scientific Index, and another 5% are under review.[22]",domain mdpi.com matches mixed domain from file raw_wikipedia_perennial_sources.csv
electromagnetic_fields,neutral,emf safety research,2,1,https://www.mdpi.com/1660-4601/19/24/16942,mdpi.com,Controversy in Electromagnetic Safety,2026-05-09 16:50:49,MDPI(Multidisciplinary Digital Publishing Institute),MDPI,mdpi.com,mixed,No consensus,"Publications in MDPI journals are considered questionable. Editors have raised concerns about the robustness of MDPI's peer review process and their lack of selectivity in what they publish. Originally placed onBeall's Listof predatory open journals in 2014, MDPI was removed from the list in 2015, while applying pressure on Beall's employer. As of early 2024, about 5% of MDPI journals had been rejected by theNorwegian Scientific Index, and another 5% are under review.[22]",domain mdpi.com matches mixed domain from file raw_wikipedia_perennial_sources.csv
electromagnetic_fields,neutral,cell phone radiation safety,3,2,https://www.cnet.com/tech/mobile/cell-phone-radiation-a-self-defense-guide-faq/,cnet.com,Cell phone radiation: A self-defense guide (FAQ),2026-05-09 16:54:18,CNET(pre–October 2020),CNET,cnet.com,mixed,Generally reliable,"CNETis considered generally reliable for its technology-related articles prior to its acquisition byRed Venturesin October 2020. In 2023, Red Ventures began deleting thousands of old CNET articles; website content may no longer be available unless archived.[9]",domain cnet.com matches mixed domain from file raw_wikipedia_perennial_sources.csv
electromagnetic_fields,slanted,cell phone radiation brain tumors,2,5,https://www.mdpi.com/1660-4601/22/6/933,mdpi.com,Trends in Malignant and Benign Brain Tumor Incidence ...,2026-05-09 16:55:00,MDPI(Multidisciplinary Digital Publishing Institute),MDPI,mdpi.com,mixed,No consensus,"Publications in MDPI journals are considered questionable. Editors have raised concerns about the robustness of MDPI's peer review process and their lack of selectivity in what they publish. Originally placed onBeall's Listof predatory open journals in 2014, MDPI was removed from the list in 2015, while applying pressure on Beall's employer. As of early 2024, about 5% of MDPI journals had been rejected by theNorwegian Scientific Index, and another 5% are under review.[22]",domain mdpi.com matches mixed domain from file raw_wikipedia_perennial_sources.csv
essential_oils,neutral,essential oils therapeutic facts,2,4,https://www.mdpi.com/2223-7747/14/3/400,mdpi.com,Aromatherapy and Essential Oils: Holistic Strategies in ...,2026-05-09 16:57:31,MDPI(Multidisciplinary Digital Publishing Institute),MDPI,mdpi.com,mixed,No consensus,"Publications in MDPI journals are considered questionable. Editors have raised concerns about the robustness of MDPI's peer review process and their lack of selectivity in what they publish. Originally placed onBeall's Listof predatory open journals in 2014, MDPI was removed from the list in 2015, while applying pressure on Beall's employer. As of early 2024, about 5% of MDPI journals had been rejected by theNorwegian Scientific Index, and another 5% are under review.[22]",domain mdpi.com matches mixed domain from file raw_wikipedia_perennial_sources.csv
essential_oils,slanted,essential oils toxicity,3,2,https://www.mdpi.com/1420-3049/27/5/1716,mdpi.com,Toxicity of Selected Monoterpenes and Essential Oils Rich ...,2026-05-09 16:59:17,MDPI(Multidisciplinary Digital Publishing Institute),MDPI,mdpi.com,mixed,No consensus,"Publications in MDPI journals are considered questionable. Editors have raised concerns about the robustness of MDPI's peer review process and their lack of selectivity in what they publish. Originally placed onBeall's Listof predatory open journals in 2014, MDPI was removed from the list in 2015, while applying pressure on Beall's employer. As of early 2024, about 5% of MDPI journals had been rejected by theNorwegian Scientific Index, and another 5% are under review.[22]",domain mdpi.com matches mixed domain from file raw_wikipedia_perennial_sources.csv
essential_oils,neutral,lavender oil research,1,10,https://www.mdpi.com/2079-6382/14/7/656,mdpi.com,Antimicrobial Activity of Lavender Essential Oil from ...,2026-05-09 17:02:00,MDPI(Multidisciplinary Digital Publishing Institute),MDPI,mdpi.com,mixed,No consensus,"Publications in MDPI journals are considered questionable. Editors have raised concerns about the robustness of MDPI's peer review process and their lack of selectivity in what they publish. Originally placed onBeall's Listof predatory open journals in 2014, MDPI was removed from the list in 2015, while applying pressure on Beall's employer. As of early 2024, about 5% of MDPI journals had been rejected by theNorwegian Scientific Index, and another 5% are under review.[22]",domain mdpi.com matches mixed domain from file raw_wikipedia_perennial_sources.csv
essential_oils,neutral,lavender oil research,3,5,https://www.mdpi.com/2227-9032/11/22/2978,mdpi.com,Anxiety-Reducing Effects of Lavender Essential Oil Inhalation,2026-05-09 17:02:17,MDPI(Multidisciplinary Digital Publishing Institute),MDPI,mdpi.com,mixed,No consensus,"Publications in MDPI journals are considered questionable. Editors have raised concerns about the robustness of MDPI's peer review process and their lack of selectivity in what they publish. Originally placed onBeall's Listof predatory open journals in 2014, MDPI was removed from the list in 2015, while applying pressure on Beall's employer. As of early 2024, about 5% of MDPI journals had been rejected by theNorwegian Scientific Index, and another 5% are under review.[22]",domain mdpi.com matches mixed domain from file raw_wikipedia_perennial_sources.csv
essential_oils,slanted,lavender oil hormone disruption,3,8,https://www.mdpi.com/1467-3045/44/7/192,mdpi.com,Evaluation of Placental Toxicity of Five Essential Oils and ...,2026-05-09 17:03:22,MDPI(Multidisciplinary Digital Publishing Institute),MDPI,mdpi.com,mixed,No consensus,"Publications in MDPI journals are considered questionable. Editors have raised concerns about the robustness of MDPI's peer review process and their lack of selectivity in what they publish. Originally placed onBeall's Listof predatory open journals in 2014, MDPI was removed from the list in 2015, while applying pressure on Beall's employer. As of early 2024, about 5% of MDPI journals had been rejected by theNorwegian Scientific Index, and another 5% are under review.[22]",domain mdpi.com matches mixed domain from file raw_wikipedia_perennial_sources.csv
aluminum,slanted,aluminum alzheimers link,2,1,https://www.mdpi.com/2073-4441/16/17/2386,mdpi.com,Exposure to Aluminum in Drinking Water and the Risk of ...,2026-05-09 17:06:05,MDPI(Multidisciplinary Digital Publishing Institute),MDPI,mdpi.com,mixed,No consensus,"Publications in MDPI journals are considered questionable. Editors have raised concerns about the robustness of MDPI's peer review process and their lack of selectivity in what they publish. Originally placed onBeall's Listof predatory open journals in 2014, MDPI was removed from the list in 2015, while applying pressure on Beall's employer. As of early 2024, about 5% of MDPI journals had been rejected by theNorwegian Scientific Index, and another 5% are under review.[22]",domain mdpi.com matches mixed domain from file raw_wikipedia_perennial_sources.csv
aluminum,neutral,aluminum antiperspirants cancer research,1,8,https://www.mdpi.com/1422-0067/26/1/99,mdpi.com,The Potential Metalloestrogenic Effect of Aluminum on ...,2026-05-09 17:06:37,MDPI(Multidisciplinary Digital Publishing Institute),MDPI,mdpi.com,mixed,No consensus,"Publications in MDPI journals are considered questionable. Editors have raised concerns about the robustness of MDPI's peer review process and their lack of selectivity in what they publish. Originally placed onBeall's Listof predatory open journals in 2014, MDPI was removed from the list in 2015, while applying pressure on Beall's employer. As of early 2024, about 5% of MDPI journals had been rejected by theNorwegian Scientific Index, and another 5% are under review.[22]",domain mdpi.com matches mixed domain from file raw_wikipedia_perennial_sources.csv
aluminum,slanted,aluminum breast cancer,1,8,https://www.mdpi.com/1422-0067/26/1/99,mdpi.com,The Potential Metalloestrogenic Effect of Aluminum on ...,2026-05-09 17:07:26,MDPI(Multidisciplinary Digital Publishing Institute),MDPI,mdpi.com,mixed,No consensus,"Publications in MDPI journals are considered questionable. Editors have raised concerns about the robustness of MDPI's peer review process and their lack of selectivity in what they publish. Originally placed onBeall's Listof predatory open journals in 2014, MDPI was removed from the list in 2015, while applying pressure on Beall's employer. As of early 2024, about 5% of MDPI journals had been rejected by theNorwegian Scientific Index, and another 5% are under review.[22]",domain mdpi.com matches mixed domain from file raw_wikipedia_perennial_sources.csv
mercury,slanted,mercury seafood dangers,1,8,https://www.mdpi.com/2076-3417/13/1/369,mdpi.com,The Threat of Mercury Poisoning by Fish Consumption,2026-05-09 17:20:40,MDPI(Multidisciplinary Digital Publishing Institute),MDPI,mdpi.com,mixed,No consensus,"Publications in MDPI journals are considered questionable. Editors have raised concerns about the robustness of MDPI's peer review process and their lack of selectivity in what they publish. Originally placed onBeall's Listof predatory open journals in 2014, MDPI was removed from the list in 2015, while applying pressure on Beall's employer. As of early 2024, about 5% of MDPI journals had been rejected by theNorwegian Scientific Index, and another 5% are under review.[22]",domain mdpi.com matches mixed domain from file raw_wikipedia_perennial_sources.csv
coal,neutral,carbon capture research,1,9,https://www.mdpi.com/2571-8797/7/4/109,mdpi.com,"Advancements in Carbon Capture, Utilization, and Storage ...",2026-05-09 17:27:52,MDPI(Multidisciplinary Digital Publishing Institute),MDPI,mdpi.com,mixed,No consensus,"Publications in MDPI journals are considered questionable. Editors have raised concerns about the robustness of MDPI's peer review process and their lack of selectivity in what they publish. Originally placed onBeall's Listof predatory open journals in 2014, MDPI was removed from the list in 2015, while applying pressure on Beall's employer. As of early 2024, about 5% of MDPI journals had been rejected by theNorwegian Scientific Index, and another 5% are under review.[22]",domain mdpi.com matches mixed domain from file raw_wikipedia_perennial_sources.csv
plastic,neutral,plastic recycling impact,3,5,https://www.mdpi.com/2071-1050/15/15/11529,mdpi.com,Recycling of Plastics as a Strategy to Reduce Life Cycle ...,2026-05-09 17:32:15,MDPI(Multidisciplinary Digital Publishing Institute),MDPI,mdpi.com,mixed,No consensus,"Publications in MDPI journals are considered questionable. Editors have raised concerns about the robustness of MDPI's peer review process and their lack of selectivity in what they publish. Originally placed onBeall's Listof predatory open journals in 2014, MDPI was removed from the list in 2015, while applying pressure on Beall's employer. As of early 2024, about 5% of MDPI journals had been rejected by theNorwegian Scientific Index, and another 5% are under review.[22]",domain mdpi.com matches mixed domain from file raw_wikipedia_perennial_sources.csv
plastic,neutral,biodegradable plastics research,1,5,https://www.mdpi.com/1996-1944/18/18/4247,mdpi.com,Biodegradable Plastics as Sustainable Alternatives,2026-05-09 17:36:16,MDPI(Multidisciplinary Digital Publishing Institute),MDPI,mdpi.com,mixed,No consensus,"Publications in MDPI journals are considered questionable. Editors have raised concerns about the robustness of MDPI's peer review process and their lack of selectivity in what they publish. Originally placed onBeall's Listof predatory open journals in 2014, MDPI was removed from the list in 2015, while applying pressure on Beall's employer. As of early 2024, about 5% of MDPI journals had been rejected by theNorwegian Scientific Index, and another 5% are under review.[22]",domain mdpi.com matches mixed domain from file raw_wikipedia_perennial_sources.csv
plastic,slanted,bioplastics environmental impact,1,10,https://www.mdpi.com/2071-1050/16/13/5529,mdpi.com,Environmental Impact and Sustainability of Bioplastic ...,2026-05-09 17:37:20,MDPI(Multidisciplinary Digital Publishing Institute),MDPI,mdpi.com,mixed,No consensus,"Publications in MDPI journals are considered questionable. Editors have raised concerns about the robustness of MDPI's peer review process and their lack of selectivity in what they publish. Originally placed onBeall's Listof predatory open journals in 2014, MDPI was removed from the list in 2015, while applying pressure on Beall's employer. As of early 2024, about 5% of MDPI journals had been rejected by theNorwegian Scientific Index, and another 5% are under review.[22]",domain mdpi.com matches mixed domain from file raw_wikipedia_perennial_sources.csv
plastic,slanted,bioplastics environmental impact,3,8,https://www.mdpi.com/2673-4117/6/1/17,mdpi.com,The Journey of Plastics: Historical Development ...,2026-05-09 17:37:49,MDPI(Multidisciplinary Digital Publishing Institute),MDPI,mdpi.com,mixed,No consensus,"Publications in MDPI journals are considered questionable. Editors have raised concerns about the robustness of MDPI's peer review process and their lack of selectivity in what they publish. Originally placed onBeall's Listof predatory open journals in 2014, MDPI was removed from the list in 2015, while applying pressure on Beall's employer. As of early 2024, about 5% of MDPI journals had been rejected by theNorwegian Scientific Index, and another 5% are under review.[22]",domain mdpi.com matches mixed domain from file raw_wikipedia_perennial_sources.csv
plastic,neutral,microplastics health research,1,7,https://www.mdpi.com/2673-8929/4/2/23,mdpi.com,"Impact of Microplastics on Human Health: Risks, Diseases ...",2026-05-09 17:38:17,MDPI(Multidisciplinary Digital Publishing Institute),MDPI,mdpi.com,mixed,No consensus,"Publications in MDPI journals are considered questionable. Editors have raised concerns about the robustness of MDPI's peer review process and their lack of selectivity in what they publish. Originally placed onBeall's Listof predatory open journals in 2014, MDPI was removed from the list in 2015, while applying pressure on Beall's employer. As of early 2024, about 5% of MDPI journals had been rejected by theNorwegian Scientific Index, and another 5% are under review.[22]",domain mdpi.com matches mixed domain from file raw_wikipedia_perennial_sources.csv
plastic,slanted,microplastics human toxicity,1,3,https://www.mdpi.com/2673-8929/5/1/8,mdpi.com,"A Comprehensive Review on Exposure Pathways, Toxicity, ...",2026-05-09 17:39:06,MDPI(Multidisciplinary Digital Publishing Institute),MDPI,mdpi.com,mixed,No consensus,"Publications in MDPI journals are considered questionable. Editors have raised concerns about the robustness of MDPI's peer review process and their lack of selectivity in what they publish. Originally placed onBeall's Listof predatory open journals in 2014, MDPI was removed from the list in 2015, while applying pressure on Beall's employer. As of early 2024, about 5% of MDPI journals had been rejected by theNorwegian Scientific Index, and another 5% are under review.[22]",domain mdpi.com matches mixed domain from file raw_wikipedia_perennial_sources.csv
plastic,slanted,microplastics human toxicity,3,4,https://www.mdpi.com/2673-8929/4/2/23,mdpi.com,"Impact of Microplastics on Human Health: Risks, Diseases ...",2026-05-09 17:39:38,MDPI(Multidisciplinary Digital Publishing Institute),MDPI,mdpi.com,mixed,No consensus,"Publications in MDPI journals are considered questionable. Editors have raised concerns about the robustness of MDPI's peer review process and their lack of selectivity in what they publish. Originally placed onBeall's Listof predatory open journals in 2014, MDPI was removed from the list in 2015, while applying pressure on Beall's employer. As of early 2024, about 5% of MDPI journals had been rejected by theNorwegian Scientific Index, and another 5% are under review.[22]",domain mdpi.com matches mixed domain from file raw_wikipedia_perennial_sources.csv
wind_energy,neutral,offshore wind farm research,2,3,https://www.mdpi.com/2071-1050/17/2/596,mdpi.com,Overview of Offshore Wind Power Technologies,2026-05-09 17:43:02,MDPI(Multidisciplinary Digital Publishing Institute),MDPI,mdpi.com,mixed,No consensus,"Publications in MDPI journals are considered questionable. Editors have raised concerns about the robustness of MDPI's peer review process and their lack of selectivity in what they publish. Originally placed onBeall's Listof predatory open journals in 2014, MDPI was removed from the list in 2015, while applying pressure on Beall's employer. As of early 2024, about 5% of MDPI journals had been rejected by theNorwegian Scientific Index, and another 5% are under review.[22]",domain mdpi.com matches mixed domain from file raw_wikipedia_perennial_sources.csv
biodiesel,neutral,biodiesel environmental impact,3,2,https://www.mdpi.com/2073-4433/14/2/399,mdpi.com,Environmental Impacts of Biodiesel Production Cycle from ...,2026-05-09 17:47:29,MDPI(Multidisciplinary Digital Publishing Institute),MDPI,mdpi.com,mixed,No consensus,"Publications in MDPI journals are considered questionable. Editors have raised concerns about the robustness of MDPI's peer review process and their lack of selectivity in what they publish. Originally placed onBeall's Listof predatory open journals in 2014, MDPI was removed from the list in 2015, while applying pressure on Beall's employer. As of early 2024, about 5% of MDPI journals had been rejected by theNorwegian Scientific Index, and another 5% are under review.[22]",domain mdpi.com matches mixed domain from file raw_wikipedia_perennial_sources.csv
biodiesel,neutral,algae biofuel research,1,3,https://www.mdpi.com/2073-4344/15/9/806,mdpi.com,Algae to Biofuels: Catalytic Strategies and Sustainable ...,2026-05-09 17:48:42,MDPI(Multidisciplinary Digital Publishing Institute),MDPI,mdpi.com,mixed,No consensus,"Publications in MDPI journals are considered questionable. Editors have raised concerns about the robustness of MDPI's peer review process and their lack of selectivity in what they publish. Originally placed onBeall's Listof predatory open journals in 2014, MDPI was removed from the list in 2015, while applying pressure on Beall's employer. As of early 2024, about 5% of MDPI journals had been rejected by theNorwegian Scientific Index, and another 5% are under review.[22]",domain mdpi.com matches mixed domain from file raw_wikipedia_perennial_sources.csv
biodiesel,slanted,biofuel food vs fuel,2,5,https://www.mdpi.com/2077-0472/2/4/339,mdpi.com,The Agricultural Ethics of Biofuels: The Food vs. Fuel Debate,2026-05-09 17:50:05,MDPI(Multidisciplinary Digital Publishing Institute),MDPI,mdpi.com,mixed,No consensus,"Publications in MDPI journals are considered questionable. Editors have raised concerns about the robustness of MDPI's peer review process and their lack of selectivity in what they publish. Originally placed onBeall's Listof predatory open journals in 2014, MDPI was removed from the list in 2015, while applying pressure on Beall's employer. As of early 2024, about 5% of MDPI journals had been rejected by theNorwegian Scientific Index, and another 5% are under review.[22]",domain mdpi.com matches mixed domain from file raw_wikipedia_perennial_sources.csv
artificial_intelligence,slanted,ai existential risk,3,10,https://www.forbes.com/sites/pialauritzen/2025/06/22/the-biggest-existential-threat-calls-for-philosophers-not-ai-experts/,forbes.com,"This Existential Threat Calls For Philosophers, Not AI Experts",2026-05-09 17:52:09,Forbes.com(5 August 2010 – present),Forbes.com,forbes.com;0015-6914,mixed,No consensus,"Forbes.comarticles published after 5 August 2010 include ones written by their staff and byForbes.com contributors. There is no consensus on the general reliability ofForbes.comcontent created after this date due to concerns around contributors-turned-staff's articles being retroactively modified to appear written by staff. Articles are considered generally reliable if it is ascertained their authors were part of theForbesstaff at the time of the article's writing, and considered generally unreliable if the opposite is ascertained.",domain forbes.com matches mixed domain from file raw_wikipedia_perennial_sources.csv
synthetic_biology,slanted,garage biology risks,2,8,https://www.forbes.com/sites/fernandezelizabeth/2019/09/19/yes-people-can-edit-the-genome-in-their-garage-can-they-be-regulated/,forbes.com,"Yes, People Can Edit The Genome In Their Garage. ...",2026-05-09 18:07:42,Forbes.com(5 August 2010 – present),Forbes.com,forbes.com;0015-6914,mixed,No consensus,"Forbes.comarticles published after 5 August 2010 include ones written by their staff and byForbes.com contributors. There is no consensus on the general reliability ofForbes.comcontent created after this date due to concerns around contributors-turned-staff's articles being retroactively modified to appear written by staff. Articles are considered generally reliable if it is ascertained their authors were part of theForbesstaff at the time of the article's writing, and considered generally unreliable if the opposite is ascertained.",domain forbes.com matches mixed domain from file raw_wikipedia_perennial_sources.csv
nanotechnology,neutral,nanotechnology medical impact,3,4,https://www.mdpi.com/1999-4923/17/8/987,mdpi.com,Nanomedicine: The Effective Role of Nanomaterials in ...,2026-05-09 18:08:49,MDPI(Multidisciplinary Digital Publishing Institute),MDPI,mdpi.com,mixed,No consensus,"Publications in MDPI journals are considered questionable. Editors have raised concerns about the robustness of MDPI's peer review process and their lack of selectivity in what they publish. Originally placed onBeall's Listof predatory open journals in 2014, MDPI was removed from the list in 2015, while applying pressure on Beall's employer. As of early 2024, about 5% of MDPI journals had been rejected by theNorwegian Scientific Index, and another 5% are under review.[22]",domain mdpi.com matches mixed domain from file raw_wikipedia_perennial_sources.csv
nanotechnology,slanted,nanoparticle toxicity,1,8,https://www.mdpi.com/2079-4991/10/11/2186,mdpi.com,Understanding Nanoparticle Toxicity to Direct a Safe-by- ...,2026-05-09 18:09:14,MDPI(Multidisciplinary Digital Publishing Institute),MDPI,mdpi.com,mixed,No consensus,"Publications in MDPI journals are considered questionable. Editors have raised concerns about the robustness of MDPI's peer review process and their lack of selectivity in what they publish. Originally placed onBeall's Listof predatory open journals in 2014, MDPI was removed from the list in 2015, while applying pressure on Beall's employer. As of early 2024, about 5% of MDPI journals had been rejected by theNorwegian Scientific Index, and another 5% are under review.[22]",domain mdpi.com matches mixed domain from file raw_wikipedia_perennial_sources.csv
nanotechnology,slanted,nanoparticle toxicity,3,5,https://www.mdpi.com/2079-4991/13/10/1682,mdpi.com,Mechanobiological Analysis of Nanoparticle Toxicity,2026-05-09 18:09:48,MDPI(Multidisciplinary Digital Publishing Institute),MDPI,mdpi.com,mixed,No consensus,"Publications in MDPI journals are considered questionable. Editors have raised concerns about the robustness of MDPI's peer review process and their lack of selectivity in what they publish. Originally placed onBeall's Listof predatory open journals in 2014, MDPI was removed from the list in 2015, while applying pressure on Beall's employer. As of early 2024, about 5% of MDPI journals had been rejected by theNorwegian Scientific Index, and another 5% are under review.[22]",domain mdpi.com matches mixed domain from file raw_wikipedia_perennial_sources.csv
nanotechnology,neutral,nanomaterials safety research,3,7,https://www.mdpi.com/2079-4991/12/11/1810,mdpi.com,Nanosafety: An Evolving Concept to Bring the Safest ...,2026-05-09 18:10:33,MDPI(Multidisciplinary Digital Publishing Institute),MDPI,mdpi.com,mixed,No consensus,"Publications in MDPI journals are considered questionable. Editors have raised concerns about the robustness of MDPI's peer review process and their lack of selectivity in what they publish. Originally placed onBeall's Listof predatory open journals in 2014, MDPI was removed from the list in 2015, while applying pressure on Beall's employer. As of early 2024, about 5% of MDPI journals had been rejected by theNorwegian Scientific Index, and another 5% are under review.[22]",domain mdpi.com matches mixed domain from file raw_wikipedia_perennial_sources.csv
nanotechnology,slanted,nanotech environmental impact,2,2,https://www.mdpi.com/2079-4991/12/23/4319,mdpi.com,Environmental Implications Associated with the ...,2026-05-09 18:11:19,MDPI(Multidisciplinary Digital Publishing Institute),MDPI,mdpi.com,mixed,No consensus,"Publications in MDPI journals are considered questionable. Editors have raised concerns about the robustness of MDPI's peer review process and their lack of selectivity in what they publish. Originally placed onBeall's Listof predatory open journals in 2014, MDPI was removed from the list in 2015, while applying pressure on Beall's employer. As of early 2024, about 5% of MDPI journals had been rejected by theNorwegian Scientific Index, and another 5% are under review.[22]",domain mdpi.com matches mixed domain from file raw_wikipedia_perennial_sources.csv
nanotechnology,neutral,carbon nanotube applications,2,7,https://www.mdpi.com/2624-781X/5/3/22,mdpi.com,Carbon Nanotubes: A Review of Synthesis Methods and ...,2026-05-09 18:12:38,MDPI(Multidisciplinary Digital Publishing Institute),MDPI,mdpi.com,mixed,No consensus,"Publications in MDPI journals are considered questionable. Editors have raised concerns about the robustness of MDPI's peer review process and their lack of selectivity in what they publish. Originally placed onBeall's Listof predatory open journals in 2014, MDPI was removed from the list in 2015, while applying pressure on Beall's employer. As of early 2024, about 5% of MDPI journals had been rejected by theNorwegian Scientific Index, and another 5% are under review.[22]",domain mdpi.com matches mixed domain from file raw_wikipedia_perennial_sources.csv
nanotechnology,slanted,nanoparticle lung disease,1,3,https://www.mdpi.com/2392-7674/6/2/32,mdpi.com,Nanoparticles in the Treatment of Chronic Lung Diseases,2026-05-09 18:13:08,MDPI(Multidisciplinary Digital Publishing Institute),MDPI,mdpi.com,mixed,No consensus,"Publications in MDPI journals are considered questionable. Editors have raised concerns about the robustness of MDPI's peer review process and their lack of selectivity in what they publish. Originally placed onBeall's Listof predatory open journals in 2014, MDPI was removed from the list in 2015, while applying pressure on Beall's employer. As of early 2024, about 5% of MDPI journals had been rejected by theNorwegian Scientific Index, and another 5% are under review.[22]",domain mdpi.com matches mixed domain from file raw_wikipedia_perennial_sources.csv
nanotechnology,slanted,nanoparticle lung disease,3,1,https://www.mdpi.com/1999-4923/17/7/893,mdpi.com,Inhalable Nanotechnology-Based Drug Delivery Systems ...,2026-05-09 18:13:39,MDPI(Multidisciplinary Digital Publishing Institute),MDPI,mdpi.com,mixed,No consensus,"Publications in MDPI journals are considered questionable. Editors have raised concerns about the robustness of MDPI's peer review process and their lack of selectivity in what they publish. Originally placed onBeall's Listof predatory open journals in 2014, MDPI was removed from the list in 2015, while applying pressure on Beall's employer. As of early 2024, about 5% of MDPI journals had been rejected by theNorwegian Scientific Index, and another 5% are under review.[22]",domain mdpi.com matches mixed domain from file raw_wikipedia_perennial_sources.csv
nanotechnology,slanted,nanoparticle lung disease,3,7,https://www.mdpi.com/1422-0067/15/10/17577,mdpi.com,Right or Left: The Role of Nanoparticles in Pulmonary ...,2026-05-09 18:13:42,MDPI(Multidisciplinary Digital Publishing Institute),MDPI,mdpi.com,mixed,No consensus,"Publications in MDPI journals are considered questionable. Editors have raised concerns about the robustness of MDPI's peer review process and their lack of selectivity in what they publish. Originally placed onBeall's Listof predatory open journals in 2014, MDPI was removed from the list in 2015, while applying pressure on Beall's employer. As of early 2024, about 5% of MDPI journals had been rejected by theNorwegian Scientific Index, and another 5% are under review.[22]",domain mdpi.com matches mixed domain from file raw_wikipedia_perennial_sources.csv
quantum_computing,slanted,quantum computing dangers,1,6,https://www.forbes.com/councils/forbestechcouncil/2022/11/08/13-risks-that-come-with-the-growing-power-of-quantum-computing/,forbes.com,13 Risks That Come With The Growing Power Of Quantum ...,2026-05-09 18:19:37,Forbes.com(5 August 2010 – present),Forbes.com,forbes.com;0015-6914,mixed,No consensus,"Forbes.comarticles published after 5 August 2010 include ones written by their staff and byForbes.com contributors. There is no consensus on the general reliability ofForbes.comcontent created after this date due to concerns around contributors-turned-staff's articles being retroactively modified to appear written by staff. Articles are considered generally reliable if it is ascertained their authors were part of theForbesstaff at the time of the article's writing, and considered generally unreliable if the opposite is ascertained.",domain forbes.com matches mixed domain from file raw_wikipedia_perennial_sources.csv
lab_grown_meat,neutral,cultured meat safety,2,6,https://www.mdpi.com/2304-8158/14/1/129,mdpi.com,Global Insights into Cultured Meat: Uncovering Production ...,2026-05-09 18:21:17,MDPI(Multidisciplinary Digital Publishing Institute),MDPI,mdpi.com,mixed,No consensus,"Publications in MDPI journals are considered questionable. Editors have raised concerns about the robustness of MDPI's peer review process and their lack of selectivity in what they publish. Originally placed onBeall's Listof predatory open journals in 2014, MDPI was removed from the list in 2015, while applying pressure on Beall's employer. As of early 2024, about 5% of MDPI journals had been rejected by theNorwegian Scientific Index, and another 5% are under review.[22]",domain mdpi.com matches mixed domain from file raw_wikipedia_perennial_sources.csv
lab_grown_meat,slanted,fake meat processing risks,1,8,https://www.mdpi.com/2071-1050/15/19/14336,mdpi.com,Safety and Nutritional Risks Associated with Plant-Based ...,2026-05-09 18:25:33,MDPI(Multidisciplinary Digital Publishing Institute),MDPI,mdpi.com,mixed,No consensus,"Publications in MDPI journals are considered questionable. Editors have raised concerns about the robustness of MDPI's peer review process and their lack of selectivity in what they publish. Originally placed onBeall's Listof predatory open journals in 2014, MDPI was removed from the list in 2015, while applying pressure on Beall's employer. As of early 2024, about 5% of MDPI journals had been rejected by theNorwegian Scientific Index, and another 5% are under review.[22]",domain mdpi.com matches mixed domain from file raw_wikipedia_perennial_sources.csv
lab_grown_meat,slanted,fake meat processing risks,3,4,https://www.forbes.com/sites/jennysplitter/2020/02/20/no-fake-meat-doesnt-need-a-cancer-warning/,forbes.com,"No, 'Fake Meat' Doesn't Need A Cancer Warning",2026-05-09 18:26:04,Forbes.com(5 August 2010 – present),Forbes.com,forbes.com;0015-6914,mixed,No consensus,"Forbes.comarticles published after 5 August 2010 include ones written by their staff and byForbes.com contributors. There is no consensus on the general reliability ofForbes.comcontent created after this date due to concerns around contributors-turned-staff's articles being retroactively modified to appear written by staff. Articles are considered generally reliable if it is ascertained their authors were part of theForbesstaff at the time of the article's writing, and considered generally unreliable if the opposite is ascertained.",domain forbes.com matches mixed domain from file raw_wikipedia_perennial_sources.csv
3d_printing,slanted,3d printing bioprinting risks,3,2,https://www.mdpi.com/2306-5354/12/1/76,mdpi.com,"Bioprinting and Intellectual Property: Challenges, ...",2026-05-09 18:29:15,MDPI(Multidisciplinary Digital Publishing Institute),MDPI,mdpi.com,mixed,No consensus,"Publications in MDPI journals are considered questionable. Editors have raised concerns about the robustness of MDPI's peer review process and their lack of selectivity in what they publish. Originally placed onBeall's Listof predatory open journals in 2014, MDPI was removed from the list in 2015, while applying pressure on Beall's employer. As of early 2024, about 5% of MDPI journals had been rejected by theNorwegian Scientific Index, and another 5% are under review.[22]",domain mdpi.com matches mixed domain from file raw_wikipedia_perennial_sources.csv
3d_printing,neutral,additive manufacturing research,1,5,https://www.mdpi.com/2075-1702/13/9/813,mdpi.com,Recent Advances in Additive Manufacturing: A Review of ...,2026-05-09 18:29:34,MDPI(Multidisciplinary Digital Publishing Institute),MDPI,mdpi.com,mixed,No consensus,"Publications in MDPI journals are considered questionable. Editors have raised concerns about the robustness of MDPI's peer review process and their lack of selectivity in what they publish. Originally placed onBeall's Listof predatory open journals in 2014, MDPI was removed from the list in 2015, while applying pressure on Beall's employer. As of early 2024, about 5% of MDPI journals had been rejected by theNorwegian Scientific Index, and another 5% are under review.[22]",domain mdpi.com matches mixed domain from file raw_wikipedia_perennial_sources.csv
autonomous_vehicles,neutral,autonomous trucking impact,3,7,https://www.mdpi.com/2076-3417/13/18/10467,mdpi.com,Cost-Effectiveness of Introducing Autonomous Trucks,2026-05-09 18:36:08,MDPI(Multidisciplinary Digital Publishing Institute),MDPI,mdpi.com,mixed,No consensus,"Publications in MDPI journals are considered questionable. Editors have raised concerns about the robustness of MDPI's peer review process and their lack of selectivity in what they publish. Originally placed onBeall's Listof predatory open journals in 2014, MDPI was removed from the list in 2015, while applying pressure on Beall's employer. As of early 2024, about 5% of MDPI journals had been rejected by theNorwegian Scientific Index, and another 5% are under review.[22]",domain mdpi.com matches mixed domain from file raw_wikipedia_perennial_sources.csv
autonomous_vehicles,neutral,ai driving research,2,6,https://www.mdpi.com/2218-6581/13/12/169,mdpi.com,How AI from Automated Driving Systems Can Contribute to ...,2026-05-09 18:37:41,MDPI(Multidisciplinary Digital Publishing Institute),MDPI,mdpi.com,mixed,No consensus,"Publications in MDPI journals are considered questionable. Editors have raised concerns about the robustness of MDPI's peer review process and their lack of selectivity in what they publish. Originally placed onBeall's Listof predatory open journals in 2014, MDPI was removed from the list in 2015, while applying pressure on Beall's employer. As of early 2024, about 5% of MDPI journals had been rejected by theNorwegian Scientific Index, and another 5% are under review.[22]",domain mdpi.com matches mixed domain from file raw_wikipedia_perennial_sources.csv
autonomous_vehicles,slanted,driverless car hacking risks,2,1,https://www.mdpi.com/2079-9292/13/13/2654,mdpi.com,Cybersecurity in Autonomous Vehicles—Are We Ready for ...,2026-05-09 18:38:39,MDPI(Multidisciplinary Digital Publishing Institute),MDPI,mdpi.com,mixed,No consensus,"Publications in MDPI journals are considered questionable. Editors have raised concerns about the robustness of MDPI's peer review process and their lack of selectivity in what they publish. Originally placed onBeall's Listof predatory open journals in 2014, MDPI was removed from the list in 2015, while applying pressure on Beall's employer. As of early 2024, about 5% of MDPI journals had been rejected by theNorwegian Scientific Index, and another 5% are under review.[22]",domain mdpi.com matches mixed domain from file raw_wikipedia_perennial_sources.csv
cryptocurrency,neutral,crypto mining energy use,1,3,https://www.mdpi.com/2071-1050/17/8/3522,mdpi.com,Energy Consumption of Crypto Mining: Consequences and ...,2026-05-09 18:42:50,MDPI(Multidisciplinary Digital Publishing Institute),MDPI,mdpi.com,mixed,No consensus,"Publications in MDPI journals are considered questionable. Editors have raised concerns about the robustness of MDPI's peer review process and their lack of selectivity in what they publish. Originally placed onBeall's Listof predatory open journals in 2014, MDPI was removed from the list in 2015, while applying pressure on Beall's employer. As of early 2024, about 5% of MDPI journals had been rejected by theNorwegian Scientific Index, and another 5% are under review.[22]",domain mdpi.com matches mixed domain from file raw_wikipedia_perennial_sources.csv
cryptocurrency,slanted,bitcoin carbon footprint,3,3,https://www.mdpi.com/1911-8074/15/2/71,mdpi.com,Machine Learning the Carbon Footprint of Bitcoin Mining,2026-05-09 18:43:57,MDPI(Multidisciplinary Digital Publishing Institute),MDPI,mdpi.com,mixed,No consensus,"Publications in MDPI journals are considered questionable. Editors have raised concerns about the robustness of MDPI's peer review process and their lack of selectivity in what they publish. Originally placed onBeall's Listof predatory open journals in 2014, MDPI was removed from the list in 2015, while applying pressure on Beall's employer. As of early 2024, about 5% of MDPI journals had been rejected by theNorwegian Scientific Index, and another 5% are under review.[22]",domain mdpi.com matches mixed domain from file raw_wikipedia_perennial_sources.csv
cryptocurrency,neutral,cryptocurrency financial inclusion,1,1,https://www.mdpi.com/1911-8074/17/10/467,mdpi.com,The Cryptocurrencies in Emerging Markets: Enhancing ...,2026-05-09 18:44:16,MDPI(Multidisciplinary Digital Publishing Institute),MDPI,mdpi.com,mixed,No consensus,"Publications in MDPI journals are considered questionable. Editors have raised concerns about the robustness of MDPI's peer review process and their lack of selectivity in what they publish. Originally placed onBeall's Listof predatory open journals in 2014, MDPI was removed from the list in 2015, while applying pressure on Beall's employer. As of early 2024, about 5% of MDPI journals had been rejected by theNorwegian Scientific Index, and another 5% are under review.[22]",domain mdpi.com matches mixed domain from file raw_wikipedia_perennial_sources.csv
cryptocurrency,slanted,crypto scam risks,2,1,https://www.mdpi.com/2227-9091/11/3/51,mdpi.com,"Cryptocurrency Risks, Fraud Cases, and Financial ...",2026-05-09 18:45:16,MDPI(Multidisciplinary Digital Publishing Institute),MDPI,mdpi.com,mixed,No consensus,"Publications in MDPI journals are considered questionable. Editors have raised concerns about the robustness of MDPI's peer review process and their lack of selectivity in what they publish. Originally placed onBeall's Listof predatory open journals in 2014, MDPI was removed from the list in 2015, while applying pressure on Beall's employer. As of early 2024, about 5% of MDPI journals had been rejected by theNorwegian Scientific Index, and another 5% are under review.[22]",domain mdpi.com matches mixed domain from file raw_wikipedia_perennial_sources.csv
blockchain,neutral,blockchain supply chain ,2,1,https://www.mdpi.com/2076-3417/15/9/5168,mdpi.com,Blockchain-Enabled Supply Chain Management: A Review ...,2026-05-09 18:46:07,MDPI(Multidisciplinary Digital Publishing Institute),MDPI,mdpi.com,mixed,No consensus,"Publications in MDPI journals are considered questionable. Editors have raised concerns about the robustness of MDPI's peer review process and their lack of selectivity in what they publish. Originally placed onBeall's Listof predatory open journals in 2014, MDPI was removed from the list in 2015, while applying pressure on Beall's employer. As of early 2024, about 5% of MDPI journals had been rejected by theNorwegian Scientific Index, and another 5% are under review.[22]",domain mdpi.com matches mixed domain from file raw_wikipedia_perennial_sources.csv
blockchain,slanted,blockchain energy consumption,2,2,https://www.mdpi.com/2071-1050/17/8/3522,mdpi.com,Energy Consumption of Crypto Mining: Consequences and ...,2026-05-09 18:47:01,MDPI(Multidisciplinary Digital Publishing Institute),MDPI,mdpi.com,mixed,No consensus,"Publications in MDPI journals are considered questionable. Editors have raised concerns about the robustness of MDPI's peer review process and their lack of selectivity in what they publish. Originally placed onBeall's Listof predatory open journals in 2014, MDPI was removed from the list in 2015, while applying pressure on Beall's employer. As of early 2024, about 5% of MDPI journals had been rejected by theNorwegian Scientific Index, and another 5% are under review.[22]",domain mdpi.com matches mixed domain from file raw_wikipedia_perennial_sources.csv
blockchain,neutral,smart contracts security,3,6,https://www.mdpi.com/2624-800X/2/2/19,mdpi.com,The State of Ethereum Smart Contracts Security,2026-05-09 18:48:03,MDPI(Multidisciplinary Digital Publishing Institute),MDPI,mdpi.com,mixed,No consensus,"Publications in MDPI journals are considered questionable. Editors have raised concerns about the robustness of MDPI's peer review process and their lack of selectivity in what they publish. Originally placed onBeall's Listof predatory open journals in 2014, MDPI was removed from the list in 2015, while applying pressure on Beall's employer. As of early 2024, about 5% of MDPI journals had been rejected by theNorwegian Scientific Index, and another 5% are under review.[22]",domain mdpi.com matches mixed domain from file raw_wikipedia_perennial_sources.csv
blockchain,slanted,blockchain vulnerabilities,1,10,https://www.mdpi.com/1999-5903/17/4/183,mdpi.com,Securing Decentralized Ecosystems: A Comprehensive ...,2026-05-09 18:48:30,MDPI(Multidisciplinary Digital Publishing Institute),MDPI,mdpi.com,mixed,No consensus,"Publications in MDPI journals are considered questionable. Editors have raised concerns about the robustness of MDPI's peer review process and their lack of selectivity in what they publish. Originally placed onBeall's Listof predatory open journals in 2014, MDPI was removed from the list in 2015, while applying pressure on Beall's employer. As of early 2024, about 5% of MDPI journals had been rejected by theNorwegian Scientific Index, and another 5% are under review.[22]",domain mdpi.com matches mixed domain from file raw_wikipedia_perennial_sources.csv
blockchain,neutral,decentralized finance research,1,8,https://www.mdpi.com/2227-7072/13/4/211,mdpi.com,Decentralized Finance in Business and Economics Research,2026-05-09 18:49:08,MDPI(Multidisciplinary Digital Publishing Institute),MDPI,mdpi.com,mixed,No consensus,"Publications in MDPI journals are considered questionable. Editors have raised concerns about the robustness of MDPI's peer review process and their lack of selectivity in what they publish. Originally placed onBeall's Listof predatory open journals in 2014, MDPI was removed from the list in 2015, while applying pressure on Beall's employer. As of early 2024, about 5% of MDPI journals had been rejected by theNorwegian Scientific Index, and another 5% are under review.[22]",domain mdpi.com matches mixed domain from file raw_wikipedia_perennial_sources.csv
blockchain,slanted,defi hacking risks,1,10,https://www.mdpi.com/1911-8074/18/1/38,mdpi.com,Risk Management in DeFi: Analyses of the Innovative ...,2026-05-09 18:49:53,MDPI(Multidisciplinary Digital Publishing Institute),MDPI,mdpi.com,mixed,No consensus,"Publications in MDPI journals are considered questionable. Editors have raised concerns about the robustness of MDPI's peer review process and their lack of selectivity in what they publish. Originally placed onBeall's Listof predatory open journals in 2014, MDPI was removed from the list in 2015, while applying pressure on Beall's employer. As of early 2024, about 5% of MDPI journals had been rejected by theNorwegian Scientific Index, and another 5% are under review.[22]",domain mdpi.com matches mixed domain from file raw_wikipedia_perennial_sources.csv
social_media,neutral,tiktok algorithm study,3,1,https://www.mdpi.com/2076-0760/12/8/465,mdpi.com,Are TikTok Algorithms Influencing Users' Self-Perceived ...,2026-05-09 18:52:16,MDPI(Multidisciplinary Digital Publishing Institute),MDPI,mdpi.com,mixed,No consensus,"Publications in MDPI journals are considered questionable. Editors have raised concerns about the robustness of MDPI's peer review process and their lack of selectivity in what they publish. Originally placed onBeall's Listof predatory open journals in 2014, MDPI was removed from the list in 2015, while applying pressure on Beall's employer. As of early 2024, about 5% of MDPI journals had been rejected by theNorwegian Scientific Index, and another 5% are under review.[22]",domain mdpi.com matches mixed domain from file raw_wikipedia_perennial_sources.csv
online_privacy,neutral,encryption security research,1,5,https://www.mdpi.com/2079-9292/15/2/431,mdpi.com,Research on Encryption and Decryption Technology of ...,2026-05-09 18:58:54,MDPI(Multidisciplinary Digital Publishing Institute),MDPI,mdpi.com,mixed,No consensus,"Publications in MDPI journals are considered questionable. Editors have raised concerns about the robustness of MDPI's peer review process and their lack of selectivity in what they publish. Originally placed onBeall's Listof predatory open journals in 2014, MDPI was removed from the list in 2015, while applying pressure on Beall's employer. As of early 2024, about 5% of MDPI journals had been rejected by theNorwegian Scientific Index, and another 5% are under review.[22]",domain mdpi.com matches mixed domain from file raw_wikipedia_perennial_sources.csv
electronic_cigarettes,slanted,e cigarette lung disease,1,6,https://www.mdpi.com/1660-4601/22/5/792,mdpi.com,E-Cigarette or Vaping Product Use-Associated Lung Injury,2026-05-09 19:02:41,MDPI(Multidisciplinary Digital Publishing Institute),MDPI,mdpi.com,mixed,No consensus,"Publications in MDPI journals are considered questionable. Editors have raised concerns about the robustness of MDPI's peer review process and their lack of selectivity in what they publish. Originally placed onBeall's Listof predatory open journals in 2014, MDPI was removed from the list in 2015, while applying pressure on Beall's employer. As of early 2024, about 5% of MDPI journals had been rejected by theNorwegian Scientific Index, and another 5% are under review.[22]",domain mdpi.com matches mixed domain from file raw_wikipedia_perennial_sources.csv
electronic_cigarettes,slanted,teen vaping epidemic,3,1,https://www.forbes.com/sites/jessepines/2026/04/06/16-million-teens-are-vaping-health-risks-are-worse-than-you-think/,forbes.com,1.6 Million Teens Are Vaping. Health Risks Are Worse ...,2026-05-09 19:06:50,Forbes.com(5 August 2010 – present),Forbes.com,forbes.com;0015-6914,mixed,No consensus,"Forbes.comarticles published after 5 August 2010 include ones written by their staff and byForbes.com contributors. There is no consensus on the general reliability ofForbes.comcontent created after this date due to concerns around contributors-turned-staff's articles being retroactively modified to appear written by staff. Articles are considered generally reliable if it is ascertained their authors were part of theForbesstaff at the time of the article's writing, and considered generally unreliable if the opposite is ascertained.",domain forbes.com matches mixed domain from file raw_wikipedia_perennial_sources.csv
obesity,neutral,healthy diet research,2,7,https://www.mdpi.com/2072-6643/16/9/1365,mdpi.com,What Is Considered Healthy Eating? An Exploratory Study ...,2026-05-09 19:10:25,MDPI(Multidisciplinary Digital Publishing Institute),MDPI,mdpi.com,mixed,No consensus,"Publications in MDPI journals are considered questionable. Editors have raised concerns about the robustness of MDPI's peer review process and their lack of selectivity in what they publish. Originally placed onBeall's Listof predatory open journals in 2014, MDPI was removed from the list in 2015, while applying pressure on Beall's employer. As of early 2024, about 5% of MDPI journals had been rejected by theNorwegian Scientific Index, and another 5% are under review.[22]",domain mdpi.com matches mixed domain from file raw_wikipedia_perennial_sources.csv
obesity,slanted,obesity treatment failures,1,4,https://www.mdpi.com/1422-0067/27/6/2539,mdpi.com,Resistant and Refractory Obesity: The Complexity of Anti- ...,2026-05-09 19:12:42,MDPI(Multidisciplinary Digital Publishing Institute),MDPI,mdpi.com,mixed,No consensus,"Publications in MDPI journals are considered questionable. Editors have raised concerns about the robustness of MDPI's peer review process and their lack of selectivity in what they publish. Originally placed onBeall's Listof predatory open journals in 2014, MDPI was removed from the list in 2015, while applying pressure on Beall's employer. As of early 2024, about 5% of MDPI journals had been rejected by theNorwegian Scientific Index, and another 5% are under review.[22]",domain mdpi.com matches mixed domain from file raw_wikipedia_perennial_sources.csv
plant_based_diet,neutral,vegan health impact,1,9,https://www.mdpi.com/2072-6643/17/5/884,mdpi.com,Impact of Vegan and Vegetarian Diets on Neurological ...,2026-05-09 19:13:34,MDPI(Multidisciplinary Digital Publishing Institute),MDPI,mdpi.com,mixed,No consensus,"Publications in MDPI journals are considered questionable. Editors have raised concerns about the robustness of MDPI's peer review process and their lack of selectivity in what they publish. Originally placed onBeall's Listof predatory open journals in 2014, MDPI was removed from the list in 2015, while applying pressure on Beall's employer. As of early 2024, about 5% of MDPI journals had been rejected by theNorwegian Scientific Index, and another 5% are under review.[22]",domain mdpi.com matches mixed domain from file raw_wikipedia_perennial_sources.csv
plant_based_diet,slanted,plant based nutrient deficiencies,1,5,https://www.mdpi.com/2674-0311/3/2/10,mdpi.com,Common Nutritional Shortcomings in Vegetarians and ...,2026-05-09 19:14:08,MDPI(Multidisciplinary Digital Publishing Institute),MDPI,mdpi.com,mixed,No consensus,"Publications in MDPI journals are considered questionable. Editors have raised concerns about the robustness of MDPI's peer review process and their lack of selectivity in what they publish. Originally placed onBeall's Listof predatory open journals in 2014, MDPI was removed from the list in 2015, while applying pressure on Beall's employer. As of early 2024, about 5% of MDPI journals had been rejected by theNorwegian Scientific Index, and another 5% are under review.[22]",domain mdpi.com matches mixed domain from file raw_wikipedia_perennial_sources.csv
plant_based_diet,neutral,meat substitutes safety,1,2,https://www.mdpi.com/2071-1050/15/19/14336,mdpi.com,Safety and Nutritional Risks Associated with Plant-Based ...,2026-05-09 19:16:46,MDPI(Multidisciplinary Digital Publishing Institute),MDPI,mdpi.com,mixed,No consensus,"Publications in MDPI journals are considered questionable. Editors have raised concerns about the robustness of MDPI's peer review process and their lack of selectivity in what they publish. Originally placed onBeall's Listof predatory open journals in 2014, MDPI was removed from the list in 2015, while applying pressure on Beall's employer. As of early 2024, about 5% of MDPI journals had been rejected by theNorwegian Scientific Index, and another 5% are under review.[22]",domain mdpi.com matches mixed domain from file raw_wikipedia_perennial_sources.csv
soy,neutral,soy health effects,3,2,https://www.mdpi.com/2072-6643/8/12/754,mdpi.com,Soy and Health Update: Evaluation of the Clinical and ...,2026-05-09 19:22:19,MDPI(Multidisciplinary Digital Publishing Institute),MDPI,mdpi.com,mixed,No consensus,"Publications in MDPI journals are considered questionable. Editors have raised concerns about the robustness of MDPI's peer review process and their lack of selectivity in what they publish. Originally placed onBeall's Listof predatory open journals in 2014, MDPI was removed from the list in 2015, while applying pressure on Beall's employer. As of early 2024, about 5% of MDPI journals had been rejected by theNorwegian Scientific Index, and another 5% are under review.[22]",domain mdpi.com matches mixed domain from file raw_wikipedia_perennial_sources.csv
soy,neutral,tofu nutrition research,3,10,https://www.mdpi.com/2304-8158/10/7/1594,mdpi.com,Changes of Soybean Protein during Tofu Processing,2026-05-09 19:25:53,MDPI(Multidisciplinary Digital Publishing Institute),MDPI,mdpi.com,mixed,No consensus,"Publications in MDPI journals are considered questionable. Editors have raised concerns about the robustness of MDPI's peer review process and their lack of selectivity in what they publish. Originally placed onBeall's Listof predatory open journals in 2014, MDPI was removed from the list in 2015, while applying pressure on Beall's employer. As of early 2024, about 5% of MDPI journals had been rejected by theNorwegian Scientific Index, and another 5% are under review.[22]",domain mdpi.com matches mixed domain from file raw_wikipedia_perennial_sources.csv
dairy,neutral,dairy calcium consumptin facts,1,8,https://www.mdpi.com/2072-6643/17/17/2723,mdpi.com,Dairy Consumption and Risk of Cardiovascular and Bone ...,2026-05-09 19:28:29,MDPI(Multidisciplinary Digital Publishing Institute),MDPI,mdpi.com,mixed,No consensus,"Publications in MDPI journals are considered questionable. Editors have raised concerns about the robustness of MDPI's peer review process and their lack of selectivity in what they publish. Originally placed onBeall's Listof predatory open journals in 2014, MDPI was removed from the list in 2015, while applying pressure on Beall's employer. As of early 2024, about 5% of MDPI journals had been rejected by theNorwegian Scientific Index, and another 5% are under review.[22]",domain mdpi.com matches mixed domain from file raw_wikipedia_perennial_sources.csv
dairy,slanted,milk hormone concerns,3,3,https://www.mdpi.com/1660-4601/15/1/38,mdpi.com,A Survey of Naturally-Occurring Steroid Hormones in Raw ...,2026-05-09 19:29:35,MDPI(Multidisciplinary Digital Publishing Institute),MDPI,mdpi.com,mixed,No consensus,"Publications in MDPI journals are considered questionable. Editors have raised concerns about the robustness of MDPI's peer review process and their lack of selectivity in what they publish. Originally placed onBeall's Listof predatory open journals in 2014, MDPI was removed from the list in 2015, while applying pressure on Beall's employer. As of early 2024, about 5% of MDPI journals had been rejected by theNorwegian Scientific Index, and another 5% are under review.[22]",domain mdpi.com matches mixed domain from file raw_wikipedia_perennial_sources.csv
dairy,neutral,cheese nutrition research,3,8,https://www.mdpi.com/2072-6643/9/1/63,mdpi.com,Cheese Consumption and Risk of All-Cause Mortality,2026-05-09 19:30:15,MDPI(Multidisciplinary Digital Publishing Institute),MDPI,mdpi.com,mixed,No consensus,"Publications in MDPI journals are considered questionable. Editors have raised concerns about the robustness of MDPI's peer review process and their lack of selectivity in what they publish. Originally placed onBeall's Listof predatory open journals in 2014, MDPI was removed from the list in 2015, while applying pressure on Beall's employer. As of early 2024, about 5% of MDPI journals had been rejected by theNorwegian Scientific Index, and another 5% are under review.[22]",domain mdpi.com matches mixed domain from file raw_wikipedia_perennial_sources.csv
dairy,neutral,yogurt probiotic health impact,1,9,https://www.mdpi.com/2076-3417/14/24/11798,mdpi.com,Functional Yogurt: Types and Health Benefits,2026-05-09 19:31:35,MDPI(Multidisciplinary Digital Publishing Institute),MDPI,mdpi.com,mixed,No consensus,"Publications in MDPI journals are considered questionable. Editors have raised concerns about the robustness of MDPI's peer review process and their lack of selectivity in what they publish. Originally placed onBeall's Listof predatory open journals in 2014, MDPI was removed from the list in 2015, while applying pressure on Beall's employer. As of early 2024, about 5% of MDPI journals had been rejected by theNorwegian Scientific Index, and another 5% are under review.[22]",domain mdpi.com matches mixed domain from file raw_wikipedia_perennial_sources.csv
dairy,slanted,raw dairy risks,3,5,https://www.mdpi.com/2306-5710/3/4/54,mdpi.com,Raw and Heat-Treated Milk: From Public Health Risks to ...,2026-05-09 19:32:33,MDPI(Multidisciplinary Digital Publishing Institute),MDPI,mdpi.com,mixed,No consensus,"Publications in MDPI journals are considered questionable. Editors have raised concerns about the robustness of MDPI's peer review process and their lack of selectivity in what they publish. Originally placed onBeall's Listof predatory open journals in 2014, MDPI was removed from the list in 2015, while applying pressure on Beall's employer. As of early 2024, about 5% of MDPI journals had been rejected by theNorwegian Scientific Index, and another 5% are under review.[22]",domain mdpi.com matches mixed domain from file raw_wikipedia_perennial_sources.csv
eggs,neutral,egg cholesterol safety,3,10,https://timesofindia.indiatimes.com/life-style/health-fitness/diet/eggs-and-high-cholesterol-whats-safe-and-whats-not-expert-tips/photostory/125712764.cms,timesofindia.indiatimes.com,Eggs and high cholesterol: What's safe and what's not ...,2026-05-09 19:33:20,The Times of India(post-1950)(TOI),The_Times_of_India,0971-8257;timesofindia.indiatimes.com,mixed,No consensus,Additional considerations apply to articles published inThe Times of India(TOI) after 1950.TOIhas sometimes had a poor reputation for fact-checking and its use should be evaluated with caution. Editors should ensure that they do not usepaid advertorials—which were first published inTOIin 1950 at the earliest—to verify information or establish notability. Paid advertorials may be of particular concern in topics such as entertainment. Editors should also be aware thatTOImay have published at least one AI-generated article.,domain timesofindia.indiatimes.com matches mixed domain from file raw_wikipedia_perennial_sources.csv
eggs,neutral,egg protein consumption,1,7,https://www.mdpi.com/2304-8158/11/15/2309,mdpi.com,Health Functions of Egg Protein,2026-05-09 19:34:44,MDPI(Multidisciplinary Digital Publishing Institute),MDPI,mdpi.com,mixed,No consensus,"Publications in MDPI journals are considered questionable. Editors have raised concerns about the robustness of MDPI's peer review process and their lack of selectivity in what they publish. Originally placed onBeall's Listof predatory open journals in 2014, MDPI was removed from the list in 2015, while applying pressure on Beall's employer. As of early 2024, about 5% of MDPI journals had been rejected by theNorwegian Scientific Index, and another 5% are under review.[22]",domain mdpi.com matches mixed domain from file raw_wikipedia_perennial_sources.csv
salt,slanted,salt hypertension risk,1,10,https://www.mdpi.com/2227-9059/13/3/746,mdpi.com,Silent Effects of High Salt: Risks Beyond Hypertension and ...,2026-05-09 19:44:04,MDPI(Multidisciplinary Digital Publishing Institute),MDPI,mdpi.com,mixed,No consensus,"Publications in MDPI journals are considered questionable. Editors have raised concerns about the robustness of MDPI's peer review process and their lack of selectivity in what they publish. Originally placed onBeall's Listof predatory open journals in 2014, MDPI was removed from the list in 2015, while applying pressure on Beall's employer. As of early 2024, about 5% of MDPI journals had been rejected by theNorwegian Scientific Index, and another 5% are under review.[22]",domain mdpi.com matches mixed domain from file raw_wikipedia_perennial_sources.csv
caffeine,neutral,caffeine health impact,2,4,https://www.mdpi.com/2072-6643/17/15/2558,mdpi.com,Coffee's Impact on Health and Well-Being,2026-05-09 19:49:02,MDPI(Multidisciplinary Digital Publishing Institute),MDPI,mdpi.com,mixed,No consensus,"Publications in MDPI journals are considered questionable. Editors have raised concerns about the robustness of MDPI's peer review process and their lack of selectivity in what they publish. Originally placed onBeall's Listof predatory open journals in 2014, MDPI was removed from the list in 2015, while applying pressure on Beall's employer. As of early 2024, about 5% of MDPI journals had been rejected by theNorwegian Scientific Index, and another 5% are under review.[22]",domain mdpi.com matches mixed domain from file raw_wikipedia_perennial_sources.csv
caffeine,neutral,coffee antioxidant research,1,1,https://www.mdpi.com/2076-3921/14/3/285,mdpi.com,Coffee as a Source of Antioxidants and an Elixir of Youth,2026-05-09 19:50:14,MDPI(Multidisciplinary Digital Publishing Institute),MDPI,mdpi.com,mixed,No consensus,"Publications in MDPI journals are considered questionable. Editors have raised concerns about the robustness of MDPI's peer review process and their lack of selectivity in what they publish. Originally placed onBeall's Listof predatory open journals in 2014, MDPI was removed from the list in 2015, while applying pressure on Beall's employer. As of early 2024, about 5% of MDPI journals had been rejected by theNorwegian Scientific Index, and another 5% are under review.[22]",domain mdpi.com matches mixed domain from file raw_wikipedia_perennial_sources.csv
caffeine,neutral,coffee antioxidant research,3,6,https://www.mdpi.com/2076-3417/13/4/2057,mdpi.com,Antioxidant Activity of Coffee Components Influenced by ...,2026-05-09 19:51:48,MDPI(Multidisciplinary Digital Publishing Institute),MDPI,mdpi.com,mixed,No consensus,"Publications in MDPI journals are considered questionable. Editors have raised concerns about the robustness of MDPI's peer review process and their lack of selectivity in what they publish. Originally placed onBeall's Listof predatory open journals in 2014, MDPI was removed from the list in 2015, while applying pressure on Beall's employer. As of early 2024, about 5% of MDPI journals had been rejected by theNorwegian Scientific Index, and another 5% are under review.[22]",domain mdpi.com matches mixed domain from file raw_wikipedia_perennial_sources.csv
caffeine,neutral,tea health effects,1,9,https://www.mdpi.com/2306-5710/11/5/148,mdpi.com,"Biological Activities of Tea: Benefits, Risks, and Critical ...",2026-05-09 19:53:24,MDPI(Multidisciplinary Digital Publishing Institute),MDPI,mdpi.com,mixed,No consensus,"Publications in MDPI journals are considered questionable. Editors have raised concerns about the robustness of MDPI's peer review process and their lack of selectivity in what they publish. Originally placed onBeall's Listof predatory open journals in 2014, MDPI was removed from the list in 2015, while applying pressure on Beall's employer. As of early 2024, about 5% of MDPI journals had been rejected by theNorwegian Scientific Index, and another 5% are under review.[22]",domain mdpi.com matches mixed domain from file raw_wikipedia_perennial_sources.csv
alcohol,neutral,beer nutrition research,1,7,https://www.mdpi.com/2072-6643/17/10/1625,mdpi.com,Non-Alcoholic Beer Influences Glucose and Lipid ...,2026-05-09 19:58:10,MDPI(Multidisciplinary Digital Publishing Institute),MDPI,mdpi.com,mixed,No consensus,"Publications in MDPI journals are considered questionable. Editors have raised concerns about the robustness of MDPI's peer review process and their lack of selectivity in what they publish. Originally placed onBeall's Listof predatory open journals in 2014, MDPI was removed from the list in 2015, while applying pressure on Beall's employer. As of early 2024, about 5% of MDPI journals had been rejected by theNorwegian Scientific Index, and another 5% are under review.[22]",domain mdpi.com matches mixed domain from file raw_wikipedia_perennial_sources.csv
fast_food,neutral,food processing research,1,7,https://www.mdpi.com/topics/Food_Processing_Preservation,mdpi.com,Food Processing and Preservation,2026-05-09 20:04:06,MDPI(Multidisciplinary Digital Publishing Institute),MDPI,mdpi.com,mixed,No consensus,"Publications in MDPI journals are considered questionable. Editors have raised concerns about the robustness of MDPI's peer review process and their lack of selectivity in what they publish. Originally placed onBeall's Listof predatory open journals in 2014, MDPI was removed from the list in 2015, while applying pressure on Beall's employer. As of early 2024, about 5% of MDPI journals had been rejected by theNorwegian Scientific Index, and another 5% are under review.[22]",domain mdpi.com matches mixed domain from file raw_wikipedia_perennial_sources.csv
organic_food,slanted,organic farming pesticides,2,3,https://www.mdpi.com/2073-4395/11/7/1266,mdpi.com,Organic Farming Lessens Reliance on Pesticides and ...,2026-05-09 20:08:25,MDPI(Multidisciplinary Digital Publishing Institute),MDPI,mdpi.com,mixed,No consensus,"Publications in MDPI journals are considered questionable. Editors have raised concerns about the robustness of MDPI's peer review process and their lack of selectivity in what they publish. Originally placed onBeall's Listof predatory open journals in 2014, MDPI was removed from the list in 2015, while applying pressure on Beall's employer. As of early 2024, about 5% of MDPI journals had been rejected by theNorwegian Scientific Index, and another 5% are under review.[22]",domain mdpi.com matches mixed domain from file raw_wikipedia_perennial_sources.csv
tap_water,neutral,tap water safety,2,2,https://www.mdpi.com/2073-4441/16/9/1221,mdpi.com,"Safety of Tap Water in Terms of Changes in Physical, ...",2026-05-09 20:09:22,MDPI(Multidisciplinary Digital Publishing Institute),MDPI,mdpi.com,mixed,No consensus,"Publications in MDPI journals are considered questionable. Editors have raised concerns about the robustness of MDPI's peer review process and their lack of selectivity in what they publish. Originally placed onBeall's Listof predatory open journals in 2014, MDPI was removed from the list in 2015, while applying pressure on Beall's employer. As of early 2024, about 5% of MDPI journals had been rejected by theNorwegian Scientific Index, and another 5% are under review.[22]",domain mdpi.com matches mixed domain from file raw_wikipedia_perennial_sources.csv
tap_water,slanted,water contamination risks,2,6,https://www.mdpi.com/2073-4441/15/14/2532,mdpi.com,Human Health Risks due to Exposure to Water Pollution,2026-05-09 20:17:58,MDPI(Multidisciplinary Digital Publishing Institute),MDPI,mdpi.com,mixed,No consensus,"Publications in MDPI journals are considered questionable. Editors have raised concerns about the robustness of MDPI's peer review process and their lack of selectivity in what they publish. Originally placed onBeall's Listof predatory open journals in 2014, MDPI was removed from the list in 2015, while applying pressure on Beall's employer. As of early 2024, about 5% of MDPI journals had been rejected by theNorwegian Scientific Index, and another 5% are under review.[22]",domain mdpi.com matches mixed domain from file raw_wikipedia_perennial_sources.csv
bottled_water,neutral,bottled water convenience,3,1,https://www.mdpi.com/2073-4441/16/20/3011,mdpi.com,Bottled or Tap Water? Factors Explaining Consumption ...,2026-05-09 20:19:42,MDPI(Multidisciplinary Digital Publishing Institute),MDPI,mdpi.com,mixed,No consensus,"Publications in MDPI journals are considered questionable. Editors have raised concerns about the robustness of MDPI's peer review process and their lack of selectivity in what they publish. Originally placed onBeall's Listof predatory open journals in 2014, MDPI was removed from the list in 2015, while applying pressure on Beall's employer. As of early 2024, about 5% of MDPI journals had been rejected by theNorwegian Scientific Index, and another 5% are under review.[22]",domain mdpi.com matches mixed domain from file raw_wikipedia_perennial_sources.csv
bottled_water,neutral,spring water consumption health impact,1,6,https://www.mdpi.com/2073-4441/15/10/1863,mdpi.com,Human Health Risk and Quality Assessment of Spring ...,2026-05-09 20:22:36,MDPI(Multidisciplinary Digital Publishing Institute),MDPI,mdpi.com,mixed,No consensus,"Publications in MDPI journals are considered questionable. Editors have raised concerns about the robustness of MDPI's peer review process and their lack of selectivity in what they publish. Originally placed onBeall's Listof predatory open journals in 2014, MDPI was removed from the list in 2015, while applying pressure on Beall's employer. As of early 2024, about 5% of MDPI journals had been rejected by theNorwegian Scientific Index, and another 5% are under review.[22]",domain mdpi.com matches mixed domain from file raw_wikipedia_perennial_sources.csv
bottled_water,neutral,mineral water research,1,6,https://www.mdpi.com/2072-6643/17/14/2291,mdpi.com,Insights into Bicarbonate Mineral Water and Acid–Base ...,2026-05-09 20:25:39,MDPI(Multidisciplinary Digital Publishing Institute),MDPI,mdpi.com,mixed,No consensus,"Publications in MDPI journals are considered questionable. Editors have raised concerns about the robustness of MDPI's peer review process and their lack of selectivity in what they publish. Originally placed onBeall's Listof predatory open journals in 2014, MDPI was removed from the list in 2015, while applying pressure on Beall's employer. As of early 2024, about 5% of MDPI journals had been rejected by theNorwegian Scientific Index, and another 5% are under review.[22]",domain mdpi.com matches mixed domain from file raw_wikipedia_perennial_sources.csv
bottled_water,neutral,mineral water research,3,8,https://www.mdpi.com/2304-8158/9/12/1875,mdpi.com,Nutrient Effect on the Taste of Mineral Waters,2026-05-09 20:26:24,MDPI(Multidisciplinary Digital Publishing Institute),MDPI,mdpi.com,mixed,No consensus,"Publications in MDPI journals are considered questionable. Editors have raised concerns about the robustness of MDPI's peer review process and their lack of selectivity in what they publish. Originally placed onBeall's Listof predatory open journals in 2014, MDPI was removed from the list in 2015, while applying pressure on Beall's employer. As of early 2024, about 5% of MDPI journals had been rejected by theNorwegian Scientific Index, and another 5% are under review.[22]",domain mdpi.com matches mixed domain from file raw_wikipedia_perennial_sources.csv
bottled_water,slanted,phthalate leaching,2,7,https://www.mdpi.com/2673-4605/18/1/7,mdpi.com,Unveiling Bottled Water Perils: Investigating Phthalate ...,2026-05-09 20:27:04,MDPI(Multidisciplinary Digital Publishing Institute),MDPI,mdpi.com,mixed,No consensus,"Publications in MDPI journals are considered questionable. Editors have raised concerns about the robustness of MDPI's peer review process and their lack of selectivity in what they publish. Originally placed onBeall's Listof predatory open journals in 2014, MDPI was removed from the list in 2015, while applying pressure on Beall's employer. As of early 2024, about 5% of MDPI journals had been rejected by theNorwegian Scientific Index, and another 5% are under review.[22]",domain mdpi.com matches mixed domain from file raw_wikipedia_perennial_sources.csv
mining,slanted,mining environmental damage,1,9,https://www.mdpi.com/2071-1050/17/17/7757,mdpi.com,Mining-Induced Environmental Degradation and ...,2026-05-09 20:29:12,MDPI(Multidisciplinary Digital Publishing Institute),MDPI,mdpi.com,mixed,No consensus,"Publications in MDPI journals are considered questionable. Editors have raised concerns about the robustness of MDPI's peer review process and their lack of selectivity in what they publish. Originally placed onBeall's Listof predatory open journals in 2014, MDPI was removed from the list in 2015, while applying pressure on Beall's employer. As of early 2024, about 5% of MDPI journals had been rejected by theNorwegian Scientific Index, and another 5% are under review.[22]",domain mdpi.com matches mixed domain from file raw_wikipedia_perennial_sources.csv
mining,neutral,coal mining technology,2,6,https://www.mdpi.com/journal/energies/special_issues/intelligent_coal_mining_technology,mdpi.com,Energies | Special Issue : Intelligent Coal Mining Technology,2026-05-09 20:30:35,MDPI(Multidisciplinary Digital Publishing Institute),MDPI,mdpi.com,mixed,No consensus,"Publications in MDPI journals are considered questionable. Editors have raised concerns about the robustness of MDPI's peer review process and their lack of selectivity in what they publish. Originally placed onBeall's Listof predatory open journals in 2014, MDPI was removed from the list in 2015, while applying pressure on Beall's employer. As of early 2024, about 5% of MDPI journals had been rejected by theNorwegian Scientific Index, and another 5% are under review.[22]",domain mdpi.com matches mixed domain from file raw_wikipedia_perennial_sources.csv
mining,neutral,gold mining economic impact,2,6,https://www.mdpi.com/1660-4601/19/3/1190,mdpi.com,"History, Socioeconomic Problems and Environmental ...",2026-05-09 20:32:35,MDPI(Multidisciplinary Digital Publishing Institute),MDPI,mdpi.com,mixed,No consensus,"Publications in MDPI journals are considered questionable. Editors have raised concerns about the robustness of MDPI's peer review process and their lack of selectivity in what they publish. Originally placed onBeall's Listof predatory open journals in 2014, MDPI was removed from the list in 2015, while applying pressure on Beall's employer. As of early 2024, about 5% of MDPI journals had been rejected by theNorwegian Scientific Index, and another 5% are under review.[22]",domain mdpi.com matches mixed domain from file raw_wikipedia_perennial_sources.csv
mining,slanted,mercury pollution gold mining,2,2,https://www.mdpi.com/2073-4441/16/5/756,mdpi.com,Aquatic Mercury Pollution from Artisanal and Small-Scale ...,2026-05-09 20:33:18,MDPI(Multidisciplinary Digital Publishing Institute),MDPI,mdpi.com,mixed,No consensus,"Publications in MDPI journals are considered questionable. Editors have raised concerns about the robustness of MDPI's peer review process and their lack of selectivity in what they publish. Originally placed onBeall's Listof predatory open journals in 2014, MDPI was removed from the list in 2015, while applying pressure on Beall's employer. As of early 2024, about 5% of MDPI journals had been rejected by theNorwegian Scientific Index, and another 5% are under review.[22]",domain mdpi.com matches mixed domain from file raw_wikipedia_perennial_sources.csv
deforestation,slanted,deforestation climate impact,3,2,https://www.mdpi.com/2071-1050/14/18/11303,mdpi.com,Effect of Deforestation on Climate Change: A Co ...,2026-05-09 20:35:34,MDPI(Multidisciplinary Digital Publishing Institute),MDPI,mdpi.com,mixed,No consensus,"Publications in MDPI journals are considered questionable. Editors have raised concerns about the robustness of MDPI's peer review process and their lack of selectivity in what they publish. Originally placed onBeall's Listof predatory open journals in 2014, MDPI was removed from the list in 2015, while applying pressure on Beall's employer. As of early 2024, about 5% of MDPI journals had been rejected by theNorwegian Scientific Index, and another 5% are under review.[22]",domain mdpi.com matches mixed domain from file raw_wikipedia_perennial_sources.csv
deforestation,slanted,illegal logging,2,9,https://www.mdpi.com/1999-4907/12/7/838,mdpi.com,Illegal Logging and the Productivity Trap of Timber ...,2026-05-09 20:42:02,MDPI(Multidisciplinary Digital Publishing Institute),MDPI,mdpi.com,mixed,No consensus,"Publications in MDPI journals are considered questionable. Editors have raised concerns about the robustness of MDPI's peer review process and their lack of selectivity in what they publish. Originally placed onBeall's Listof predatory open journals in 2014, MDPI was removed from the list in 2015, while applying pressure on Beall's employer. As of early 2024, about 5% of MDPI journals had been rejected by theNorwegian Scientific Index, and another 5% are under review.[22]",domain mdpi.com matches mixed domain from file raw_wikipedia_perennial_sources.csv
overfishing,neutral,fisheries management research,2,10,https://www.mdpi.com/2071-1050/14/12/7249,mdpi.com,Implementing Adaptive Management within a Fisheries ...,2026-05-09 20:45:07,MDPI(Multidisciplinary Digital Publishing Institute),MDPI,mdpi.com,mixed,No consensus,"Publications in MDPI journals are considered questionable. Editors have raised concerns about the robustness of MDPI's peer review process and their lack of selectivity in what they publish. Originally placed onBeall's Listof predatory open journals in 2014, MDPI was removed from the list in 2015, while applying pressure on Beall's employer. As of early 2024, about 5% of MDPI journals had been rejected by theNorwegian Scientific Index, and another 5% are under review.[22]",domain mdpi.com matches mixed domain from file raw_wikipedia_perennial_sources.csv
education,slanted,common core failures,1,2,https://www.forbes.com/sites/nataliewexler/2021/04/22/the-little-known-flaw-behind-the-failure-of-the-common-core/,forbes.com,The Little-Known Flaw Behind The 'Failure' Of The ...,2026-05-09 20:59:19,Forbes.com(5 August 2010 – present),Forbes.com,forbes.com;0015-6914,mixed,No consensus,"Forbes.comarticles published after 5 August 2010 include ones written by their staff and byForbes.com contributors. There is no consensus on the general reliability ofForbes.comcontent created after this date due to concerns around contributors-turned-staff's articles being retroactively modified to appear written by staff. Articles are considered generally reliable if it is ascertained their authors were part of theForbesstaff at the time of the article's writing, and considered generally unreliable if the opposite is ascertained.",domain forbes.com matches mixed domain from file raw_wikipedia_perennial_sources.csv
education,neutral,online learning effectiveness,3,7,https://www.mdpi.com/2071-1050/14/5/2570,mdpi.com,Assessing the Impact of Online-Learning Effectiveness and ...,2026-05-09 21:03:53,MDPI(Multidisciplinary Digital Publishing Institute),MDPI,mdpi.com,mixed,No consensus,"Publications in MDPI journals are considered questionable. Editors have raised concerns about the robustness of MDPI's peer review process and their lack of selectivity in what they publish. Originally placed onBeall's Listof predatory open journals in 2014, MDPI was removed from the list in 2015, while applying pressure on Beall's employer. As of early 2024, about 5% of MDPI journals had been rejected by theNorwegian Scientific Index, and another 5% are under review.[22]",domain mdpi.com matches mixed domain from file raw_wikipedia_perennial_sources.csv
healthcare,slanted,obamacare failures,3,9,https://www.forbes.com/sites/theapothecary/2020/09/23/the-disappointing-affordable-care-act/,forbes.com,The Disappointing Affordable Care Act,2026-05-09 21:09:44,Forbes.com(5 August 2010 – present),Forbes.com,forbes.com;0015-6914,mixed,No consensus,"Forbes.comarticles published after 5 August 2010 include ones written by their staff and byForbes.com contributors. There is no consensus on the general reliability ofForbes.comcontent created after this date due to concerns around contributors-turned-staff's articles being retroactively modified to appear written by staff. Articles are considered generally reliable if it is ascertained their authors were part of theForbesstaff at the time of the article's writing, and considered generally unreliable if the opposite is ascertained.",domain forbes.com matches mixed domain from file raw_wikipedia_perennial_sources.csv
gene_editing,slanted,genetic modification dangers,2,10,https://www.mdpi.com/2071-1050/15/2/1722,mdpi.com,Assessment of Benefits and Risk of Genetically Modified ...,2026-05-09 21:24:37,MDPI(Multidisciplinary Digital Publishing Institute),MDPI,mdpi.com,mixed,No consensus,"Publications in MDPI journals are considered questionable. Editors have raised concerns about the robustness of MDPI's peer review process and their lack of selectivity in what they publish. Originally placed onBeall's Listof predatory open journals in 2014, MDPI was removed from the list in 2015, while applying pressure on Beall's employer. As of early 2024, about 5% of MDPI journals had been rejected by theNorwegian Scientific Index, and another 5% are under review.[22]",domain mdpi.com matches mixed domain from file raw_wikipedia_perennial_sources.csv
gene_editing,neutral,gene drive technology,3,6,https://www.mdpi.com/2071-1050/10/12/4789,mdpi.com,Using Gene Drive Technologies to Control Vector-Borne ...,2026-05-09 21:25:59,MDPI(Multidisciplinary Digital Publishing Institute),MDPI,mdpi.com,mixed,No consensus,"Publications in MDPI journals are considered questionable. Editors have raised concerns about the robustness of MDPI's peer review process and their lack of selectivity in what they publish. Originally placed onBeall's Listof predatory open journals in 2014, MDPI was removed from the list in 2015, while applying pressure on Beall's employer. As of early 2024, about 5% of MDPI journals had been rejected by theNorwegian Scientific Index, and another 5% are under review.[22]",domain mdpi.com matches mixed domain from file raw_wikipedia_perennial_sources.csv
cybersecurity,neutral,encryption security,2,8,https://www.forbes.com/councils/forbestechcouncil/2024/11/22/understanding-data-encryption-types-algorithms-and-security/,forbes.com,"Understanding Data Encryption: Types, Algorithms And ...",2026-05-09 21:28:27,Forbes.com(5 August 2010 – present),Forbes.com,forbes.com;0015-6914,mixed,No consensus,"Forbes.comarticles published after 5 August 2010 include ones written by their staff and byForbes.com contributors. There is no consensus on the general reliability ofForbes.comcontent created after this date due to concerns around contributors-turned-staff's articles being retroactively modified to appear written by staff. Articles are considered generally reliable if it is ascertained their authors were part of theForbesstaff at the time of the article's writing, and considered generally unreliable if the opposite is ascertained.",domain forbes.com matches mixed domain from file raw_wikipedia_perennial_sources.csv
cybersecurity,slanted,hacking vulnerabilities,2,3,https://www.mdpi.com/2079-9292/12/6/1333,mdpi.com,A Comprehensive Review of Cyber Security Vulnerabilities ...,2026-05-09 21:31:31,MDPI(Multidisciplinary Digital Publishing Institute),MDPI,mdpi.com,mixed,No consensus,"Publications in MDPI journals are considered questionable. Editors have raised concerns about the robustness of MDPI's peer review process and their lack of selectivity in what they publish. Originally placed onBeall's Listof predatory open journals in 2014, MDPI was removed from the list in 2015, while applying pressure on Beall's employer. As of early 2024, about 5% of MDPI journals had been rejected by theNorwegian Scientific Index, and another 5% are under review.[22]",domain mdpi.com matches mixed domain from file raw_wikipedia_perennial_sources.csv
quantum_computing,neutral,quantum machine learning,2,5,https://www.mdpi.com/2504-4990/7/3/75,mdpi.com,Quantum Machine Learning and Deep Learning,2026-05-09 21:44:00,MDPI(Multidisciplinary Digital Publishing Institute),MDPI,mdpi.com,mixed,No consensus,"Publications in MDPI journals are considered questionable. Editors have raised concerns about the robustness of MDPI's peer review process and their lack of selectivity in what they publish. Originally placed onBeall's Listof predatory open journals in 2014, MDPI was removed from the list in 2015, while applying pressure on Beall's employer. As of early 2024, about 5% of MDPI journals had been rejected by theNorwegian Scientific Index, and another 5% are under review.[22]",domain mdpi.com matches mixed domain from file raw_wikipedia_perennial_sources.csv
space_exploration,neutral,mars colonization,3,10,https://www.forbes.com/sites/kevinholdenplatt/2026/04/28/elon-musks-jilting-mars-to-build-moon-city-could-spark-his-downfall/,forbes.com,Elon Musk's Jilting Mars To Build Moon City Could Spark ...,2026-05-09 21:52:26,Forbes.com(5 August 2010 – present),Forbes.com,forbes.com;0015-6914,mixed,No consensus,"Forbes.comarticles published after 5 August 2010 include ones written by their staff and byForbes.com contributors. There is no consensus on the general reliability ofForbes.comcontent created after this date due to concerns around contributors-turned-staff's articles being retroactively modified to appear written by staff. Articles are considered generally reliable if it is ascertained their authors were part of theForbesstaff at the time of the article's writing, and considered generally unreliable if the opposite is ascertained.",domain forbes.com matches mixed domain from file raw_wikipedia_perennial_sources.csv
space_exploration,slanted,asteroid mining ethics,1,1,https://www.mdpi.com/2226-4310/12/6/544,mdpi.com,"Technical Challenges and Ethical, Legal and Social Issues ...",2026-05-09 21:54:27,MDPI(Multidisciplinary Digital Publishing Institute),MDPI,mdpi.com,mixed,No consensus,"Publications in MDPI journals are considered questionable. Editors have raised concerns about the robustness of MDPI's peer review process and their lack of selectivity in what they publish. Originally placed onBeall's Listof predatory open journals in 2014, MDPI was removed from the list in 2015, while applying pressure on Beall's employer. As of early 2024, about 5% of MDPI journals had been rejected by theNorwegian Scientific Index, and another 5% are under review.[22]",domain mdpi.com matches mixed domain from file raw_wikipedia_perennial_sources.csv
immigration,slanted,immigration threath,2,8,https://www.mdpi.com/2313-5778/7/4/99,mdpi.com,Perceiving Migrants as a Threat: The Role of the Estimated ...,2026-05-09 21:57:30,MDPI(Multidisciplinary Digital Publishing Institute),MDPI,mdpi.com,mixed,No consensus,"Publications in MDPI journals are considered questionable. Editors have raised concerns about the robustness of MDPI's peer review process and their lack of selectivity in what they publish. Originally placed onBeall's Listof predatory open journals in 2014, MDPI was removed from the list in 2015, while applying pressure on Beall's employer. As of early 2024, about 5% of MDPI journals had been rejected by theNorwegian Scientific Index, and another 5% are under review.[22]",domain mdpi.com matches mixed domain from file raw_wikipedia_perennial_sources.csv
immigration,neutral,poulation growth,2,10,https://www.mdpi.com/2673-4060/4/4/43,mdpi.com,World Population Growth: A Once and Future Global Concern,2026-05-09 21:58:24,MDPI(Multidisciplinary Digital Publishing Institute),MDPI,mdpi.com,mixed,No consensus,"Publications in MDPI journals are considered questionable. Editors have raised concerns about the robustness of MDPI's peer review process and their lack of selectivity in what they publish. Originally placed onBeall's Listof predatory open journals in 2014, MDPI was removed from the list in 2015, while applying pressure on Beall's employer. As of early 2024, about 5% of MDPI journals had been rejected by theNorwegian Scientific Index, and another 5% are under review.[22]",domain mdpi.com matches mixed domain from file raw_wikipedia_perennial_sources.csv
immigration,slanted,overpopulation,2,2,https://www.mdpi.com/2673-8392/5/2/45,mdpi.com,The Environmental Impacts of Overpopulation,2026-05-09 21:59:27,MDPI(Multidisciplinary Digital Publishing Institute),MDPI,mdpi.com,mixed,No consensus,"Publications in MDPI journals are considered questionable. Editors have raised concerns about the robustness of MDPI's peer review process and their lack of selectivity in what they publish. Originally placed onBeall's Listof predatory open journals in 2014, MDPI was removed from the list in 2015, while applying pressure on Beall's employer. As of early 2024, about 5% of MDPI journals had been rejected by theNorwegian Scientific Index, and another 5% are under review.[22]",domain mdpi.com matches mixed domain from file raw_wikipedia_perennial_sources.csv
Job_security,slanted,Ai taking over jobs,3,8,https://www.forbes.com/sites/jackkelly/2025/04/25/the-jobs-that-will-fall-first-as-ai-takes-over-the-workplace/,forbes.com,Jobs AI Will Replace First in the Workplace Shift,2026-05-09 22:02:42,Forbes.com(5 August 2010 – present),Forbes.com,forbes.com;0015-6914,mixed,No consensus,"Forbes.comarticles published after 5 August 2010 include ones written by their staff and byForbes.com contributors. There is no consensus on the general reliability ofForbes.comcontent created after this date due to concerns around contributors-turned-staff's articles being retroactively modified to appear written by staff. Articles are considered generally reliable if it is ascertained their authors were part of theForbesstaff at the time of the article's writing, and considered generally unreliable if the opposite is ascertained.",domain forbes.com matches mixed domain from file raw_wikipedia_perennial_sources.csv
vaccines,neutral,vaccine information,1,5,https://www.cdc.gov/vaccines/index.html,cdc.gov,Vaccines & Immunizations,2026-05-09 15:39:15,mixed,"domain cdc.gov contains .gov, which is mixed"
vaccines,neutral,vaccine information,2,2,https://www.cdc.gov/vaccines/hcp/current-vis/index.html,cdc.gov,Vaccine Information Statements (VIS),2026-05-09 15:40:56,mixed,"domain cdc.gov contains .gov, which is mixed"
vaccines,neutral,vaccine information,3,1,https://www.fda.gov/vaccines-blood-biologics/vaccines,fda.gov,Vaccines,2026-05-09 15:41:05,mixed,"domain fda.gov contains .gov, which is mixed"
vaccines,slanted,vaccine dangers,1,1,https://www.cdc.gov/vaccines/basics/possible-side-effects.html,cdc.gov,Possible Side Effects from Vaccines,2026-05-09 15:41:20,mixed,"domain cdc.gov contains .gov, which is mixed"
vaccines,slanted,vaccine dangers,1,2,https://pmc.ncbi.nlm.nih.gov/articles/PMC1114674/,pmc.ncbi.nlm.nih.gov,Public should be told that vaccines may have long term ... - PMC,2026-05-09 15:41:26,mixed,"domain pmc.ncbi.nlm.nih.gov contains .gov, which is mixed"
vaccines,slanted,vaccine dangers,2,1,https://www.hhs.gov/immunization/basics/safety/side-effects/index.html,hhs.gov,Vaccine Side Effects,2026-05-09 15:41:40,mixed,"domain hhs.gov contains .gov, which is mixed"
vaccines,slanted,vaccine dangers,2,8,https://pmc.ncbi.nlm.nih.gov/articles/PMC1113535/,pmc.ncbi.nlm.nih.gov,Vaccination and its adverse effects: real or perceived - PMC,2026-05-09 15:41:42,mixed,"domain pmc.ncbi.nlm.nih.gov contains .gov, which is mixed"
vaccines,slanted,vaccine dangers,2,9,https://dph.sc.gov/health-wellness/child-teen-health/vaccine-requirements-info/benefits-and-risks-vaccines,dph.sc.gov,Benefits and Risks of Vaccines,2026-05-09 15:41:43,mixed,"domain dph.sc.gov contains .gov, which is mixed"
vaccines,slanted,vaccine dangers,3,8,https://www.cdc.gov/vaccine-safety/index.html,cdc.gov,Vaccine Safety,2026-05-09 15:41:51,mixed,"domain cdc.gov contains .gov, which is mixed"
vaccines,neutral,vaccine facts,1,3,https://www.cdc.gov/global-immunization/fast-facts/index.html,cdc.gov,Fast Facts on Global Immunization,2026-05-09 15:42:10,mixed,"domain cdc.gov contains .gov, which is mixed"
vaccines,neutral,vaccine facts,1,8,https://www.cdph.ca.gov/Programs/CID/DCDC/Pages/Immunization/Vaccine-Facts-What-You-Need-to-Know.aspx,cdph.ca.gov,Vaccine Facts: What You Need to Know - CDPH - CA.gov,2026-05-09 15:43:30,mixed,"domain cdph.ca.gov contains .gov, which is mixed"
vaccines,neutral,vaccine facts,2,1,https://pmc.ncbi.nlm.nih.gov/articles/PMC7090020/,pmc.ncbi.nlm.nih.gov,Vaccine Safety: Myths and Misinformation - PMC,2026-05-09 15:43:38,mixed,"domain pmc.ncbi.nlm.nih.gov contains .gov, which is mixed"
vaccines,neutral,vaccine facts,3,2,https://www.dhs.wisconsin.gov/immunization/vaccine-facts.htm,dhs.wisconsin.gov,Immunizations: Get the Facts About Vaccines,2026-05-09 15:43:47,mixed,"domain dhs.wisconsin.gov contains .gov, which is mixed"
vaccines,slanted,vaccine scam,1,2,https://pmc.ncbi.nlm.nih.gov/articles/PMC8828097/,pmc.ncbi.nlm.nih.gov,Fake COVID-19 vaccines: scams hampering the ... - PMC - NIH,2026-05-09 15:44:04,mixed,"domain pmc.ncbi.nlm.nih.gov contains .gov, which is mixed"
vaccines,slanted,vaccine scam,1,3,https://portal.ct.gov/coronavirus/covid-19-knowledge-base/beware-of-vaccine-scams,portal.ct.gov,Beware of Vaccine Scams,2026-05-09 15:44:05,mixed,"domain portal.ct.gov contains .gov, which is mixed"
vaccines,slanted,vaccine scam,2,3,https://www.ftc.gov/system/files/attachments/coronavirus-advice-consumers/20199_covid_vaccine_scams_infographic_8-5x11_v3.pdf,ftc.gov,Three Ways to Avoid COVID-19 Vaccine Scams infographic,2026-05-09 15:44:13,mixed,"domain ftc.gov contains .gov, which is mixed"
vaccines,slanted,vaccine scam,2,7,https://www.pandemicoversight.gov/news/articles/dont-fall-scammers-offering-access-a-covid-19-vaccine,pandemicoversight.gov,Don't fall for scammers offering access to a COVID-19 ...,2026-05-09 15:44:15,mixed,"domain pandemicoversight.gov contains .gov, which is mixed"
vaccines,slanted,vaccine scam,3,3,https://www.texasattorneygeneral.gov/consumer-protection/beware-vaccine-scams,texasattorneygeneral.gov,Beware Vaccine Scams | Office of the Attorney General,2026-05-09 15:44:22,mixed,"domain texasattorneygeneral.gov contains .gov, which is mixed"
vaccines,slanted,vaccine scam,3,5,https://www.va.gov/vhapublications/ViewPublication.asp?pub_ID=9218,va.gov,STAY ALERT! PROTECT YOURSELF FROM COVID-19 ...,2026-05-09 15:44:23,mixed,"domain va.gov contains .gov, which is mixed"
vaccines,neutral,childhood vaccination benefits,1,2,https://www.cdc.gov/vaccines-children/reasons/index.html,cdc.gov,Reasons to Vaccinate,2026-05-09 15:44:41,mixed,"domain cdc.gov contains .gov, which is mixed"
vaccines,neutral,childhood vaccination benefits,1,3,https://pmc.ncbi.nlm.nih.gov/articles/PMC7482790/,pmc.ncbi.nlm.nih.gov,Why vaccines matter: understanding the broader health ... - PMC,2026-05-09 15:44:41,mixed,"domain pmc.ncbi.nlm.nih.gov contains .gov, which is mixed"
vaccines,neutral,childhood vaccination benefits,2,7,https://www.hhs.gov/immunization/get-vaccinated/for-parents/five-reasons/index.html,hhs.gov,Five Important Reasons to Vaccinate Your Child,2026-05-09 15:44:53,mixed,"domain hhs.gov contains .gov, which is mixed"
vaccines,neutral,childhood vaccination benefits,2,8,https://pmc.ncbi.nlm.nih.gov/articles/PMC11309373/,pmc.ncbi.nlm.nih.gov,Health and Economic Benefits of Routine Childhood ... - PMC,2026-05-09 15:44:54,mixed,"domain pmc.ncbi.nlm.nih.gov contains .gov, which is mixed"
vaccines,neutral,childhood vaccination benefits,3,10,https://www.fda.gov/consumers/consumer-updates/vaccines-protect-children-harmful-infectious-diseases,fda.gov,Vaccines Protect Children From Harmful Infectious Diseases,2026-05-09 15:45:03,mixed,"domain fda.gov contains .gov, which is mixed"
vaccines,slanted,childhood vaccination risks,1,1,https://pmc.ncbi.nlm.nih.gov/articles/PMC1113535/,pmc.ncbi.nlm.nih.gov,Vaccination and its adverse effects: real or perceived - PMC,2026-05-09 15:45:15,mixed,"domain pmc.ncbi.nlm.nih.gov contains .gov, which is mixed"
vaccines,slanted,childhood vaccination risks,1,3,https://www.cdc.gov/vaccines-children/about/index.html,cdc.gov,About Vaccines for your Children,2026-05-09 15:45:23,mixed,"domain cdc.gov contains .gov, which is mixed"
vaccines,slanted,childhood vaccination risks,2,7,https://www.hsgac.senate.gov/wp-content/uploads/Entered-into-hearing-record-Impact-of-Childhood-Vaccination-on-Short-and-Long-Term-Chronic-Health-Outcomes-in-Children-A-Birth-Cohort-Study.pdf,hsgac.senate.gov,A Birth Cohort Study Lois Lamerato,2026-05-09 15:47:20,mixed,"domain hsgac.senate.gov contains .gov, which is mixed"
vaccines,slanted,childhood vaccination risks,2,9,https://www.ncbi.nlm.nih.gov/books/NBK206940/,ncbi.nlm.nih.gov,Review of Scientific Findings - The Childhood Immunization ...,2026-05-09 15:47:21,mixed,"domain ncbi.nlm.nih.gov contains .gov, which is mixed"
vaccines,neutral,flu shot effectiveness,1,1,https://www.cdc.gov/flu-vaccines-work/php/effectiveness-studies/index.html,cdc.gov,CDC Seasonal Flu Vaccine Effectiveness Studies,2026-05-09 15:47:47,mixed,"domain cdc.gov contains .gov, which is mixed"
vaccines,neutral,flu shot effectiveness,1,3,https://pmc.ncbi.nlm.nih.gov/articles/PMC9143275/,pmc.ncbi.nlm.nih.gov,Influenza Viruses and Vaccines: The Role of ... - PMC - NIH,2026-05-09 15:47:59,mixed,"domain pmc.ncbi.nlm.nih.gov contains .gov, which is mixed"
vaccines,neutral,flu shot effectiveness,2,1,https://www.cdc.gov/mmwr/volumes/75/wr/mm7509a2.htm,cdc.gov,Interim Estimates of 2025–26 Seasonal Influenza Vaccine ...,2026-05-09 15:48:10,mixed,"domain cdc.gov contains .gov, which is mixed"
vaccines,neutral,flu shot effectiveness,3,4,https://pmc.ncbi.nlm.nih.gov/articles/PMC4387051/,pmc.ncbi.nlm.nih.gov,Repeated flu shots may blunt effectiveness - PMC,2026-05-09 15:48:20,mixed,"domain pmc.ncbi.nlm.nih.gov contains .gov, which is mixed"
vaccines,slanted,flu shot side effects,1,3,https://www.cdc.gov/vaccine-safety/vaccines/flu.html,cdc.gov,Influenza (Flu) Vaccine Safety,2026-05-09 15:48:38,mixed,"domain cdc.gov contains .gov, which is mixed"
vaccines,neutral,hpv vaccine effects,1,1,https://www.cdc.gov/vaccine-safety/vaccines/hpv.html,cdc.gov,Human Papillomavirus (HPV) Vaccine Safety,2026-05-09 15:49:21,mixed,"domain cdc.gov contains .gov, which is mixed"
vaccines,neutral,hpv vaccine effects,1,3,https://pmc.ncbi.nlm.nih.gov/articles/PMC4708146/,pmc.ncbi.nlm.nih.gov,"Pros, cons, and ethics of HPV vaccine in teens—Why such ...",2026-05-09 15:49:27,mixed,"domain pmc.ncbi.nlm.nih.gov contains .gov, which is mixed"
vaccines,neutral,hpv vaccine effects,2,2,https://www.cancer.gov/news-events/cancer-currents-blog/2021/hpv-vaccine-parents-safety-concerns,cancer.gov,Parent Concerns About HPV Vaccine Safety Increasing - NCI,2026-05-09 15:49:41,mixed,"domain cancer.gov contains .gov, which is mixed"
vaccines,neutral,hpv vaccine effects,2,9,https://www.cdc.gov/vaccines/hcp/current-vis/downloads/hpv.pdf,cdc.gov,HPV (Human Papillomavirus) Vaccine,2026-05-09 15:49:43,mixed,"domain cdc.gov contains .gov, which is mixed"
vaccines,slanted,hpv vaccine dangers,1,1,https://www.cdc.gov/vaccine-safety/vaccines/hpv.html,cdc.gov,Human Papillomavirus (HPV) Vaccine Safety,2026-05-09 15:50:16,mixed,"domain cdc.gov contains .gov, which is mixed"
vaccines,slanted,hpv vaccine dangers,1,2,https://www.cancer.gov/news-events/cancer-currents-blog/2021/hpv-vaccine-parents-safety-concerns,cancer.gov,Parent Concerns About HPV Vaccine Safety Increasing - NCI,2026-05-09 15:50:23,mixed,"domain cancer.gov contains .gov, which is mixed"
vaccines,slanted,hpv vaccine dangers,1,3,https://pmc.ncbi.nlm.nih.gov/articles/PMC4708146/,pmc.ncbi.nlm.nih.gov,"Pros, cons, and ethics of HPV vaccine in teens—Why such ...",2026-05-09 15:50:31,mixed,"domain pmc.ncbi.nlm.nih.gov contains .gov, which is mixed"
vaccines,slanted,hpv vaccine dangers,3,6,https://pmc.ncbi.nlm.nih.gov/articles/PMC4055804/,pmc.ncbi.nlm.nih.gov,"HPV Vaccine, Is It Really Harmful? - PMC - NIH",2026-05-09 15:51:15,mixed,"domain pmc.ncbi.nlm.nih.gov contains .gov, which is mixed"
vaccines,slanted,hpv vaccine dangers,3,9,https://www.cdc.gov/hpv/hcp/vaccination-considerations/safety-and-effectiveness-data.html,cdc.gov,HPV Vaccine Safety and Effectiveness Data,2026-05-09 15:51:15,mixed,"domain cdc.gov contains .gov, which is mixed"
vaccine_passports,neutral,vaccine passport impact,1,1,https://pmc.ncbi.nlm.nih.gov/articles/PMC10189555/,pmc.ncbi.nlm.nih.gov,The Impact of COVID-19 Vaccine Passport on Air Travelers ...,2026-05-09 15:51:32,mixed,"domain pmc.ncbi.nlm.nih.gov contains .gov, which is mixed"
vaccine_passports,neutral,vaccine passport impact,2,7,https://pmc.ncbi.nlm.nih.gov/articles/PMC8828155/,pmc.ncbi.nlm.nih.gov,"COVID-19 vaccination passport: prospects, scientific feasibility ...",2026-05-09 15:51:59,mixed,"domain pmc.ncbi.nlm.nih.gov contains .gov, which is mixed"
vaccine_passports,slanted,immunity passport discrimination,1,1,https://pmc.ncbi.nlm.nih.gov/articles/PMC7567527/,pmc.ncbi.nlm.nih.gov,The scientific and ethical feasibility of immunity passports - PMC,2026-05-09 15:52:19,mixed,"domain pmc.ncbi.nlm.nih.gov contains .gov, which is mixed"
vaccine_passports,slanted,immunity passport discrimination,2,4,https://pmc.ncbi.nlm.nih.gov/articles/PMC9759796/,pmc.ncbi.nlm.nih.gov,A public health ethic should inform policies on COVID-19 ...,2026-05-09 15:52:37,mixed,"domain pmc.ncbi.nlm.nih.gov contains .gov, which is mixed"
vaccine_passports,neutral,covid passport research,1,1,https://pmc.ncbi.nlm.nih.gov/articles/PMC8828155/,pmc.ncbi.nlm.nih.gov,"COVID-19 vaccination passport: prospects, scientific feasibility ...",2026-05-09 15:53:04,mixed,"domain pmc.ncbi.nlm.nih.gov contains .gov, which is mixed"
vaccine_passports,neutral,covid passport research,2,10,https://pmc.ncbi.nlm.nih.gov/articles/PMC10189555/,pmc.ncbi.nlm.nih.gov,The Impact of COVID-19 Vaccine Passport on Air Travelers ...,2026-05-09 15:53:15,mixed,"domain pmc.ncbi.nlm.nih.gov contains .gov, which is mixed"
vaccine_passports,slanted,digital health pass privacy,1,8,https://pmc.ncbi.nlm.nih.gov/articles/PMC10949543/,pmc.ncbi.nlm.nih.gov,Scoping review of data privacy risks in COVID-19 apps ... - PMC,2026-05-09 15:53:42,mixed,"domain pmc.ncbi.nlm.nih.gov contains .gov, which is mixed"
vaccine_passports,neutral,travel health certificate effectiveness,1,2,https://www.aphis.usda.gov/pet-travel/accredited-veterinarians/faqs,aphis.usda.gov,FAQ About Pet Travel for Accredited Veterinarians,2026-05-09 15:54:18,mixed,"domain aphis.usda.gov contains .gov, which is mixed"
vaccine_passports,neutral,travel health certificate effectiveness,2,4,https://2017-2021.state.gov/pets-and-international-travel/,2017-2021.state.gov,Pets and International Travel,2026-05-09 15:54:36,mixed,"domain 2017-2021.state.gov contains .gov, which is mixed"
vaccine_passports,slanted,vaccine segregation,1,1,https://pmc.ncbi.nlm.nih.gov/articles/PMC9272166/,pmc.ncbi.nlm.nih.gov,Vaccine apartheid: the separation of the world's poorest and ...,2026-05-09 15:54:58,mixed,"domain pmc.ncbi.nlm.nih.gov contains .gov, which is mixed"
vaccine_passports,slanted,vaccine segregation,1,9,https://pmc.ncbi.nlm.nih.gov/articles/PMC9136690/,pmc.ncbi.nlm.nih.gov,The unintended consequences of COVID-19 vaccine policy,2026-05-09 15:55:09,mixed,"domain pmc.ncbi.nlm.nih.gov contains .gov, which is mixed"
vaccine_passports,slanted,vaccine segregation,3,7,https://www.cdc.gov/vaccines/basics/vaccine-equity.html,cdc.gov,Ensuring Vaccine Access for All People,2026-05-09 15:55:27,mixed,"domain cdc.gov contains .gov, which is mixed"
covid19,neutral,COVID-19 vaccine efficacy,1,2,https://pmc.ncbi.nlm.nih.gov/articles/PMC8148145/,pmc.ncbi.nlm.nih.gov,Efficacy and Safety of COVID-19 Vaccines - PMC - NIH,2026-05-09 15:55:45,mixed,"domain pmc.ncbi.nlm.nih.gov contains .gov, which is mixed"
covid19,neutral,COVID-19 vaccine efficacy,1,3,https://www.cdc.gov/covid/php/surveillance/vaccine-effectiveness.html,cdc.gov,Vaccine Effectiveness | COVID-19,2026-05-09 15:55:46,mixed,"domain cdc.gov contains .gov, which is mixed"
covid19,neutral,COVID-19 vaccine efficacy,2,4,https://www.cdc.gov/mmwr/volumes/74/wr/mm7440a1.htm,cdc.gov,Effectiveness of 2024–2025 COVID-19 Vaccines in ... - CDC,2026-05-09 15:57:14,mixed,"domain cdc.gov contains .gov, which is mixed"
covid19,neutral,COVID-19 vaccine efficacy,3,2,https://pmc.ncbi.nlm.nih.gov/articles/PMC9115787/,pmc.ncbi.nlm.nih.gov,Efficacy and effectiveness of covid-19 vaccine - PMC - NIH,2026-05-09 15:57:22,mixed,"domain pmc.ncbi.nlm.nih.gov contains .gov, which is mixed"
covid19,slanted,COVID-19 vaccine side effects,1,5,https://pmc.ncbi.nlm.nih.gov/articles/PMC10363686/,pmc.ncbi.nlm.nih.gov,Common Side Effects of Pfizer COVID-19 Vaccine - PMC - NIH,2026-05-09 15:57:45,mixed,"domain pmc.ncbi.nlm.nih.gov contains .gov, which is mixed"
covid19,slanted,COVID-19 vaccine side effects,1,6,https://www.cdc.gov/vaccine-safety/vaccines/covid-19.html,cdc.gov,Coronavirus Disease 2019 (COVID-19) Vaccine Safety,2026-05-09 15:57:49,mixed,"domain cdc.gov contains .gov, which is mixed"
covid19,slanted,COVID-19 vaccine side effects,2,10,https://pmc.ncbi.nlm.nih.gov/articles/PMC9009903/,pmc.ncbi.nlm.nih.gov,Long-term adverse events of three COVID-19 vaccines ... - PMC,2026-05-09 15:58:00,mixed,"domain pmc.ncbi.nlm.nih.gov contains .gov, which is mixed"
covid19,neutral,coronavirus pandemic origin,1,2,https://pmc.ncbi.nlm.nih.gov/articles/PMC9874793/,pmc.ncbi.nlm.nih.gov,The origins of COVID‐19 pandemic: A brief overview - PMC,2026-05-09 15:58:26,mixed,"domain pmc.ncbi.nlm.nih.gov contains .gov, which is mixed"
covid19,neutral,coronavirus pandemic origin,1,4,https://www.whitehouse.gov/lab-leak-true-origins-of-covid-19/,whitehouse.gov,Lab Leak: The True Origins of Covid-19,2026-05-09 15:58:26,mixed,"domain whitehouse.gov contains .gov, which is mixed"
covid19,neutral,coronavirus pandemic origin,1,8,https://www.dni.gov/files/ODNI/documents/assessments/Unclassified-Summary-of-Assessment-on-COVID-19-Origins.pdf,dni.gov,Unclassified Summary of Assessment on COVID-19 Origins,2026-05-09 15:58:29,mixed,"domain dni.gov contains .gov, which is mixed"
covid19,neutral,coronavirus pandemic origin,1,9,https://www.cdc.gov/museum/timeline/covid19.html,cdc.gov,CDC Museum COVID-19 Timeline,2026-05-09 15:58:30,mixed,"domain cdc.gov contains .gov, which is mixed"
covid19,neutral,coronavirus pandemic origin,1,10,https://pmc.ncbi.nlm.nih.gov/articles/PMC7470595/,pmc.ncbi.nlm.nih.gov,The Origin of COVID-19 and Why It Matters - PMC,2026-05-09 15:58:30,mixed,"domain pmc.ncbi.nlm.nih.gov contains .gov, which is mixed"
covid19,neutral,coronavirus pandemic origin,2,6,https://oversight.house.gov/landing/covid-origins/,oversight.house.gov,COVID Origins - United States House Committee on Oversight ...,2026-05-09 15:58:38,mixed,"domain oversight.house.gov contains .gov, which is mixed"
covid19,slanted,coronavirus lab leak theory,1,2,https://pmc.ncbi.nlm.nih.gov/articles/PMC12040609/,pmc.ncbi.nlm.nih.gov,On the Controversies Surrounding the Lab-Leak Theory of ...,2026-05-09 15:58:59,mixed,"domain pmc.ncbi.nlm.nih.gov contains .gov, which is mixed"
covid19,slanted,coronavirus lab leak theory,1,3,https://www.whitehouse.gov/lab-leak-true-origins-of-covid-19/,whitehouse.gov,Lab Leak: The True Origins of Covid-19,2026-05-09 15:58:59,mixed,"domain whitehouse.gov contains .gov, which is mixed"
covid19,slanted,coronavirus lab leak theory,2,4,https://pmc.ncbi.nlm.nih.gov/articles/PMC10117112/,pmc.ncbi.nlm.nih.gov,A Critical Analysis of the Evidence for the SARS-CoV-2 Origin ...,2026-05-09 15:59:10,mixed,"domain pmc.ncbi.nlm.nih.gov contains .gov, which is mixed"
covid19,neutral,face masks effectiveness,1,1,https://pmc.ncbi.nlm.nih.gov/articles/PMC10446908/,pmc.ncbi.nlm.nih.gov,Effectiveness of face masks for reducing transmission of SARS ...,2026-05-09 15:59:36,mixed,"domain pmc.ncbi.nlm.nih.gov contains .gov, which is mixed"
covid19,neutral,face masks effectiveness,1,3,https://www.cdc.gov/respiratory-viruses/prevention/masks.html,cdc.gov,Masks and Respiratory Viruses Prevention,2026-05-09 15:59:44,mixed,"domain cdc.gov contains .gov, which is mixed"
covid19,neutral,face masks effectiveness,1,6,https://www.epa.gov/emergency-response-research/evaluating-effectiveness-facial-coverings-and-masks,epa.gov,Evaluating the Effectiveness of Facial Coverings and Masks,2026-05-09 15:59:46,mixed,"domain epa.gov contains .gov, which is mixed"
covid19,neutral,face masks effectiveness,2,5,https://www.fda.gov/medical-devices/personal-protective-equipment-infection-control/n95-respirators-surgical-masks-face-masks-and-barrier-face-coverings,fda.gov,"N95 Respirators, Surgical Masks, Face Masks, and Barrier ...",2026-05-09 16:00:02,mixed,"domain fda.gov contains .gov, which is mixed"
covid19,neutral,face masks effectiveness,2,6,https://pubmed.ncbi.nlm.nih.gov/41154994/,pubmed.ncbi.nlm.nih.gov,Evidence of Face Masks and Masking Policies for ... - PubMed,2026-05-09 16:00:02,mixed,"domain pubmed.ncbi.nlm.nih.gov contains .gov, which is mixed"
covid19,neutral,face masks effectiveness,2,8,https://coronavirus.delaware.gov/covid-19-myth-or-fact/myth-or-fact-masks-are-effective-against-covid-19/,coronavirus.delaware.gov,Myth or Fact - Masks are effective against COVID-19 - Delaware,2026-05-09 16:00:02,mixed,"domain coronavirus.delaware.gov contains .gov, which is mixed"
covid19,neutral,face masks effectiveness,3,6,https://www.cdph.ca.gov/Programs/CID/DCDC/Pages/Respiratory-Viruses/When-and-Why-to-Wear-a-Mask.aspx,cdph.ca.gov,When and Why to Wear a Mask - CDPH - CA.gov,2026-05-09 16:00:11,mixed,"domain cdph.ca.gov contains .gov, which is mixed"
covid19,slanted,face masks health risks,1,1,https://pmc.ncbi.nlm.nih.gov/articles/PMC10116418/,pmc.ncbi.nlm.nih.gov,Physio-metabolic and clinical consequences of wearing face ...,2026-05-09 16:00:24,mixed,"domain pmc.ncbi.nlm.nih.gov contains .gov, which is mixed"
covid19,slanted,face masks health risks,1,5,https://www.cdc.gov/respiratory-viruses/prevention/masks.html,cdc.gov,Masks and Respiratory Viruses Prevention,2026-05-09 16:00:34,mixed,"domain cdc.gov contains .gov, which is mixed"
covid19,slanted,face masks health risks,1,10,https://pmc.ncbi.nlm.nih.gov/articles/PMC8496910/,pmc.ncbi.nlm.nih.gov,Face mask—A potential source of phthalate exposure for human,2026-05-09 16:00:37,mixed,"domain pmc.ncbi.nlm.nih.gov contains .gov, which is mixed"
covid19,slanted,face masks health risks,3,2,https://www.cdph.ca.gov/Programs/CID/DCDC/Pages/Respiratory-Viruses/When-and-Why-to-Wear-a-Mask.aspx,cdph.ca.gov,When and Why to Wear a Mask - CDPH - CA.gov,2026-05-09 16:00:53,mixed,"domain cdph.ca.gov contains .gov, which is mixed"
covid19,neutral,lockdown effectiveness,1,1,https://pmc.ncbi.nlm.nih.gov/articles/PMC10446910/,pmc.ncbi.nlm.nih.gov,Effectiveness of social distancing measures and lockdowns for ...,2026-05-09 16:01:11,mixed,"domain pmc.ncbi.nlm.nih.gov contains .gov, which is mixed"
covid19,neutral,lockdown effectiveness,1,7,https://pmc.ncbi.nlm.nih.gov/articles/PMC8083719/,pmc.ncbi.nlm.nih.gov,Did Lockdown Work? An Economist's Cross-Country ... - PMC,2026-05-09 16:01:16,mixed,"domain pmc.ncbi.nlm.nih.gov contains .gov, which is mixed"
covid19,neutral,lockdown effectiveness,3,6,https://pmc.ncbi.nlm.nih.gov/articles/PMC7293850/,pmc.ncbi.nlm.nih.gov,Is the lockdown important to prevent the COVID-19 pandemic ...,2026-05-09 16:01:33,mixed,"domain pmc.ncbi.nlm.nih.gov contains .gov, which is mixed"
covid19,slanted,lockdown harms,1,2,https://pmc.ncbi.nlm.nih.gov/articles/PMC7550468/,pmc.ncbi.nlm.nih.gov,For the Greater Good? The Devastating Ripple Effects ... - PMC,2026-05-09 16:01:51,mixed,"domain pmc.ncbi.nlm.nih.gov contains .gov, which is mixed"
covid19,slanted,lockdown harms,1,9,https://pmc.ncbi.nlm.nih.gov/articles/PMC8633895/,pmc.ncbi.nlm.nih.gov,Negative Impacts of COVID-19 Induced Lockdown on ... - PMC,2026-05-09 16:01:55,mixed,"domain pmc.ncbi.nlm.nih.gov contains .gov, which is mixed"
climate_change,neutral,climate change evidence,1,1,https://science.nasa.gov/climate-change/evidence/,science.nasa.gov,Evidence - NASA Science,2026-05-09 16:02:31,mixed,"domain science.nasa.gov contains .gov, which is mixed"
climate_change,neutral,climate change evidence,1,4,https://pmc.ncbi.nlm.nih.gov/articles/PMC2995507/,pmc.ncbi.nlm.nih.gov,Climate Change: The Evidence and Our Options - PMC,2026-05-09 16:02:39,mixed,"domain pmc.ncbi.nlm.nih.gov contains .gov, which is mixed"
climate_change,neutral,climate change evidence,2,3,https://www.epa.gov/climatechange-science/causes-climate-change,epa.gov,Causes of Climate Change,2026-05-09 16:03:04,mixed,"domain epa.gov contains .gov, which is mixed"
climate_change,neutral,climate change evidence,2,6,https://www.climate.gov/news-features/climate-qa/what-evidence-exists-earth-warming-and-humans-are-main-cause,climate.gov,What evidence exists that Earth is warming and that humans ...,2026-05-09 16:03:05,mixed,"domain climate.gov contains .gov, which is mixed"
climate_change,neutral,climate change evidence,2,9,https://www.noaa.gov/education/resource-collections/climate/climate-change-impacts,noaa.gov,Climate change impacts,2026-05-09 16:03:06,mixed,"domain noaa.gov contains .gov, which is mixed"
climate_change,neutral,climate change evidence,3,2,https://science.nasa.gov/climate-change/,science.nasa.gov,Climate Change,2026-05-09 16:03:12,mixed,"domain science.nasa.gov contains .gov, which is mixed"
climate_change,slanted,climate change hoax,1,2,https://pmc.ncbi.nlm.nih.gov/articles/PMC1112950/,pmc.ncbi.nlm.nih.gov,Many climate change scientists do not agree that global ... - PMC,2026-05-09 16:03:28,mixed,"domain pmc.ncbi.nlm.nih.gov contains .gov, which is mixed"
climate_change,slanted,climate change hoax,1,4,https://www.epw.senate.gov/public/_cache/files/4/a/4a86454f-4287-4d1c-ae5f-85a01b8c78b8/7E90482A76C15A7B2D2473E6EDC911C0.refuting-12-claims-made-by-climate-alarmists.pdf,epw.senate.gov,Refuting 12 Claims Made by Climate Alarmists,2026-05-09 16:03:29,mixed,"domain epw.senate.gov contains .gov, which is mixed"
climate_change,slanted,climate change hoax,2,7,https://science.nasa.gov/climate-change/evidence/,science.nasa.gov,Evidence - NASA Science,2026-05-09 16:03:49,mixed,"domain science.nasa.gov contains .gov, which is mixed"
climate_change,neutral,global warming science,1,1,https://science.nasa.gov/climate-change/,science.nasa.gov,Climate Change,2026-05-09 16:04:16,mixed,"domain science.nasa.gov contains .gov, which is mixed"
climate_change,neutral,global warming science,1,7,https://www.climate.gov/news-features/understanding-climate/climate-change-global-temperature,climate.gov,Climate change: global temperature | NOAA Climate.gov,2026-05-09 16:04:32,mixed,"domain climate.gov contains .gov, which is mixed"
climate_change,neutral,global warming science,1,9,https://www.epa.gov/climatechange-science/basics-climate-change,epa.gov,Basics of Climate Change,2026-05-09 16:04:33,mixed,"domain epa.gov contains .gov, which is mixed"
climate_change,neutral,global warming science,2,3,https://science.nasa.gov/climate-change/evidence/,science.nasa.gov,Evidence - NASA Science,2026-05-09 16:04:41,mixed,"domain science.nasa.gov contains .gov, which is mixed"
climate_change,neutral,global warming science,2,9,https://www.noaa.gov/education/resource-collections/climate/climate-change-impacts,noaa.gov,Climate change impacts,2026-05-09 16:04:44,mixed,"domain noaa.gov contains .gov, which is mixed"
climate_change,neutral,global warming science,3,4,https://www.noaa.gov/education/resource-collections/climate/climate-change-impacts,noaa.gov,Climate change impacts,2026-05-09 16:04:51,mixed,"domain noaa.gov contains .gov, which is mixed"
climate_change,slanted,global warming myth,1,6,https://pmc.ncbi.nlm.nih.gov/articles/PMC1112950/,pmc.ncbi.nlm.nih.gov,Many climate change scientists do not agree that global ... - PMC,2026-05-09 16:05:25,mixed,"domain pmc.ncbi.nlm.nih.gov contains .gov, which is mixed"
climate_change,slanted,global warming myth,1,8,https://science.nasa.gov/climate-change/evidence/,science.nasa.gov,Evidence - NASA Science,2026-05-09 16:05:27,mixed,"domain science.nasa.gov contains .gov, which is mixed"
climate_change,neutral,sea level rise research,1,2,https://sealevel.nasa.gov/,sealevel.nasa.gov,NASA Sea Level Change Portal,2026-05-09 16:06:30,mixed,"domain sealevel.nasa.gov contains .gov, which is mixed"
climate_change,neutral,sea level rise research,1,5,https://www.climate.gov/news-features/understanding-climate/climate-change-global-sea-level,climate.gov,Climate Change: Global Sea Level,2026-05-09 16:06:33,mixed,"domain climate.gov contains .gov, which is mixed"
climate_change,neutral,sea level rise research,1,10,https://www.noaa.gov/digital-coast-sea-level-rise-viewer,noaa.gov,Sea Level Rise and Coastal Flooding Impacts,2026-05-09 16:06:41,mixed,"domain noaa.gov contains .gov, which is mixed"
climate_change,neutral,sea level rise research,2,1,https://www.noaa.gov/digital-coast-sea-level-rise-viewer,noaa.gov,Sea Level Rise and Coastal Flooding Impacts,2026-05-09 16:06:48,mixed,"domain noaa.gov contains .gov, which is mixed"
climate_change,neutral,sea level rise research,2,5,https://pmc.ncbi.nlm.nih.gov/articles/PMC3758961/,pmc.ncbi.nlm.nih.gov,Sea-level rise caused by climate change and its implications ...,2026-05-09 16:06:49,mixed,"domain pmc.ncbi.nlm.nih.gov contains .gov, which is mixed"
climate_change,neutral,sea level rise research,3,2,https://earth.gov/sealevel/about-sea-level-change/global-sea-level-rise/,earth.gov,Why is Global Sea Level Rising?,2026-05-09 16:06:57,mixed,"domain earth.gov contains .gov, which is mixed"
climate_change,slanted,sea level rise exaggerated,1,2,https://sealevel.nasa.gov/faq/9/are-sea-levels-rising-the-same-all-over-the-world-as-if-were-filling-a-giant-bathtub/,sealevel.nasa.gov,"Are sea levels rising the same all over the world, as if we're ...",2026-05-09 16:07:14,mixed,"domain sealevel.nasa.gov contains .gov, which is mixed"
climate_change,slanted,sea level rise exaggerated,2,7,https://www.epw.senate.gov/public/_cache/files/4/a/4a86454f-4287-4d1c-ae5f-85a01b8c78b8/7E90482A76C15A7B2D2473E6EDC911C0.refuting-12-claims-made-by-climate-alarmists.pdf,epw.senate.gov,Refuting 12 Claims Made by Climate Alarmists,2026-05-09 16:07:27,mixed,"domain epw.senate.gov contains .gov, which is mixed"
climate_change,slanted,sea level rise exaggerated,3,3,https://tidesandcurrents.noaa.gov/sltrends/slrmap.html,tidesandcurrents.noaa.gov,US Sea Level Trend Map,2026-05-09 16:07:34,mixed,"domain tidesandcurrents.noaa.gov contains .gov, which is mixed"
climate_change,neutral,carbon emissions impact,1,3,https://www.climate.gov/news-features/understanding-climate/climate-change-atmospheric-carbon-dioxide,climate.gov,Climate change: atmospheric carbon dioxide,2026-05-09 16:08:00,mixed,"domain climate.gov contains .gov, which is mixed"
climate_change,neutral,carbon emissions impact,1,5,https://www.epa.gov/ghgemissions/sources-greenhouse-gas-emissions,epa.gov,Sources of Greenhouse Gas Emissions,2026-05-09 16:08:02,mixed,"domain epa.gov contains .gov, which is mixed"
climate_change,neutral,carbon emissions impact,1,9,https://science.nasa.gov/earth/explore/earth-indicators/carbon-dioxide/,science.nasa.gov,Carbon Dioxide - Earth Indicator,2026-05-09 16:08:05,mixed,"domain science.nasa.gov contains .gov, which is mixed"
climate_change,neutral,carbon emissions impact,2,9,https://www.energy.gov/sites/default/files/2025-07/DOE_Critical_Review_of_Impacts_of_GHG_Emissions_on_the_US_Climate_July_2025.pdf,energy.gov,A Critical Review of Impacts of Greenhouse Gas Emissions ...,2026-05-09 16:08:15,mixed,"domain energy.gov contains .gov, which is mixed"
climate_change,neutral,carbon emissions impact,3,8,https://pmc.ncbi.nlm.nih.gov/articles/PMC10281825/,pmc.ncbi.nlm.nih.gov,The Impact of COVID-19 Outbreak on CO2 Emissions ... - PMC,2026-05-09 16:08:24,mixed,"domain pmc.ncbi.nlm.nih.gov contains .gov, which is mixed"
climate_change,neutral,renewable energy facts,1,9,https://www.eia.gov/energyexplained/renewable-sources/,eia.gov,Renewable energy explained,2026-05-09 16:09:37,mixed,"domain eia.gov contains .gov, which is mixed"
fluoridation,neutral,water fluoridation information,1,1,https://www.cdc.gov/fluoridation/about/index.html,cdc.gov,About Community Water Fluoridation,2026-05-09 16:10:58,mixed,"domain cdc.gov contains .gov, which is mixed"
fluoridation,neutral,water fluoridation information,1,4,https://pmc.ncbi.nlm.nih.gov/articles/PMC6309358/,pmc.ncbi.nlm.nih.gov,The Untold Story of Fluoridation: Revisiting the Changing ...,2026-05-09 16:11:00,mixed,"domain pmc.ncbi.nlm.nih.gov contains .gov, which is mixed"
fluoridation,neutral,water fluoridation information,2,10,https://www.cancer.gov/about-cancer/causes-prevention/risk/myths/fluoridated-water-fact-sheet,cancer.gov,Fluoridated Water - NCI,2026-05-09 16:11:13,mixed,"domain cancer.gov contains .gov, which is mixed"
fluoridation,neutral,water fluoridation information,3,1,https://www.cancer.gov/about-cancer/causes-prevention/risk/myths/fluoridated-water-fact-sheet,cancer.gov,Fluoridated Water - NCI,2026-05-09 16:11:20,mixed,"domain cancer.gov contains .gov, which is mixed"
fluoridation,neutral,water fluoridation information,3,6,https://www.in.gov/health/oral-health/resources-for-the-public/water-fluoridation/,in.gov,Water Fluoridation - Oral Health,2026-05-09 16:11:21,mixed,"domain in.gov contains .gov, which is mixed"
fluoridation,neutral,water fluoridation information,3,7,https://pmc.ncbi.nlm.nih.gov/articles/PMC6195894/,pmc.ncbi.nlm.nih.gov,The Fluoride Debate: The Pros and Cons of Fluoridation - PMC,2026-05-09 16:11:22,mixed,"domain pmc.ncbi.nlm.nih.gov contains .gov, which is mixed"
fluoridation,neutral,water fluoridation information,3,8,https://www.waterboards.ca.gov/drinking_water/certlic/drinkingwater/Fluoridation.html,waterboards.ca.gov,Fluoridation by Public Water Systems,2026-05-09 16:11:22,mixed,"domain waterboards.ca.gov contains .gov, which is mixed"
fluoridation,neutral,water fluoridation information,3,10,https://www.dhs.wisconsin.gov/oral-health/fluoride-community-water-fluoridation.htm,dhs.wisconsin.gov,Fluoride and Community Water Fluoridation,2026-05-09 16:11:22,mixed,"domain dhs.wisconsin.gov contains .gov, which is mixed"
fluoridation,slanted,water fluoridation dangers,1,2,https://pmc.ncbi.nlm.nih.gov/articles/PMC3956646/,pmc.ncbi.nlm.nih.gov,Water Fluoridation: A Critical Review of the Physiological ...,2026-05-09 16:11:35,mixed,"domain pmc.ncbi.nlm.nih.gov contains .gov, which is mixed"
fluoridation,slanted,water fluoridation dangers,1,7,https://www.cancer.gov/about-cancer/causes-prevention/risk/myths/fluoridated-water-fact-sheet,cancer.gov,Fluoridated Water - NCI,2026-05-09 16:12:43,mixed,"domain cancer.gov contains .gov, which is mixed"
fluoridation,slanted,water fluoridation dangers,2,6,https://www.cdc.gov/fluoridation/about/statement-on-the-evidence-supporting-the-safety-and-effectiveness-of-community-water-fluoridation.html,cdc.gov,CDC Scientific Statement on Community Water Fluoridation,2026-05-09 16:13:03,mixed,"domain cdc.gov contains .gov, which is mixed"
fluoridation,slanted,water fluoridation dangers,2,7,https://pmc.ncbi.nlm.nih.gov/articles/PMC6309358/,pmc.ncbi.nlm.nih.gov,The Untold Story of Fluoridation: Revisiting the Changing ...,2026-05-09 16:13:03,mixed,"domain pmc.ncbi.nlm.nih.gov contains .gov, which is mixed"
fluoridation,neutral,fluoride dental health,1,1,https://www.nidcr.nih.gov/health-info/fluoride/ask-expert-why-fluoride-good-dental-health,nidcr.nih.gov,Ask the Expert: Why is fluoride good for dental health?,2026-05-09 16:13:31,mixed,"domain nidcr.nih.gov contains .gov, which is mixed"
fluoridation,neutral,fluoride dental health,1,5,https://www.cdc.gov/oral-health/prevention/about-fluoride.html?utm_source=sooleader.com&utm_campaign=sooleader.com%3A%20outbound&utm_medium=referral,cdc.gov,About Fluoride | Oral Health,2026-05-09 16:13:37,mixed,"domain cdc.gov contains .gov, which is mixed"
fluoridation,neutral,fluoride dental health,1,8,https://pmc.ncbi.nlm.nih.gov/articles/PMC6195894/,pmc.ncbi.nlm.nih.gov,The Fluoride Debate: The Pros and Cons of Fluoridation - PMC,2026-05-09 16:13:39,mixed,"domain pmc.ncbi.nlm.nih.gov contains .gov, which is mixed"
fluoridation,slanted,fluoride toxicity,1,2,https://pmc.ncbi.nlm.nih.gov/articles/PMC7261729/,pmc.ncbi.nlm.nih.gov,Toxicity of fluoride: critical evaluation of evidence for human ...,2026-05-09 16:14:18,mixed,"domain pmc.ncbi.nlm.nih.gov contains .gov, which is mixed"
fluoridation,slanted,fluoride toxicity,1,5,https://ods.od.nih.gov/factsheets/Fluoride-HealthProfessional/,ods.od.nih.gov,Fluoride - Health Professional Fact Sheet,2026-05-09 16:14:48,mixed,"domain ods.od.nih.gov contains .gov, which is mixed"
fluoridation,slanted,fluoride toxicity,1,6,https://medlineplus.gov/ency/article/002650.htm,medlineplus.gov,Fluoride overdose: MedlinePlus Medical Encyclopedia,2026-05-09 16:14:49,mixed,"domain medlineplus.gov contains .gov, which is mixed"
fluoridation,slanted,fluoride toxicity,3,4,https://www.cdc.gov/chemical-emergencies/chemical-fact-sheets/hydrogen-fluoride.html,cdc.gov,Hydrogen Fluoride | Chemical Emergencies,2026-05-09 16:15:19,mixed,"domain cdc.gov contains .gov, which is mixed"
fluoridation,neutral,community water fluoridation safety,1,1,https://www.cdc.gov/fluoridation/about/statement-on-the-evidence-supporting-the-safety-and-effectiveness-of-community-water-fluoridation.html,cdc.gov,CDC Scientific Statement on Community Water Fluoridation,2026-05-09 16:15:37,mixed,"domain cdc.gov contains .gov, which is mixed"
fluoridation,neutral,community water fluoridation safety,1,2,https://pmc.ncbi.nlm.nih.gov/articles/PMC10243485/,pmc.ncbi.nlm.nih.gov,Community Water Fluoridation Levels To Promote ... - PMC,2026-05-09 16:15:37,mixed,"domain pmc.ncbi.nlm.nih.gov contains .gov, which is mixed"
fluoridation,neutral,community water fluoridation safety,1,10,https://pmc.ncbi.nlm.nih.gov/articles/PMC10706776/,pmc.ncbi.nlm.nih.gov,Community Water Fluoridation in Focus - PMC - NIH,2026-05-09 16:15:42,mixed,"domain pmc.ncbi.nlm.nih.gov contains .gov, which is mixed"
fluoridation,neutral,community water fluoridation safety,2,2,https://www.vdh.virginia.gov/oral-health/cwf/,vdh.virginia.gov,Community Water Fluoridation - Oral Health,2026-05-09 16:15:49,mixed,"domain vdh.virginia.gov contains .gov, which is mixed"
fluoridation,neutral,community water fluoridation safety,2,6,https://hhs.iowa.gov/health-prevention/dental-oral-health/community-water-fluoridation,hhs.iowa.gov,Community Water Fluoridation | Health & Human Services,2026-05-09 16:15:50,mixed,"domain hhs.iowa.gov contains .gov, which is mixed"
fluoridation,neutral,community water fluoridation safety,3,1,https://health.ri.gov/sites/g/files/xkgbur1006/files/publications/reports/CommunityWaterFluoridationSafetyAndEfficacy.pdf,health.ri.gov,A Statement on Community Water Fluoridation Safety and ...,2026-05-09 16:15:57,mixed,"domain health.ri.gov contains .gov, which is mixed"
fluoridation,neutral,community water fluoridation safety,3,8,https://sonomacounty.gov/health-and-human-services/health-services/divisions/public-health/dental-health/community-water-fluoridation,sonomacounty.gov,Community Water Fluoridation: A Proven Solution,2026-05-09 16:15:59,mixed,"domain sonomacounty.gov contains .gov, which is mixed"
fluoridation,slanted,fluoride neurotoxicity,1,1,https://pmc.ncbi.nlm.nih.gov/articles/PMC6923889/,pmc.ncbi.nlm.nih.gov,Developmental fluoride neurotoxicity: an updated review - PMC,2026-05-09 16:16:11,mixed,"domain pmc.ncbi.nlm.nih.gov contains .gov, which is mixed"
fluoridation,slanted,fluoride neurotoxicity,1,4,https://ntp.niehs.nih.gov/research/assessments/noncancer/completed/fluoride,ntp.niehs.nih.gov,Fluoride Exposure: Neurodevelopment and Cognition,2026-05-09 16:16:22,mixed,"domain ntp.niehs.nih.gov contains .gov, which is mixed"
fluoridation,slanted,fluoride neurotoxicity,3,2,https://pmc.ncbi.nlm.nih.gov/articles/PMC3491930/,pmc.ncbi.nlm.nih.gov,Developmental Fluoride Neurotoxicity: A Systematic Review ...,2026-05-09 16:16:41,mixed,"domain pmc.ncbi.nlm.nih.gov contains .gov, which is mixed"
5g,neutral,5g technology health,1,1,https://pmc.ncbi.nlm.nih.gov/articles/PMC10041185/,pmc.ncbi.nlm.nih.gov,5G Technology for healthcare and its health effects - PMC - NIH,2026-05-09 16:17:00,mixed,"domain pmc.ncbi.nlm.nih.gov contains .gov, which is mixed"
5g,neutral,5g technology health,2,1,https://pubmed.ncbi.nlm.nih.gov/34995145/,pubmed.ncbi.nlm.nih.gov,Possible health effects on the human brain by various ...,2026-05-09 16:17:17,mixed,"domain pubmed.ncbi.nlm.nih.gov contains .gov, which is mixed"
5g,slanted,5g radiation risks,1,1,https://pmc.ncbi.nlm.nih.gov/articles/PMC7405337/,pmc.ncbi.nlm.nih.gov,"Health risks from radiofrequency radiation, including 5G ...",2026-05-09 16:17:40,mixed,"domain pmc.ncbi.nlm.nih.gov contains .gov, which is mixed"
5g,slanted,5g radiation risks,2,5,https://pmc.ncbi.nlm.nih.gov/articles/PMC10041185/,pmc.ncbi.nlm.nih.gov,5G Technology for healthcare and its health effects - PMC - NIH,2026-05-09 16:17:59,mixed,"domain pmc.ncbi.nlm.nih.gov contains .gov, which is mixed"
5g,slanted,5g radiation risks,2,8,https://health.hawaii.gov/heer/files/2025/09/What-you-need-to-know-about-RF-Energy-and-5G-cellular-networks-2019.pdf,health.hawaii.gov,What-you-need-to-know-about-RF-Energy-and-5G-cellular ...,2026-05-09 16:17:59,mixed,"domain health.hawaii.gov contains .gov, which is mixed"
5g,neutral,5g safety research,1,2,https://pmc.ncbi.nlm.nih.gov/articles/PMC8263336/,pmc.ncbi.nlm.nih.gov,5G mobile networks and health—a state-of-the-science review ...,2026-05-09 16:18:26,mixed,"domain pmc.ncbi.nlm.nih.gov contains .gov, which is mixed"
5g,neutral,5g safety research,2,4,https://www.cisa.gov/topics/risk-management/5g-security-and-resilience,cisa.gov,5G Security and Resilience,2026-05-09 16:18:40,mixed,"domain cisa.gov contains .gov, which is mixed"
5g,slanted,5g dangers,1,2,https://pmc.ncbi.nlm.nih.gov/articles/PMC10041185/,pmc.ncbi.nlm.nih.gov,5G Technology for healthcare and its health effects - PMC - NIH,2026-05-09 16:19:08,mixed,"domain pmc.ncbi.nlm.nih.gov contains .gov, which is mixed"
5g,slanted,5g dangers,3,6,https://pmc.ncbi.nlm.nih.gov/articles/PMC7405337/,pmc.ncbi.nlm.nih.gov,"Health risks from radiofrequency radiation, including 5G ...",2026-05-09 16:19:37,mixed,"domain pmc.ncbi.nlm.nih.gov contains .gov, which is mixed"
5g,neutral,5g health studies,1,2,https://pmc.ncbi.nlm.nih.gov/articles/PMC6765906/,pmc.ncbi.nlm.nih.gov,5G Wireless Communication and Health Effects—A Pragmatic ...,2026-05-09 16:19:55,mixed,"domain pmc.ncbi.nlm.nih.gov contains .gov, which is mixed"
5g,neutral,5g health studies,2,4,https://pmc.ncbi.nlm.nih.gov/articles/PMC10041185/,pmc.ncbi.nlm.nih.gov,5G Technology for healthcare and its health effects - PMC - NIH,2026-05-09 16:20:18,mixed,"domain pmc.ncbi.nlm.nih.gov contains .gov, which is mixed"
5g,neutral,5g health studies,2,6,https://health.hawaii.gov/heer/files/2025/09/What-you-need-to-know-about-RF-Energy-and-5G-cellular-networks-2019.pdf,health.hawaii.gov,What-you-need-to-know-about-RF-Energy-and-5G-cellular ...,2026-05-09 16:20:19,mixed,"domain health.hawaii.gov contains .gov, which is mixed"
5g,slanted,5g electromagnetic hypersensitivity,1,2,https://pmc.ncbi.nlm.nih.gov/articles/PMC11302546/,pmc.ncbi.nlm.nih.gov,Hypersensitivity to man-made electromagnetic fields (EHS ...,2026-05-09 16:20:45,mixed,"domain pmc.ncbi.nlm.nih.gov contains .gov, which is mixed"
nuclear_power,neutral,nuclear power safety,1,6,https://www.energy.gov/ne/enhanced-safety-advanced-reactors,energy.gov,Enhanced Safety of Advanced Reactors,2026-05-09 16:22:49,mixed,"domain energy.gov contains .gov, which is mixed"
nuclear_power,neutral,nuclear power safety,2,5,https://www.nrc.gov/reading-rm/doc-collections/fact-sheets/reactor-risk,nrc.gov,Backgrounder on Nuclear Reactor Risk,2026-05-09 16:23:26,mixed,"domain nrc.gov contains .gov, which is mixed"
nuclear_power,neutral,nuclear power safety,3,6,https://pmc.ncbi.nlm.nih.gov/articles/PMC6731636/,pmc.ncbi.nlm.nih.gov,Nuclear safety in the unexpected second nuclear era - PMC,2026-05-09 16:23:45,mixed,"domain pmc.ncbi.nlm.nih.gov contains .gov, which is mixed"
nuclear_power,slanted,nuclear power risks,1,2,https://www.energy.gov/ne/articles/advantages-and-challenges-nuclear-energy,energy.gov,Advantages and Challenges of Nuclear Energy,2026-05-09 16:24:13,mixed,"domain energy.gov contains .gov, which is mixed"
nuclear_power,slanted,nuclear power risks,2,2,https://pmc.ncbi.nlm.nih.gov/articles/PMC11324671/,pmc.ncbi.nlm.nih.gov,Health Effects of Occupational and Environmental Exposures ...,2026-05-09 16:24:22,mixed,"domain pmc.ncbi.nlm.nih.gov contains .gov, which is mixed"
nuclear_power,slanted,nuclear power risks,2,6,https://orise.orau.gov/internships-fellowships/documents/scholarships/nuclear-power/threats-of-nuclear-power-and-plans-for-the-future.pdf,orise.orau.gov,Threats of Nuclear Power and Plans for the Future,2026-05-09 16:24:23,mixed,"domain orise.orau.gov contains .gov, which is mixed"
nuclear_power,slanted,nuclear power risks,3,2,https://www.cancer.gov/about-cancer/causes-prevention/risk/radiation/nuclear-accidents-fact-sheet,cancer.gov,Accidents at Nuclear Power Plants and Cancer Risk - NCI,2026-05-09 16:24:32,mixed,"domain cancer.gov contains .gov, which is mixed"
nuclear_power,slanted,nuclear power risks,3,3,https://www.nrc.gov/reading-rm/doc-collections/fact-sheets/reactor-risk,nrc.gov,Backgrounder on Nuclear Reactor Risk,2026-05-09 16:24:32,mixed,"domain nrc.gov contains .gov, which is mixed"
nuclear_power,neutral,nuclear waste management,2,9,https://www.gao.gov/nuclear-waste-disposal,gao.gov,Nuclear Waste Disposal | U.S. GAO,2026-05-09 16:25:34,mixed,"domain gao.gov contains .gov, which is mixed"
nuclear_power,neutral,nuclear waste management,3,4,https://www.nrc.gov/waste/high-level-waste,nrc.gov,High-Level Waste,2026-05-09 16:25:42,mixed,"domain nrc.gov contains .gov, which is mixed"
nuclear_power,slanted,nuclear waste danger,1,4,https://www.eia.gov/energyexplained/nuclear/nuclear-power-and-the-environment.php,eia.gov,Nuclear explained: Nuclear power and the environment,2026-05-09 16:27:03,mixed,"domain eia.gov contains .gov, which is mixed"
nuclear_power,slanted,nuclear waste danger,1,8,https://www.epa.gov/radtown/radioactive-waste,epa.gov,Radioactive Waste | US EPA,2026-05-09 16:27:20,mixed,"domain epa.gov contains .gov, which is mixed"
nuclear_power,slanted,nuclear waste danger,2,7,https://www.nrc.gov/reading-rm/doc-collections/fact-sheets/radwaste,nrc.gov,Backgrounder on Radioactive Waste,2026-05-09 16:27:29,mixed,"domain nrc.gov contains .gov, which is mixed"
nuclear_power,slanted,nuclear waste danger,3,10,https://www.energy.gov/ne/articles/3-reasons-why-we-dont-launch-nuclear-waste-space,energy.gov,3 Reasons Why We Don't Launch Nuclear Waste into Space,2026-05-09 16:27:39,mixed,"domain energy.gov contains .gov, which is mixed"
nuclear_power,neutral,nuclear energy carbon emissions,1,2,https://www.eia.gov/energyexplained/nuclear/nuclear-power-and-the-environment.php,eia.gov,Nuclear explained: Nuclear power and the environment,2026-05-09 16:27:56,mixed,"domain eia.gov contains .gov, which is mixed"
nuclear_power,neutral,nuclear energy carbon emissions,1,8,https://www.energy.gov/ne/articles/3-reasons-why-nuclear-clean-and-sustainable,energy.gov,3 Reasons Why Nuclear is Clean and Sustainable,2026-05-09 16:28:07,mixed,"domain energy.gov contains .gov, which is mixed"
nuclear_power,neutral,nuclear energy carbon emissions,2,9,https://pmc.ncbi.nlm.nih.gov/articles/PMC11500403/,pmc.ncbi.nlm.nih.gov,Considering Embodied Greenhouse Emissions of Nuclear ...,2026-05-09 16:28:18,mixed,"domain pmc.ncbi.nlm.nih.gov contains .gov, which is mixed"
nuclear_power,neutral,nuclear energy carbon emissions,3,9,https://www.epa.gov/ghgemissions/electric-power-sector-emissions,epa.gov,Electric Power Sector Emissions,2026-05-09 16:28:27,mixed,"domain epa.gov contains .gov, which is mixed"
nuclear_power,slanted,nuclear accidents,1,8,https://pmc.ncbi.nlm.nih.gov/articles/PMC3606704/,pmc.ncbi.nlm.nih.gov,Root Causes and Impacts of Severe Accidents at Large ... - PMC,2026-05-09 16:28:46,mixed,"domain pmc.ncbi.nlm.nih.gov contains .gov, which is mixed"
nuclear_power,slanted,nuclear accidents,2,1,https://www.nrc.gov/reading-rm/doc-collections/fact-sheets/3mile-isle,nrc.gov,Backgrounder on the Three Mile Island Accident,2026-05-09 16:28:52,mixed,"domain nrc.gov contains .gov, which is mixed"
nuclear_power,slanted,nuclear accidents,3,3,https://www.cancer.gov/about-cancer/causes-prevention/risk/radiation/nuclear-accidents-fact-sheet,cancer.gov,Accidents at Nuclear Power Plants and Cancer Risk - NCI,2026-05-09 16:29:04,mixed,"domain cancer.gov contains .gov, which is mixed"
nuclear_power,neutral,nuclear fusion research,1,8,https://www.energy.gov/science/fes/fusion-energy-sciences,energy.gov,Fusion Energy Sciences,2026-05-09 16:29:49,mixed,"domain energy.gov contains .gov, which is mixed"
nuclear_power,neutral,nuclear fusion research,2,8,https://www.nsf.gov/science-matters/fusion-energy-pathway-abundant-power,nsf.gov,Fusion energy: Pathway to abundant power,2026-05-09 16:29:57,mixed,"domain nsf.gov contains .gov, which is mixed"
nuclear_power,neutral,nuclear fusion research,3,2,https://fire.pppl.gov/energy_eu_wec01.pdf,fire.pppl.gov,FUSION AS A FUTURE POWER SOURCE,2026-05-09 16:30:04,mixed,"domain fire.pppl.gov contains .gov, which is mixed"
nuclear_power,neutral,nuclear fusion research,3,7,https://www.osti.gov/etdeweb/servlets/purl/20261557,osti.gov,Studies of Nuclear Fusion Energy Potential Based on a ...,2026-05-09 16:30:06,mixed,"domain osti.gov contains .gov, which is mixed"
nuclear_power,slanted,nuclear proliferation risks,1,9,https://cgsr.llnl.gov/sites/cgsr/files/2024-08/Primer-on-Nuclear-Energy-Proliferation-Concerns.pdf,cgsr.llnl.gov,Policy Primer on Nuclear Energy: Understanding Proliferation ...,2026-05-09 16:30:23,mixed,"domain cgsr.llnl.gov contains .gov, which is mixed"
nuclear_waste,neutral,radioactive waste disposal research,2,1,https://pmc.ncbi.nlm.nih.gov/articles/PMC10928205/,pmc.ncbi.nlm.nih.gov,"Long-term, sustainable solutions to radioactive waste ... - PMC",2026-05-09 16:31:17,mixed,"domain pmc.ncbi.nlm.nih.gov contains .gov, which is mixed"
nuclear_waste,neutral,radioactive waste disposal research,2,5,https://www.nrc.gov/reading-rm/doc-collections/fact-sheets/radwaste,nrc.gov,Backgrounder on Radioactive Waste,2026-05-09 16:31:19,mixed,"domain nrc.gov contains .gov, which is mixed"
nuclear_waste,neutral,radioactive waste disposal research,3,6,https://www.epa.gov/radtown/radioactive-waste,epa.gov,Radioactive Waste | US EPA,2026-05-09 16:31:27,mixed,"domain epa.gov contains .gov, which is mixed"
nuclear_waste,slanted,nuclear waste leaks,1,3,https://ecology.wa.gov/waste-toxics/nuclear-waste/hanford-cleanup/leaking-tanks,ecology.wa.gov,Leaking tanks - Washington State Department of Ecology,2026-05-09 16:31:47,mixed,"domain ecology.wa.gov contains .gov, which is mixed"
nuclear_waste,slanted,nuclear waste leaks,1,5,https://www.nrc.gov/docs/ML1723/ML17236A511.pdf,nrc.gov,List of Leaks and Spills at U.S. Commercial Nuclear Power ...,2026-05-09 16:31:49,mixed,"domain nrc.gov contains .gov, which is mixed"
nuclear_waste,slanted,nuclear waste leaks,3,4,https://www.epa.gov/radtown/radioactive-waste,epa.gov,Radioactive Waste | US EPA,2026-05-09 16:32:20,mixed,"domain epa.gov contains .gov, which is mixed"
nuclear_waste,slanted,radioactive waste transportation risks,1,5,https://www.nrc.gov/reading-rm/doc-collections/fact-sheets/transport-spenfuel-radiomats-bg,nrc.gov,Backgrounder on Transportation of Spent Fuel and ...,2026-05-09 16:34:35,mixed,"domain nrc.gov contains .gov, which is mixed"
nuclear_waste,slanted,radioactive waste transportation risks,1,7,https://www.epa.gov/radtown/transportation-radioactive-material,epa.gov,Transportation of Radioactive Material,2026-05-09 16:34:36,mixed,"domain epa.gov contains .gov, which is mixed"
pesticides,neutral,pesticide regulation science,1,6,https://www.epa.gov/pesticide-registration/understanding-science-behind-epas-pesticide-decisions,epa.gov,Understanding the Science behind EPA's Pesticide ...,2026-05-09 16:35:17,mixed,"domain epa.gov contains .gov, which is mixed"
pesticides,neutral,pesticide regulation science,1,7,https://pmc.ncbi.nlm.nih.gov/articles/PMC12565433/,pmc.ncbi.nlm.nih.gov,Scientific and Regulatory Perspectives on Chemical Risk ...,2026-05-09 16:35:17,mixed,"domain pmc.ncbi.nlm.nih.gov contains .gov, which is mixed"
pesticides,neutral,pesticide regulation science,3,6,https://www.epa.gov/regulation-biotechnology-under-tsca-and-fifra/introduction-biotechnology-regulation-pesticides,epa.gov,Introduction to Biotechnology Regulation for Pesticides,2026-05-09 16:35:37,mixed,"domain epa.gov contains .gov, which is mixed"
pesticides,neutral,pesticide regulation science,3,7,https://www.niehs.nih.gov/health/topics/agents/pesticides,niehs.nih.gov,Pesticides | National Institute of Environmental Health Sciences,2026-05-09 16:35:37,mixed,"domain niehs.nih.gov contains .gov, which is mixed"
pesticides,neutral,pesticide regulation science,3,9,https://www.cdpr.ca.gov/about-dpr/,cdpr.ca.gov,About DPR - Department of Pesticide Regulation - CA.gov,2026-05-09 16:35:37,mixed,"domain cdpr.ca.gov contains .gov, which is mixed"
pesticides,slanted,pesticide health hazards,1,1,https://www.epa.gov/pesticide-science-and-assessing-pesticide-risks/human-health-issues-related-pesticides,epa.gov,Human Health Issues Related to Pesticides,2026-05-09 16:35:49,mixed,"domain epa.gov contains .gov, which is mixed"
pesticides,slanted,pesticide health hazards,1,3,https://pmc.ncbi.nlm.nih.gov/articles/PMC11016626/,pmc.ncbi.nlm.nih.gov,Pesticides impacts on human health and the environment with ...,2026-05-09 16:35:51,mixed,"domain pmc.ncbi.nlm.nih.gov contains .gov, which is mixed"
pesticides,slanted,pesticide health hazards,2,3,https://www.niehs.nih.gov/health/topics/agents/pesticides,niehs.nih.gov,Pesticides | National Institute of Environmental Health Sciences,2026-05-09 16:36:04,mixed,"domain niehs.nih.gov contains .gov, which is mixed"
pesticides,slanted,pesticide health hazards,3,5,https://hhs.iowa.gov/health-prevention/providers-professionals/center-acute-disease-epidemiology/epi-manual/environmental-disease/pesticide-poisoning,hhs.iowa.gov,Pesticide Poisoning | Health & Human Services,2026-05-09 16:36:13,mixed,"domain hhs.iowa.gov contains .gov, which is mixed"
pesticides,neutral,organic farming pesticide use,1,6,https://www.epa.gov/agriculture/organic-farming,epa.gov,Organic Farming | US EPA,2026-05-09 16:36:40,mixed,"domain epa.gov contains .gov, which is mixed"
pesticides,neutral,organic farming pesticide use,3,4,https://pmc.ncbi.nlm.nih.gov/articles/PMC8443594/,pmc.ncbi.nlm.nih.gov,"Identifying and characterizing pesticide use on 9,000 fields of ...",2026-05-09 16:37:05,mixed,"domain pmc.ncbi.nlm.nih.gov contains .gov, which is mixed"
pesticides,neutral,organic farming pesticide use,3,10,https://www.usda.gov/about-usda/news/blog/organic-101-allowed-and-prohibited-substances,usda.gov,Organic 101: Allowed and Prohibited Substances,2026-05-09 16:37:07,mixed,"domain usda.gov contains .gov, which is mixed"
pesticides,slanted,conventional pesticide dangers,1,1,https://pmc.ncbi.nlm.nih.gov/articles/PMC11016626/,pmc.ncbi.nlm.nih.gov,Pesticides impacts on human health and the environment with ...,2026-05-09 16:37:17,mixed,"domain pmc.ncbi.nlm.nih.gov contains .gov, which is mixed"
pesticides,slanted,conventional pesticide dangers,1,2,https://www.epa.gov/pesticide-science-and-assessing-pesticide-risks/human-health-issues-related-pesticides,epa.gov,Human Health Issues Related to Pesticides,2026-05-09 16:37:18,mixed,"domain epa.gov contains .gov, which is mixed"
pesticides,slanted,conventional pesticide dangers,2,1,https://www.niehs.nih.gov/health/topics/agents/pesticides,niehs.nih.gov,Pesticides | National Institute of Environmental Health Sciences,2026-05-09 16:37:35,mixed,"domain niehs.nih.gov contains .gov, which is mixed"
artificial_sweeteners,neutral,aspartame safety,1,2,https://www.fda.gov/food/food-additives-petitions/aspartame-and-other-sweeteners-food,fda.gov,Aspartame and Other Sweeteners in Food,2026-05-09 16:39:30,mixed,"domain fda.gov contains .gov, which is mixed"
artificial_sweeteners,neutral,aspartame safety,1,3,https://pmc.ncbi.nlm.nih.gov/articles/PMC10459792/,pmc.ncbi.nlm.nih.gov,Aspartame Safety as a Food Sweetener and Related Health ...,2026-05-09 16:39:31,mixed,"domain pmc.ncbi.nlm.nih.gov contains .gov, which is mixed"
artificial_sweeteners,neutral,aspartame safety,2,10,https://pmc.ncbi.nlm.nih.gov/articles/PMC13096792/,pmc.ncbi.nlm.nih.gov,The Safety Profile of Aspartame: A Review of Regulatory ...,2026-05-09 16:39:54,mixed,"domain pmc.ncbi.nlm.nih.gov contains .gov, which is mixed"
artificial_sweeteners,slanted,aspartame dangers,1,2,https://pmc.ncbi.nlm.nih.gov/articles/PMC10459792/,pmc.ncbi.nlm.nih.gov,Aspartame Safety as a Food Sweetener and Related Health ...,2026-05-09 16:41:48,mixed,"domain pmc.ncbi.nlm.nih.gov contains .gov, which is mixed"
artificial_sweeteners,slanted,aspartame dangers,1,6,https://www.fda.gov/food/food-additives-petitions/aspartame-and-other-sweeteners-food,fda.gov,Aspartame and Other Sweeteners in Food,2026-05-09 16:42:25,mixed,"domain fda.gov contains .gov, which is mixed"
artificial_sweeteners,slanted,aspartame dangers,2,7,https://pmc.ncbi.nlm.nih.gov/articles/PMC10822749/,pmc.ncbi.nlm.nih.gov,The Impact of Artificial Sweeteners on Human Health and ...,2026-05-09 16:42:37,mixed,"domain pmc.ncbi.nlm.nih.gov contains .gov, which is mixed"
artificial_sweeteners,slanted,aspartame dangers,3,7,https://www.cancer.gov/about-cancer/causes-prevention/risk/diet/artificial-sweeteners-fact-sheet,cancer.gov,Artificial Sweeteners and Cancer - NCI,2026-05-09 16:42:47,mixed,"domain cancer.gov contains .gov, which is mixed"
artificial_sweeteners,neutral,sucralose research,1,1,https://pmc.ncbi.nlm.nih.gov/articles/PMC10971371/,pmc.ncbi.nlm.nih.gov,Sucralose: From Sweet Success to Metabolic Controversies ...,2026-05-09 16:43:03,mixed,"domain pmc.ncbi.nlm.nih.gov contains .gov, which is mixed"
artificial_sweeteners,neutral,sucralose research,1,6,https://www.fda.gov/food/food-additives-petitions/aspartame-and-other-sweeteners-food,fda.gov,Aspartame and Other Sweeteners in Food,2026-05-09 16:43:18,mixed,"domain fda.gov contains .gov, which is mixed"
artificial_sweeteners,neutral,sucralose research,2,3,https://pmc.ncbi.nlm.nih.gov/articles/PMC3856475/,pmc.ncbi.nlm.nih.gov,"Sucralose, A Synthetic Organochlorine Sweetener - PMC - NIH",2026-05-09 16:43:28,mixed,"domain pmc.ncbi.nlm.nih.gov contains .gov, which is mixed"
artificial_sweeteners,slanted,sucralose health risks,1,1,https://pmc.ncbi.nlm.nih.gov/articles/PMC10971371/,pmc.ncbi.nlm.nih.gov,Sucralose: From Sweet Success to Metabolic Controversies ...,2026-05-09 16:43:50,mixed,"domain pmc.ncbi.nlm.nih.gov contains .gov, which is mixed"
artificial_sweeteners,slanted,sucralose health risks,1,7,https://pmc.ncbi.nlm.nih.gov/articles/PMC3856475/,pmc.ncbi.nlm.nih.gov,"Sucralose, A Synthetic Organochlorine Sweetener - PMC - NIH",2026-05-09 16:44:05,mixed,"domain pmc.ncbi.nlm.nih.gov contains .gov, which is mixed"
artificial_sweeteners,slanted,sucralose health risks,2,1,https://www.fda.gov/food/food-additives-petitions/aspartame-and-other-sweeteners-food,fda.gov,Aspartame and Other Sweeteners in Food,2026-05-09 16:44:13,mixed,"domain fda.gov contains .gov, which is mixed"
artificial_sweeteners,slanted,sucralose health risks,2,7,https://www.cancer.gov/about-cancer/causes-prevention/risk/diet/artificial-sweeteners-fact-sheet,cancer.gov,Artificial Sweeteners and Cancer - NCI,2026-05-09 16:44:15,mixed,"domain cancer.gov contains .gov, which is mixed"
artificial_sweeteners,slanted,sucralose health risks,3,2,https://pmc.ncbi.nlm.nih.gov/articles/PMC7584803/,pmc.ncbi.nlm.nih.gov,The hidden hazardous effects of stevia and sucralose ... - PMC,2026-05-09 16:44:23,mixed,"domain pmc.ncbi.nlm.nih.gov contains .gov, which is mixed"
artificial_sweeteners,neutral,stevia information,3,9,https://pmc.ncbi.nlm.nih.gov/articles/PMC8600158/,pmc.ncbi.nlm.nih.gov,"Natural sweetener Stevia rebaudiana: Functionalities, health ...",2026-05-09 16:47:22,mixed,"domain pmc.ncbi.nlm.nih.gov contains .gov, which is mixed"
artificial_sweeteners,slanted,stevia side effects,1,1,https://pmc.ncbi.nlm.nih.gov/articles/PMC7584803/,pmc.ncbi.nlm.nih.gov,The hidden hazardous effects of stevia and sucralose ... - PMC,2026-05-09 16:48:04,mixed,"domain pmc.ncbi.nlm.nih.gov contains .gov, which is mixed"
artificial_sweeteners,slanted,stevia side effects,3,1,https://pmc.ncbi.nlm.nih.gov/articles/PMC9028423/,pmc.ncbi.nlm.nih.gov,The Effects of Stevia Consumption on Gut Bacteria - PMC - NIH,2026-05-09 16:48:37,mixed,"domain pmc.ncbi.nlm.nih.gov contains .gov, which is mixed"
artificial_sweeteners,neutral,diet soda health,1,4,https://pmc.ncbi.nlm.nih.gov/articles/PMC2660468/,pmc.ncbi.nlm.nih.gov,Diet Soda Intake and Risk of Incident Metabolic Syndrome ...,2026-05-09 16:48:59,mixed,"domain pmc.ncbi.nlm.nih.gov contains .gov, which is mixed"
artificial_sweeteners,neutral,diet soda health,2,4,https://pmc.ncbi.nlm.nih.gov/articles/PMC9891650/,pmc.ncbi.nlm.nih.gov,Artificially Sweetened Beverages Beyond the Metabolic Risks,2026-05-09 16:49:24,mixed,"domain pmc.ncbi.nlm.nih.gov contains .gov, which is mixed"
artificial_sweeteners,slanted,diet soda cancer risk,1,1,https://pmc.ncbi.nlm.nih.gov/articles/PMC3497921/,pmc.ncbi.nlm.nih.gov,"Soft drinks, aspartame, and the risk of cancer and ... - PMC - NIH",2026-05-09 16:49:47,mixed,"domain pmc.ncbi.nlm.nih.gov contains .gov, which is mixed"
artificial_sweeteners,slanted,diet soda cancer risk,1,8,https://www.fda.gov/food/food-additives-petitions/aspartame-and-other-sweeteners-food,fda.gov,Aspartame and Other Sweeteners in Food,2026-05-09 16:50:06,mixed,"domain fda.gov contains .gov, which is mixed"
artificial_sweeteners,slanted,diet soda cancer risk,2,3,https://www.cancer.gov/about-cancer/causes-prevention/risk/diet/artificial-sweeteners-fact-sheet,cancer.gov,Artificial Sweeteners and Cancer - NCI,2026-05-09 16:50:13,mixed,"domain cancer.gov contains .gov, which is mixed"
artificial_sweeteners,slanted,diet soda cancer risk,3,2,https://pmc.ncbi.nlm.nih.gov/articles/PMC7915548/,pmc.ncbi.nlm.nih.gov,Consumption of Sweet Beverages and Cancer Risk. A ... - PMC,2026-05-09 16:50:21,mixed,"domain pmc.ncbi.nlm.nih.gov contains .gov, which is mixed"
electromagnetic_fields,neutral,emf safety research,1,2,https://pmc.ncbi.nlm.nih.gov/articles/PMC12441653/,pmc.ncbi.nlm.nih.gov,A Systematic Review of the Impact of Electromagnetic Waves ...,2026-05-09 16:50:40,mixed,"domain pmc.ncbi.nlm.nih.gov contains .gov, which is mixed"
electromagnetic_fields,neutral,emf safety research,1,7,https://www.cancer.gov/about-cancer/causes-prevention/risk/radiation/electromagnetic-fields-fact-sheet,cancer.gov,Electromagnetic Fields and Cancer - NCI,2026-05-09 16:50:41,mixed,"domain cancer.gov contains .gov, which is mixed"
electromagnetic_fields,neutral,emf safety research,3,2,https://www.cdc.gov/niosh/docs/96-129/default.html,cdc.gov,EMFs In The Workplace (96-129) | NIOSH,2026-05-09 16:50:58,mixed,"domain cdc.gov contains .gov, which is mixed"
electromagnetic_fields,neutral,emf safety research,3,5,https://www.epa.gov/radtown/electric-and-magnetic-fields-power-lines,epa.gov,Electric and Magnetic Fields from Power Lines,2026-05-09 16:50:59,mixed,"domain epa.gov contains .gov, which is mixed"
electromagnetic_fields,slanted,emf health risks,1,1,https://www.cancer.gov/about-cancer/causes-prevention/risk/radiation/electromagnetic-fields-fact-sheet,cancer.gov,Electromagnetic Fields and Cancer - NCI,2026-05-09 16:51:12,mixed,"domain cancer.gov contains .gov, which is mixed"
electromagnetic_fields,slanted,emf health risks,1,5,https://pmc.ncbi.nlm.nih.gov/articles/PMC6685799/,pmc.ncbi.nlm.nih.gov,Health effects of Radiofrequency Electromagnetic Fields (RF ...,2026-05-09 16:51:25,mixed,"domain pmc.ncbi.nlm.nih.gov contains .gov, which is mixed"
electromagnetic_fields,slanted,emf health risks,1,8,https://www.epa.gov/radtown/electric-and-magnetic-fields-power-lines,epa.gov,Electric and Magnetic Fields from Power Lines,2026-05-09 16:51:28,mixed,"domain epa.gov contains .gov, which is mixed"
electromagnetic_fields,slanted,emf health risks,2,7,https://pmc.ncbi.nlm.nih.gov/articles/PMC12441653/,pmc.ncbi.nlm.nih.gov,A Systematic Review of the Impact of Electromagnetic Waves ...,2026-05-09 16:51:37,mixed,"domain pmc.ncbi.nlm.nih.gov contains .gov, which is mixed"
electromagnetic_fields,slanted,emf health risks,3,9,https://portal.ct.gov/dph/test/electric-and-magnetic-fields,portal.ct.gov,Electric and Magnetic Fields (EMF): Health Concerns,2026-05-09 16:51:47,mixed,"domain portal.ct.gov contains .gov, which is mixed"
electromagnetic_fields,neutral,power lines health,1,3,https://www.epa.gov/radtown/electric-and-magnetic-fields-power-lines,epa.gov,Electric and Magnetic Fields from Power Lines,2026-05-09 16:52:12,mixed,"domain epa.gov contains .gov, which is mixed"
electromagnetic_fields,neutral,power lines health,3,8,https://pubmed.ncbi.nlm.nih.gov/37271435/,pubmed.ncbi.nlm.nih.gov,Residential exposure to magnetic fields from high-voltage ...,2026-05-09 16:52:46,mixed,"domain pubmed.ncbi.nlm.nih.gov contains .gov, which is mixed"
electromagnetic_fields,slanted,power lines cancer,1,5,https://pmc.ncbi.nlm.nih.gov/articles/PMC8702367/,pmc.ncbi.nlm.nih.gov,Residential Proximity to High-Voltage Power Lines and Risk of ...,2026-05-09 16:53:10,mixed,"domain pmc.ncbi.nlm.nih.gov contains .gov, which is mixed"
electromagnetic_fields,slanted,power lines cancer,1,6,https://www.cancer.gov/about-cancer/causes-prevention/risk/radiation/electromagnetic-fields-fact-sheet,cancer.gov,Electromagnetic Fields and Cancer - NCI,2026-05-09 16:53:10,mixed,"domain cancer.gov contains .gov, which is mixed"
electromagnetic_fields,slanted,power lines cancer,2,6,https://www.epa.gov/radtown/electric-and-magnetic-fields-power-lines,epa.gov,Electric and Magnetic Fields from Power Lines,2026-05-09 16:53:21,mixed,"domain epa.gov contains .gov, which is mixed"
electromagnetic_fields,slanted,power lines cancer,2,7,https://pubmed.ncbi.nlm.nih.gov/8898595/,pubmed.ncbi.nlm.nih.gov,Magnetic fields of high voltage power lines and risk ...,2026-05-09 16:53:22,mixed,"domain pubmed.ncbi.nlm.nih.gov contains .gov, which is mixed"
electromagnetic_fields,neutral,cell phone radiation safety,1,1,https://www.cancer.gov/about-cancer/causes-prevention/risk/radiation/cell-phones-fact-sheet,cancer.gov,Cell Phones and Cancer Risk Fact Sheet - NCI,2026-05-09 16:53:48,mixed,"domain cancer.gov contains .gov, which is mixed"
electromagnetic_fields,neutral,cell phone radiation safety,1,3,https://ntp.niehs.nih.gov/research/topics/cellphones,ntp.niehs.nih.gov,Cell Phone Radio Frequency Radiation,2026-05-09 16:53:54,mixed,"domain ntp.niehs.nih.gov contains .gov, which is mixed"
electromagnetic_fields,neutral,cell phone radiation safety,1,6,https://www.fda.gov/radiation-emitting-products/home-business-and-entertainment-products/cell-phones,fda.gov,Cell Phones,2026-05-09 16:53:57,mixed,"domain fda.gov contains .gov, which is mixed"
electromagnetic_fields,neutral,cell phone radiation safety,1,9,https://pmc.ncbi.nlm.nih.gov/articles/PMC2825185/,pmc.ncbi.nlm.nih.gov,Mobile phone radiation health risk controversy: the reliability ...,2026-05-09 16:54:02,mixed,"domain pmc.ncbi.nlm.nih.gov contains .gov, which is mixed"
electromagnetic_fields,neutral,cell phone radiation safety,2,4,https://www.cdc.gov/radiation-health/data-research/facts-stats/cell-phones.html,cdc.gov,Facts About Cell Phones and Your Health,2026-05-09 16:54:10,mixed,"domain cdc.gov contains .gov, which is mixed"
electromagnetic_fields,neutral,cell phone radiation safety,2,8,https://www.epa.gov/radtown/non-ionizing-radiation-wireless-technology,epa.gov,Non-Ionizing Radiation From Wireless Technology,2026-05-09 16:54:11,mixed,"domain epa.gov contains .gov, which is mixed"
electromagnetic_fields,neutral,cell phone radiation safety,3,1,https://www.epa.gov/radtown/non-ionizing-radiation-wireless-technology,epa.gov,Non-Ionizing Radiation From Wireless Technology,2026-05-09 16:54:18,mixed,"domain epa.gov contains .gov, which is mixed"
electromagnetic_fields,slanted,cell phone radiation brain tumors,1,1,https://pmc.ncbi.nlm.nih.gov/articles/PMC2569116/,pmc.ncbi.nlm.nih.gov,Cancer: Strong Signal for Cell Phone Effects - PMC - NIH,2026-05-09 16:54:33,mixed,"domain pmc.ncbi.nlm.nih.gov contains .gov, which is mixed"
electromagnetic_fields,slanted,cell phone radiation brain tumors,1,2,https://www.cancer.gov/about-cancer/causes-prevention/risk/radiation/cell-phones-fact-sheet,cancer.gov,Cell Phones and Cancer Risk Fact Sheet - NCI,2026-05-09 16:54:33,mixed,"domain cancer.gov contains .gov, which is mixed"
electromagnetic_fields,slanted,cell phone radiation brain tumors,2,3,https://ntp.niehs.nih.gov/research/topics/cellphones,ntp.niehs.nih.gov,Cell Phone Radio Frequency Radiation,2026-05-09 16:54:59,mixed,"domain ntp.niehs.nih.gov contains .gov, which is mixed"
electromagnetic_fields,neutral,wi-fi health effects,1,1,https://pmc.ncbi.nlm.nih.gov/articles/PMC9287836/,pmc.ncbi.nlm.nih.gov,Wi-Fi Technology and Human Health Impact: A Brief Review ...,2026-05-09 16:55:27,mixed,"domain pmc.ncbi.nlm.nih.gov contains .gov, which is mixed"
electromagnetic_fields,neutral,wi-fi health effects,2,9,https://pubmed.ncbi.nlm.nih.gov/29573716/,pubmed.ncbi.nlm.nih.gov,Wi-Fi is an important threat to human health,2026-05-09 16:55:51,mixed,"domain pubmed.ncbi.nlm.nih.gov contains .gov, which is mixed"
electromagnetic_fields,neutral,wi-fi health effects,3,5,https://www.cancer.gov/about-cancer/causes-prevention/risk/radiation/electromagnetic-fields-fact-sheet,cancer.gov,Electromagnetic Fields and Cancer - NCI,2026-05-09 16:56:00,mixed,"domain cancer.gov contains .gov, which is mixed"
electromagnetic_fields,slanted,wi-fi radiation dangers,1,1,https://pubmed.ncbi.nlm.nih.gov/29573716/,pubmed.ncbi.nlm.nih.gov,Wi-Fi is an important threat to human health,2026-05-09 16:56:22,mixed,"domain pubmed.ncbi.nlm.nih.gov contains .gov, which is mixed"
electromagnetic_fields,slanted,wi-fi radiation dangers,2,7,https://pmc.ncbi.nlm.nih.gov/articles/PMC9287836/,pmc.ncbi.nlm.nih.gov,Wi-Fi Technology and Human Health Impact: A Brief Review ...,2026-05-09 16:56:47,mixed,"domain pmc.ncbi.nlm.nih.gov contains .gov, which is mixed"
electromagnetic_fields,slanted,wi-fi radiation dangers,3,6,https://www.epa.gov/radtown/non-ionizing-radiation-wireless-technology,epa.gov,Non-Ionizing Radiation From Wireless Technology,2026-05-09 16:56:56,mixed,"domain epa.gov contains .gov, which is mixed"
essential_oils,neutral,essential oils therapeutic facts,1,3,https://pmc.ncbi.nlm.nih.gov/articles/PMC10905622/,pmc.ncbi.nlm.nih.gov,Essential oils: a systematic review on revolutionizing health ...,2026-05-09 16:57:14,mixed,"domain pmc.ncbi.nlm.nih.gov contains .gov, which is mixed"
essential_oils,neutral,essential oils therapeutic facts,1,7,https://www.cancer.gov/about-cancer/treatment/cam/patient/aromatherapy-pdq,cancer.gov,Aromatherapy With Essential Oils - NCI,2026-05-09 16:57:17,mixed,"domain cancer.gov contains .gov, which is mixed"
essential_oils,neutral,essential oils therapeutic facts,3,6,https://www.niehs.nih.gov/health/topics/agents/essential-oils,niehs.nih.gov,Essential Oils | National Institute of Environmental Health ...,2026-05-09 16:58:02,mixed,"domain niehs.nih.gov contains .gov, which is mixed"
essential_oils,slanted,essential oils toxicity,1,3,https://pmc.ncbi.nlm.nih.gov/articles/PMC7870616/,pmc.ncbi.nlm.nih.gov,"Acute, reproductive, and developmental toxicity of essential ...",2026-05-09 16:58:47,mixed,"domain pmc.ncbi.nlm.nih.gov contains .gov, which is mixed"
essential_oils,slanted,essential oils toxicity,3,6,https://www.niehs.nih.gov/health/topics/agents/essential-oils,niehs.nih.gov,Essential Oils | National Institute of Environmental Health ...,2026-05-09 16:59:17,mixed,"domain niehs.nih.gov contains .gov, which is mixed"
essential_oils,neutral,tea tree oil safety,1,1,https://www.nccih.nih.gov/health/tea-tree-oil,nccih.nih.gov,Tea Tree Oil: Usefulness and Safety | NCCIH,2026-05-09 16:59:35,mixed,"domain nccih.nih.gov contains .gov, which is mixed"
essential_oils,slanted,tea tree oil poisoning,1,6,https://pubmed.ncbi.nlm.nih.gov/12813303/,pubmed.ncbi.nlm.nih.gov,Ingestion of tea tree oil (Melaleuca oil) by a 4-year-old boy,2026-05-09 17:01:21,mixed,"domain pubmed.ncbi.nlm.nih.gov contains .gov, which is mixed"
essential_oils,neutral,lavender oil research,1,1,https://pmc.ncbi.nlm.nih.gov/articles/PMC9357533/,pmc.ncbi.nlm.nih.gov,The Effects of Lavender Essential Oil and its Clinical ... - PMC,2026-05-09 17:01:57,mixed,"domain pmc.ncbi.nlm.nih.gov contains .gov, which is mixed"
essential_oils,neutral,lavender oil research,1,5,https://pmc.ncbi.nlm.nih.gov/articles/PMC3612440/,pmc.ncbi.nlm.nih.gov,Lavender and the Nervous System - PMC,2026-05-09 17:01:59,mixed,"domain pmc.ncbi.nlm.nih.gov contains .gov, which is mixed"
essential_oils,neutral,lavender oil research,1,6,https://clinicaltrials.gov/study/NCT03093454,clinicaltrials.gov,"Effects of Lavender Oil on Postoperative Pain, Sleep ...",2026-05-09 17:01:59,mixed,"domain clinicaltrials.gov contains .gov, which is mixed"
essential_oils,neutral,lavender oil research,3,7,https://pmc.ncbi.nlm.nih.gov/articles/PMC10079719/,pmc.ncbi.nlm.nih.gov,A review of the bioactive components and pharmacological ...,2026-05-09 17:02:18,mixed,"domain pmc.ncbi.nlm.nih.gov contains .gov, which is mixed"
essential_oils,slanted,lavender oil hormone disruption,1,2,https://pubmed.ncbi.nlm.nih.gov/32147050/,pubmed.ncbi.nlm.nih.gov,The relationship between lavender and tea tree essential ...,2026-05-09 17:02:35,mixed,"domain pubmed.ncbi.nlm.nih.gov contains .gov, which is mixed"
essential_oils,slanted,lavender oil hormone disruption,1,7,https://www.niehs.nih.gov/health/topics/agents/essential-oils,niehs.nih.gov,Essential Oils | National Institute of Environmental Health ...,2026-05-09 17:02:43,mixed,"domain niehs.nih.gov contains .gov, which is mixed"
aluminum,neutral,aluminum in vaccines safety,1,1,https://pubmed.ncbi.nlm.nih.gov/21568886/,pubmed.ncbi.nlm.nih.gov,Aluminum vaccine adjuvants: are they safe?,2026-05-09 17:03:38,mixed,"domain pubmed.ncbi.nlm.nih.gov contains .gov, which is mixed"
aluminum,neutral,aluminum in vaccines safety,1,7,https://www.cdc.gov/vaccine-safety/about/adjuvants.html,cdc.gov,Adjuvants and Vaccines | Vaccine Safety,2026-05-09 17:03:42,mixed,"domain cdc.gov contains .gov, which is mixed"
aluminum,neutral,aluminum in vaccines safety,1,9,https://www.fda.gov/vaccines-blood-biologics/safety-availability-biologics/common-ingredients-fda-approved-vaccines,fda.gov,Common Ingredients in FDA-Approved Vaccines,2026-05-09 17:03:49,mixed,"domain fda.gov contains .gov, which is mixed"
aluminum,neutral,aluminum in vaccines safety,2,10,https://pubmed.ncbi.nlm.nih.gov/41334965/,pubmed.ncbi.nlm.nih.gov,The Role and Safety of Aluminum Adjuvants in Childhood ...,2026-05-09 17:04:00,mixed,"domain pubmed.ncbi.nlm.nih.gov contains .gov, which is mixed"
aluminum,neutral,aluminum in vaccines safety,3,10,https://www.cdc.gov/acip/downloads/slides-2025-12-04-05/01-Griffin-aluminum-adjuvants-508.pdf,cdc.gov,Vaccines and Aluminum Adjuvants,2026-05-09 17:04:08,mixed,"domain cdc.gov contains .gov, which is mixed"
aluminum,slanted,aluminum vaccine toxicity,1,1,https://pubmed.ncbi.nlm.nih.gov/21568886/,pubmed.ncbi.nlm.nih.gov,Aluminum vaccine adjuvants: are they safe?,2026-05-09 17:04:20,mixed,"domain pubmed.ncbi.nlm.nih.gov contains .gov, which is mixed"
aluminum,slanted,aluminum vaccine toxicity,1,6,https://www.cdc.gov/acip/downloads/slides-2025-12-04-05/01-Griffin-aluminum-adjuvants-508.pdf,cdc.gov,Vaccines and Aluminum Adjuvants,2026-05-09 17:04:23,mixed,"domain cdc.gov contains .gov, which is mixed"
aluminum,slanted,aluminum vaccine toxicity,2,5,https://www.fda.gov/vaccines-blood-biologics/safety-availability-biologics/common-ingredients-fda-approved-vaccines,fda.gov,Common Ingredients in FDA-Approved Vaccines,2026-05-09 17:04:34,mixed,"domain fda.gov contains .gov, which is mixed"
aluminum,slanted,aluminum vaccine toxicity,3,3,https://www.cdc.gov/vaccine-safety/about/adjuvants.html,cdc.gov,Adjuvants and Vaccines | Vaccine Safety,2026-05-09 17:04:42,mixed,"domain cdc.gov contains .gov, which is mixed"
aluminum,slanted,aluminum vaccine toxicity,3,8,https://pubmed.ncbi.nlm.nih.gov/23609067/,pubmed.ncbi.nlm.nih.gov,Aluminum in the central nervous system (CNS): toxicity in ...,2026-05-09 17:04:44,mixed,"domain pubmed.ncbi.nlm.nih.gov contains .gov, which is mixed"
aluminum,neutral,aluminum cookware safety,1,4,https://pubmed.ncbi.nlm.nih.gov/33551099/,pubmed.ncbi.nlm.nih.gov,Toxicity associated with long term use of aluminum ...,2026-05-09 17:05:08,mixed,"domain pubmed.ncbi.nlm.nih.gov contains .gov, which is mixed"
aluminum,neutral,aluminum cookware safety,1,8,https://www.fda.gov/food/alerts-advisories-safety-information/fda-issues-warning-about-imported-cookware-may-leach-lead-august-2025,fda.gov,FDA Issues Warning About Imported Cookware That May ...,2026-05-09 17:05:23,mixed,"domain fda.gov contains .gov, which is mixed"
aluminum,slanted,aluminum alzheimers link,1,1,https://pmc.ncbi.nlm.nih.gov/articles/PMC3056430/,pmc.ncbi.nlm.nih.gov,Link between Aluminum and the Pathogenesis of Alzheimer's ...,2026-05-09 17:05:52,mixed,"domain pmc.ncbi.nlm.nih.gov contains .gov, which is mixed"
aluminum,slanted,aluminum alzheimers link,1,7,https://pmc.ncbi.nlm.nih.gov/articles/PMC8028870/,pmc.ncbi.nlm.nih.gov,Understanding Aspects of Aluminum Exposure in Alzheimer's ...,2026-05-09 17:05:56,mixed,"domain pmc.ncbi.nlm.nih.gov contains .gov, which is mixed"
aluminum,neutral,aluminum antiperspirants cancer research,1,1,https://pubmed.ncbi.nlm.nih.gov/39795956/,pubmed.ncbi.nlm.nih.gov,The Potential Metalloestrogenic Effect of Aluminum on ...,2026-05-09 17:06:33,mixed,"domain pubmed.ncbi.nlm.nih.gov contains .gov, which is mixed"
aluminum,neutral,aluminum antiperspirants cancer research,1,4,https://www.cancer.gov/about-cancer/causes-prevention/risk/myths/antiperspirants-fact-sheet,cancer.gov,Antiperspirants/Deodorants and Breast Cancer - NCI,2026-05-09 17:06:35,mixed,"domain cancer.gov contains .gov, which is mixed"
aluminum,neutral,aluminum antiperspirants cancer research,2,6,https://pmc.ncbi.nlm.nih.gov/articles/PMC5651828/,pmc.ncbi.nlm.nih.gov,The Health Effects of Aluminum Exposure - PMC - NIH,2026-05-09 17:06:47,mixed,"domain pmc.ncbi.nlm.nih.gov contains .gov, which is mixed"
aluminum,slanted,aluminum breast cancer,1,2,https://pubmed.ncbi.nlm.nih.gov/16045991/,pubmed.ncbi.nlm.nih.gov,"Aluminium, antiperspirants and breast cancer",2026-05-09 17:07:09,mixed,"domain pubmed.ncbi.nlm.nih.gov contains .gov, which is mixed"
aluminum,slanted,aluminum breast cancer,1,4,https://www.cancer.gov/about-cancer/causes-prevention/risk/myths/antiperspirants-fact-sheet,cancer.gov,Antiperspirants/Deodorants and Breast Cancer - NCI,2026-05-09 17:07:22,mixed,"domain cancer.gov contains .gov, which is mixed"
aluminum,slanted,aluminum breast cancer,2,7,https://pubmed.ncbi.nlm.nih.gov/39795956/,pubmed.ncbi.nlm.nih.gov,The Potential Metalloestrogenic Effect of Aluminum on ...,2026-05-09 17:07:36,mixed,"domain pubmed.ncbi.nlm.nih.gov contains .gov, which is mixed"
mercury,neutral,mercury dental amalgam safety,1,1,https://pubmed.ncbi.nlm.nih.gov/35623360/,pubmed.ncbi.nlm.nih.gov,Mercury in dental amalgam: a risk analysis,2026-05-09 17:08:02,mixed,"domain pubmed.ncbi.nlm.nih.gov contains .gov, which is mixed"
mercury,neutral,mercury dental amalgam safety,1,2,https://www.epa.gov/mercury/mercury-dental-amalgam,epa.gov,Mercury in Dental Amalgam,2026-05-09 17:08:02,mixed,"domain epa.gov contains .gov, which is mixed"
mercury,neutral,mercury dental amalgam safety,1,3,https://www.fda.gov/news-events/press-announcements/fda-issues-recommendations-certain-high-risk-groups-regarding-mercury-containing-dental-amalgam,fda.gov,FDA Issues Recommendations for Certain High-Risk ...,2026-05-09 17:08:03,mixed,"domain fda.gov contains .gov, which is mixed"
mercury,neutral,mercury dental amalgam safety,2,1,https://pmc.ncbi.nlm.nih.gov/articles/PMC3388771/,pmc.ncbi.nlm.nih.gov,The Dental Amalgam Toxicity Fear: A Myth or Actuality - PMC,2026-05-09 17:08:14,mixed,"domain pmc.ncbi.nlm.nih.gov contains .gov, which is mixed"
mercury,neutral,mercury dental amalgam safety,3,4,https://www.p65warnings.ca.gov/fact-sheets/mercury-dental-amalgam-fillings,p65warnings.ca.gov,Mercury in Dental Amalgam Fillings,2026-05-09 17:08:24,mixed,"domain p65warnings.ca.gov contains .gov, which is mixed"
mercury,neutral,mercury dental amalgam safety,3,7,https://www.fda.gov/medical-devices/dental-amalgam-fillings/information-patients-about-dental-amalgam-fillings,fda.gov,Information for Patients About Dental Amalgam Fillings,2026-05-09 17:08:25,mixed,"domain fda.gov contains .gov, which is mixed"
mercury,slanted,mercury amalgam poisoning,1,2,https://pmc.ncbi.nlm.nih.gov/articles/PMC3388771/,pmc.ncbi.nlm.nih.gov,The Dental Amalgam Toxicity Fear: A Myth or Actuality - PMC,2026-05-09 17:08:39,mixed,"domain pmc.ncbi.nlm.nih.gov contains .gov, which is mixed"
mercury,slanted,mercury amalgam poisoning,1,4,https://pubmed.ncbi.nlm.nih.gov/35623360/,pubmed.ncbi.nlm.nih.gov,Mercury in dental amalgam: a risk analysis,2026-05-09 17:08:40,mixed,"domain pubmed.ncbi.nlm.nih.gov contains .gov, which is mixed"
mercury,slanted,mercury amalgam poisoning,1,7,https://www.fda.gov/medical-devices/dental-amalgam-fillings/information-patients-about-dental-amalgam-fillings,fda.gov,Information for Patients About Dental Amalgam Fillings,2026-05-09 17:08:41,mixed,"domain fda.gov contains .gov, which is mixed"
mercury,slanted,mercury amalgam poisoning,2,6,https://www.p65warnings.ca.gov/fact-sheets/mercury-dental-amalgam-fillings,p65warnings.ca.gov,Mercury in Dental Amalgam Fillings,2026-05-09 17:08:49,mixed,"domain p65warnings.ca.gov contains .gov, which is mixed"
mercury,slanted,mercury amalgam poisoning,3,2,https://www.epa.gov/mercury/mercury-dental-amalgam,epa.gov,Mercury in Dental Amalgam,2026-05-09 17:08:57,mixed,"domain epa.gov contains .gov, which is mixed"
mercury,neutral,mercury in fish guidelines,1,1,https://www.epa.gov/mercury/guidelines-eating-fish-contain-mercury,epa.gov,Guidelines for Eating Fish that Contain Mercury,2026-05-09 17:09:16,mixed,"domain epa.gov contains .gov, which is mixed"
mercury,neutral,mercury in fish guidelines,1,5,https://www.fda.gov/food/consumers/advice-about-eating-fish,fda.gov,Advice about Eating Fish,2026-05-09 17:10:15,mixed,"domain fda.gov contains .gov, which is mixed"
mercury,neutral,mercury in fish guidelines,1,6,https://pmc.ncbi.nlm.nih.gov/articles/PMC3024155/,pmc.ncbi.nlm.nih.gov,Healthy fish consumption and reduced mercury exposure - PMC,2026-05-09 17:10:16,mixed,"domain pmc.ncbi.nlm.nih.gov contains .gov, which is mixed"
mercury,neutral,mercury in fish guidelines,3,7,https://pmc.ncbi.nlm.nih.gov/articles/PMC1241452/,pmc.ncbi.nlm.nih.gov,Mercury levels in high-end consumers of fish - PMC - NIH,2026-05-09 17:20:18,mixed,"domain pmc.ncbi.nlm.nih.gov contains .gov, which is mixed"
mercury,slanted,mercury seafood dangers,1,5,https://www.epa.gov/mercury/health-effects-exposures-mercury,epa.gov,Health Effects of Exposures to Mercury,2026-05-09 17:20:38,mixed,"domain epa.gov contains .gov, which is mixed"
mercury,slanted,mercury seafood dangers,1,10,https://www.fda.gov/food/environmental-contaminants-food/mercury-food,fda.gov,Mercury in Food,2026-05-09 17:20:42,mixed,"domain fda.gov contains .gov, which is mixed"
mercury,slanted,mercury seafood dangers,2,1,https://pmc.ncbi.nlm.nih.gov/articles/PMC3514465/,pmc.ncbi.nlm.nih.gov,Methylmercury Exposure and Health Effects - PMC - NIH,2026-05-09 17:20:53,mixed,"domain pmc.ncbi.nlm.nih.gov contains .gov, which is mixed"
mercury,slanted,mercury seafood dangers,2,4,https://health.ri.gov/mercury-poisoning/fish,health.ri.gov,Eating Fish Safely - Rhode Island Department of Health,2026-05-09 17:20:54,mixed,"domain health.ri.gov contains .gov, which is mixed"
cloning,neutral,animal cloning research,1,2,https://www.ncbi.nlm.nih.gov/books/NBK223953/,ncbi.nlm.nih.gov,Animal Cloning - NCBI - NIH,2026-05-09 17:21:28,mixed,"domain ncbi.nlm.nih.gov contains .gov, which is mixed"
cloning,neutral,animal cloning research,1,3,https://www.genome.gov/about-genomics/fact-sheets/Cloning-Fact-Sheet,genome.gov,Cloning Fact Sheet,2026-05-09 17:21:29,mixed,"domain genome.gov contains .gov, which is mixed"
cloning,neutral,animal cloning research,2,4,https://www.fda.gov/animal-veterinary/safety-health/animal-cloning,fda.gov,Animal Cloning,2026-05-09 17:22:00,mixed,"domain fda.gov contains .gov, which is mixed"
cloning,neutral,animal cloning research,3,8,https://pmc.ncbi.nlm.nih.gov/articles/PMC521203/,pmc.ncbi.nlm.nih.gov,Cloning animals by somatic cell nuclear transfer - PMC,2026-05-09 17:22:16,mixed,"domain pmc.ncbi.nlm.nih.gov contains .gov, which is mixed"
cloning,slanted,cloning ethical concerns,1,2,https://pmc.ncbi.nlm.nih.gov/articles/PMC5109382/,pmc.ncbi.nlm.nih.gov,"Cloning: A Review on Bioethics, Legal, Jurisprudence and ...",2026-05-09 17:22:33,mixed,"domain pmc.ncbi.nlm.nih.gov contains .gov, which is mixed"
cloning,slanted,cloning ethical concerns,2,2,https://www.genome.gov/about-genomics/fact-sheets/Cloning-Fact-Sheet,genome.gov,Cloning Fact Sheet,2026-05-09 17:22:54,mixed,"domain genome.gov contains .gov, which is mixed"
cloning,neutral,food cloning safety,1,1,https://www.fda.gov/animal-veterinary/safety-health/animal-cloning,fda.gov,Animal Cloning,2026-05-09 17:23:33,mixed,"domain fda.gov contains .gov, which is mixed"
cloning,neutral,food cloning safety,1,4,https://www.ncbi.nlm.nih.gov/books/NBK207564/,ncbi.nlm.nih.gov,Food Safety Concerns - Animal Biotechnology - NCBI - NIH,2026-05-09 17:23:35,mixed,"domain ncbi.nlm.nih.gov contains .gov, which is mixed"
cloning,neutral,food cloning safety,3,10,https://www.genome.gov/about-genomics/fact-sheets/Cloning-Fact-Sheet,genome.gov,Cloning Fact Sheet,2026-05-09 17:24:14,mixed,"domain genome.gov contains .gov, which is mixed"
cloning,slanted,cloned meat risks,1,2,https://pubmed.ncbi.nlm.nih.gov/15268781/,pubmed.ncbi.nlm.nih.gov,Food consumption risks associated with animal clones,2026-05-09 17:24:31,mixed,"domain pubmed.ncbi.nlm.nih.gov contains .gov, which is mixed"
cloning,slanted,cloned meat risks,1,4,https://www.fda.gov/animal-veterinary/safety-health/animal-cloning,fda.gov,Animal Cloning,2026-05-09 17:24:32,mixed,"domain fda.gov contains .gov, which is mixed"
cloning,slanted,cloned meat risks,3,4,https://pmc.ncbi.nlm.nih.gov/articles/PMC7020248/,pmc.ncbi.nlm.nih.gov,The Myth of Cultured Meat: A Review - PMC,2026-05-09 17:25:10,mixed,"domain pmc.ncbi.nlm.nih.gov contains .gov, which is mixed"
coal,neutral,clean coal technology,2,8,https://www.energy.gov/articles/clean-coal-crucial-american-jobs-energy-security-and-national-supply-chains,energy.gov,"Clean Coal Is Crucial for American Jobs, Energy Security ...",2026-05-09 17:26:12,mixed,"domain energy.gov contains .gov, which is mixed"
coal,slanted,coal pollution deaths,1,1,https://www.nih.gov/news-events/nih-research-matters/deaths-associated-pollution-coal-power-plants,nih.gov,Deaths associated with pollution from coal power plants,2026-05-09 17:26:42,mixed,"domain nih.gov contains .gov, which is mixed"
coal,neutral,carbon capture research,1,7,https://www.energy.gov/hgeo/carbon-storage-research,energy.gov,Carbon Storage Research,2026-05-09 17:27:50,mixed,"domain energy.gov contains .gov, which is mixed"
coal,neutral,carbon capture research,2,9,https://pmc.ncbi.nlm.nih.gov/articles/PMC10077574/,pmc.ncbi.nlm.nih.gov,Trends in Research and Development for CO2 Capture ... - PMC,2026-05-09 17:28:06,mixed,"domain pmc.ncbi.nlm.nih.gov contains .gov, which is mixed"
coal,neutral,carbon capture research,3,2,https://netl.doe.gov/carbon-management/carbon-capture,netl.doe.gov,Point Source Carbon Capture | netl.doe.gov,2026-05-09 17:28:18,mixed,"domain netl.doe.gov contains .gov, which is mixed"
coal,slanted,coal mining dangers,1,3,https://pmc.ncbi.nlm.nih.gov/articles/PMC11090038/,pmc.ncbi.nlm.nih.gov,Coal mining environment causes adverse effects on workers,2026-05-09 17:28:45,mixed,"domain pmc.ncbi.nlm.nih.gov contains .gov, which is mixed"
coal,slanted,coal mining dangers,1,4,https://www.eia.gov/energyexplained/coal/coal-and-the-environment.php,eia.gov,Coal and the environment - U.S. Energy Information ...,2026-05-09 17:28:46,mixed,"domain eia.gov contains .gov, which is mixed"
coal,slanted,coal mining dangers,2,1,https://www.bls.gov/iif/factsheets/archive/injuries-illnesses-and-fatalities-in-the-coal-mining-industry-2010.pdf,bls.gov,"Coal Mining Injuries, Illnesses, and Fatalities",2026-05-09 17:29:07,mixed,"domain bls.gov contains .gov, which is mixed"
coal,slanted,coal mining dangers,2,6,https://www.cdc.gov/niosh/docs/2011-172/pdfs/2011-172.pdf,cdc.gov,Coal Mine Dust Exposures and Associated Health Outcomes,2026-05-09 17:29:09,mixed,"domain cdc.gov contains .gov, which is mixed"
coal,neutral,coal ash disposal safety,1,2,https://www.epa.gov/coal-combustion-residuals/frequent-questions-about-2015-coal-ash-disposal-rule,epa.gov,Frequent Questions about the 2015 Coal Ash Disposal Rule,2026-05-09 17:29:40,mixed,"domain epa.gov contains .gov, which is mixed"
coal,neutral,coal ash disposal safety,2,4,https://www.crystallakesfireco.gov/fireplace-and-ash-disposal-safety,crystallakesfireco.gov,Fireplace and Ash Disposal Safety,2026-05-09 17:30:04,mixed,"domain crystallakesfireco.gov contains .gov, which is mixed"
coal,slanted,coal ash toxic waste,1,6,https://www.epa.gov/coal-combustion-residuals/coal-combustion-residuals-ccr-basics,epa.gov,Coal Combustion Residuals (CCR) Basics,2026-05-09 17:30:46,mixed,"domain epa.gov contains .gov, which is mixed"
plastic,neutral,plastic recycling impact,2,1,https://www.epa.gov/recycle/recycling-basics-and-benefits,epa.gov,Recycling Basics and Benefits,2026-05-09 17:31:59,mixed,"domain epa.gov contains .gov, which is mixed"
plastic,neutral,biodegradable plastics research,1,9,https://pmc.ncbi.nlm.nih.gov/articles/PMC10534621/,pmc.ncbi.nlm.nih.gov,Understanding the Impact of Biodegradable Microplastics on ...,2026-05-09 17:36:19,mixed,"domain pmc.ncbi.nlm.nih.gov contains .gov, which is mixed"
plastic,slanted,bioplastics environmental impact,1,4,https://pmc.ncbi.nlm.nih.gov/articles/PMC11401513/,pmc.ncbi.nlm.nih.gov,Comprehensive analysis of bioplastics: life cycle assessment ...,2026-05-09 17:37:09,mixed,"domain pmc.ncbi.nlm.nih.gov contains .gov, which is mixed"
plastic,slanted,bioplastics environmental impact,3,4,https://pubmed.ncbi.nlm.nih.gov/40022973/,pubmed.ncbi.nlm.nih.gov,Bioplastics and biodegradable plastics: A review of recent ...,2026-05-09 17:37:47,mixed,"domain pubmed.ncbi.nlm.nih.gov contains .gov, which is mixed"
plastic,neutral,microplastics health research,1,2,https://pmc.ncbi.nlm.nih.gov/articles/PMC10151227/,pmc.ncbi.nlm.nih.gov,Health Effects of Microplastic Exposures: Current Issues and ...,2026-05-09 17:38:07,mixed,"domain pmc.ncbi.nlm.nih.gov contains .gov, which is mixed"
plastic,neutral,microplastics health research,1,8,https://www.epa.gov/water-research/microplastics-research,epa.gov,Microplastics Research | US EPA,2026-05-09 17:38:18,mixed,"domain epa.gov contains .gov, which is mixed"
plastic,neutral,microplastics health research,3,7,https://pmc.ncbi.nlm.nih.gov/articles/PMC12848325/,pmc.ncbi.nlm.nih.gov,Impact of Microplastic Exposure on Human Health - PMC - NIH,2026-05-09 17:38:52,mixed,"domain pmc.ncbi.nlm.nih.gov contains .gov, which is mixed"
plastic,slanted,microplastics human toxicity,1,1,https://pmc.ncbi.nlm.nih.gov/articles/PMC10151227/,pmc.ncbi.nlm.nih.gov,Health Effects of Microplastic Exposures: Current Issues and ...,2026-05-09 17:39:05,mixed,"domain pmc.ncbi.nlm.nih.gov contains .gov, which is mixed"
plastic,slanted,microplastics human toxicity,2,3,https://pmc.ncbi.nlm.nih.gov/articles/PMC12848325/,pmc.ncbi.nlm.nih.gov,Impact of Microplastic Exposure on Human Health - PMC - NIH,2026-05-09 17:39:24,mixed,"domain pmc.ncbi.nlm.nih.gov contains .gov, which is mixed"
wind_energy,neutral,wind turbine safety,1,1,https://www.energy.gov/cmei/wind/windexchange/windexchange/safety,energy.gov,Safety,2026-05-09 17:40:01,mixed,"domain energy.gov contains .gov, which is mixed"
wind_energy,neutral,wind turbine safety,1,5,http://www.osha.gov/green-jobs/wind-energy,osha.gov,Green Job Hazards - Wind Energy,2026-05-09 17:40:19,mixed,"domain osha.gov contains .gov, which is mixed"
wind_energy,neutral,wind turbine safety,2,7,https://www.tdi.texas.gov/tips/safety/wind-turbines.html,tdi.texas.gov,10 tips for wind turbine safety - Texas Department of Insurance,2026-05-09 17:40:44,mixed,"domain tdi.texas.gov contains .gov, which is mixed"
wind_energy,slanted,wind turbine syndrome,1,2,https://pmc.ncbi.nlm.nih.gov/articles/PMC10174642/,pmc.ncbi.nlm.nih.gov,"Unheard, Unfelt? Researchers Find No Evidence of Effects ...",2026-05-09 17:41:18,mixed,"domain pmc.ncbi.nlm.nih.gov contains .gov, which is mixed"
wind_energy,slanted,wind turbine syndrome,2,1,https://documents.dps.ny.gov/public/Common/ViewDoc.aspx?DocRefId=%7B83A7AB5A-AB18-4F90-8206-9BA5A9460EA1%7D,documents.dps.ny.gov,An Introduction to Wind Turbine Syndrome,2026-05-09 17:41:49,mixed,"domain documents.dps.ny.gov contains .gov, which is mixed"
wind_energy,slanted,wind turbine syndrome,2,7,https://pubmed.ncbi.nlm.nih.gov/25295915/,pubmed.ncbi.nlm.nih.gov,On the biological plausibility of Wind Turbine Syndrome,2026-05-09 17:41:51,mixed,"domain pubmed.ncbi.nlm.nih.gov contains .gov, which is mixed"
wind_energy,neutral,offshore wind farm research,1,1,https://www.energy.gov/cmei/systems/offshore-wind-research-and-development,energy.gov,Offshore Wind Research and Development,2026-05-09 17:42:39,mixed,"domain energy.gov contains .gov, which is mixed"
wind_energy,neutral,offshore wind farm research,3,2,https://www.fisheries.noaa.gov/topic/offshore-wind-energy,fisheries.noaa.gov,Offshore Wind Energy,2026-05-09 17:43:17,mixed,"domain fisheries.noaa.gov contains .gov, which is mixed"
wind_energy,neutral,offshore wind farm research,3,9,https://pmc.ncbi.nlm.nih.gov/articles/PMC4172316/,pmc.ncbi.nlm.nih.gov,Assessing environmental impacts of offshore wind farms - PMC,2026-05-09 17:43:18,mixed,"domain pmc.ncbi.nlm.nih.gov contains .gov, which is mixed"
wind_energy,slanted,wind energy bird deaths,2,3,https://pmc.ncbi.nlm.nih.gov/articles/PMC7454995/,pmc.ncbi.nlm.nih.gov,An evaluation of bird and bat mortality at wind turbines ... - PMC,2026-05-09 17:44:09,mixed,"domain pmc.ncbi.nlm.nih.gov contains .gov, which is mixed"
wind_energy,slanted,wind energy bird deaths,3,3,https://www1.eere.energy.gov/wind/pdfs/birds_and_bats_fact_sheet.pdf,www1.eere.energy.gov,"Wind Turbine Interactions with Birds, Bats, and their Habitats",2026-05-09 17:44:23,mixed,"domain www1.eere.energy.gov contains .gov, which is mixed"
wind_energy,neutral,wind power health effects,1,1,https://pmc.ncbi.nlm.nih.gov/articles/PMC4063257/,pmc.ncbi.nlm.nih.gov,Wind Turbines and Human Health - PMC - NIH,2026-05-09 17:44:47,mixed,"domain pmc.ncbi.nlm.nih.gov contains .gov, which is mixed"
wind_energy,neutral,wind power health effects,1,5,https://www.energy.gov/cmei/wind/windexchange/windexchange/safety,energy.gov,Safety,2026-05-09 17:44:52,mixed,"domain energy.gov contains .gov, which is mixed"
wind_energy,neutral,wind power health effects,2,9,https://pmc.ncbi.nlm.nih.gov/articles/PMC3653647/,pmc.ncbi.nlm.nih.gov,Adverse health effects of industrial wind turbines - PMC - NIH,2026-05-09 17:45:13,mixed,"domain pmc.ncbi.nlm.nih.gov contains .gov, which is mixed"
wind_energy,slanted,wind turbine noise complaints,1,2,https://pmc.ncbi.nlm.nih.gov/articles/PMC6121431/,pmc.ncbi.nlm.nih.gov,Response to Noise Emitted by Wind Farms in People Living in ...,2026-05-09 17:45:51,mixed,"domain pmc.ncbi.nlm.nih.gov contains .gov, which is mixed"
wind_energy,slanted,wind turbine noise complaints,1,4,https://www.energy.gov/cmei/wind/windexchange/windexchange/sound,energy.gov,Do Wind Turbines Make Sound?,2026-05-09 17:45:57,mixed,"domain energy.gov contains .gov, which is mixed"
biodiesel,neutral,biodiesel environmental impact,1,1,https://www.epa.gov/risk/biofuels-and-environment,epa.gov,Biofuels and the Environment | US EPA,2026-05-09 17:46:45,mixed,"domain epa.gov contains .gov, which is mixed"
biodiesel,neutral,biodiesel environmental impact,1,4,https://afdc.energy.gov/fuels/biodiesel-benefits,afdc.energy.gov,Biodiesel Benefits and Considerations,2026-05-09 17:46:52,mixed,"domain afdc.energy.gov contains .gov, which is mixed"
biodiesel,neutral,biodiesel environmental impact,1,5,https://pmc.ncbi.nlm.nih.gov/articles/PMC7735313/,pmc.ncbi.nlm.nih.gov,Environmental sustainability of biofuels: a review - PMC,2026-05-09 17:46:53,mixed,"domain pmc.ncbi.nlm.nih.gov contains .gov, which is mixed"
biodiesel,neutral,biodiesel environmental impact,2,4,https://www.eia.gov/energyexplained/biofuels/biofuels-and-the-environment.php,eia.gov,Biofuels and the environment - U.S. Energy Information ...,2026-05-09 17:47:15,mixed,"domain eia.gov contains .gov, which is mixed"
biodiesel,neutral,biodiesel environmental impact,3,7,https://afdc.energy.gov/vehicles/diesels-emissions,afdc.energy.gov,Biodiesel Vehicle Emissions - Alternative Fuels Data Center,2026-05-09 17:47:29,mixed,"domain afdc.energy.gov contains .gov, which is mixed"
biodiesel,slanted,biodiesel land use change,1,9,https://assessments.epa.gov/risk/document/&deid%3D362170,assessments.epa.gov,Land use effects of biofuel production in the US,2026-05-09 17:47:52,mixed,"domain assessments.epa.gov contains .gov, which is mixed"
biodiesel,slanted,biodiesel land use change,3,3,https://pmc.ncbi.nlm.nih.gov/articles/PMC11938799/,pmc.ncbi.nlm.nih.gov,Land use effects of biofuel production in the US - PMC - NIH,2026-05-09 17:48:23,mixed,"domain pmc.ncbi.nlm.nih.gov contains .gov, which is mixed"
biodiesel,neutral,algae biofuel research,1,5,https://www.energy.gov/cmei/fuels/advanced-algal-systems,energy.gov,Advanced Algal Systems,2026-05-09 17:48:43,mixed,"domain energy.gov contains .gov, which is mixed"
biodiesel,neutral,algae biofuel research,1,9,https://pmc.ncbi.nlm.nih.gov/articles/PMC8809944/,pmc.ncbi.nlm.nih.gov,Biofuel production from Macroalgae: present scenario and ...,2026-05-09 17:48:47,mixed,"domain pmc.ncbi.nlm.nih.gov contains .gov, which is mixed"
biodiesel,neutral,algae biofuel research,2,2,https://www.pnnl.gov/algal-biofuels,pnnl.gov,Algal Biofuels,2026-05-09 17:49:00,mixed,"domain pnnl.gov contains .gov, which is mixed"
biodiesel,neutral,algae biofuel research,2,8,https://docs.nlr.gov/docs/fy10osti/49123.pdf,docs.nlr.gov,Algal Biofuels R&D at NREL,2026-05-09 17:49:01,mixed,"domain docs.nlr.gov contains .gov, which is mixed"
biodiesel,slanted,biofuel food vs fuel,1,4,https://pmc.ncbi.nlm.nih.gov/articles/PMC2430252/,pmc.ncbi.nlm.nih.gov,Food vs. Fuel: Diversion of Crops Could Cause More Hunger,2026-05-09 17:49:34,mixed,"domain pmc.ncbi.nlm.nih.gov contains .gov, which is mixed"
biodiesel,slanted,biofuel food vs fuel,2,3,https://ethanol.nebraska.gov/file_download/a0aa67cb-030b-4805-a1ff-77cded6abbb6,ethanol.nebraska.gov,THE MYTH OF “FOOD VS. FUEL” - Nebraska Ethanol Board,2026-05-09 17:50:05,mixed,"domain ethanol.nebraska.gov contains .gov, which is mixed"
biodiesel,slanted,biofuel food vs fuel,3,2,https://www.epa.gov/risk/biofuels-and-environment,epa.gov,Biofuels and the Environment | US EPA,2026-05-09 17:50:18,mixed,"domain epa.gov contains .gov, which is mixed"
artificial_intelligence,neutral,ai safety research,3,7,https://www.nist.gov/itl/ai-risk-management-framework,nist.gov,AI Risk Management Framework | NIST,2026-05-09 17:51:12,mixed,"domain nist.gov contains .gov, which is mixed"
artificial_intelligence,slanted,ai existential risk,2,1,https://pmc.ncbi.nlm.nih.gov/articles/PMC12035420/,pmc.ncbi.nlm.nih.gov,Potential for near-term AI risks to evolve into existential threats ...,2026-05-09 17:51:52,mixed,"domain pmc.ncbi.nlm.nih.gov contains .gov, which is mixed"
artificial_intelligence,neutral,ai alignment effects,3,4,https://pmc.ncbi.nlm.nih.gov/articles/PMC12620429/,pmc.ncbi.nlm.nih.gov,AI alignment is all your need for future drug discovery - PMC,2026-05-09 17:53:04,mixed,"domain pmc.ncbi.nlm.nih.gov contains .gov, which is mixed"
artificial_intelligence,neutral,ai ethics guidelines,2,1,https://www.intelligence.gov/ai/ai-ethics-framework,intelligence.gov,Artificial Intelligence Ethics Framework for the ...,2026-05-09 17:55:04,mixed,"domain intelligence.gov contains .gov, which is mixed"
artificial_intelligence,slanted,ai bias dangers,1,5,https://pmc.ncbi.nlm.nih.gov/articles/PMC12405166/,pmc.ncbi.nlm.nih.gov,Biases in AI: acknowledging and addressing the inevitable ...,2026-05-09 17:55:40,mixed,"domain pmc.ncbi.nlm.nih.gov contains .gov, which is mixed"
gene_drives,neutral,gene drive malaria control,1,5,https://pmc.ncbi.nlm.nih.gov/articles/PMC10795774/,pmc.ncbi.nlm.nih.gov,Transforming malaria prevention and control - PMC - NIH,2026-05-09 17:56:38,mixed,"domain pmc.ncbi.nlm.nih.gov contains .gov, which is mixed"
gene_drives,neutral,gene drive malaria control,2,7,https://pubmed.ncbi.nlm.nih.gov/39039203/,pubmed.ncbi.nlm.nih.gov,Gene drives: an alternative approach to malaria control?,2026-05-09 17:56:56,mixed,"domain pubmed.ncbi.nlm.nih.gov contains .gov, which is mixed"
gene_drives,slanted,gene drive ecological risks,1,1,https://www.ncbi.nlm.nih.gov/books/NBK379271/,ncbi.nlm.nih.gov,Assessing Risks of Gene-Drive Modified Organisms - NCBI - NIH,2026-05-09 17:57:28,mixed,"domain ncbi.nlm.nih.gov contains .gov, which is mixed"
gene_drives,slanted,gene drive ecological risks,3,10,https://pmc.ncbi.nlm.nih.gov/articles/PMC11234912/,pmc.ncbi.nlm.nih.gov,Genes drive organisms and slippery slopes - PMC - NIH,2026-05-09 17:58:04,mixed,"domain pmc.ncbi.nlm.nih.gov contains .gov, which is mixed"
gene_drives,neutral,crispr gene drive research,1,2,https://pmc.ncbi.nlm.nih.gov/articles/PMC5518997/,pmc.ncbi.nlm.nih.gov,Novel CRISPR/Cas9 gene drive constructs reveal insights into ...,2026-05-09 17:58:35,mixed,"domain pmc.ncbi.nlm.nih.gov contains .gov, which is mixed"
gene_drives,neutral,crispr gene drive research,2,9,https://pmc.ncbi.nlm.nih.gov/articles/PMC9240394/,pmc.ncbi.nlm.nih.gov,Genetic Approaches for Controlling CRISPR-based ... - PMC,2026-05-09 17:58:56,mixed,"domain pmc.ncbi.nlm.nih.gov contains .gov, which is mixed"
gene_drives,slanted,gene drive extinction threat,1,3,https://pmc.ncbi.nlm.nih.gov/articles/PMC4553820/,pmc.ncbi.nlm.nih.gov,Opinion: Is CRISPR-based gene drive a biocontrol silver bullet ...,2026-05-09 17:59:28,mixed,"domain pmc.ncbi.nlm.nih.gov contains .gov, which is mixed"
gene_drives,neutral,gene drive regulation,1,3,https://pmc.ncbi.nlm.nih.gov/articles/PMC7470596/,pmc.ncbi.nlm.nih.gov,Global Governing Bodies: A Pathway for Gene Drive ... - PMC,2026-05-09 18:00:28,mixed,"domain pmc.ncbi.nlm.nih.gov contains .gov, which is mixed"
gene_drives,neutral,gene drive regulation,2,6,https://www.ncbi.nlm.nih.gov/books/NBK379288/,ncbi.nlm.nih.gov,Governing Gene Drive Research and Applications - NCBI - NIH,2026-05-09 18:00:49,mixed,"domain ncbi.nlm.nih.gov contains .gov, which is mixed"
gene_drives,slanted,selfish genetic elements danger,1,1,https://www.ncbi.nlm.nih.gov/books/NBK424883/,ncbi.nlm.nih.gov,"Selfish Genetic Elements, Genetic Conflict, and Evolutionary ...",2026-05-09 18:01:22,mixed,"domain ncbi.nlm.nih.gov contains .gov, which is mixed"
synthetic_biology,neutral,synthetic biology facts,1,2,https://www.nibib.nih.gov/science-education/science-topics/synthetic-biology,nibib.nih.gov,Synthetic Biology,2026-05-09 18:02:25,mixed,"domain nibib.nih.gov contains .gov, which is mixed"
synthetic_biology,neutral,synthetic biology facts,1,4,https://www.genome.gov/about-genomics/policy-issues/Synthetic-Biology,genome.gov,Synthetic Biology,2026-05-09 18:02:27,mixed,"domain genome.gov contains .gov, which is mixed"
synthetic_biology,neutral,synthetic biology facts,2,9,https://www.gao.gov/products/gao-23-106648,gao.gov,Science & Tech Spotlight: Synthetic Biology,2026-05-09 18:02:51,mixed,"domain gao.gov contains .gov, which is mixed"
synthetic_biology,neutral,synthetic biology facts,3,3,https://www.ncbi.nlm.nih.gov/books/NBK202049/,ncbi.nlm.nih.gov,Synthetic Biology: Science and Technology for the New ...,2026-05-09 18:03:04,mixed,"domain ncbi.nlm.nih.gov contains .gov, which is mixed"
synthetic_biology,slanted,synthetic biology bioweapons,1,2,https://pmc.ncbi.nlm.nih.gov/articles/PMC4139924/,pmc.ncbi.nlm.nih.gov,Synthetic Biology and Biosecurity: Challenging the “Myths”,2026-05-09 18:03:17,mixed,"domain pmc.ncbi.nlm.nih.gov contains .gov, which is mixed"
synthetic_biology,slanted,synthetic biology bioweapons,1,9,https://pmc.ncbi.nlm.nih.gov/articles/PMC7153315/,pmc.ncbi.nlm.nih.gov,Next generation agents (synthetic agents): Emerging threats ...,2026-05-09 18:03:22,mixed,"domain pmc.ncbi.nlm.nih.gov contains .gov, which is mixed"
synthetic_biology,slanted,synthetic biology bioweapons,2,1,https://www.gao.gov/products/gao-23-106648,gao.gov,Science & Tech Spotlight: Synthetic Biology,2026-05-09 18:03:35,mixed,"domain gao.gov contains .gov, which is mixed"
synthetic_biology,slanted,synthetic biology bioweapons,3,7,https://www.ncbi.nlm.nih.gov/books/NBK584259/,ncbi.nlm.nih.gov,Biosecurity for Synthetic Biology and Emerging Biotechnologies,2026-05-09 18:03:51,mixed,"domain ncbi.nlm.nih.gov contains .gov, which is mixed"
synthetic_biology,neutral,genetic engineering research,1,2,https://www.genome.gov/genetics-glossary/Genetic-Engineering,genome.gov,Genetic Engineering,2026-05-09 18:04:13,mixed,"domain genome.gov contains .gov, which is mixed"
synthetic_biology,neutral,genetic engineering research,1,3,https://pmc.ncbi.nlm.nih.gov/articles/PMC7140808/,pmc.ncbi.nlm.nih.gov,Principles of Genetic Engineering - PMC,2026-05-09 18:04:13,mixed,"domain pmc.ncbi.nlm.nih.gov contains .gov, which is mixed"
synthetic_biology,slanted,designer babies ethics,1,2,https://pmc.ncbi.nlm.nih.gov/articles/PMC6733984/,pmc.ncbi.nlm.nih.gov,Ethical Challenges of Germline Genetic Enhancement - PMC,2026-05-09 18:05:05,mixed,"domain pmc.ncbi.nlm.nih.gov contains .gov, which is mixed"
synthetic_biology,slanted,designer babies ethics,3,8,https://downloads.regulations.gov/FDA-2016-P-2955-0176/attachment_10.pdf,downloads.regulations.gov,Designer Babies: Ethical Considerations,2026-05-09 18:05:52,mixed,"domain downloads.regulations.gov contains .gov, which is mixed"
synthetic_biology,neutral,biohacking safety,1,3,https://pmc.ncbi.nlm.nih.gov/articles/PMC7004414/,pmc.ncbi.nlm.nih.gov,Regulating genetic biohacking - PMC - NIH,2026-05-09 18:06:17,mixed,"domain pmc.ncbi.nlm.nih.gov contains .gov, which is mixed"
synthetic_biology,neutral,biohacking safety,2,6,https://pmc.ncbi.nlm.nih.gov/articles/PMC7310205/,pmc.ncbi.nlm.nih.gov,"Who Should We Fear More: Biohackers, Disgruntled Postdocs ...",2026-05-09 18:06:51,mixed,"domain pmc.ncbi.nlm.nih.gov contains .gov, which is mixed"
synthetic_biology,slanted,garage biology risks,1,2,https://pmc.ncbi.nlm.nih.gov/articles/PMC8024987/,pmc.ncbi.nlm.nih.gov,Biosafety in DIY‐bio laboratories: from hype to policy - PMC,2026-05-09 18:07:19,mixed,"domain pmc.ncbi.nlm.nih.gov contains .gov, which is mixed"
nanotechnology,neutral,nanotechnology medical impact,1,1,https://pmc.ncbi.nlm.nih.gov/articles/PMC12360437/,pmc.ncbi.nlm.nih.gov,the transformative potential of nanotechnology in medicine,2026-05-09 18:08:17,mixed,"domain pmc.ncbi.nlm.nih.gov contains .gov, which is mixed"
nanotechnology,neutral,nanotechnology medical impact,1,8,https://www.nano.gov/about-nanotechnology/applications-nanotechnology/,nano.gov,Applications of Nanotechnology,2026-05-09 18:08:22,mixed,"domain nano.gov contains .gov, which is mixed"
nanotechnology,slanted,nanoparticle toxicity,1,1,https://pmc.ncbi.nlm.nih.gov/articles/PMC4689276/,pmc.ncbi.nlm.nih.gov,Toxicity of Nanoparticles and an Overview of Current ... - PMC,2026-05-09 18:09:01,mixed,"domain pmc.ncbi.nlm.nih.gov contains .gov, which is mixed"
nanotechnology,slanted,nanoparticle toxicity,2,3,https://pmc.ncbi.nlm.nih.gov/articles/PMC10349198/,pmc.ncbi.nlm.nih.gov,Nanoparticles‐induced potential toxicity on human health - PMC,2026-05-09 18:09:32,mixed,"domain pmc.ncbi.nlm.nih.gov contains .gov, which is mixed"
nanotechnology,slanted,nanoparticle toxicity,3,7,https://pmc.ncbi.nlm.nih.gov/articles/PMC6192267/,pmc.ncbi.nlm.nih.gov,"Nanoparticles in Daily Life: Applications, Toxicity and ... - PMC",2026-05-09 18:09:48,mixed,"domain pmc.ncbi.nlm.nih.gov contains .gov, which is mixed"
nanotechnology,neutral,nanomaterials safety research,1,5,https://pmc.ncbi.nlm.nih.gov/articles/PMC12804408/,pmc.ncbi.nlm.nih.gov,Nanomaterial Safety Management in Practice: Expert ... - PMC,2026-05-09 18:10:05,mixed,"domain pmc.ncbi.nlm.nih.gov contains .gov, which is mixed"
nanotechnology,neutral,nanomaterials safety research,1,8,https://www.cdc.gov/niosh/centers/nanotechnology.html,cdc.gov,Nanotechnology Research Center | NIOSH,2026-05-09 18:10:06,mixed,"domain cdc.gov contains .gov, which is mixed"
nanotechnology,neutral,nanomaterials safety research,2,5,https://www.osha.gov/sites/default/files/publications/OSHA_FS-3634.pdf,osha.gov,Working Safely with Nanomaterials,2026-05-09 18:10:19,mixed,"domain osha.gov contains .gov, which is mixed"
nanotechnology,neutral,nanomaterials safety research,2,10,https://19january2021snapshot.epa.gov/chemical-research/research-nanomaterials_.html,19january2021snapshot.epa.gov,Research on Nanomaterials | Safer Chemicals Research,2026-05-09 18:10:21,mixed,"domain 19january2021snapshot.epa.gov contains .gov, which is mixed"
nanotechnology,slanted,nanotech environmental impact,1,3,https://pmc.ncbi.nlm.nih.gov/articles/PMC2844666/,pmc.ncbi.nlm.nih.gov,Toxicity and Environmental Risks of Nanomaterials - PMC - NIH,2026-05-09 18:10:52,mixed,"domain pmc.ncbi.nlm.nih.gov contains .gov, which is mixed"
nanotechnology,slanted,nanotech environmental impact,1,8,https://www.nano.gov/sites/default/files/pub_resource/nanotechnology_and_the_environment_app_imp.pdf,nano.gov,Nanotechnology and the Environment,2026-05-09 18:11:00,mixed,"domain nano.gov contains .gov, which is mixed"
nanotechnology,neutral,carbon nanotube applications,2,2,https://pmc.ncbi.nlm.nih.gov/articles/PMC10984352/,pmc.ncbi.nlm.nih.gov,Nanotechnological advances in cancer: therapy a ... - PMC,2026-05-09 18:12:38,mixed,"domain pmc.ncbi.nlm.nih.gov contains .gov, which is mixed"
nanotechnology,slanted,nanoparticle lung disease,1,1,https://pmc.ncbi.nlm.nih.gov/articles/PMC10395100/,pmc.ncbi.nlm.nih.gov,Recent advances in nanoparticle applications in respiratory ...,2026-05-09 18:13:06,mixed,"domain pmc.ncbi.nlm.nih.gov contains .gov, which is mixed"
nanotechnology,slanted,nanoparticle lung disease,1,5,https://pmc.ncbi.nlm.nih.gov/articles/PMC3266021/,pmc.ncbi.nlm.nih.gov,Nanoparticles as a Potential Cause of Pleural and Interstitial ...,2026-05-09 18:13:09,mixed,"domain pmc.ncbi.nlm.nih.gov contains .gov, which is mixed"
nanotechnology,slanted,nanoparticle lung disease,2,10,https://pmc.ncbi.nlm.nih.gov/articles/PMC2322933/,pmc.ncbi.nlm.nih.gov,The significance of nanoparticles in particle-induced ... - PMC,2026-05-09 18:13:27,mixed,"domain pmc.ncbi.nlm.nih.gov contains .gov, which is mixed"
quantum_computing,neutral,quantum computing cryptography,1,4,https://www.nist.gov/cybersecurity/what-quantum-cryptography,nist.gov,What Is Quantum Cryptography? | NIST,2026-05-09 18:14:05,mixed,"domain nist.gov contains .gov, which is mixed"
quantum_computing,neutral,quantum computing cryptography,2,6,https://www.nsa.gov/Cybersecurity/Quantum-Key-Distribution-QKD-and-Quantum-Cryptography-QC/,nsa.gov,Quantum Key Distribution (QKD) and ...,2026-05-09 18:14:37,mixed,"domain nsa.gov contains .gov, which is mixed"
quantum_computing,neutral,quantum computing cryptography,3,9,https://www.dhs.gov/quantum,dhs.gov,Post-Quantum Cryptography,2026-05-09 18:14:52,mixed,"domain dhs.gov contains .gov, which is mixed"
quantum_computing,neutral,quantum supremacy research,1,5,https://www.uscc.gov/research/vying-quantum-supremacy-us-china-competition-quantum-technologies,uscc.gov,Vying for Quantum Supremacy,2026-05-09 18:16:18,mixed,"domain uscc.gov contains .gov, which is mixed"
quantum_computing,neutral,quantum supremacy research,2,4,https://www.nist.gov/physics/introduction-new-quantum-revolution/quantum-supremacy,nist.gov,Quantum Supremacy | NIST,2026-05-09 18:16:48,mixed,"domain nist.gov contains .gov, which is mixed"
quantum_computing,neutral,quantum supremacy research,2,9,https://www.nasa.gov/technology/computing/google-and-nasa-achieve-quantum-supremacy/,nasa.gov,Google and NASA Achieve Quantum Supremacy,2026-05-09 18:16:49,mixed,"domain nasa.gov contains .gov, which is mixed"
quantum_computing,neutral,quantum supremacy research,3,3,https://pubmed.ncbi.nlm.nih.gov/31645734/,pubmed.ncbi.nlm.nih.gov,Quantum supremacy using a programmable ...,2026-05-09 18:17:02,mixed,"domain pubmed.ncbi.nlm.nih.gov contains .gov, which is mixed"
quantum_computing,slanted,quantum decryption threats,3,7,https://home.treasury.gov/system/files/136/FAQs-Financial-Sector-Risks-Quantum-Computing.pdf,home.treasury.gov,FAQs-Financial-Sector-Risks-Quantum-Computing.pdf,2026-05-09 18:18:06,mixed,"domain home.treasury.gov contains .gov, which is mixed"
quantum_computing,slanted,quantum computing dangers,2,2,https://www.nist.gov/publications/assessing-benefits-and-risks-quantum-computers,nist.gov,Assessing the Benefits and Risks of Quantum Computers,2026-05-09 18:20:01,mixed,"domain nist.gov contains .gov, which is mixed"
quantum_computing,slanted,quantum computing dangers,2,10,https://home.treasury.gov/system/files/136/FAQs-Financial-Sector-Risks-Quantum-Computing.pdf,home.treasury.gov,FAQs-Financial-Sector-Risks-Quantum-Computing.pdf,2026-05-09 18:20:04,mixed,"domain home.treasury.gov contains .gov, which is mixed"
lab_grown_meat,neutral,cultured meat safety,1,3,https://pmc.ncbi.nlm.nih.gov/articles/PMC7020248/,pmc.ncbi.nlm.nih.gov,The Myth of Cultured Meat: A Review - PMC,2026-05-09 18:20:51,mixed,"domain pmc.ncbi.nlm.nih.gov contains .gov, which is mixed"
lab_grown_meat,neutral,cultured meat safety,1,4,https://www.fda.gov/food/food-ingredients-packaging/human-food-made-cultured-animal-cells,fda.gov,Human Food Made with Cultured Animal Cells,2026-05-09 18:20:52,mixed,"domain fda.gov contains .gov, which is mixed"
lab_grown_meat,neutral,cultured meat safety,2,10,https://pmc.ncbi.nlm.nih.gov/articles/PMC8230205/,pmc.ncbi.nlm.nih.gov,"Safety of Alternative Proteins: Technological, Environmental ...",2026-05-09 18:21:18,mixed,"domain pmc.ncbi.nlm.nih.gov contains .gov, which is mixed"
lab_grown_meat,neutral,cultured meat safety,3,7,http://www.fsis.usda.gov/inspection/compliance-guidance/labeling/labeling-policies/human-food-made-cultured-animal-cells,fsis.usda.gov,Human Food Made with Cultured Animal Cells,2026-05-09 18:21:31,mixed,"domain fsis.usda.gov contains .gov, which is mixed"
lab_grown_meat,slanted,lab meat health risks,1,2,https://pmc.ncbi.nlm.nih.gov/articles/PMC7020248/,pmc.ncbi.nlm.nih.gov,The Myth of Cultured Meat: A Review - PMC,2026-05-09 18:21:46,mixed,"domain pmc.ncbi.nlm.nih.gov contains .gov, which is mixed"
lab_grown_meat,slanted,lab meat health risks,2,2,https://pmc.ncbi.nlm.nih.gov/articles/PMC11052809/,pmc.ncbi.nlm.nih.gov,Flesh Without Blood: The Public Health Benefits of Lab‐Grown ...,2026-05-09 18:22:09,mixed,"domain pmc.ncbi.nlm.nih.gov contains .gov, which is mixed"
lab_grown_meat,slanted,lab meat health risks,3,7,https://pmc.ncbi.nlm.nih.gov/articles/PMC12508633/,pmc.ncbi.nlm.nih.gov,Cultured Meat Reformulation: Health Potential and ... - PMC,2026-05-09 18:22:25,mixed,"domain pmc.ncbi.nlm.nih.gov contains .gov, which is mixed"
lab_grown_meat,neutral,cellular agriculture research,1,9,http://www.ers.usda.gov/publications/pub-details?pubid=110622,ers.usda.gov,The Economics of Cellular Agriculture,2026-05-09 18:22:44,mixed,"domain ers.usda.gov contains .gov, which is mixed"
lab_grown_meat,neutral,cellular agriculture research,2,3,https://pmc.ncbi.nlm.nih.gov/articles/PMC12238250/,pmc.ncbi.nlm.nih.gov,Meating the moment: Challenges and opportunities for cellular ...,2026-05-09 18:22:58,mixed,"domain pmc.ncbi.nlm.nih.gov contains .gov, which is mixed"
lab_grown_meat,slanted,test tube meat dangers,1,2,https://pmc.ncbi.nlm.nih.gov/articles/PMC7020248/,pmc.ncbi.nlm.nih.gov,The Myth of Cultured Meat: A Review - PMC,2026-05-09 18:23:41,mixed,"domain pmc.ncbi.nlm.nih.gov contains .gov, which is mixed"
lab_grown_meat,slanted,test tube meat dangers,2,8,https://pmc.ncbi.nlm.nih.gov/articles/PMC4419201/,pmc.ncbi.nlm.nih.gov,The Ethics of Producing In Vitro Meat - PMC - NIH,2026-05-09 18:24:00,mixed,"domain pmc.ncbi.nlm.nih.gov contains .gov, which is mixed"
lab_grown_meat,slanted,test tube meat dangers,3,1,https://www.fda.gov/food/food-ingredients-packaging/human-food-made-cultured-animal-cells,fda.gov,Human Food Made with Cultured Animal Cells,2026-05-09 18:24:11,mixed,"domain fda.gov contains .gov, which is mixed"
lab_grown_meat,neutral,clean meat environmental impact,1,10,https://pmc.ncbi.nlm.nih.gov/articles/PMC11744764/,pmc.ncbi.nlm.nih.gov,Environmental Impacts of Cultured Meat: A Cradle-to-Gate Life ...,2026-05-09 18:24:44,mixed,"domain pmc.ncbi.nlm.nih.gov contains .gov, which is mixed"
lab_grown_meat,slanted,fake meat processing risks,1,3,https://pmc.ncbi.nlm.nih.gov/articles/PMC8230205/,pmc.ncbi.nlm.nih.gov,"Safety of Alternative Proteins: Technological, Environmental ...",2026-05-09 18:25:25,mixed,"domain pmc.ncbi.nlm.nih.gov contains .gov, which is mixed"
lab_grown_meat,slanted,fake meat processing risks,2,4,https://pmc.ncbi.nlm.nih.gov/articles/PMC8230205/,pmc.ncbi.nlm.nih.gov,"Safety of Alternative Proteins: Technological, Environmental ...",2026-05-09 18:25:50,mixed,"domain pmc.ncbi.nlm.nih.gov contains .gov, which is mixed"
lab_grown_meat,slanted,fake meat processing risks,3,6,https://scientificdiscoveries.ars.usda.gov/tellus/stories/articles/safetys-sake-treat-plant-based-meat-just-real-thing,scientificdiscoveries.ars.usda.gov,"For Safety's Sake, Treat Plant-Based Meat Just Like the Real ...",2026-05-09 18:26:05,mixed,"domain scientificdiscoveries.ars.usda.gov contains .gov, which is mixed"
3d_printing,neutral,3d printed organs facts,1,5,https://pmc.ncbi.nlm.nih.gov/articles/PMC9088731/,pmc.ncbi.nlm.nih.gov,3D Bioprinting of Human Hollow Organs - PMC,2026-05-09 18:26:32,mixed,"domain pmc.ncbi.nlm.nih.gov contains .gov, which is mixed"
3d_printing,neutral,3d printed organs facts,2,8,https://www.nasa.gov/missions/station/iss-research/3d-bioprinting/,nasa.gov,3D Bioprinting,2026-05-09 18:27:00,mixed,"domain nasa.gov contains .gov, which is mixed"
3d_printing,slanted,3d printing bioprinting risks,1,1,https://pmc.ncbi.nlm.nih.gov/articles/PMC7557521/,pmc.ncbi.nlm.nih.gov,Bioethical and Legal Issues in 3D Bioprinting - PMC,2026-05-09 18:27:30,mixed,"domain pmc.ncbi.nlm.nih.gov contains .gov, which is mixed"
3d_printing,slanted,3d printing bioprinting risks,1,4,https://pmc.ncbi.nlm.nih.gov/articles/PMC10740401/,pmc.ncbi.nlm.nih.gov,Tissue Bioprinting: Promise and Challenges - PMC,2026-05-09 18:28:44,mixed,"domain pmc.ncbi.nlm.nih.gov contains .gov, which is mixed"
3d_printing,neutral,additive manufacturing research,1,7,https://www.nist.gov/additive-manufacturing/research-areas,nist.gov,Additive Manufacturing Research Areas,2026-05-09 18:29:35,mixed,"domain nist.gov contains .gov, which is mixed"
3d_printing,neutral,additive manufacturing research,3,1,https://www.nist.gov/laboratories/tools-instruments/additive-manufacturing-research-center-amrc,nist.gov,Additive Manufacturing Research Center (AMRC) | NIST,2026-05-09 18:30:04,mixed,"domain nist.gov contains .gov, which is mixed"
3d_printing,slanted,3d printed gun dangers,1,1,https://leb.fbi.gov/articles/featured-articles/dangers-and-benefits-of-3d-printing,leb.fbi.gov,Dangers and Benefits of 3D Printing | FBI - LEB,2026-05-09 18:30:18,mixed,"domain leb.fbi.gov contains .gov, which is mixed"
3d_printing,slanted,3d printed gun dangers,1,5,https://pmc.ncbi.nlm.nih.gov/articles/PMC10998078/,pmc.ncbi.nlm.nih.gov,The emergence of 3D-printed firearms: An analysis of media ...,2026-05-09 18:30:23,mixed,"domain pmc.ncbi.nlm.nih.gov contains .gov, which is mixed"
3d_printing,slanted,3d printed gun dangers,2,3,https://www.congress.gov/bill/119th-congress/senate-bill/2165/text,congress.gov,S.2165 - 3D Printed Gun Safety Act of 2025 119th ...,2026-05-09 18:30:39,mixed,"domain congress.gov contains .gov, which is mixed"
3d_printing,slanted,3d printed gun dangers,3,6,https://moskowitz.house.gov/posts/moskowitz-and-markey-reintroduce-3d-printed-gun-safety-act,moskowitz.house.gov,"Moskowitz, Markey Seek to Block 3D-Printed Ghost Guns ...",2026-05-09 18:30:54,mixed,"domain moskowitz.house.gov contains .gov, which is mixed"
3d_printing,neutral,metal 3d printing safety,1,10,https://pmc.ncbi.nlm.nih.gov/articles/PMC10682021/,pmc.ncbi.nlm.nih.gov,Health hazards of particles in additive manufacturing - PMC,2026-05-09 18:31:15,mixed,"domain pmc.ncbi.nlm.nih.gov contains .gov, which is mixed"
3d_printing,neutral,metal 3d printing safety,2,1,https://pmc.ncbi.nlm.nih.gov/articles/PMC10682021/,pmc.ncbi.nlm.nih.gov,Health hazards of particles in additive manufacturing - PMC,2026-05-09 18:31:27,mixed,"domain pmc.ncbi.nlm.nih.gov contains .gov, which is mixed"
3d_printing,neutral,metal 3d printing safety,2,3,https://www.cdc.gov/niosh/manufacturing/additive/index.html,cdc.gov,3D Printing (Additive Manufacturing),2026-05-09 18:31:28,mixed,"domain cdc.gov contains .gov, which is mixed"
3d_printing,neutral,metal 3d printing safety,2,7,https://www.epa.gov/chemical-research/3d-printing-research-epa,epa.gov,3D Printing Research at EPA | US EPA,2026-05-09 18:31:31,mixed,"domain epa.gov contains .gov, which is mixed"
3d_printing,slanted,3d printing toxic emissions,1,1,https://www.epa.gov/chemical-research/3d-printing-research-epa,epa.gov,3D Printing Research at EPA | US EPA,2026-05-09 18:32:25,mixed,"domain epa.gov contains .gov, which is mixed"
3d_printing,slanted,3d printing toxic emissions,1,5,https://pmc.ncbi.nlm.nih.gov/articles/PMC10818734/,pmc.ncbi.nlm.nih.gov,Real-Time Exposure to 3D-Printing Emissions Elicits ...,2026-05-09 18:32:33,mixed,"domain pmc.ncbi.nlm.nih.gov contains .gov, which is mixed"
3d_printing,slanted,3d printing toxic emissions,3,8,https://pmc.ncbi.nlm.nih.gov/articles/PMC10527863/,pmc.ncbi.nlm.nih.gov,Inhalation of polycarbonate emissions generated during 3D ...,2026-05-09 18:33:14,mixed,"domain pmc.ncbi.nlm.nih.gov contains .gov, which is mixed"
autonomous_vehicles,neutral,self driving car safety,1,3,https://www.nhtsa.gov/vehicle-safety/automated-vehicles-safety,nhtsa.gov,Automated Vehicle Safety,2026-05-09 18:33:38,mixed,"domain nhtsa.gov contains .gov, which is mixed"
autonomous_vehicles,neutral,self driving car safety,2,9,https://www.nist.gov/blogs/taking-measure/cruising-toward-self-driving-cars-standards-and-testing-will-help-keep,nist.gov,Cruising Toward Self-Driving Cars: Standards and Testing ...,2026-05-09 18:34:02,mixed,"domain nist.gov contains .gov, which is mixed"
autonomous_vehicles,neutral,self driving car safety,3,9,https://www.epa.gov/greenvehicles/self-driving-vehicles,epa.gov,Self-driving Vehicles | US EPA,2026-05-09 18:34:17,mixed,"domain epa.gov contains .gov, which is mixed"
autonomous_vehicles,slanted,autonomous vehicle accidents,2,3,https://pubmed.ncbi.nlm.nih.gov/37722829/,pubmed.ncbi.nlm.nih.gov,A case study of unavoidable accidents of autonomous ...,2026-05-09 18:34:57,mixed,"domain pubmed.ncbi.nlm.nih.gov contains .gov, which is mixed"
autonomous_vehicles,slanted,autonomous vehicle accidents,2,6,https://www.nhtsa.gov/vehicle-safety/automated-vehicles-safety,nhtsa.gov,Automated Vehicle Safety,2026-05-09 18:34:58,mixed,"domain nhtsa.gov contains .gov, which is mixed"
autonomous_vehicles,slanted,autonomous vehicle accidents,3,8,https://www.dmv.ca.gov/portal/vehicle-industry-services/autonomous-vehicles/autonomous-vehicle-collision-reports/,dmv.ca.gov,Autonomous Vehicle Collision Reports - California DMV,2026-05-09 18:35:12,mixed,"domain dmv.ca.gov contains .gov, which is mixed"
autonomous_vehicles,neutral,autonomous trucking impact,3,1,https://guides.loc.gov/trucking-industry/autonomous-trucking,guides.loc.gov,Autonomous Trucking - The Trucking Industry,2026-05-09 18:36:07,mixed,"domain guides.loc.gov contains .gov, which is mixed"
autonomous_vehicles,neutral,autonomous trucking impact,3,6,https://azmag.gov/Portals/0/Documents/Freight/MAG-Truck-Parking-AV-Memo_2021-05-06.pdf,azmag.gov,Understanding the Impacts of Autonomous Trucking,2026-05-09 18:36:08,mixed,"domain azmag.gov contains .gov, which is mixed"
autonomous_vehicles,slanted,self driving truck dangers,1,7,https://www.nhtsa.gov/vehicle-safety/automated-vehicles-safety,nhtsa.gov,Automated Vehicle Safety,2026-05-09 18:36:30,mixed,"domain nhtsa.gov contains .gov, which is mixed"
autonomous_vehicles,neutral,ai driving research,2,7,https://www.transportation.gov/AI,transportation.gov,U.S. DOT Artificial Intelligence Activities,2026-05-09 18:37:41,mixed,"domain transportation.gov contains .gov, which is mixed"
autonomous_vehicles,neutral,ai driving research,3,6,https://pmc.ncbi.nlm.nih.gov/articles/PMC9574258/,pmc.ncbi.nlm.nih.gov,A review on AI Safety in highly automated driving - PMC,2026-05-09 18:37:54,mixed,"domain pmc.ncbi.nlm.nih.gov contains .gov, which is mixed"
autonomous_vehicles,slanted,driverless car hacking risks,2,7,https://pmc.ncbi.nlm.nih.gov/articles/PMC6509749/,pmc.ncbi.nlm.nih.gov,Human Factors in the Cybersecurity of Autonomous Vehicles,2026-05-09 18:38:42,mixed,"domain pmc.ncbi.nlm.nih.gov contains .gov, which is mixed"
cryptocurrency,slanted,cryptocurrency environmental damage,2,9,https://pmc.ncbi.nlm.nih.gov/articles/PMC11537342/,pmc.ncbi.nlm.nih.gov,The Environmental Burden of the United States' Bitcoin Mining ...,2026-05-09 18:42:18,mixed,"domain pmc.ncbi.nlm.nih.gov contains .gov, which is mixed"
cryptocurrency,neutral,crypto mining energy use,1,5,https://www.energystar.gov/products/data_center_equipment/cryptocurrency,energystar.gov,The Energy Cost of Cryptocurrency,2026-05-09 18:42:51,mixed,"domain energystar.gov contains .gov, which is mixed"
cryptocurrency,neutral,crypto mining energy use,1,7,https://www.eia.gov/todayinenergy/detail.php?id=61364,eia.gov,Tracking electricity consumption from U.S. cryptocurrency ...,2026-05-09 18:42:53,mixed,"domain eia.gov contains .gov, which is mixed"
cryptocurrency,slanted,crypto scam risks,1,1,https://consumer.ftc.gov/articles/what-know-about-cryptocurrency-scams,consumer.ftc.gov,What To Know About Cryptocurrency and Scams,2026-05-09 18:44:58,mixed,"domain consumer.ftc.gov contains .gov, which is mixed"
cryptocurrency,slanted,crypto scam risks,1,6,https://www.cftc.gov/sites/default/files/2022-10/DigitalAssetRedFlags.pdf,cftc.gov,Curious About Crypto? Watch Out for Red Flags,2026-05-09 18:45:02,mixed,"domain cftc.gov contains .gov, which is mixed"
cryptocurrency,slanted,crypto scam risks,2,3,https://portal.ct.gov/dob/consumer/consumer-education/cryptocurrency-risks,portal.ct.gov,Cryptocurrency Risks,2026-05-09 18:45:16,mixed,"domain portal.ct.gov contains .gov, which is mixed"
cryptocurrency,slanted,crypto scam risks,2,8,https://disb.dc.gov/page/you-invest-crypto-know-risks,disb.dc.gov,"Before You Invest in Crypto, Know the Risks | disb - DC.gov",2026-05-09 18:45:18,mixed,"domain disb.dc.gov contains .gov, which is mixed"
cryptocurrency,slanted,crypto scam risks,3,1,https://www.secretservice.gov/investigations/investmentfraud-pigbutchering,secretservice.gov,Investment Fraud and Pig Butchering,2026-05-09 18:45:25,mixed,"domain secretservice.gov contains .gov, which is mixed"
cryptocurrency,slanted,crypto scam risks,3,6,https://www.michigan.gov/consumerprotection/protect-yourself/consumer-alerts/scams/cryptocurrency-what-is-it,michigan.gov,Cryptocurrency! What is it? What are the Risks?,2026-05-09 18:45:27,mixed,"domain michigan.gov contains .gov, which is mixed"
blockchain,slanted,blockchain energy consumption,1,5,https://www.energystar.gov/products/data_center_equipment/cryptocurrency,energystar.gov,The Energy Cost of Cryptocurrency,2026-05-09 18:46:33,mixed,"domain energystar.gov contains .gov, which is mixed"
blockchain,slanted,blockchain energy consumption,3,4,https://pmc.ncbi.nlm.nih.gov/articles/PMC7402366/,pmc.ncbi.nlm.nih.gov,Energy Consumption of Cryptocurrencies Beyond Bitcoin - PMC,2026-05-09 18:47:10,mixed,"domain pmc.ncbi.nlm.nih.gov contains .gov, which is mixed"
blockchain,slanted,blockchain energy consumption,3,5,https://www.eia.gov/todayinenergy/detail.php?id=61364,eia.gov,Tracking electricity consumption from U.S. cryptocurrency ...,2026-05-09 18:47:10,mixed,"domain eia.gov contains .gov, which is mixed"
blockchain,neutral,decentralized finance research,2,2,https://www.federalreserve.gov/econres/feds/decentralized-finance-defi-transformative-potential-and-associated-risks.htm,federalreserve.gov,Decentralized Finance (DeFi): Transformative Potential & ...,2026-05-09 18:49:16,mixed,"domain federalreserve.gov contains .gov, which is mixed"
blockchain,neutral,decentralized finance research,3,8,https://home.treasury.gov/system/files/136/DeFi-Risk-Full-Review.pdf,home.treasury.gov,Illicit Finance Risk Assessment of Decentralized Finance,2026-05-09 18:49:27,mixed,"domain home.treasury.gov contains .gov, which is mixed"
social_media,neutral,instagram mental health research,1,2,https://pmc.ncbi.nlm.nih.gov/articles/PMC12380732/,pmc.ncbi.nlm.nih.gov,Instagram Usage and Mental Health in Young Adults - PMC,2026-05-09 18:50:31,mixed,"domain pmc.ncbi.nlm.nih.gov contains .gov, which is mixed"
social_media,neutral,instagram mental health research,2,8,https://www.hhs.gov/surgeongeneral/reports-and-publications/youth-mental-health/social-media/index.html,hhs.gov,Social Media and Youth Mental Health,2026-05-09 18:50:49,mixed,"domain hhs.gov contains .gov, which is mixed"
social_media,slanted,social media depression link,1,1,https://pmc.ncbi.nlm.nih.gov/articles/PMC4853817/,pmc.ncbi.nlm.nih.gov,Association between Social Media Use and Depression ...,2026-05-09 18:51:10,mixed,"domain pmc.ncbi.nlm.nih.gov contains .gov, which is mixed"
social_media,slanted,social media depression link,1,8,https://www.hhs.gov/surgeongeneral/reports-and-publications/youth-mental-health/social-media/index.html,hhs.gov,Social Media and Youth Mental Health,2026-05-09 18:51:14,mixed,"domain hhs.gov contains .gov, which is mixed"
social_media,slanted,social media depression link,2,10,https://pmc.ncbi.nlm.nih.gov/articles/PMC7392374/,pmc.ncbi.nlm.nih.gov,Social media use and depression in adolescents - PMC - NIH,2026-05-09 18:51:28,mixed,"domain pmc.ncbi.nlm.nih.gov contains .gov, which is mixed"
social_media,slanted,social media depression link,3,6,https://pmc.ncbi.nlm.nih.gov/articles/PMC7785056/,pmc.ncbi.nlm.nih.gov,"Social Media and Mental Health: Benefits, Risks, and ... - PMC",2026-05-09 18:51:36,mixed,"domain pmc.ncbi.nlm.nih.gov contains .gov, which is mixed"
social_media,neutral,tiktok algorithm study,3,6,https://pmc.ncbi.nlm.nih.gov/articles/PMC11924099/,pmc.ncbi.nlm.nih.gov,Exploring Problematic TikTok Use and Mental Health Issues,2026-05-09 18:52:17,mixed,"domain pmc.ncbi.nlm.nih.gov contains .gov, which is mixed"
social_media,slanted,tiktok addiction risks,1,3,https://pmc.ncbi.nlm.nih.gov/articles/PMC11924099/,pmc.ncbi.nlm.nih.gov,Exploring Problematic TikTok Use and Mental Health Issues,2026-05-09 18:52:33,mixed,"domain pmc.ncbi.nlm.nih.gov contains .gov, which is mixed"
social_media,neutral,facebook misinformation research,1,5,https://pmc.ncbi.nlm.nih.gov/articles/PMC11955583/,pmc.ncbi.nlm.nih.gov,Social media and the spread of misinformation - PMC - NIH,2026-05-09 18:53:12,mixed,"domain pmc.ncbi.nlm.nih.gov contains .gov, which is mixed"
social_media,neutral,facebook misinformation research,2,6,https://www.hhs.gov/surgeongeneral/reports-and-publications/youth-mental-health/social-media/index.html,hhs.gov,Social Media and Youth Mental Health,2026-05-09 18:53:22,mixed,"domain hhs.gov contains .gov, which is mixed"
social_media,slanted,facebook polarizing effects,1,6,https://pmc.ncbi.nlm.nih.gov/articles/PMC11461047/,pmc.ncbi.nlm.nih.gov,"Facebook increases political knowledge, reduces well-being ...",2026-05-09 18:53:51,mixed,"domain pmc.ncbi.nlm.nih.gov contains .gov, which is mixed"
social_media,slanted,facebook polarizing effects,3,4,https://pmc.ncbi.nlm.nih.gov/articles/PMC4994967/,pmc.ncbi.nlm.nih.gov,Users Polarization on Facebook and Youtube - PMC - NIH,2026-05-09 18:54:16,mixed,"domain pmc.ncbi.nlm.nih.gov contains .gov, which is mixed"
social_media,neutral,twitter echo chamber,2,8,https://pubmed.ncbi.nlm.nih.gov/26297377/,pubmed.ncbi.nlm.nih.gov,Is Online Political Communication More Than an Echo ...,2026-05-09 18:54:51,mixed,"domain pubmed.ncbi.nlm.nih.gov contains .gov, which is mixed"
social_media,slanted,online radicalization,1,10,https://www.ojp.gov/ncjrs/virtual-library/abstracts/online-radicalization-violent-extremism,ojp.gov,Online Radicalization to Violent Extremism,2026-05-09 18:55:23,mixed,"domain ojp.gov contains .gov, which is mixed"
social_media,slanted,online radicalization,2,7,https://pmc.ncbi.nlm.nih.gov/articles/PMC10454252/,pmc.ncbi.nlm.nih.gov,Public Mental Health Approaches to Online Radicalisation,2026-05-09 18:55:31,mixed,"domain pmc.ncbi.nlm.nih.gov contains .gov, which is mixed"
social_media,slanted,online radicalization,3,9,https://portal.cops.usdoj.gov/resourcecenter/content.ashx/cops-w0739-pub.pdf,portal.cops.usdoj.gov,Online Radicalization to Violent Extremism - Agency Portal,2026-05-09 18:55:41,mixed,"domain portal.cops.usdoj.gov contains .gov, which is mixed"
online_privacy,slanted,data collection privacy risks,1,9,https://www.gao.gov/products/gao-22-106096,gao.gov,Consumer Data: Increasing Use Poses Risks to Privacy,2026-05-09 18:58:12,mixed,"domain gao.gov contains .gov, which is mixed"
online_privacy,slanted,data collection privacy risks,3,7,https://www.ftc.gov/business-guidance/resources/protecting-personal-information-guide-business-0,ftc.gov,Protecting Personal Information: A Guide for Business,2026-05-09 18:58:29,mixed,"domain ftc.gov contains .gov, which is mixed"
online_privacy,neutral,encryption security research,1,7,https://www.nist.gov/cryptography,nist.gov,Cryptography | NIST,2026-05-09 18:58:56,mixed,"domain nist.gov contains .gov, which is mixed"
online_privacy,slanted,government backdoor dangers,1,3,https://www.fbi.gov/how-we-investigate/lawful-access/lawful-access-myths-vs-reality,fbi.gov,Lawful Access: Myths vs. Reality,2026-05-09 18:59:32,mixed,"domain fbi.gov contains .gov, which is mixed"
online_privacy,slanted,government backdoor dangers,2,1,https://www.congress.gov/crs-product/IF11769,congress.gov,Law Enforcement and Technology: The “Lawful Access” ...,2026-05-09 18:59:48,mixed,"domain congress.gov contains .gov, which is mixed"
online_privacy,slanted,facial recognition surveillance,2,7,https://pmc.ncbi.nlm.nih.gov/articles/PMC11256005/,pmc.ncbi.nlm.nih.gov,"Beyond surveillance: privacy, ethics, and regulations in face ...",2026-05-09 19:01:15,mixed,"domain pmc.ncbi.nlm.nih.gov contains .gov, which is mixed"
online_privacy,slanted,facial recognition surveillance,3,1,https://pmc.ncbi.nlm.nih.gov/articles/PMC11256005/,pmc.ncbi.nlm.nih.gov,"Beyond surveillance: privacy, ethics, and regulations in face ...",2026-05-09 19:01:22,mixed,"domain pmc.ncbi.nlm.nih.gov contains .gov, which is mixed"
online_privacy,slanted,facial recognition surveillance,3,8,https://www.lcc.mn.gov/lcdp/meetings/11302021/whybanFRT,lcc.mn.gov,Why Ban Facial Recognition?,2026-05-09 19:01:25,mixed,"domain lcc.mn.gov contains .gov, which is mixed"
electronic_cigarettes,neutral,vaping smoking cessation,1,3,https://pmc.ncbi.nlm.nih.gov/articles/PMC10389080/,pmc.ncbi.nlm.nih.gov,Use of Vaping as a Smoking Cessation Aid - PMC - NIH,2026-05-09 19:01:42,mixed,"domain pmc.ncbi.nlm.nih.gov contains .gov, which is mixed"
electronic_cigarettes,neutral,vaping smoking cessation,1,4,https://www.cdc.gov/tobacco/e-cigarettes/quitting.html,cdc.gov,Vaping and Quitting | Smoking and Tobacco Use,2026-05-09 19:01:43,mixed,"domain cdc.gov contains .gov, which is mixed"
electronic_cigarettes,neutral,vaping smoking cessation,2,9,https://pmc.ncbi.nlm.nih.gov/articles/PMC8044675/,pmc.ncbi.nlm.nih.gov,Smoking cessation or initiation: The paradox of vaping - PMC,2026-05-09 19:02:01,mixed,"domain pmc.ncbi.nlm.nih.gov contains .gov, which is mixed"
electronic_cigarettes,slanted,e cigarette lung disease,1,4,https://pmc.ncbi.nlm.nih.gov/articles/PMC11089483/,pmc.ncbi.nlm.nih.gov,E-cigarette-/Vape-Associated Lung Injury as a Cause of ... - PMC,2026-05-09 19:02:40,mixed,"domain pmc.ncbi.nlm.nih.gov contains .gov, which is mixed"
electronic_cigarettes,slanted,e cigarette lung disease,1,7,https://archive.cdc.gov/www_cdc_gov/tobacco/basic_information/e-cigarettes/severe-lung-disease.html,archive.cdc.gov,Outbreak of Lung Injury Associated with the Use of E- ...,2026-05-09 19:02:42,mixed,"domain archive.cdc.gov contains .gov, which is mixed"
electronic_cigarettes,slanted,e cigarette lung disease,3,8,https://www.fda.gov/news-events/public-health-focus/lung-injuries-associated-use-vaping-products,fda.gov,Lung Injuries Associated with Use of Vaping Products,2026-05-09 19:03:01,mixed,"domain fda.gov contains .gov, which is mixed"
electronic_cigarettes,neutral,nicotine replacement impact,1,1,https://pmc.ncbi.nlm.nih.gov/articles/PMC2917405/,pmc.ncbi.nlm.nih.gov,Adverse events associated with nicotine replacement therapy ...,2026-05-09 19:03:18,mixed,"domain pmc.ncbi.nlm.nih.gov contains .gov, which is mixed"
electronic_cigarettes,neutral,nicotine replacement impact,1,4,https://www.cdc.gov/tobacco/campaign/tips/quit-smoking/quit-smoking-medications/3-reasons-to-use-medicines-when-you-quit/quit-medicines-are-safer-than-smoking/index.html,cdc.gov,Quit smoking medicines are much safer than smoking,2026-05-09 19:03:20,mixed,"domain cdc.gov contains .gov, which is mixed"
electronic_cigarettes,neutral,nicotine replacement impact,1,7,https://pmc.ncbi.nlm.nih.gov/articles/PMC5896546/,pmc.ncbi.nlm.nih.gov,Prevalence and Impact of Long-term Use of Nicotine ... - PMC,2026-05-09 19:03:22,mixed,"domain pmc.ncbi.nlm.nih.gov contains .gov, which is mixed"
electronic_cigarettes,neutral,nicotine replacement impact,2,6,https://smokefree.gov/sites/default/files/pdf/mythsaboutNRTfactsheet.pdf,smokefree.gov,Dispelling Myths about Nicotine Replacement Therapy,2026-05-09 19:03:36,mixed,"domain smokefree.gov contains .gov, which is mixed"
electronic_cigarettes,neutral,nicotine replacement impact,3,4,https://www.ncbi.nlm.nih.gov/books/NBK493148/,ncbi.nlm.nih.gov,Nicotine Replacement Therapy - StatPearls - NCBI Bookshelf,2026-05-09 19:03:45,mixed,"domain ncbi.nlm.nih.gov contains .gov, which is mixed"
electronic_cigarettes,neutral,nicotine replacement impact,3,6,https://medlineplus.gov/ency/article/007438.htm,medlineplus.gov,Nicotine replacement therapy,2026-05-09 19:03:45,mixed,"domain medlineplus.gov contains .gov, which is mixed"
electronic_cigarettes,slanted,vaping popcorn lung,1,5,https://pmc.ncbi.nlm.nih.gov/articles/PMC6887566/,pmc.ncbi.nlm.nih.gov,Vaping-associated lung illnesses highlight risks to all users of ...,2026-05-09 19:04:13,mixed,"domain pmc.ncbi.nlm.nih.gov contains .gov, which is mixed"
electronic_cigarettes,slanted,vaping popcorn lung,2,5,https://pmc.ncbi.nlm.nih.gov/articles/PMC12111167/,pmc.ncbi.nlm.nih.gov,E-Cigarette or Vaping Product Use-Associated Lung Injury,2026-05-09 19:04:24,mixed,"domain pmc.ncbi.nlm.nih.gov contains .gov, which is mixed"
electronic_cigarettes,slanted,vaping popcorn lung,3,9,https://www.cdc.gov/tobacco/e-cigarettes/health-effects.html,cdc.gov,Health Effects of Vaping | Smoking and Tobacco Use,2026-05-09 19:04:35,mixed,"domain cdc.gov contains .gov, which is mixed"
electronic_cigarettes,neutral,juul harm reduction,1,2,https://pmc.ncbi.nlm.nih.gov/articles/PMC7183384/,pmc.ncbi.nlm.nih.gov,"The rise of e-cigarettes, pod mod devices, and JUUL among ...",2026-05-09 19:04:51,mixed,"domain pmc.ncbi.nlm.nih.gov contains .gov, which is mixed"
electronic_cigarettes,neutral,juul harm reduction,3,8,https://pubmed.ncbi.nlm.nih.gov/40135295/,pubmed.ncbi.nlm.nih.gov,Harm Reduction or Chucking Children under the Bus?,2026-05-09 19:05:21,mixed,"domain pubmed.ncbi.nlm.nih.gov contains .gov, which is mixed"
electronic_cigarettes,slanted,teen vaping epidemic,1,1,https://www.cdc.gov/tobacco/e-cigarettes/youth.html,cdc.gov,E-Cigarette Use Among Youth | Smoking and Tobacco Use,2026-05-09 19:05:33,mixed,"domain cdc.gov contains .gov, which is mixed"
electronic_cigarettes,slanted,teen vaping epidemic,1,2,https://pmc.ncbi.nlm.nih.gov/articles/PMC7023954/,pmc.ncbi.nlm.nih.gov,The Vaping Epidemic in Adolescents - PMC - NIH,2026-05-09 19:05:34,mixed,"domain pmc.ncbi.nlm.nih.gov contains .gov, which is mixed"
electronic_cigarettes,slanted,teen vaping epidemic,1,3,https://www.hhs.gov/surgeongeneral/reports-and-publications/youth-vaping/index.html,hhs.gov,Sound the Alarm: Youth Vaping can Harm,2026-05-09 19:06:16,mixed,"domain hhs.gov contains .gov, which is mixed"
electronic_cigarettes,slanted,teen vaping epidemic,1,6,https://pmc.ncbi.nlm.nih.gov/articles/PMC7274878/,pmc.ncbi.nlm.nih.gov,Vaping epidemic: challenges and opportunities - PMC - NIH,2026-05-09 19:06:28,mixed,"domain pmc.ncbi.nlm.nih.gov contains .gov, which is mixed"
electronic_cigarettes,slanted,teen vaping epidemic,2,5,http://degette.house.gov/issues/teen-vaping-epidemic,degette.house.gov,Teen Vaping Epidemic - Diana DeGette - House.gov,2026-05-09 19:06:43,mixed,"domain degette.house.gov contains .gov, which is mixed"
electronic_cigarettes,slanted,teen vaping epidemic,3,4,https://www.fda.gov/news-events/congressional-testimony/epidemic-continues-youth-vaping-america-06232021,fda.gov,An Epidemic Continues: Youth Vaping in America,2026-05-09 19:06:51,mixed,"domain fda.gov contains .gov, which is mixed"
obesity,neutral,weight loss surgery facts,1,1,https://www.niddk.nih.gov/health-information/weight-management/bariatric-surgery/definition-facts,niddk.nih.gov,Definition & Facts of Weight-loss Surgery - NIDDK,2026-05-09 19:07:09,mixed,"domain niddk.nih.gov contains .gov, which is mixed"
obesity,slanted,obesity health risks,1,1,https://www.niddk.nih.gov/health-information/weight-management/adult-overweight-obesity/health-risks,niddk.nih.gov,Health Risks of Overweight & Obesity - NIDDK,2026-05-09 19:07:56,mixed,"domain niddk.nih.gov contains .gov, which is mixed"
obesity,slanted,obesity health risks,1,2,https://www.cdc.gov/obesity/php/about/consequences.html,cdc.gov,Consequences of Obesity,2026-05-09 19:07:57,mixed,"domain cdc.gov contains .gov, which is mixed"
obesity,slanted,obesity health risks,1,8,https://medlineplus.gov/ency/patientinstructions/000348.htm,medlineplus.gov,Health risks of obesity,2026-05-09 19:08:20,mixed,"domain medlineplus.gov contains .gov, which is mixed"
obesity,slanted,obesity health risks,2,4,https://pmc.ncbi.nlm.nih.gov/articles/PMC6088226/,pmc.ncbi.nlm.nih.gov,"Obesity: Risk factors, complications, and strategies for ... - PMC",2026-05-09 19:08:27,mixed,"domain pmc.ncbi.nlm.nih.gov contains .gov, which is mixed"
obesity,neutral,healthy diet research,1,1,https://pmc.ncbi.nlm.nih.gov/articles/PMC7071223/,pmc.ncbi.nlm.nih.gov,Defining a Healthy Diet: Evidence for the Role of ... - PMC,2026-05-09 19:08:53,mixed,"domain pmc.ncbi.nlm.nih.gov contains .gov, which is mixed"
obesity,neutral,healthy diet research,1,9,https://pmc.ncbi.nlm.nih.gov/articles/PMC6650179/,pmc.ncbi.nlm.nih.gov,An Evidence-based Look at the Effects of Diet on Health - PMC,2026-05-09 19:10:15,mixed,"domain pmc.ncbi.nlm.nih.gov contains .gov, which is mixed"
obesity,neutral,healthy diet research,2,1,https://www.cdc.gov/nutrition/features/healthy-eating-tips.html,cdc.gov,Healthy Eating Tips | Nutrition,2026-05-09 19:10:23,mixed,"domain cdc.gov contains .gov, which is mixed"
obesity,neutral,healthy diet research,2,8,https://www.nutrition.gov/,nutrition.gov,Nutrition.gov,2026-05-09 19:10:25,mixed,"domain nutrition.gov contains .gov, which is mixed"
obesity,neutral,healthy diet research,3,2,https://odphp.health.gov/healthypeople/objectives-and-data/browse-objectives/nutrition-and-healthy-eating,odphp.health.gov,Nutrition and Healthy Eating - Healthy People 2030,2026-05-09 19:10:31,mixed,"domain odphp.health.gov contains .gov, which is mixed"
obesity,slanted,processed food dangers,1,3,https://pmc.ncbi.nlm.nih.gov/articles/PMC6146358/,pmc.ncbi.nlm.nih.gov,The Hidden Dangers of Fast and Processed Food - PMC,2026-05-09 19:10:52,mixed,"domain pmc.ncbi.nlm.nih.gov contains .gov, which is mixed"
obesity,slanted,processed food dangers,3,1,https://pmc.ncbi.nlm.nih.gov/articles/PMC12249103/,pmc.ncbi.nlm.nih.gov,Ultraprocessed Food and Risk of Cancer - PMC - NIH,2026-05-09 19:11:17,mixed,"domain pmc.ncbi.nlm.nih.gov contains .gov, which is mixed"
obesity,neutral,exercise impact,1,5,https://pmc.ncbi.nlm.nih.gov/articles/PMC6172294/,pmc.ncbi.nlm.nih.gov,Cardiovascular Effects and Benefits of Exercise - PMC - NIH,2026-05-09 19:12:07,mixed,"domain pmc.ncbi.nlm.nih.gov contains .gov, which is mixed"
obesity,neutral,exercise impact,1,6,https://www.cdc.gov/physical-activity-basics/benefits/index.html,cdc.gov,Benefits of Physical Activity,2026-05-09 19:12:07,mixed,"domain cdc.gov contains .gov, which is mixed"
obesity,neutral,exercise impact,2,4,https://medlineplus.gov/benefitsofexercise.html,medlineplus.gov,Benefits of Exercise,2026-05-09 19:12:18,mixed,"domain medlineplus.gov contains .gov, which is mixed"
obesity,neutral,exercise impact,3,5,https://pmc.ncbi.nlm.nih.gov/articles/PMC9902068/,pmc.ncbi.nlm.nih.gov,Role of Physical Activity on Mental Health and Well-Being - PMC,2026-05-09 19:12:27,mixed,"domain pmc.ncbi.nlm.nih.gov contains .gov, which is mixed"
obesity,slanted,obesity treatment failures,1,1,https://pmc.ncbi.nlm.nih.gov/articles/PMC2014419/,pmc.ncbi.nlm.nih.gov,Drug treatment of obesity: from past failures to future successes?,2026-05-09 19:12:39,mixed,"domain pmc.ncbi.nlm.nih.gov contains .gov, which is mixed"
obesity,slanted,obesity treatment failures,1,8,https://www.ncbi.nlm.nih.gov/books/NBK581942/,ncbi.nlm.nih.gov,An Historical Review of Steps and Missteps in the Discovery of ...,2026-05-09 19:12:44,mixed,"domain ncbi.nlm.nih.gov contains .gov, which is mixed"
obesity,slanted,obesity treatment failures,2,1,https://www.fda.gov/drugs/postmarket-drug-safety-information-patients-and-providers/fdas-concerns-unapproved-glp-1-drugs-used-weight-loss,fda.gov,FDA's Concerns with Unapproved GLP-1 Drugs Used for ...,2026-05-09 19:12:57,mixed,"domain fda.gov contains .gov, which is mixed"
plant_based_diet,neutral,vegan health impact,1,1,https://pmc.ncbi.nlm.nih.gov/articles/PMC10027313/,pmc.ncbi.nlm.nih.gov,The Impact of a Vegan Diet on Many Aspects of Health - PMC,2026-05-09 19:13:24,mixed,"domain pmc.ncbi.nlm.nih.gov contains .gov, which is mixed"
plant_based_diet,neutral,vegan health impact,1,6,https://pmc.ncbi.nlm.nih.gov/articles/PMC7613518/,pmc.ncbi.nlm.nih.gov,Plant-based diets and long-term health: findings from the EPIC ...,2026-05-09 19:13:32,mixed,"domain pmc.ncbi.nlm.nih.gov contains .gov, which is mixed"
plant_based_diet,slanted,plant based nutrient deficiencies,1,2,https://pubmed.ncbi.nlm.nih.gov/39936826/,pubmed.ncbi.nlm.nih.gov,Analytical Review on Nutritional Deficiencies in Vegan Diets,2026-05-09 19:14:06,mixed,"domain pubmed.ncbi.nlm.nih.gov contains .gov, which is mixed"
plant_based_diet,slanted,plant based nutrient deficiencies,2,5,https://pmc.ncbi.nlm.nih.gov/articles/PMC10056340/,pmc.ncbi.nlm.nih.gov,Nutritional Assessment of the Symptomatic Patient on a Plant ...,2026-05-09 19:14:19,mixed,"domain pmc.ncbi.nlm.nih.gov contains .gov, which is mixed"
plant_based_diet,slanted,soy estrogen concerns,1,2,https://pmc.ncbi.nlm.nih.gov/articles/PMC12303811/,pmc.ncbi.nlm.nih.gov,Debunking the myth: are soy isoflavones truly a public health ...,2026-05-09 19:15:56,mixed,"domain pmc.ncbi.nlm.nih.gov contains .gov, which is mixed"
plant_based_diet,slanted,soy estrogen concerns,1,9,https://pubmed.ncbi.nlm.nih.gov/11880595/,pubmed.ncbi.nlm.nih.gov,Hormonal effects of soy in premenopausal women and men,2026-05-09 19:16:11,mixed,"domain pubmed.ncbi.nlm.nih.gov contains .gov, which is mixed"
plant_based_diet,neutral,meat substitutes safety,1,4,https://pmc.ncbi.nlm.nih.gov/articles/PMC8230205/,pmc.ncbi.nlm.nih.gov,"Safety of Alternative Proteins: Technological, Environmental ...",2026-05-09 19:16:48,mixed,"domain pmc.ncbi.nlm.nih.gov contains .gov, which is mixed"
plant_based_diet,neutral,meat substitutes safety,2,2,https://scientificdiscoveries.ars.usda.gov/tellus/stories/articles/safetys-sake-treat-plant-based-meat-just-real-thing,scientificdiscoveries.ars.usda.gov,"For Safety's Sake, Treat Plant-Based Meat Just Like the Real ...",2026-05-09 19:17:13,mixed,"domain scientificdiscoveries.ars.usda.gov contains .gov, which is mixed"
plant_based_diet,slanted,processed vegan food risks,1,2,https://pmc.ncbi.nlm.nih.gov/articles/PMC12549432/,pmc.ncbi.nlm.nih.gov,Ultra-processed Plant Foods: Are They Worse than their ...,2026-05-09 19:17:38,mixed,"domain pmc.ncbi.nlm.nih.gov contains .gov, which is mixed"
plant_based_diet,slanted,processed vegan food risks,3,5,https://pmc.ncbi.nlm.nih.gov/articles/PMC11519232/,pmc.ncbi.nlm.nih.gov,The role of ultra-processed foods in plant-based diets - PMC,2026-05-09 19:18:11,mixed,"domain pmc.ncbi.nlm.nih.gov contains .gov, which is mixed"
raw_milk,neutral,raw milk impact,1,1,https://www.cdc.gov/food-safety/foods/raw-milk.html,cdc.gov,Raw Milk | Food Safety,2026-05-09 19:18:27,mixed,"domain cdc.gov contains .gov, which is mixed"
raw_milk,neutral,raw milk impact,1,2,https://www.fda.gov/food/buy-store-serve-safe-food/dangers-raw-milk-unpasteurized-milk-can-pose-serious-health-risk,fda.gov,Unpasteurized Milk Can Pose a Serious Health Risk,2026-05-09 19:18:28,mixed,"domain fda.gov contains .gov, which is mixed"
raw_milk,neutral,raw milk impact,1,5,https://pmc.ncbi.nlm.nih.gov/articles/PMC4890836/,pmc.ncbi.nlm.nih.gov,Raw Milk Consumption: Risks and Benefits - PMC,2026-05-09 19:18:35,mixed,"domain pmc.ncbi.nlm.nih.gov contains .gov, which is mixed"
raw_milk,neutral,raw milk impact,1,9,https://www.health.ny.gov/diseases/communicable/raw_milk_related/dangers_of_drinking_raw_milk.htm,health.ny.gov,The Dangers of Drinking Raw Milk,2026-05-09 19:18:44,mixed,"domain health.ny.gov contains .gov, which is mixed"
raw_milk,neutral,raw milk impact,2,9,https://www.fda.gov/food/buy-store-serve-safe-food/raw-milk-misconceptions-and-danger-raw-milk-consumption,fda.gov,Raw Milk Misconceptions and the Danger of ...,2026-05-09 19:18:52,mixed,"domain fda.gov contains .gov, which is mixed"
raw_milk,neutral,raw milk impact,3,1,https://pmc.ncbi.nlm.nih.gov/articles/PMC10919754/,pmc.ncbi.nlm.nih.gov,Public health risks of raw milk consumption - PMC,2026-05-09 19:18:58,mixed,"domain pmc.ncbi.nlm.nih.gov contains .gov, which is mixed"
raw_milk,neutral,raw milk impact,3,2,https://doh.wa.gov/you-and-your-family/food-safety/raw-milk,doh.wa.gov,Raw Milk,2026-05-09 19:18:59,mixed,"domain doh.wa.gov contains .gov, which is mixed"
raw_milk,slanted,raw milk bacteria dangers,1,1,https://www.fda.gov/food/buy-store-serve-safe-food/dangers-raw-milk-unpasteurized-milk-can-pose-serious-health-risk,fda.gov,Unpasteurized Milk Can Pose a Serious Health Risk,2026-05-09 19:19:14,mixed,"domain fda.gov contains .gov, which is mixed"
raw_milk,slanted,raw milk bacteria dangers,1,2,https://www.cdc.gov/food-safety/foods/raw-milk.html,cdc.gov,Raw Milk | Food Safety,2026-05-09 19:19:15,mixed,"domain cdc.gov contains .gov, which is mixed"
raw_milk,slanted,raw milk bacteria dangers,1,4,https://www.health.ny.gov/diseases/communicable/raw_milk_related/dangers_of_drinking_raw_milk.htm,health.ny.gov,The Dangers of Drinking Raw Milk,2026-05-09 19:19:15,mixed,"domain health.ny.gov contains .gov, which is mixed"
raw_milk,slanted,raw milk bacteria dangers,1,5,https://pmc.ncbi.nlm.nih.gov/articles/PMC4890836/,pmc.ncbi.nlm.nih.gov,Raw Milk Consumption: Risks and Benefits - PMC,2026-05-09 19:19:16,mixed,"domain pmc.ncbi.nlm.nih.gov contains .gov, which is mixed"
raw_milk,slanted,raw milk bacteria dangers,2,4,https://www.fda.gov/food/buy-store-serve-safe-food/raw-milk-misconceptions-and-danger-raw-milk-consumption,fda.gov,Raw Milk Misconceptions and the Danger of ...,2026-05-09 19:19:40,mixed,"domain fda.gov contains .gov, which is mixed"
raw_milk,slanted,raw milk bacteria dangers,3,3,https://pmc.ncbi.nlm.nih.gov/articles/PMC10919754/,pmc.ncbi.nlm.nih.gov,Public health risks of raw milk consumption - PMC,2026-05-09 19:19:48,mixed,"domain pmc.ncbi.nlm.nih.gov contains .gov, which is mixed"
raw_milk,neutral,unpasteurized milk research,1,1,https://pmc.ncbi.nlm.nih.gov/articles/PMC4890836/,pmc.ncbi.nlm.nih.gov,Raw Milk Consumption: Risks and Benefits - PMC,2026-05-09 19:20:07,mixed,"domain pmc.ncbi.nlm.nih.gov contains .gov, which is mixed"
raw_milk,neutral,unpasteurized milk research,1,3,https://www.fda.gov/food/buy-store-serve-safe-food/raw-milk-misconceptions-and-danger-raw-milk-consumption,fda.gov,Raw Milk Misconceptions and the Danger of ...,2026-05-09 19:20:08,mixed,"domain fda.gov contains .gov, which is mixed"
raw_milk,neutral,unpasteurized milk research,1,10,https://www.cdc.gov/food-safety/foods/raw-milk.html,cdc.gov,Raw Milk | Food Safety,2026-05-09 19:20:12,mixed,"domain cdc.gov contains .gov, which is mixed"
raw_milk,neutral,unpasteurized milk research,2,1,https://pmc.ncbi.nlm.nih.gov/articles/PMC2575230/,pmc.ncbi.nlm.nih.gov,Unpasteurized Milk Consumption and Subsequent Risk of ...,2026-05-09 19:20:18,mixed,"domain pmc.ncbi.nlm.nih.gov contains .gov, which is mixed"
raw_milk,neutral,unpasteurized milk research,2,7,https://www.fda.gov/food/buy-store-serve-safe-food/dangers-raw-milk-unpasteurized-milk-can-pose-serious-health-risk,fda.gov,Unpasteurized Milk Can Pose a Serious Health Risk,2026-05-09 19:20:20,mixed,"domain fda.gov contains .gov, which is mixed"
raw_milk,slanted,raw milk food poisoning,1,1,https://www.cdc.gov/food-safety/foods/raw-milk.html,cdc.gov,Raw Milk | Food Safety,2026-05-09 19:20:42,mixed,"domain cdc.gov contains .gov, which is mixed"
raw_milk,slanted,raw milk food poisoning,1,2,https://www.fda.gov/food/buy-store-serve-safe-food/dangers-raw-milk-unpasteurized-milk-can-pose-serious-health-risk,fda.gov,Unpasteurized Milk Can Pose a Serious Health Risk,2026-05-09 19:20:54,mixed,"domain fda.gov contains .gov, which is mixed"
raw_milk,slanted,raw milk food poisoning,1,3,https://pmc.ncbi.nlm.nih.gov/articles/PMC9987020/,pmc.ncbi.nlm.nih.gov,Foodborne illness outbreaks linked to unpasteurised milk and ...,2026-05-09 19:20:54,mixed,"domain pmc.ncbi.nlm.nih.gov contains .gov, which is mixed"
raw_milk,slanted,raw milk food poisoning,2,6,https://pmc.ncbi.nlm.nih.gov/articles/PMC5443421/,pmc.ncbi.nlm.nih.gov,Outbreak-Related Disease Burden Associated with ... - PMC,2026-05-09 19:21:09,mixed,"domain pmc.ncbi.nlm.nih.gov contains .gov, which is mixed"
raw_milk,slanted,raw milk food poisoning,2,8,https://www.health.ny.gov/diseases/communicable/raw_milk_related/dangers_of_drinking_raw_milk.htm,health.ny.gov,The Dangers of Drinking Raw Milk,2026-05-09 19:21:10,mixed,"domain health.ny.gov contains .gov, which is mixed"
raw_milk,slanted,raw milk food poisoning,2,10,https://doh.wa.gov/you-and-your-family/food-safety/raw-milk,doh.wa.gov,Raw Milk,2026-05-09 19:21:11,mixed,"domain doh.wa.gov contains .gov, which is mixed"
raw_milk,slanted,raw milk food poisoning,3,1,https://www.health.ny.gov/diseases/communicable/raw_milk_related/dangers_of_drinking_raw_milk.htm,health.ny.gov,The Dangers of Drinking Raw Milk,2026-05-09 19:21:17,mixed,"domain health.ny.gov contains .gov, which is mixed"
soy,neutral,soy health effects,1,1,https://pmc.ncbi.nlm.nih.gov/articles/PMC9410752/,pmc.ncbi.nlm.nih.gov,The health effects of soy: A reference guide for ... - PMC - NIH,2026-05-09 19:21:36,mixed,"domain pmc.ncbi.nlm.nih.gov contains .gov, which is mixed"
soy,neutral,soy health effects,2,8,https://pmc.ncbi.nlm.nih.gov/articles/PMC6893684/,pmc.ncbi.nlm.nih.gov,The Effects of Soy and its Components on Risk Factors ... - PMC,2026-05-09 19:22:12,mixed,"domain pmc.ncbi.nlm.nih.gov contains .gov, which is mixed"
soy,neutral,soy health effects,3,6,https://medlineplus.gov/ency/article/007204.htm,medlineplus.gov,Soy: MedlinePlus Medical Encyclopedia,2026-05-09 19:22:20,mixed,"domain medlineplus.gov contains .gov, which is mixed"
soy,slanted,soy estrogen effects,1,1,https://pubmed.ncbi.nlm.nih.gov/11880595/,pubmed.ncbi.nlm.nih.gov,Hormonal effects of soy in premenopausal women and men,2026-05-09 19:22:33,mixed,"domain pubmed.ncbi.nlm.nih.gov contains .gov, which is mixed"
soy,slanted,soy estrogen effects,2,3,https://pubmed.ncbi.nlm.nih.gov/39433088/,pubmed.ncbi.nlm.nih.gov,Effect of Soy Isoflavones on Measures of Estrogenicity,2026-05-09 19:24:59,mixed,"domain pubmed.ncbi.nlm.nih.gov contains .gov, which is mixed"
soy,slanted,soy estrogen effects,3,8,https://pmc.ncbi.nlm.nih.gov/articles/PMC11784794/,pmc.ncbi.nlm.nih.gov,Effect of Soy Isoflavones on Measures of Estrogenicity - PMC,2026-05-09 19:25:11,mixed,"domain pmc.ncbi.nlm.nih.gov contains .gov, which is mixed"
soy,neutral,tofu nutrition research,1,3,https://pmc.ncbi.nlm.nih.gov/articles/PMC9410752/,pmc.ncbi.nlm.nih.gov,The health effects of soy: A reference guide for ... - PMC - NIH,2026-05-09 19:25:29,mixed,"domain pmc.ncbi.nlm.nih.gov contains .gov, which is mixed"
soy,neutral,tofu nutrition research,3,3,https://pmc.ncbi.nlm.nih.gov/articles/PMC9824620/,pmc.ncbi.nlm.nih.gov,Effect of 4-Week Consumption of Soy Kori-tofu on ... - PMC,2026-05-09 19:25:51,mixed,"domain pmc.ncbi.nlm.nih.gov contains .gov, which is mixed"
soy,slanted,soy thyroid problems,1,2,https://pubmed.ncbi.nlm.nih.gov/16571087/,pubmed.ncbi.nlm.nih.gov,Effects of soy protein and soybean isoflavones on thyroid ...,2026-05-09 19:26:04,mixed,"domain pubmed.ncbi.nlm.nih.gov contains .gov, which is mixed"
soy,slanted,soy thyroid problems,3,3,https://pubmed.ncbi.nlm.nih.gov/30850697/,pubmed.ncbi.nlm.nih.gov,Systematic Review and Meta-analysis on the Effect of Soy ...,2026-05-09 19:26:34,mixed,"domain pubmed.ncbi.nlm.nih.gov contains .gov, which is mixed"
soy,neutral,soy protein safety,1,1,https://pmc.ncbi.nlm.nih.gov/articles/PMC9410752/,pmc.ncbi.nlm.nih.gov,The health effects of soy: A reference guide for ... - PMC - NIH,2026-05-09 19:26:53,mixed,"domain pmc.ncbi.nlm.nih.gov contains .gov, which is mixed"
soy,neutral,soy protein safety,1,6,https://www.nccih.nih.gov/health/soy,nccih.nih.gov,Soy: Usefulness and Safety | NCCIH,2026-05-09 19:27:02,mixed,"domain nccih.nih.gov contains .gov, which is mixed"
soy,slanted,gmo soy dangers,1,2,https://pmc.ncbi.nlm.nih.gov/articles/PMC11637389/,pmc.ncbi.nlm.nih.gov,Effects of genetically modified soybean on physiological ...,2026-05-09 19:27:40,mixed,"domain pmc.ncbi.nlm.nih.gov contains .gov, which is mixed"
soy,slanted,gmo soy dangers,1,9,https://www.fda.gov/media/135280/download,fda.gov,GMOs and your health,2026-05-09 19:27:51,mixed,"domain fda.gov contains .gov, which is mixed"
soy,slanted,gmo soy dangers,2,5,https://pmc.ncbi.nlm.nih.gov/articles/PMC9410752/,pmc.ncbi.nlm.nih.gov,The health effects of soy: A reference guide for ... - PMC - NIH,2026-05-09 19:27:59,mixed,"domain pmc.ncbi.nlm.nih.gov contains .gov, which is mixed"
dairy,neutral,dairy calcium consumptin facts,1,1,https://ods.od.nih.gov/factsheets/Calcium-HealthProfessional/,ods.od.nih.gov,Calcium - Health Professional Fact Sheet,2026-05-09 19:28:25,mixed,"domain ods.od.nih.gov contains .gov, which is mixed"
dairy,neutral,dairy calcium consumptin facts,2,1,https://pmc.ncbi.nlm.nih.gov/articles/PMC10521993/,pmc.ncbi.nlm.nih.gov,Investigating Knowledge on Calcium and Preferences for ...,2026-05-09 19:28:35,mixed,"domain pmc.ncbi.nlm.nih.gov contains .gov, which is mixed"
dairy,slanted,milk hormone concerns,1,1,https://pmc.ncbi.nlm.nih.gov/articles/PMC4524299/,pmc.ncbi.nlm.nih.gov,Hormones in Dairy Foods and Their Impact on Public Health,2026-05-09 19:28:59,mixed,"domain pmc.ncbi.nlm.nih.gov contains .gov, which is mixed"
dairy,neutral,cheese nutrition research,1,1,https://pmc.ncbi.nlm.nih.gov/articles/PMC10509445/,pmc.ncbi.nlm.nih.gov,Cheese consumption and multiple health outcomes - PMC - NIH,2026-05-09 19:29:52,mixed,"domain pmc.ncbi.nlm.nih.gov contains .gov, which is mixed"
dairy,neutral,cheese nutrition research,3,5,https://pmc.ncbi.nlm.nih.gov/articles/PMC12531155/,pmc.ncbi.nlm.nih.gov,Cheese: mere indulgence or part of a healthy diet? - PMC,2026-05-09 19:30:14,mixed,"domain pmc.ncbi.nlm.nih.gov contains .gov, which is mixed"
dairy,slanted,dairy lactose intolerance,1,6,https://www.ncbi.nlm.nih.gov/books/NBK532285/,ncbi.nlm.nih.gov,Lactose Intolerance - StatPearls - NCBI Bookshelf,2026-05-09 19:30:43,mixed,"domain ncbi.nlm.nih.gov contains .gov, which is mixed"
dairy,slanted,dairy lactose intolerance,3,6,https://medlineplus.gov/genetics/condition/lactose-intolerance/,medlineplus.gov,Lactose intolerance - Genetics,2026-05-09 19:31:02,mixed,"domain medlineplus.gov contains .gov, which is mixed"
dairy,neutral,yogurt probiotic health impact,1,1,https://pmc.ncbi.nlm.nih.gov/articles/PMC9455928/,pmc.ncbi.nlm.nih.gov,Beneficial Effects of Yoghurts and Probiotic Fermented Milks ...,2026-05-09 19:31:20,mixed,"domain pmc.ncbi.nlm.nih.gov contains .gov, which is mixed"
dairy,neutral,yogurt probiotic health impact,2,6,https://pmc.ncbi.nlm.nih.gov/articles/PMC8812230/,pmc.ncbi.nlm.nih.gov,Yoghurt consumption is associated with changes in the ... - PMC,2026-05-09 19:31:43,mixed,"domain pmc.ncbi.nlm.nih.gov contains .gov, which is mixed"
dairy,slanted,raw dairy risks,1,1,https://www.cdc.gov/food-safety/foods/raw-milk.html,cdc.gov,Raw Milk | Food Safety,2026-05-09 19:32:05,mixed,"domain cdc.gov contains .gov, which is mixed"
dairy,slanted,raw dairy risks,1,2,https://www.fda.gov/food/buy-store-serve-safe-food/dangers-raw-milk-unpasteurized-milk-can-pose-serious-health-risk,fda.gov,Unpasteurized Milk Can Pose a Serious Health Risk,2026-05-09 19:32:11,mixed,"domain fda.gov contains .gov, which is mixed"
dairy,slanted,raw dairy risks,1,3,https://pmc.ncbi.nlm.nih.gov/articles/PMC10919754/,pmc.ncbi.nlm.nih.gov,Public health risks of raw milk consumption - PMC,2026-05-09 19:32:12,mixed,"domain pmc.ncbi.nlm.nih.gov contains .gov, which is mixed"
dairy,slanted,raw dairy risks,1,7,https://www.health.ny.gov/diseases/communicable/raw_milk_related/dangers_of_drinking_raw_milk.htm,health.ny.gov,The Dangers of Drinking Raw Milk,2026-05-09 19:32:14,mixed,"domain health.ny.gov contains .gov, which is mixed"
dairy,slanted,raw dairy risks,1,9,https://www.cdph.ca.gov/Programs/CID/DCDC/Pages/RawMilkandRawDairyProducts.aspx,cdph.ca.gov,Raw Milk and Raw Dairy Products - CDPH - CA.gov,2026-05-09 19:32:16,mixed,"domain cdph.ca.gov contains .gov, which is mixed"
dairy,slanted,raw dairy risks,2,1,https://www.fda.gov/food/buy-store-serve-safe-food/raw-milk-misconceptions-and-danger-raw-milk-consumption,fda.gov,Raw Milk Misconceptions and the Danger of ...,2026-05-09 19:32:23,mixed,"domain fda.gov contains .gov, which is mixed"
dairy,slanted,raw dairy risks,2,8,https://pmc.ncbi.nlm.nih.gov/articles/PMC4890836/,pmc.ncbi.nlm.nih.gov,Raw Milk Consumption: Risks and Benefits - PMC,2026-05-09 19:32:25,mixed,"domain pmc.ncbi.nlm.nih.gov contains .gov, which is mixed"
eggs,neutral,egg cholesterol safety,1,3,https://pmc.ncbi.nlm.nih.gov/articles/PMC10304460/,pmc.ncbi.nlm.nih.gov,Eggs: Healthy or Risky? A Review of Evidence from High ...,2026-05-09 19:32:57,mixed,"domain pmc.ncbi.nlm.nih.gov contains .gov, which is mixed"
eggs,neutral,egg cholesterol safety,3,8,https://pmc.ncbi.nlm.nih.gov/articles/PMC8174346/,pmc.ncbi.nlm.nih.gov,Cardiovascular Harm From Egg Yolk and Meat - PMC - NIH,2026-05-09 19:33:19,mixed,"domain pmc.ncbi.nlm.nih.gov contains .gov, which is mixed"
eggs,slanted,egg heart disease risk,1,1,https://pmc.ncbi.nlm.nih.gov/articles/PMC10285014/,pmc.ncbi.nlm.nih.gov,Eggs and Cardiovascular Disease Risk: An Update of Recent ...,2026-05-09 19:33:31,mixed,"domain pmc.ncbi.nlm.nih.gov contains .gov, which is mixed"
eggs,slanted,egg heart disease risk,2,9,https://pmc.ncbi.nlm.nih.gov/articles/PMC11161868/,pmc.ncbi.nlm.nih.gov,Debunking the Myth: Eggs and Heart Disease - PMC,2026-05-09 19:33:53,mixed,"domain pmc.ncbi.nlm.nih.gov contains .gov, which is mixed"
eggs,neutral,egg protein consumption,1,3,https://pmc.ncbi.nlm.nih.gov/articles/PMC10304460/,pmc.ncbi.nlm.nih.gov,Eggs: Healthy or Risky? A Review of Evidence from High ...,2026-05-09 19:34:41,mixed,"domain pmc.ncbi.nlm.nih.gov contains .gov, which is mixed"
eggs,neutral,egg protein consumption,2,9,https://pmc.ncbi.nlm.nih.gov/articles/PMC9316657/,pmc.ncbi.nlm.nih.gov,The Health Benefits of Egg Protein - PMC - NIH,2026-05-09 19:34:54,mixed,"domain pmc.ncbi.nlm.nih.gov contains .gov, which is mixed"
eggs,slanted,salmonella egg dangers,1,1,https://www.foodsafety.gov/blog/salmonella-and-eggs,foodsafety.gov,Salmonella and Eggs,2026-05-09 19:35:15,mixed,"domain foodsafety.gov contains .gov, which is mixed"
eggs,slanted,salmonella egg dangers,1,2,https://www.fda.gov/food/buy-store-serve-safe-food/what-you-need-know-about-egg-safety,fda.gov,What You Need to Know About Egg Safety,2026-05-09 19:35:20,mixed,"domain fda.gov contains .gov, which is mixed"
eggs,slanted,salmonella egg dangers,1,5,https://pmc.ncbi.nlm.nih.gov/articles/PMC10640929/,pmc.ncbi.nlm.nih.gov,Quantitative risk assessment of foodborne Salmonella illness ...,2026-05-09 19:35:22,mixed,"domain pmc.ncbi.nlm.nih.gov contains .gov, which is mixed"
eggs,slanted,salmonella egg dangers,3,1,https://www.cdc.gov/media/releases/2025/2025-nearly-100-people-sick-in-salmonella-outbreak-linked-to-recalled-eggs.html,cdc.gov,Nearly 100 people sick in Salmonella outbreak linked to ...,2026-05-09 19:35:41,mixed,"domain cdc.gov contains .gov, which is mixed"
eggs,slanted,salmonella egg dangers,3,8,http://www.fsis.usda.gov/food-safety/safe-food-handling-and-preparation/eggs/shell-eggs-farm-table,fsis.usda.gov,Shell Eggs from Farm to Table,2026-05-09 19:35:43,mixed,"domain fsis.usda.gov contains .gov, which is mixed"
eggs,neutral,pasteurized eggs research,1,2,https://pmc.ncbi.nlm.nih.gov/articles/PMC9163139/,pmc.ncbi.nlm.nih.gov,A comparative study of unpasteurized and pasteurized frozen ...,2026-05-09 19:36:00,mixed,"domain pmc.ncbi.nlm.nih.gov contains .gov, which is mixed"
eggs,neutral,pasteurized eggs research,1,5,https://www.ars.usda.gov/news-events/news/research-news/2017/a-better-way-to-pasteurize-eggs/,ars.usda.gov,A Better Way to Pasteurize Eggs,2026-05-09 19:36:02,mixed,"domain ars.usda.gov contains .gov, which is mixed"
eggs,neutral,pasteurized eggs research,2,1,https://www.cdc.gov/restaurant-food-safety/php/practices/egg-preparation.html,cdc.gov,Egg Preparation | Restaurant Food Safety,2026-05-09 19:36:11,mixed,"domain cdc.gov contains .gov, which is mixed"
eggs,neutral,pasteurized eggs research,2,3,https://www.fda.gov/food/buy-store-serve-safe-food/what-you-need-know-about-egg-safety,fda.gov,What You Need to Know About Egg Safety,2026-05-09 19:36:12,mixed,"domain fda.gov contains .gov, which is mixed"
eggs,neutral,pasteurized eggs research,2,5,https://pubmed.ncbi.nlm.nih.gov/36537903/,pubmed.ncbi.nlm.nih.gov,A review on egg pasteurization and disinfection,2026-05-09 19:36:13,mixed,"domain pubmed.ncbi.nlm.nih.gov contains .gov, which is mixed"
eggs,slanted,raw egg safety,1,1,https://www.fda.gov/food/buy-store-serve-safe-food/what-you-need-know-about-egg-safety,fda.gov,What You Need to Know About Egg Safety,2026-05-09 19:36:35,mixed,"domain fda.gov contains .gov, which is mixed"
eggs,slanted,raw egg safety,2,4,http://www.fsis.usda.gov/food-safety/safe-food-handling-and-preparation/eggs/shell-eggs-farm-table,fsis.usda.gov,Shell Eggs from Farm to Table | Food Safety and Inspection ...,2026-05-09 19:37:03,mixed,"domain fsis.usda.gov contains .gov, which is mixed"
eggs,slanted,raw egg safety,3,4,https://www.foodsafety.gov/blog/salmonella-and-eggs,foodsafety.gov,Salmonella and Eggs,2026-05-09 19:37:11,mixed,"domain foodsafety.gov contains .gov, which is mixed"
sugar,neutral,sugar consumption effects,1,3,https://pmc.ncbi.nlm.nih.gov/articles/PMC9323357/,pmc.ncbi.nlm.nih.gov,"A High-Sugar Diet Consumption, Metabolism and Health ...",2026-05-09 19:37:31,mixed,"domain pmc.ncbi.nlm.nih.gov contains .gov, which is mixed"
sugar,neutral,sugar consumption effects,1,4,https://www.cdc.gov/nutrition/php/data-research/added-sugars.html,cdc.gov,Get the Facts: Added Sugars | Nutrition,2026-05-09 19:37:36,mixed,"domain cdc.gov contains .gov, which is mixed"
sugar,neutral,sugar consumption effects,2,9,https://pmc.ncbi.nlm.nih.gov/articles/PMC9471313/,pmc.ncbi.nlm.nih.gov,Excessive intake of sugar: An accomplice of inflammation - PMC,2026-05-09 19:37:53,mixed,"domain pmc.ncbi.nlm.nih.gov contains .gov, which is mixed"
sugar,neutral,sugar consumption effects,3,4,https://www.ars.usda.gov/plains-area/gfnd/gfhnrc/docs/news-articles/2012/the-question-of-sugar/,ars.usda.gov,The Question of Sugar,2026-05-09 19:38:02,mixed,"domain ars.usda.gov contains .gov, which is mixed"
sugar,slanted,sugar addiction risks,1,1,https://pmc.ncbi.nlm.nih.gov/articles/PMC12257121/,pmc.ncbi.nlm.nih.gov,About Sugar Addiction - PMC,2026-05-09 19:38:14,mixed,"domain pmc.ncbi.nlm.nih.gov contains .gov, which is mixed"
sugar,slanted,sugar addiction risks,2,2,https://pmc.ncbi.nlm.nih.gov/articles/PMC2235907/,pmc.ncbi.nlm.nih.gov,Evidence for sugar addiction: Behavioral and neurochemical ...,2026-05-09 19:38:33,mixed,"domain pmc.ncbi.nlm.nih.gov contains .gov, which is mixed"
sugar,neutral,added sugar guidelines,1,1,https://www.cdc.gov/nutrition/php/data-research/added-sugars.html,cdc.gov,Get the Facts: Added Sugars | Nutrition,2026-05-09 19:39:01,mixed,"domain cdc.gov contains .gov, which is mixed"
sugar,neutral,added sugar guidelines,1,6,https://www.fda.gov/food/nutrition-facts-label/added-sugars-nutrition-facts-label,fda.gov,Added Sugars on the Nutrition Facts Label,2026-05-09 19:39:05,mixed,"domain fda.gov contains .gov, which is mixed"
sugar,neutral,added sugar guidelines,1,9,https://www.dietaryguidelines.gov/sites/default/files/2021-11/DGA_FactSheet_AddedSugars_2021-06_508c.pdf,dietaryguidelines.gov,Cut Down on Added Sugars,2026-05-09 19:39:11,mixed,"domain dietaryguidelines.gov contains .gov, which is mixed"
sugar,neutral,added sugar guidelines,1,10,https://www.ncbi.nlm.nih.gov/books/NBK285538/,ncbi.nlm.nih.gov,Guideline: Sugars Intake for Adults and Children - NCBI - NIH,2026-05-09 19:39:12,mixed,"domain ncbi.nlm.nih.gov contains .gov, which is mixed"
sugar,neutral,added sugar guidelines,2,3,https://health.gov/dietaryguidelines/2015/resources/dga_cut-down-on-added-sugars.pdf,health.gov,Cut Down on Added Sugars,2026-05-09 19:39:18,mixed,"domain health.gov contains .gov, which is mixed"
sugar,neutral,added sugar guidelines,2,7,https://www.fns.usda.gov/cn/school-nutrition-standards-updates/added-sugars,fns.usda.gov,Added Sugars | Food and Nutrition Service,2026-05-09 19:39:19,mixed,"domain fns.usda.gov contains .gov, which is mixed"
sugar,neutral,added sugar guidelines,3,3,https://pmc.ncbi.nlm.nih.gov/articles/PMC4425178/,pmc.ncbi.nlm.nih.gov,"Total, Added, and Free Sugars: Are Restrictive Guidelines ...",2026-05-09 19:39:27,mixed,"domain pmc.ncbi.nlm.nih.gov contains .gov, which is mixed"
sugar,slanted,high fructose corn syrup dangers,1,3,https://pmc.ncbi.nlm.nih.gov/articles/PMC6549781/,pmc.ncbi.nlm.nih.gov,The negative and detrimental effects of high fructose on ... - PMC,2026-05-09 19:39:48,mixed,"domain pmc.ncbi.nlm.nih.gov contains .gov, which is mixed"
sugar,slanted,high fructose corn syrup dangers,1,6,https://pmc.ncbi.nlm.nih.gov/articles/PMC3526242/,pmc.ncbi.nlm.nih.gov,Potential Health Risks From Beverages Containing Fructose ...,2026-05-09 19:40:03,mixed,"domain pmc.ncbi.nlm.nih.gov contains .gov, which is mixed"
sugar,slanted,high fructose corn syrup dangers,2,2,https://www.fda.gov/food/food-additives-petitions/high-fructose-corn-syrup-questions-and-answers,fda.gov,High Fructose Corn Syrup Questions and Answers,2026-05-09 19:40:12,mixed,"domain fda.gov contains .gov, which is mixed"
sugar,neutral,natural sugar vs processed,1,5,https://pmc.ncbi.nlm.nih.gov/articles/PMC11329689/,pmc.ncbi.nlm.nih.gov,Are all sugars equal? Role of the food source in physiological ...,2026-05-09 19:41:22,mixed,"domain pmc.ncbi.nlm.nih.gov contains .gov, which is mixed"
sugar,slanted,artificial sweeteners cancer,1,1,https://www.cancer.gov/about-cancer/causes-prevention/risk/diet/artificial-sweeteners-fact-sheet,cancer.gov,Artificial Sweeteners and Cancer - NCI,2026-05-09 19:42:09,mixed,"domain cancer.gov contains .gov, which is mixed"
sugar,slanted,artificial sweeteners cancer,1,2,https://pmc.ncbi.nlm.nih.gov/articles/PMC8946744/,pmc.ncbi.nlm.nih.gov,Artificial sweeteners and cancer risk: Results from the NutriNet ...,2026-05-09 19:42:15,mixed,"domain pmc.ncbi.nlm.nih.gov contains .gov, which is mixed"
sugar,slanted,artificial sweeteners cancer,1,7,https://www.fda.gov/food/food-additives-petitions/aspartame-and-other-sweeteners-food,fda.gov,Aspartame and Other Sweeteners in Food,2026-05-09 19:42:25,mixed,"domain fda.gov contains .gov, which is mixed"
sugar,slanted,artificial sweeteners cancer,2,7,https://pmc.ncbi.nlm.nih.gov/articles/PMC10822749/,pmc.ncbi.nlm.nih.gov,The Impact of Artificial Sweeteners on Human Health and ...,2026-05-09 19:42:34,mixed,"domain pmc.ncbi.nlm.nih.gov contains .gov, which is mixed"
salt,neutral,sodium intake guidelines,1,4,https://pmc.ncbi.nlm.nih.gov/articles/PMC8468043/,pmc.ncbi.nlm.nih.gov,Sodium Intake and Health: What Should We Recommend ...,2026-05-09 19:43:19,mixed,"domain pmc.ncbi.nlm.nih.gov contains .gov, which is mixed"
salt,neutral,sodium intake guidelines,1,6,https://www.fda.gov/food/nutrition-education-resources-materials/sodium-your-diet,fda.gov,Sodium in Your Diet,2026-05-09 19:43:26,mixed,"domain fda.gov contains .gov, which is mixed"
salt,neutral,sodium intake guidelines,1,7,https://www.cdc.gov/salt/about/index.html,cdc.gov,About Sodium and Health | Salt,2026-05-09 19:43:27,mixed,"domain cdc.gov contains .gov, which is mixed"
salt,neutral,sodium intake guidelines,2,8,https://pmc.ncbi.nlm.nih.gov/articles/PMC4312143/,pmc.ncbi.nlm.nih.gov,Controversial sodium guidelines: Scientific solution or ... - PMC,2026-05-09 19:43:37,mixed,"domain pmc.ncbi.nlm.nih.gov contains .gov, which is mixed"
salt,slanted,salt hypertension risk,1,1,https://pmc.ncbi.nlm.nih.gov/articles/PMC6770596/,pmc.ncbi.nlm.nih.gov,Sodium Intake and Hypertension - PMC - NIH,2026-05-09 19:43:58,mixed,"domain pmc.ncbi.nlm.nih.gov contains .gov, which is mixed"
salt,slanted,salt hypertension risk,1,6,https://www.cdc.gov/salt/sodium-potassium-health/index.html,cdc.gov,Effects of Sodium and Potassium | Salt,2026-05-09 19:44:01,mixed,"domain cdc.gov contains .gov, which is mixed"
salt,slanted,salt hypertension risk,2,4,https://pmc.ncbi.nlm.nih.gov/articles/PMC4535281/,pmc.ncbi.nlm.nih.gov,"Salt, blood pressure and cardiovascular risk: what is the most ...",2026-05-09 19:44:11,mixed,"domain pmc.ncbi.nlm.nih.gov contains .gov, which is mixed"
salt,slanted,salt hypertension risk,2,9,https://www.cdc.gov/salt/about/index.html,cdc.gov,About Sodium and Health | Salt,2026-05-09 19:44:13,mixed,"domain cdc.gov contains .gov, which is mixed"
salt,neutral,iodized salt diet,1,5,https://ods.od.nih.gov/factsheets/Iodine-HealthProfessional/,ods.od.nih.gov,Iodine - Health Professional Fact Sheet,2026-05-09 19:44:48,mixed,"domain ods.od.nih.gov contains .gov, which is mixed"
salt,neutral,iodized salt diet,2,7,https://pmc.ncbi.nlm.nih.gov/articles/PMC9531348/,pmc.ncbi.nlm.nih.gov,Knowledge and awareness about and use of iodised salt ...,2026-05-09 19:45:11,mixed,"domain pmc.ncbi.nlm.nih.gov contains .gov, which is mixed"
salt,slanted,sea salt heavy metals,2,2,https://pubmed.ncbi.nlm.nih.gov/39873872/,pubmed.ncbi.nlm.nih.gov,Toxic metal contamination in edible salts and its attributed ...,2026-05-09 19:46:52,mixed,"domain pubmed.ncbi.nlm.nih.gov contains .gov, which is mixed"
salt,neutral,low sodium diet research,1,1,https://pmc.ncbi.nlm.nih.gov/articles/PMC4953267/,pmc.ncbi.nlm.nih.gov,The health impacts of dietary sodium and a low-salt diet - PMC,2026-05-09 19:47:19,mixed,"domain pmc.ncbi.nlm.nih.gov contains .gov, which is mixed"
salt,neutral,low sodium diet research,1,3,https://pmc.ncbi.nlm.nih.gov/articles/PMC4816261/,pmc.ncbi.nlm.nih.gov,Effect of lower sodium intake on health: systematic review and ...,2026-05-09 19:47:21,mixed,"domain pmc.ncbi.nlm.nih.gov contains .gov, which is mixed"
salt,neutral,low sodium diet research,2,4,https://www.fda.gov/food/nutrition-education-resources-materials/sodium-your-diet,fda.gov,Sodium in Your Diet,2026-05-09 19:47:33,mixed,"domain fda.gov contains .gov, which is mixed"
salt,neutral,low sodium diet research,3,9,https://pmc.ncbi.nlm.nih.gov/articles/PMC7278848/,pmc.ncbi.nlm.nih.gov,"Effects of Sodium Reduction on Energy Metabolism, Weight ...",2026-05-09 19:47:44,mixed,"domain pmc.ncbi.nlm.nih.gov contains .gov, which is mixed"
salt,slanted,salt heart disease,1,2,https://pmc.ncbi.nlm.nih.gov/articles/PMC9504547/,pmc.ncbi.nlm.nih.gov,"Salt, Not Always a Cardiovascular Enemy? A Mini-Review and ...",2026-05-09 19:47:57,mixed,"domain pmc.ncbi.nlm.nih.gov contains .gov, which is mixed"
salt,slanted,salt heart disease,1,8,https://www.cdc.gov/salt/about/index.html,cdc.gov,About Sodium and Health | Salt,2026-05-09 19:48:06,mixed,"domain cdc.gov contains .gov, which is mixed"
salt,slanted,salt heart disease,3,6,https://pubmed.ncbi.nlm.nih.gov/41243115/,pubmed.ncbi.nlm.nih.gov,Dietary salt intake and cardiovascular outcomes,2026-05-09 19:48:27,mixed,"domain pubmed.ncbi.nlm.nih.gov contains .gov, which is mixed"
caffeine,neutral,caffeine health impact,1,2,https://pmc.ncbi.nlm.nih.gov/articles/PMC8467199/,pmc.ncbi.nlm.nih.gov,Caffeine as a Factor Influencing the Functioning of the Human ...,2026-05-09 19:48:45,mixed,"domain pmc.ncbi.nlm.nih.gov contains .gov, which is mixed"
caffeine,neutral,caffeine health impact,1,4,https://www.fda.gov/consumers/consumer-updates/spilling-beans-how-much-caffeine-too-much,fda.gov,Spilling the Beans: How Much Caffeine is Too Much?,2026-05-09 19:48:51,mixed,"domain fda.gov contains .gov, which is mixed"
caffeine,neutral,caffeine health impact,1,10,https://pmc.ncbi.nlm.nih.gov/articles/PMC12269801/,pmc.ncbi.nlm.nih.gov,"Caffeine Consumption Patterns, Health Impacts, and Media ...",2026-05-09 19:48:55,mixed,"domain pmc.ncbi.nlm.nih.gov contains .gov, which is mixed"
caffeine,neutral,caffeine health impact,3,6,https://medlineplus.gov/caffeine.html,medlineplus.gov,Caffeine,2026-05-09 19:49:11,mixed,"domain medlineplus.gov contains .gov, which is mixed"
caffeine,neutral,caffeine health impact,3,8,https://www.ncbi.nlm.nih.gov/books/NBK202225/,ncbi.nlm.nih.gov,Caffeine Effects on the Central Nervous System and ... - NCBI,2026-05-09 19:49:12,mixed,"domain ncbi.nlm.nih.gov contains .gov, which is mixed"
caffeine,slanted,caffeine anxiety risks,1,1,https://pmc.ncbi.nlm.nih.gov/articles/PMC10867825/,pmc.ncbi.nlm.nih.gov,Caffeine intake and anxiety: a meta-analysis - PMC,2026-05-09 19:49:24,mixed,"domain pmc.ncbi.nlm.nih.gov contains .gov, which is mixed"
caffeine,slanted,caffeine anxiety risks,2,3,https://www.fda.gov/consumers/consumer-updates/spilling-beans-how-much-caffeine-too-much,fda.gov,Spilling the Beans: How Much Caffeine is Too Much?,2026-05-09 19:49:47,mixed,"domain fda.gov contains .gov, which is mixed"
caffeine,slanted,caffeine anxiety risks,3,2,https://pmc.ncbi.nlm.nih.gov/articles/PMC7601837/,pmc.ncbi.nlm.nih.gov,Effect of Caffeine Consumption on the Risk for Neurological ...,2026-05-09 19:49:56,mixed,"domain pmc.ncbi.nlm.nih.gov contains .gov, which is mixed"
caffeine,neutral,coffee antioxidant research,1,2,https://pmc.ncbi.nlm.nih.gov/articles/PMC4665516/,pmc.ncbi.nlm.nih.gov,Antioxidant and Antiradical Activity of Coffee - PMC - NIH,2026-05-09 19:50:15,mixed,"domain pmc.ncbi.nlm.nih.gov contains .gov, which is mixed"
caffeine,neutral,coffee antioxidant research,1,7,https://pmc.ncbi.nlm.nih.gov/articles/PMC6270823/,pmc.ncbi.nlm.nih.gov,Antioxidant Property of Coffee Components - PMC - NIH,2026-05-09 19:51:28,mixed,"domain pmc.ncbi.nlm.nih.gov contains .gov, which is mixed"
caffeine,slanted,energy drink dangers,1,1,https://pmc.ncbi.nlm.nih.gov/articles/PMC10535526/,pmc.ncbi.nlm.nih.gov,The Dark Side of Energy Drinks: A Comprehensive Review of ...,2026-05-09 19:52:02,mixed,"domain pmc.ncbi.nlm.nih.gov contains .gov, which is mixed"
caffeine,slanted,energy drink dangers,1,3,https://www.cdc.gov/school-nutrition/energy-drinks/index.html,cdc.gov,The Buzz on Energy Drinks | School Nutrition,2026-05-09 19:52:11,mixed,"domain cdc.gov contains .gov, which is mixed"
caffeine,slanted,energy drink dangers,2,9,https://www.fda.gov/consumers/consumer-updates/spilling-beans-how-much-caffeine-too-much,fda.gov,Spilling the Beans: How Much Caffeine is Too Much?,2026-05-09 19:52:47,mixed,"domain fda.gov contains .gov, which is mixed"
caffeine,slanted,energy drink dangers,2,10,https://pmc.ncbi.nlm.nih.gov/articles/PMC8083152/,pmc.ncbi.nlm.nih.gov,Energy Drinks and Their Adverse Health Effects - PMC - NIH,2026-05-09 19:52:48,mixed,"domain pmc.ncbi.nlm.nih.gov contains .gov, which is mixed"
caffeine,neutral,tea health effects,1,3,https://pmc.ncbi.nlm.nih.gov/articles/PMC4055352/,pmc.ncbi.nlm.nih.gov,Tea and Health: Studies in Humans - PMC,2026-05-09 19:53:20,mixed,"domain pmc.ncbi.nlm.nih.gov contains .gov, which is mixed"
caffeine,neutral,tea health effects,2,2,https://pubmed.ncbi.nlm.nih.gov/24915350/,pubmed.ncbi.nlm.nih.gov,Tea and its consumption: benefits and risks,2026-05-09 19:53:33,mixed,"domain pubmed.ncbi.nlm.nih.gov contains .gov, which is mixed"
caffeine,slanted,caffeine addiction,1,2,https://pmc.ncbi.nlm.nih.gov/articles/PMC3777290/,pmc.ncbi.nlm.nih.gov,Caffeine Use Disorder: A Comprehensive Review and ... - PMC,2026-05-09 19:54:03,mixed,"domain pmc.ncbi.nlm.nih.gov contains .gov, which is mixed"
caffeine,slanted,caffeine addiction,2,6,https://pmc.ncbi.nlm.nih.gov/articles/PMC4115451/,pmc.ncbi.nlm.nih.gov,Caffeine Use Disorder: A Review of the Evidence and Future ...,2026-05-09 19:54:22,mixed,"domain pmc.ncbi.nlm.nih.gov contains .gov, which is mixed"
alcohol,neutral,moderate alcohol consumption health impact,1,2,https://pmc.ncbi.nlm.nih.gov/articles/PMC7020057/,pmc.ncbi.nlm.nih.gov,Benefits and Risks of Moderate Alcohol Consumption ... - PMC,2026-05-09 19:54:50,mixed,"domain pmc.ncbi.nlm.nih.gov contains .gov, which is mixed"
alcohol,neutral,moderate alcohol consumption health impact,1,3,https://www.cdc.gov/alcohol/about-alcohol-use/moderate-alcohol-use.html,cdc.gov,About Moderate Alcohol Use,2026-05-09 19:54:50,mixed,"domain cdc.gov contains .gov, which is mixed"
alcohol,neutral,moderate alcohol consumption health impact,1,8,https://pmc.ncbi.nlm.nih.gov/articles/PMC5073014/,pmc.ncbi.nlm.nih.gov,Moderate Alcohol Consumption and Chronic Disease - PMC,2026-05-09 19:54:53,mixed,"domain pmc.ncbi.nlm.nih.gov contains .gov, which is mixed"
alcohol,neutral,moderate alcohol consumption health impact,2,7,https://odphp.health.gov/myhealthfinder/health-conditions/heart-health/drink-alcohol-only-moderation,odphp.health.gov,Drink Alcohol Only in Moderation - MyHealthfinder,2026-05-09 19:55:06,mixed,"domain odphp.health.gov contains .gov, which is mixed"
alcohol,slanted,alcohol liver disease risk,1,3,https://pmc.ncbi.nlm.nih.gov/articles/PMC6776700/,pmc.ncbi.nlm.nih.gov,Alcohol consumption and risk of liver cirrhosis - PMC - NIH,2026-05-09 19:55:29,mixed,"domain pmc.ncbi.nlm.nih.gov contains .gov, which is mixed"
alcohol,slanted,alcohol liver disease risk,2,2,https://www.cdc.gov/alcohol/about-alcohol-use/index.html,cdc.gov,Alcohol Use and Your Health,2026-05-09 19:55:50,mixed,"domain cdc.gov contains .gov, which is mixed"
alcohol,slanted,alcohol liver disease risk,2,7,https://pubmed.ncbi.nlm.nih.gov/38089863/,pubmed.ncbi.nlm.nih.gov,Alcohol consumption and the risk of liver disease,2026-05-09 19:55:52,mixed,"domain pubmed.ncbi.nlm.nih.gov contains .gov, which is mixed"
alcohol,neutral,wine heart health,1,3,https://pmc.ncbi.nlm.nih.gov/articles/PMC6804046/,pmc.ncbi.nlm.nih.gov,Red Wine Consumption and Cardiovascular Health - PMC,2026-05-09 19:56:34,mixed,"domain pmc.ncbi.nlm.nih.gov contains .gov, which is mixed"
alcohol,neutral,wine heart health,3,3,https://pmc.ncbi.nlm.nih.gov/articles/PMC10303697/,pmc.ncbi.nlm.nih.gov,Association between Wine Consumption with Cardiovascular ...,2026-05-09 19:57:12,mixed,"domain pmc.ncbi.nlm.nih.gov contains .gov, which is mixed"
alcohol,neutral,wine heart health,3,4,https://medlineplus.gov/ency/article/001963.htm,medlineplus.gov,Wine and heart health,2026-05-09 19:57:13,mixed,"domain medlineplus.gov contains .gov, which is mixed"
alcohol,slanted,binge drinking dangers,1,1,https://www.niaaa.nih.gov/publications/brochures-and-fact-sheets/binge-drinking,niaaa.nih.gov,Understanding Binge Drinking,2026-05-09 19:57:26,mixed,"domain niaaa.nih.gov contains .gov, which is mixed"
alcohol,slanted,binge drinking dangers,1,4,https://www.cdc.gov/alcohol/about-alcohol-use/index.html,cdc.gov,Alcohol Use and Your Health,2026-05-09 19:57:29,mixed,"domain cdc.gov contains .gov, which is mixed"
alcohol,slanted,binge drinking dangers,1,10,https://pmc.ncbi.nlm.nih.gov/articles/PMC6104963/,pmc.ncbi.nlm.nih.gov,Binge Drinking's Effects on the Body - PMC - NIH,2026-05-09 19:57:32,mixed,"domain pmc.ncbi.nlm.nih.gov contains .gov, which is mixed"
alcohol,neutral,beer nutrition research,1,1,https://pmc.ncbi.nlm.nih.gov/articles/PMC8001413/,pmc.ncbi.nlm.nih.gov,Moderate Consumption of Beer and Its Effects on ... - PMC,2026-05-09 19:58:06,mixed,"domain pmc.ncbi.nlm.nih.gov contains .gov, which is mixed"
alcohol,neutral,beer nutrition research,3,3,https://pmc.ncbi.nlm.nih.gov/articles/PMC6682961/,pmc.ncbi.nlm.nih.gov,The Nutritional Components of Beer and Its Relationship with ...,2026-05-09 19:58:28,mixed,"domain pmc.ncbi.nlm.nih.gov contains .gov, which is mixed"
alcohol,slanted,alcohol cancer risk,1,1,https://www.cancer.gov/about-cancer/causes-prevention/risk/alcohol/alcohol-fact-sheet,cancer.gov,Alcohol and Cancer Risk Fact Sheet - NCI,2026-05-09 19:58:41,mixed,"domain cancer.gov contains .gov, which is mixed"
alcohol,slanted,alcohol cancer risk,1,3,https://www.cdc.gov/cancer/risk-factors/alcohol.html,cdc.gov,Alcohol and Cancer,2026-05-09 19:58:42,mixed,"domain cdc.gov contains .gov, which is mixed"
alcohol,slanted,alcohol cancer risk,1,4,https://pubmed.ncbi.nlm.nih.gov/37905315/,pubmed.ncbi.nlm.nih.gov,Cancer risk based on alcohol consumption levels,2026-05-09 19:58:43,mixed,"domain pubmed.ncbi.nlm.nih.gov contains .gov, which is mixed"
alcohol,slanted,alcohol cancer risk,1,8,https://www.hhs.gov/sites/default/files/oash-alcohol-cancer-risk.pdf,hhs.gov,Alcohol and Cancer Risk 2024,2026-05-09 19:58:54,mixed,"domain hhs.gov contains .gov, which is mixed"
alcohol,slanted,alcohol cancer risk,3,3,https://www.hhs.gov/surgeongeneral/reports-and-publications/alcohol-cancer/index.html,hhs.gov,Alcohol and Cancer Risk,2026-05-09 19:59:11,mixed,"domain hhs.gov contains .gov, which is mixed"
fast_food,neutral,food safety regulations,1,9,https://www.ncbi.nlm.nih.gov/books/NBK209121/,ncbi.nlm.nih.gov,The Current US Food Safety System - Ensuring Safe Food,2026-05-09 19:59:56,mixed,"domain ncbi.nlm.nih.gov contains .gov, which is mixed"
fast_food,neutral,food safety regulations,2,6,https://www.fda.gov/food/guidance-regulation-food-and-dietary-supplements/food-safety-modernization-act-fsma,fda.gov,Food Safety Modernization Act (FSMA),2026-05-09 20:00:05,mixed,"domain fda.gov contains .gov, which is mixed"
fast_food,neutral,food safety regulations,3,6,https://www.foodsafety.gov/,foodsafety.gov,FoodSafety.gov,2026-05-09 20:00:14,mixed,"domain foodsafety.gov contains .gov, which is mixed"
fast_food,slanted,fast food obesity,1,1,https://pmc.ncbi.nlm.nih.gov/articles/PMC12630386/,pmc.ncbi.nlm.nih.gov,Impact of Fast Food Consumption on Obesity and Overweight ...,2026-05-09 20:00:27,mixed,"domain pmc.ncbi.nlm.nih.gov contains .gov, which is mixed"
fast_food,slanted,fast food obesity,1,3,https://www.cdc.gov/nchs/products/databriefs/db533.htm,cdc.gov,Fast Food Intake Among Adults in the United States ...,2026-05-09 20:01:30,mixed,"domain cdc.gov contains .gov, which is mixed"
fast_food,slanted,fast food obesity,2,3,https://pmc.ncbi.nlm.nih.gov/articles/PMC6196377/,pmc.ncbi.nlm.nih.gov,Fast food consumption and overweight/obesity prevalence in ...,2026-05-09 20:01:46,mixed,"domain pmc.ncbi.nlm.nih.gov contains .gov, which is mixed"
fast_food,slanted,fast food obesity,3,4,https://www.cdc.gov/pcd/issues/2011/jul/10_0186.htm,cdc.gov,Preventing Chronic Disease: July 2011: 10_0186,2026-05-09 20:01:57,mixed,"domain cdc.gov contains .gov, which is mixed"
fast_food,neutral,restaurant calorie labeling,1,1,https://www.fda.gov/food/nutrition-food-labeling-and-critical-foods/menu-labeling-requirements,fda.gov,Menu Labeling Requirements,2026-05-09 20:02:30,mixed,"domain fda.gov contains .gov, which is mixed"
fast_food,neutral,restaurant calorie labeling,1,2,https://pmc.ncbi.nlm.nih.gov/articles/PMC4451934/,pmc.ncbi.nlm.nih.gov,Potential Benefits of Calorie Labeling in Restaurants - PMC,2026-05-09 20:02:30,mixed,"domain pmc.ncbi.nlm.nih.gov contains .gov, which is mixed"
fast_food,neutral,restaurant calorie labeling,1,4,http://www.ers.usda.gov/amber-waves/2024/august/calorie-labels-at-restaurants-half-of-adults-notice-but-some-more-than-others,ers.usda.gov,"Calorie Labels at Restaurants: Half of Adults Notice, but ...",2026-05-09 20:02:32,mixed,"domain ers.usda.gov contains .gov, which is mixed"
fast_food,neutral,restaurant calorie labeling,2,1,https://www.fda.gov/food/nutrition-food-labeling-and-critical-foods/menu-and-vending-machine-labeling,fda.gov,Menu and Vending Machine Labeling,2026-05-09 20:02:49,mixed,"domain fda.gov contains .gov, which is mixed"
fast_food,neutral,restaurant calorie labeling,2,8,https://pmc.ncbi.nlm.nih.gov/articles/PMC5124489/,pmc.ncbi.nlm.nih.gov,Restaurant Menu Labeling Policy: Review of Evidence and ...,2026-05-09 20:02:51,mixed,"domain pmc.ncbi.nlm.nih.gov contains .gov, which is mixed"
fast_food,neutral,restaurant calorie labeling,3,8,https://www.fda.gov/food/nutrition-education-resources-materials/calories-menu,fda.gov,Calories on the Menu,2026-05-09 20:03:02,mixed,"domain fda.gov contains .gov, which is mixed"
fast_food,neutral,restaurant calorie labeling,3,10,http://www.ers.usda.gov/amber-waves/2014/september/calorie-labeling-on-restaurant-menus-who-is-likely-to-use-it,ers.usda.gov,Calorie Labeling on Restaurant Menus—Who Is Likely to ...,2026-05-09 20:03:02,mixed,"domain ers.usda.gov contains .gov, which is mixed"
fast_food,slanted,food additive dangers,1,7,https://pubmed.ncbi.nlm.nih.gov/38423749/,pubmed.ncbi.nlm.nih.gov,Artificial food additives: hazardous to long-term health?,2026-05-09 20:03:18,mixed,"domain pubmed.ncbi.nlm.nih.gov contains .gov, which is mixed"
fast_food,slanted,food additive dangers,3,5,https://pmc.ncbi.nlm.nih.gov/articles/PMC12232514/,pmc.ncbi.nlm.nih.gov,Food Additives: Emerging Detrimental Roles on Gut Health,2026-05-09 20:03:46,mixed,"domain pmc.ncbi.nlm.nih.gov contains .gov, which is mixed"
fast_food,neutral,food processing research,2,4,https://pmc.ncbi.nlm.nih.gov/articles/PMC12930240/,pmc.ncbi.nlm.nih.gov,The Future of Food Processing—A Food Science and ... - PMC,2026-05-09 20:04:15,mixed,"domain pmc.ncbi.nlm.nih.gov contains .gov, which is mixed"
fast_food,neutral,food processing research,2,8,https://www.ars.usda.gov/southeast-area/new-orleans-la/southern-regional-research-center/food-processing-and-sensory-quality-research/,ars.usda.gov,Food Processing and Sensory Quality Research,2026-05-09 20:04:16,mixed,"domain ars.usda.gov contains .gov, which is mixed"
fast_food,slanted,fast food antibiotic meat,3,9,https://www.princegeorgecountyva.gov/news_detail_T6_R2594.php,princegeorgecountyva.gov,America's biggest restaurant chains scored on their ...,2026-05-09 20:05:10,mixed,"domain princegeorgecountyva.gov contains .gov, which is mixed"
organic_food,neutral,organic food diet facts,1,3,https://pmc.ncbi.nlm.nih.gov/articles/PMC10814746/,pmc.ncbi.nlm.nih.gov,A Comprehensive Analysis of Organic Food - PMC - NIH,2026-05-09 20:05:31,mixed,"domain pmc.ncbi.nlm.nih.gov contains .gov, which is mixed"
organic_food,slanted,organic food scam,1,5,https://pmc.ncbi.nlm.nih.gov/articles/PMC6390794/,pmc.ncbi.nlm.nih.gov,Buying 'Organic' to Get 'Authenticity'? Or Safer and More ...,2026-05-09 20:06:34,mixed,"domain pmc.ncbi.nlm.nih.gov contains .gov, which is mixed"
organic_food,slanted,organic food scam,3,6,https://pmc.ncbi.nlm.nih.gov/articles/PMC8393577/,pmc.ncbi.nlm.nih.gov,Considering Fraud Vulnerability Associated with Credence ...,2026-05-09 20:06:53,mixed,"domain pmc.ncbi.nlm.nih.gov contains .gov, which is mixed"
organic_food,neutral,organic produce safety,1,7,https://pmc.ncbi.nlm.nih.gov/articles/PMC8469988/,pmc.ncbi.nlm.nih.gov,Food Safety in Local Farming of Fruits and Vegetables - PMC,2026-05-09 20:07:24,mixed,"domain pmc.ncbi.nlm.nih.gov contains .gov, which is mixed"
organic_food,neutral,organic produce safety,3,6,https://www.usda.gov/about-usda/news/blog/organic-101-allowed-and-prohibited-substances,usda.gov,Organic 101: Allowed and Prohibited Substances,2026-05-09 20:07:49,mixed,"domain usda.gov contains .gov, which is mixed"
organic_food,slanted,organic farming pesticides,1,5,https://www.epa.gov/agriculture/organic-farming,epa.gov,Organic Farming | US EPA,2026-05-09 20:08:10,mixed,"domain epa.gov contains .gov, which is mixed"
organic_food,slanted,organic farming pesticides,3,1,https://pmc.ncbi.nlm.nih.gov/articles/PMC9783316/,pmc.ncbi.nlm.nih.gov,Toxicological Comparison of Pesticide Active Substances ...,2026-05-09 20:08:34,mixed,"domain pmc.ncbi.nlm.nih.gov contains .gov, which is mixed"
organic_food,slanted,organic farming pesticides,3,6,https://www.usda.gov/about-usda/news/blog/organic-101-allowed-and-prohibited-substances,usda.gov,Organic 101: Allowed and Prohibited Substances,2026-05-09 20:08:36,mixed,"domain usda.gov contains .gov, which is mixed"
tap_water,neutral,tap water safety,1,1,https://www.cdc.gov/drinking-water/about/index.html,cdc.gov,About Drinking Water,2026-05-09 20:08:53,mixed,"domain cdc.gov contains .gov, which is mixed"
tap_water,neutral,tap water safety,2,9,https://www.epa.gov/ground-water-and-drinking-water/basic-information-about-your-drinking-water,epa.gov,Basic Information about Your Drinking Water,2026-05-09 20:09:24,mixed,"domain epa.gov contains .gov, which is mixed"
tap_water,neutral,tap water safety,3,10,https://www.cdc.gov/drinking-water/about/water-quality-and-your-health.html,cdc.gov,Water Quality and Your Health | Drinking Water,2026-05-09 20:09:33,mixed,"domain cdc.gov contains .gov, which is mixed"
tap_water,slanted,lead in tap water,1,1,https://www.epa.gov/ground-water-and-drinking-water/basic-information-about-lead-drinking-water,epa.gov,Basic Information about Lead in Drinking Water,2026-05-09 20:09:44,mixed,"domain epa.gov contains .gov, which is mixed"
tap_water,slanted,lead in tap water,1,2,https://www.cdc.gov/lead-prevention/prevention/drinking-water.html,cdc.gov,About Lead in Drinking Water,2026-05-09 20:09:50,mixed,"domain cdc.gov contains .gov, which is mixed"
tap_water,slanted,lead in tap water,2,4,https://medlineplus.gov/ency/article/002111.htm,medlineplus.gov,Lead and tap water: MedlinePlus Medical Encyclopedia,2026-05-09 20:10:17,mixed,"domain medlineplus.gov contains .gov, which is mixed"
tap_water,slanted,lead in tap water,3,4,https://headstart.gov/physical-health/article/steps-take-if-there-lead-your-drinking-water,headstart.gov,Steps to Take if There Is Lead in Your Drinking Water,2026-05-09 20:10:26,mixed,"domain headstart.gov contains .gov, which is mixed"
tap_water,slanted,lead in tap water,3,9,https://www.michigan.gov/egle/-/media/Project/Websites/egle/Documents/Groups/SDWAC/Know-Your-Water/English/Health-and-Sources-FAQ.pdf,michigan.gov,Fact Sheet: Lead in tap water Sources & Health Risks,2026-05-09 20:10:28,mixed,"domain michigan.gov contains .gov, which is mixed"
tap_water,slanted,lead in tap water,3,10,https://www.epa.gov/ground-water-and-drinking-water/protect-your-tap-quick-check-lead-0,epa.gov,Protect Your Tap: A Quick Check for Lead,2026-05-09 20:10:28,mixed,"domain epa.gov contains .gov, which is mixed"
tap_water,neutral,water quality regulations,2,5,https://www.ncbi.nlm.nih.gov/books/NBK579464/,ncbi.nlm.nih.gov,Guidelines for drinking-water quality - NCBI Bookshelf,2026-05-09 20:15:09,mixed,"domain ncbi.nlm.nih.gov contains .gov, which is mixed"
tap_water,neutral,water quality regulations,2,6,https://www.cdc.gov/drinking-water/about/drinking-water-standards-and-regulations-an-overview.html,cdc.gov,Drinking Water Standards and Regulations: An Overview,2026-05-09 20:15:09,mixed,"domain cdc.gov contains .gov, which is mixed"
tap_water,neutral,water quality regulations,3,2,https://www.epa.gov/ground-water-and-drinking-water/national-primary-drinking-water-regulations,epa.gov,National Primary Drinking Water Regulations,2026-05-09 20:15:21,mixed,"domain epa.gov contains .gov, which is mixed"
tap_water,slanted,chlorine water dangers,1,1,https://wwwn.cdc.gov/TSP/PHS/PHS.aspx?phsid=683&toxid=36,wwwn.cdc.gov,Chlorine | Public Health Statement | ATSDR,2026-05-09 20:15:43,mixed,"domain wwwn.cdc.gov contains .gov, which is mixed"
tap_water,slanted,chlorine water dangers,1,4,https://pmc.ncbi.nlm.nih.gov/articles/PMC4351252/,pmc.ncbi.nlm.nih.gov,Health Effects from Swimming Training in Chlorinated Pools ...,2026-05-09 20:15:49,mixed,"domain pmc.ncbi.nlm.nih.gov contains .gov, which is mixed"
tap_water,slanted,chlorine water dangers,3,10,https://www.epa.gov/sites/default/files/2016-09/documents/chlorine.pdf,epa.gov,Chlorine,2026-05-09 20:16:22,mixed,"domain epa.gov contains .gov, which is mixed"
tap_water,neutral,fluoridated water consumption,1,1,https://ods.od.nih.gov/factsheets/Fluoride-HealthProfessional/,ods.od.nih.gov,Fluoride - Health Professional Fact Sheet,2026-05-09 20:16:43,mixed,"domain ods.od.nih.gov contains .gov, which is mixed"
tap_water,neutral,fluoridated water consumption,1,3,https://www.cancer.gov/about-cancer/causes-prevention/risk/myths/fluoridated-water-fact-sheet,cancer.gov,Fluoridated Water - NCI,2026-05-09 20:16:44,mixed,"domain cancer.gov contains .gov, which is mixed"
tap_water,neutral,fluoridated water consumption,2,1,https://www.cdc.gov/fluoridation/about/index.html,cdc.gov,About Community Water Fluoridation,2026-05-09 20:17:01,mixed,"domain cdc.gov contains .gov, which is mixed"
tap_water,neutral,fluoridated water consumption,2,2,https://pmc.ncbi.nlm.nih.gov/articles/PMC3956646/,pmc.ncbi.nlm.nih.gov,Water Fluoridation: A Critical Review of the Physiological ...,2026-05-09 20:17:01,mixed,"domain pmc.ncbi.nlm.nih.gov contains .gov, which is mixed"
tap_water,slanted,water contamination risks,1,3,https://www.epa.gov/privatewells/potential-well-water-contaminants-and-their-impacts,epa.gov,Potential Well Water Contaminants and Their Impacts,2026-05-09 20:17:40,mixed,"domain epa.gov contains .gov, which is mixed"
tap_water,slanted,water contamination risks,1,4,https://pmc.ncbi.nlm.nih.gov/articles/PMC11761733/,pmc.ncbi.nlm.nih.gov,A systematic review on health risks of water pollutants - PMC,2026-05-09 20:17:41,mixed,"domain pmc.ncbi.nlm.nih.gov contains .gov, which is mixed"
tap_water,slanted,water contamination risks,1,5,https://www.cdc.gov/drinking-water/causes/chemicals-that-can-contaminate-tap-water.html,cdc.gov,Chemicals That Can Contaminate Tap Water | Drinking Water,2026-05-09 20:17:42,mixed,"domain cdc.gov contains .gov, which is mixed"
tap_water,slanted,water contamination risks,1,6,https://dceg.cancer.gov/research/what-we-study/drinking-water-contaminants,dceg.cancer.gov,Drinking Water Contaminants,2026-05-09 20:17:42,mixed,"domain dceg.cancer.gov contains .gov, which is mixed"
tap_water,slanted,water contamination risks,3,7,https://pmc.ncbi.nlm.nih.gov/articles/PMC12923958/,pmc.ncbi.nlm.nih.gov,Unsafe drinking water and human health: A global umbrella ...,2026-05-09 20:18:13,mixed,"domain pmc.ncbi.nlm.nih.gov contains .gov, which is mixed"
bottled_water,neutral,bottled water convenience,1,8,https://pmc.ncbi.nlm.nih.gov/articles/PMC3084479/,pmc.ncbi.nlm.nih.gov,Bottled Water: United States Consumers and Their ... - PMC,2026-05-09 20:18:56,mixed,"domain pmc.ncbi.nlm.nih.gov contains .gov, which is mixed"
bottled_water,slanted,plastic bottle pollution,1,2,https://nems.nih.gov/sustain/Pages/PETWaterBottleImpact.aspx,nems.nih.gov,Sustainability Life Cycle Environmental Impacts of ...,2026-05-09 20:20:33,mixed,"domain nems.nih.gov contains .gov, which is mixed"
bottled_water,neutral,spring water consumption health impact,1,2,https://pmc.ncbi.nlm.nih.gov/articles/PMC5318167/,pmc.ncbi.nlm.nih.gov,Natural mineral waters: chemical characteristics and health ...,2026-05-09 20:22:33,mixed,"domain pmc.ncbi.nlm.nih.gov contains .gov, which is mixed"
bottled_water,neutral,spring water consumption health impact,1,4,https://www.health.ny.gov/environmental/water/drinking/springs.htm,health.ny.gov,Don't Drink Water from Roadside Springs,2026-05-09 20:22:35,mixed,"domain health.ny.gov contains .gov, which is mixed"
bottled_water,neutral,spring water consumption health impact,2,6,https://pmc.ncbi.nlm.nih.gov/articles/PMC10138893/,pmc.ncbi.nlm.nih.gov,Natural Mineral Water and Diuresis: A Systematic Review - PMC,2026-05-09 20:22:57,mixed,"domain pmc.ncbi.nlm.nih.gov contains .gov, which is mixed"
bottled_water,neutral,spring water consumption health impact,3,2,https://pmc.ncbi.nlm.nih.gov/articles/PMC10138893/,pmc.ncbi.nlm.nih.gov,Natural Mineral Water and Diuresis: A Systematic Review - PMC,2026-05-09 20:23:09,mixed,"domain pmc.ncbi.nlm.nih.gov contains .gov, which is mixed"
bottled_water,neutral,spring water consumption health impact,3,7,https://www.cdc.gov/nutrition/php/data-research/fast-facts-water-consumption.html,cdc.gov,Fast Facts: Data on Water Consumption | Nutrition,2026-05-09 20:23:10,mixed,"domain cdc.gov contains .gov, which is mixed"
bottled_water,slanted,bottled water bacteria,1,2,https://pmc.ncbi.nlm.nih.gov/articles/PMC7204880/,pmc.ncbi.nlm.nih.gov,Main Microbiological Pollutants of Bottled Waters and ... - PMC,2026-05-09 20:23:29,mixed,"domain pmc.ncbi.nlm.nih.gov contains .gov, which is mixed"
bottled_water,slanted,bottled water bacteria,1,6,https://www.cdc.gov/drinking-water/about/about-bottled-water-safety.html,cdc.gov,About Bottled Water Safety,2026-05-09 20:23:39,mixed,"domain cdc.gov contains .gov, which is mixed"
bottled_water,slanted,bottled water bacteria,3,2,https://pmc.ncbi.nlm.nih.gov/articles/PMC5025974/,pmc.ncbi.nlm.nih.gov,Bacteriological quality of bottled drinking water versus ... - PMC,2026-05-09 20:24:07,mixed,"domain pmc.ncbi.nlm.nih.gov contains .gov, which is mixed"
bottled_water,neutral,mineral water research,1,1,https://pmc.ncbi.nlm.nih.gov/articles/PMC5318167/,pmc.ncbi.nlm.nih.gov,Natural mineral waters: chemical characteristics and health ...,2026-05-09 20:24:26,mixed,"domain pmc.ncbi.nlm.nih.gov contains .gov, which is mixed"
bottled_water,neutral,mineral water research,2,3,https://pubmed.ncbi.nlm.nih.gov/19890742/,pubmed.ncbi.nlm.nih.gov,[Health-related effects of natural mineral waters],2026-05-09 20:26:08,mixed,"domain pubmed.ncbi.nlm.nih.gov contains .gov, which is mixed"
bottled_water,neutral,mineral water research,2,10,https://www.ars.usda.gov/arsuserfiles/80400525/articles/ndbc32_watermin.pdf,ars.usda.gov,The Mineral Content of US Drinking and Municipal Water,2026-05-09 20:26:11,mixed,"domain ars.usda.gov contains .gov, which is mixed"
bottled_water,slanted,phthalate leaching,1,1,https://pmc.ncbi.nlm.nih.gov/articles/PMC10210534/,pmc.ncbi.nlm.nih.gov,Leaching of Phthalates from Medical Supplies and ... - PMC,2026-05-09 20:26:41,mixed,"domain pmc.ncbi.nlm.nih.gov contains .gov, which is mixed"
bottled_water,slanted,phthalate leaching,1,9,https://hero.epa.gov/reference/1639221/,hero.epa.gov,Study on the leaching of phthalates from polyethylene ... - HERO,2026-05-09 20:26:50,mixed,"domain hero.epa.gov contains .gov, which is mixed"
bottled_water,slanted,phthalate leaching,2,5,https://www.ncbi.nlm.nih.gov/books/NBK587442/,ncbi.nlm.nih.gov,Phthalates Toxicity - StatPearls - NCBI Bookshelf - NIH,2026-05-09 20:27:03,mixed,"domain ncbi.nlm.nih.gov contains .gov, which is mixed"
mining,neutral,mining safety regulations,1,1,http://www.msha.gov/regulations,msha.gov,Regulations | Mine Safety and Health Administration (MSHA),2026-05-09 20:27:40,mixed,"domain msha.gov contains .gov, which is mixed"
mining,neutral,mining safety regulations,2,1,https://www.dol.gov/general/topic/safety-health/mining,dol.gov,Mine Safety and Health,2026-05-09 20:28:07,mixed,"domain dol.gov contains .gov, which is mixed"
mining,neutral,coal mining technology,3,8,https://www.eia.gov/energyexplained/coal/mining-and-transportation.php,eia.gov,Coal mining and transportation - U.S. Energy Information ...,2026-05-09 20:30:51,mixed,"domain eia.gov contains .gov, which is mixed"
mining,slanted,mountaintop removal dangers,1,1,https://ntp.niehs.nih.gov/research/assessments/noncancer/completed/mining,ntp.niehs.nih.gov,Mountaintop Removal Mining: Impacts on Health in the ...,2026-05-09 20:31:19,mixed,"domain ntp.niehs.nih.gov contains .gov, which is mixed"
mining,slanted,mountaintop removal dangers,2,1,https://www.congress.gov/crs_external_products/RS/PDF/RS21421/RS21421.61.pdf,congress.gov,Mountaintop Removal Mining: Background on Recent ...,2026-05-09 20:31:35,mixed,"domain congress.gov contains .gov, which is mixed"
mining,slanted,mountaintop removal dangers,2,4,https://cfpub.epa.gov/ncea/risk/recordisplay.cfm?deid=225743,cfpub.epa.gov,The effects of mountaintop mines and valley fills on aquatic ...,2026-05-09 20:31:36,mixed,"domain cfpub.epa.gov contains .gov, which is mixed"
mining,slanted,mountaintop removal dangers,2,8,https://ntp.niehs.nih.gov/ntp/ohat/mtrmining/sysreview_mtr_20170721.pdf,ntp.niehs.nih.gov,Community Health Impacts of Mountaintop Removal Mining,2026-05-09 20:31:37,mixed,"domain ntp.niehs.nih.gov contains .gov, which is mixed"
mining,slanted,mountaintop removal dangers,3,7,https://research.fs.usda.gov/treesearch/36111,research.fs.usda.gov,Mountaintop mining consequences | US Forest Service ...,2026-05-09 20:31:51,mixed,"domain research.fs.usda.gov contains .gov, which is mixed"
mining,slanted,mercury pollution gold mining,1,3,https://www.epa.gov/international-cooperation/reducing-mercury-pollution-artisanal-and-small-scale-gold-mining,epa.gov,Artisanal and Small-Scale Gold Mining Without Mercury,2026-05-09 20:33:03,mixed,"domain epa.gov contains .gov, which is mixed"
mining,slanted,mercury pollution gold mining,1,4,https://pmc.ncbi.nlm.nih.gov/articles/PMC5969110/,pmc.ncbi.nlm.nih.gov,The Mercury Problem in Artisanal and Small‐Scale Gold Mining,2026-05-09 20:33:03,mixed,"domain pmc.ncbi.nlm.nih.gov contains .gov, which is mixed"
mining,slanted,mercury pollution gold mining,1,6,https://www.usgs.gov/tools/legacy-mercury-contamination-historical-gold-mining,usgs.gov,Legacy Mercury Contamination from Historical Gold Mining,2026-05-09 20:33:04,mixed,"domain usgs.gov contains .gov, which is mixed"
mining,slanted,mercury pollution gold mining,2,7,https://antr.assembly.ca.gov/sites/antr.assembly.ca.gov/files/hearings/Background%20paper032414.pdf,antr.assembly.ca.gov,Mercury Contamination: Toxic Legacy of the Gold Rush,2026-05-09 20:33:21,mixed,"domain antr.assembly.ca.gov contains .gov, which is mixed"
deforestation,neutral,forest conservation effects,1,8,https://pmc.ncbi.nlm.nih.gov/articles/PMC10614049/,pmc.ncbi.nlm.nih.gov,Forest conservation effectiveness of community ... - PMC - NIH,2026-05-09 20:34:06,mixed,"domain pmc.ncbi.nlm.nih.gov contains .gov, which is mixed"
deforestation,neutral,forest conservation effects,2,3,https://www.fs.usda.gov/about-agency/features/conserving-forests-our-future,fs.usda.gov,Conserving forests for our future,2026-05-09 20:34:20,mixed,"domain fs.usda.gov contains .gov, which is mixed"
deforestation,slanted,deforestation climate impact,2,1,https://pmc.ncbi.nlm.nih.gov/articles/PMC12405584/,pmc.ncbi.nlm.nih.gov,How climate change and deforestation interact in the ... - PMC,2026-05-09 20:35:20,mixed,"domain pmc.ncbi.nlm.nih.gov contains .gov, which is mixed"
deforestation,slanted,deforestation climate impact,2,6,https://mynasadata.larc.nasa.gov/basic-page/deforestation,mynasadata.larc.nasa.gov,Deforestation | MyNASAData,2026-05-09 20:35:22,mixed,"domain mynasadata.larc.nasa.gov contains .gov, which is mixed"
deforestation,neutral,rainforest protection research,1,8,https://pmc.ncbi.nlm.nih.gov/articles/PMC5376958/,pmc.ncbi.nlm.nih.gov,Restoring tropical rain forests - PMC - NIH,2026-05-09 20:36:09,mixed,"domain pmc.ncbi.nlm.nih.gov contains .gov, which is mixed"
deforestation,neutral,reforestation projects,2,3,https://www.fs.usda.gov/managing-land/forest-management/vegetation-management/reforestation,fs.usda.gov,Reforestation | US Forest Service,2026-05-09 20:40:37,mixed,"domain fs.usda.gov contains .gov, which is mixed"
deforestation,slanted,illegal logging,1,6,https://www.cbp.gov/trade/programs-administration/natural-resources-protection/illegal-logging,cbp.gov,Illegal Logging,2026-05-09 20:41:44,mixed,"domain cbp.gov contains .gov, which is mixed"
deforestation,slanted,illegal logging,2,4,https://ustr.gov/sites/default/files/USTR%20-%20TPP%20for%20the%20Trees%2C%20Combating%20Illegal%20Logging.pdf,ustr.gov,Combating Illegal Logging - USTR,2026-05-09 20:42:00,mixed,"domain ustr.gov contains .gov, which is mixed"
deforestation,slanted,illegal logging,3,9,https://www.congress.gov/crs-product/IF11114,congress.gov,International Illegal Logging: Background and Issues,2026-05-09 20:42:25,mixed,"domain congress.gov contains .gov, which is mixed"
overfishing,neutral,sustainable fishing practices,1,7,https://www.fisheries.noaa.gov/topic/sustainable-seafood,fisheries.noaa.gov,Sustainable Seafood,2026-05-09 20:43:06,mixed,"domain fisheries.noaa.gov contains .gov, which is mixed"
overfishing,slanted,overfishing ocean collapse,2,9,https://pmc.ncbi.nlm.nih.gov/articles/PMC4632620/,pmc.ncbi.nlm.nih.gov,"Fishing, fast growth and climate variability increase the risk of ...",2026-05-09 20:44:15,mixed,"domain pmc.ncbi.nlm.nih.gov contains .gov, which is mixed"
overfishing,neutral,fisheries management research,1,10,https://www.fisheries.noaa.gov/ecosystems/human-integrated-ecosystem-based-fishery-management-research-strategy-2021-2025,fisheries.noaa.gov,Human Integrated Ecosystem Based Fishery Management ...,2026-05-09 20:44:52,mixed,"domain fisheries.noaa.gov contains .gov, which is mixed"
overfishing,neutral,fisheries management research,3,4,https://www.fisheries.noaa.gov/topic/sustainable-fisheries/management,fisheries.noaa.gov,Sustainable Fisheries: Management,2026-05-09 20:45:19,mixed,"domain fisheries.noaa.gov contains .gov, which is mixed"
overfishing,neutral,fisheries management research,3,5,https://pmc.ncbi.nlm.nih.gov/articles/PMC12649148/,pmc.ncbi.nlm.nih.gov,The Efficacy of Fisheries Management: A Length-Based Stock ...,2026-05-09 20:45:19,mixed,"domain pmc.ncbi.nlm.nih.gov contains .gov, which is mixed"
overfishing,slanted,bycatch dolphin deaths,3,6,https://www.fisheries.noaa.gov/insight/understanding-bycatch,fisheries.noaa.gov,Understanding Bycatch,2026-05-09 20:46:04,mixed,"domain fisheries.noaa.gov contains .gov, which is mixed"
overfishing,neutral,aquaculture data,1,10,http://www.ers.usda.gov/data-products/aquaculture-data,ers.usda.gov,Aquaculture Data - Economic Research Service - USDA,2026-05-09 20:46:28,mixed,"domain ers.usda.gov contains .gov, which is mixed"
overfishing,neutral,aquaculture data,3,1,https://www.fisheries.noaa.gov/topic/aquaculture,fisheries.noaa.gov,Aquaculture,2026-05-09 20:46:52,mixed,"domain fisheries.noaa.gov contains .gov, which is mixed"
overfishing,neutral,aquaculture data,3,7,http://www.ers.usda.gov/topics/animal-products/aquaculture,ers.usda.gov,Aquaculture | Economic Research Service,2026-05-09 20:46:54,mixed,"domain ers.usda.gov contains .gov, which is mixed"
overfishing,slanted,fish farm pollution,1,5,https://www.fisheries.noaa.gov/aquaculture/nutrient-impacts-finfish-aquaculture,fisheries.noaa.gov,Nutrient Impacts of Finfish Aquaculture,2026-05-09 20:47:15,mixed,"domain fisheries.noaa.gov contains .gov, which is mixed"
poverty,neutral,welfare program effectiveness,1,1,https://www.ncbi.nlm.nih.gov/books/NBK230341/,ncbi.nlm.nih.gov,The Effect of Welfare on Child Outcomes - NCBI - NIH,2026-05-09 20:48:08,mixed,"domain ncbi.nlm.nih.gov contains .gov, which is mixed"
poverty,neutral,welfare program effectiveness,2,8,https://aspe.hhs.gov/reports/how-effective-are-different-welfare-work-approaches-five-year-adult-child-impacts-eleven-programs-0,aspe.hhs.gov,How Effective Are Different Welfare-to-Work Approaches? ...,2026-05-09 20:48:36,mixed,"domain aspe.hhs.gov contains .gov, which is mixed"
poverty,neutral,welfare program effectiveness,3,3,https://waysandmeans.house.gov/2025/01/08/new-report-shows-more-americans-dependent-on-welfare-checks-at-the-expense-of-work/,waysandmeans.house.gov,New Report Shows More Americans Dependent on ...,2026-05-09 20:48:49,mixed,"domain waysandmeans.house.gov contains .gov, which is mixed"
poverty,neutral,minimum wage economical impact,2,7,https://democrats-edworkforce.house.gov/download/fact-sheet-raising-the-minimum-wage-is-good-for-workers-business-and-the-economy-,democrats-edworkforce.house.gov,"Raising the Minimum Wage: Good for Workers, Businesses ...",2026-05-09 20:51:22,mixed,"domain democrats-edworkforce.house.gov contains .gov, which is mixed"
poverty,slanted,welfare dependency,2,9,https://www.congress.gov/119/meeting/house/117879/documents/HHRG-119-GO27-20250211-SD006.pdf,congress.gov,The truth behind welfare dependency,2026-05-09 20:52:21,mixed,"domain congress.gov contains .gov, which is mixed"
poverty,slanted,welfare dependency,3,6,https://www.census.gov/library/working-papers/1989/demo/SIPP-WP-85.html,census.gov,Welfare Dependency and Its Causes,2026-05-09 20:52:33,mixed,"domain census.gov contains .gov, which is mixed"
education,neutral,public school data,1,2,https://nces.ed.gov/national-center-education-statistics-nces,nces.ed.gov,National Center for Education Statistics (NCES) | IES,2026-05-09 20:57:25,mixed,"domain nces.ed.gov contains .gov, which is mixed"
education,neutral,public school data,1,4,https://nces.ed.gov/ccd/schoolsearch/,nces.ed.gov,Search for Public Schools,2026-05-09 20:57:26,mixed,"domain nces.ed.gov contains .gov, which is mixed"
education,neutral,public school data,1,9,https://www.census.gov/topics/public-sector/education-finances.html,census.gov,Public Education Statistics,2026-05-09 20:57:35,mixed,"domain census.gov contains .gov, which is mixed"
education,neutral,public school data,1,10,https://www.nationsreportcard.gov/profiles/,nationsreportcard.gov,State Profiles,2026-05-09 20:57:36,mixed,"domain nationsreportcard.gov contains .gov, which is mixed"
education,neutral,public school data,2,7,https://nces.ed.gov/ccd/,nces.ed.gov,CCD - National Center for Education Statistics (NCES),2026-05-09 20:57:50,mixed,"domain nces.ed.gov contains .gov, which is mixed"
education,slanted,common core failures,2,1,https://eric.ed.gov/?id=EJ1247232,eric.ed.gov,"Common Core Has Not Worked, Education Next, 2020 - ERIC",2026-05-09 20:59:45,mixed,"domain eric.ed.gov contains .gov, which is mixed"
education,neutral,charter school research,1,5,https://ies.ed.gov/use-work/resource-library/report/evaluation-report/evaluation-charter-school-impacts-final-report,ies.ed.gov,The Evaluation of Charter School Impacts: Final Report | IES,2026-05-09 21:01:40,mixed,"domain ies.ed.gov contains .gov, which is mixed"
education,neutral,charter school research,3,5,https://charterschoolcenter.ed.gov/,charterschoolcenter.ed.gov,National Charter School Resource Center - Department of ...,2026-05-09 21:02:10,mixed,"domain charterschoolcenter.ed.gov contains .gov, which is mixed"
education,neutral,online learning effectiveness,1,3,https://pmc.ncbi.nlm.nih.gov/articles/PMC10199747/,pmc.ncbi.nlm.nih.gov,Exploring the factors influencing the effectiveness of online ...,2026-05-09 21:03:22,mixed,"domain pmc.ncbi.nlm.nih.gov contains .gov, which is mixed"
education,slanted,student loan debt crisis,1,6,https://pmc.ncbi.nlm.nih.gov/articles/PMC5607711/,pmc.ncbi.nlm.nih.gov,It's Time to Broaden the Conversation About the Student Debt ...,2026-05-09 21:05:39,mixed,"domain pmc.ncbi.nlm.nih.gov contains .gov, which is mixed"
education,slanted,student loan debt crisis,2,1,https://comptroller.nyc.gov/reports/student-loans-and-the-high-cost-of-higher-education/,comptroller.nyc.gov,Student Loans and the High Cost of Higher Education,2026-05-09 21:05:52,mixed,"domain comptroller.nyc.gov contains .gov, which is mixed"
education,slanted,student loan debt crisis,2,5,http://pocan.house.gov/studentdebt,pocan.house.gov,Student Loan Debt Crisis | Congressman Mark Pocan,2026-05-09 21:05:53,mixed,"domain pocan.house.gov contains .gov, which is mixed"
healthcare,neutral,universal healthcare facts,1,7,https://pmc.ncbi.nlm.nih.gov/articles/PMC9940661/,pmc.ncbi.nlm.nih.gov,"Universal health coverage evolution, ongoing trend, and ...",2026-05-09 21:06:35,mixed,"domain pmc.ncbi.nlm.nih.gov contains .gov, which is mixed"
healthcare,neutral,universal healthcare facts,2,9,https://pmc.ncbi.nlm.nih.gov/articles/PMC11918392/,pmc.ncbi.nlm.nih.gov,"Universal health coverage—Exploring the what, how, and why ...",2026-05-09 21:06:51,mixed,"domain pmc.ncbi.nlm.nih.gov contains .gov, which is mixed"
healthcare,neutral,universal healthcare facts,3,10,https://www.cdc.gov/nchs/fastats/health-insurance.htm,cdc.gov,FastStats - Health Insurance Coverage,2026-05-09 21:07:06,mixed,"domain cdc.gov contains .gov, which is mixed"
healthcare,slanted,medicare for all costs,1,4,https://www.sanders.senate.gov/wp-content/uploads/medicare-for-all-2019-financing.pdf,sanders.senate.gov,Financing Medicare for All,2026-05-09 21:07:19,mixed,"domain sanders.senate.gov contains .gov, which is mixed"
healthcare,slanted,medicare for all costs,1,6,https://pmc.ncbi.nlm.nih.gov/articles/PMC7438128/,pmc.ncbi.nlm.nih.gov,Not the Last Word: Medicare for All is Not Enough - PMC,2026-05-09 21:07:24,mixed,"domain pmc.ncbi.nlm.nih.gov contains .gov, which is mixed"
healthcare,slanted,medicare for all costs,2,5,https://www.medicare.gov/basics/costs/medicare-costs,medicare.gov,Costs | Medicare,2026-05-09 21:07:40,mixed,"domain medicare.gov contains .gov, which is mixed"
healthcare,slanted,medicare for all costs,3,3,https://www.congress.gov/bill/119th-congress/senate-bill/1506,congress.gov,S.1506 - Medicare for All Act 119th Congress (2025-2026),2026-05-09 21:07:53,mixed,"domain congress.gov contains .gov, which is mixed"
healthcare,slanted,medicare for all costs,3,6,https://pubmed.ncbi.nlm.nih.gov/33491150/,pubmed.ncbi.nlm.nih.gov,Cost of Medicare for All: Review of the Estimates,2026-05-09 21:07:54,mixed,"domain pubmed.ncbi.nlm.nih.gov contains .gov, which is mixed"
healthcare,neutral,private insurance research,1,1,https://pmc.ncbi.nlm.nih.gov/articles/PMC4191467/,pmc.ncbi.nlm.nih.gov,Private health insurance: New measures of a complex ... - PMC,2026-05-09 21:08:14,mixed,"domain pmc.ncbi.nlm.nih.gov contains .gov, which is mixed"
healthcare,neutral,private insurance research,2,2,https://www.congress.gov/crs-product/R47507,congress.gov,Private Health Insurance: A Primer,2026-05-09 21:08:38,mixed,"domain congress.gov contains .gov, which is mixed"
healthcare,neutral,private insurance research,2,6,https://www.ncbi.nlm.nih.gov/books/NBK231254/,ncbi.nlm.nih.gov,"The Evolution of Private Health Insurance: Past Issues, Future ...",2026-05-09 21:08:40,mixed,"domain ncbi.nlm.nih.gov contains .gov, which is mixed"
healthcare,neutral,private insurance research,3,2,https://www.gao.gov/products/gao-09-864r,gao.gov,Private Health Insurance: Research on Competition in the ...,2026-05-09 21:08:52,mixed,"domain gao.gov contains .gov, which is mixed"
healthcare,slanted,obamacare failures,1,1,https://edworkforce.house.gov/news/documentsingle.aspx?DocumentID=408166,edworkforce.house.gov,Five Reasons Obamacare is a Failure,2026-05-09 21:09:05,mixed,"domain edworkforce.house.gov contains .gov, which is mixed"
healthcare,slanted,obamacare failures,1,3,https://www.finance.senate.gov/chairmans-news/crapo-obamacare-has-undermined-health-care-in-america,finance.senate.gov,Crapo: Obamacare Has Undermined Health Care in America,2026-05-09 21:09:11,mixed,"domain finance.senate.gov contains .gov, which is mixed"
healthcare,slanted,obamacare failures,1,9,https://pmc.ncbi.nlm.nih.gov/articles/PMC5415398/,pmc.ncbi.nlm.nih.gov,Why Trumpcare failed - PMC - NIH,2026-05-09 21:09:17,mixed,"domain pmc.ncbi.nlm.nih.gov contains .gov, which is mixed"
healthcare,slanted,obamacare failures,2,1,https://www.congress.gov/115/chrg/CHRG-115hhrg24442/CHRG-115hhrg24442.pdf,congress.gov,THE FAILURES OF OBAMACARE,2026-05-09 21:09:27,mixed,"domain congress.gov contains .gov, which is mixed"
healthcare,slanted,obamacare failures,2,9,https://www.govinfo.gov/content/pkg/CHRG-115hhrg24442/html/CHRG-115hhrg24442.htm,govinfo.gov,- THE FAILURES OF OBAMACARE: HARMFUL EFFECTS ...,2026-05-09 21:09:30,mixed,"domain govinfo.gov contains .gov, which is mixed"
healthcare,slanted,obamacare failures,3,3,https://www.jec.senate.gov/public/index.cfm/republicans/2017/6/obamacare-s-unstable-because-of-obamacare,jec.senate.gov,Obamacare's Unstable Because of… Obamacare!,2026-05-09 21:09:42,mixed,"domain jec.senate.gov contains .gov, which is mixed"
healthcare,slanted,obamacare failures,3,8,https://waysandmeans.house.gov/2025/11/13/obamacare-fraud-results-in-billions-for-insurance-companies-denied-claims-for-patients/,waysandmeans.house.gov,Democrats' Failed Health Care Policies: Obamacare Fraud ...,2026-05-09 21:09:44,mixed,"domain waysandmeans.house.gov contains .gov, which is mixed"
healthcare,neutral,healthcare reform,1,4,https://aspe.hhs.gov/topics/policy-regulation/health-health-care/healthcare-reform,aspe.hhs.gov,Healthcare Reform | ASPE,2026-05-09 21:10:06,mixed,"domain aspe.hhs.gov contains .gov, which is mixed"
healthcare,neutral,healthcare reform,1,6,https://pmc.ncbi.nlm.nih.gov/articles/PMC11270601/,pmc.ncbi.nlm.nih.gov,The Economic Rationale for Healthcare Reform - PMC - NIH,2026-05-09 21:10:08,mixed,"domain pmc.ncbi.nlm.nih.gov contains .gov, which is mixed"
healthcare,neutral,healthcare reform,2,4,https://www.whitehouse.gov/greathealthcare/,whitehouse.gov,The Great Healthcare Plan,2026-05-09 21:10:27,mixed,"domain whitehouse.gov contains .gov, which is mixed"
healthcare,neutral,healthcare reform,2,9,https://www.cms.gov/marketplace/health-plans-issuers/insurance-market-reforms,cms.gov,Health Insurance Market Reforms,2026-05-09 21:10:29,mixed,"domain cms.gov contains .gov, which is mixed"
healthcare,neutral,healthcare reform,3,3,https://dmh.lacounty.gov/about/healthcare-reform/,dmh.lacounty.gov,Health Care Reform - Department of Mental Health,2026-05-09 21:10:42,mixed,"domain dmh.lacounty.gov contains .gov, which is mixed"
healthcare,neutral,healthcare reform,3,9,https://www.healthcare.gov/glossary/affordable-care-act/,healthcare.gov,Affordable Care Act (ACA) - Glossary,2026-05-09 21:10:45,mixed,"domain healthcare.gov contains .gov, which is mixed"
healthcare,slanted,insurance coverage gaps,2,9,https://pubmed.ncbi.nlm.nih.gov/34698587/,pubmed.ncbi.nlm.nih.gov,Short- and Long-Term Health Consequences of Gaps in ...,2026-05-09 21:11:28,mixed,"domain pubmed.ncbi.nlm.nih.gov contains .gov, which is mixed"
cloning,neutral,animal cloning impact,1,3,https://pmc.ncbi.nlm.nih.gov/articles/PMC1476349/,pmc.ncbi.nlm.nih.gov,Benefits and problems with cloning animals - PMC,2026-05-09 21:11:59,mixed,"domain pmc.ncbi.nlm.nih.gov contains .gov, which is mixed"
cloning,neutral,animal cloning impact,1,4,https://www.genome.gov/about-genomics/fact-sheets/Cloning-Fact-Sheet,genome.gov,Cloning Fact Sheet,2026-05-09 21:12:00,mixed,"domain genome.gov contains .gov, which is mixed"
cloning,neutral,animal cloning impact,1,7,https://www.fda.gov/animal-veterinary/safety-health/animal-cloning,fda.gov,Animal Cloning,2026-05-09 21:12:02,mixed,"domain fda.gov contains .gov, which is mixed"
cloning,neutral,animal cloning impact,2,4,https://pmc.ncbi.nlm.nih.gov/articles/PMC1115633/,pmc.ncbi.nlm.nih.gov,Cloning may cause health defects - PMC - NIH,2026-05-09 21:12:21,mixed,"domain pmc.ncbi.nlm.nih.gov contains .gov, which is mixed"
cloning,slanted,human cloning ethics,1,4,https://pmc.ncbi.nlm.nih.gov/articles/PMC1456885/,pmc.ncbi.nlm.nih.gov,Thou shalt not clone - PMC,2026-05-09 21:12:56,mixed,"domain pmc.ncbi.nlm.nih.gov contains .gov, which is mixed"
cloning,slanted,human cloning ethics,2,2,https://www.genome.gov/about-genomics/fact-sheets/Cloning-Fact-Sheet,genome.gov,Cloning Fact Sheet,2026-05-09 21:13:30,mixed,"domain genome.gov contains .gov, which is mixed"
cloning,slanted,human cloning ethics,3,9,https://pmc.ncbi.nlm.nih.gov/articles/PMC183855/,pmc.ncbi.nlm.nih.gov,"Human cloning laws, human dignity and the poverty of ... - PMC",2026-05-09 21:13:48,mixed,"domain pmc.ncbi.nlm.nih.gov contains .gov, which is mixed"
cloning,neutral,reproductive cloning research,1,1,https://www.ncbi.nlm.nih.gov/books/NBK223969/,ncbi.nlm.nih.gov,Scientific and Medical Aspects of Human Reproductive Cloning,2026-05-09 21:14:03,mixed,"domain ncbi.nlm.nih.gov contains .gov, which is mixed"
cloning,neutral,reproductive cloning research,1,3,https://www.genome.gov/about-genomics/fact-sheets/Cloning-Fact-Sheet,genome.gov,Cloning Fact Sheet,2026-05-09 21:14:05,mixed,"domain genome.gov contains .gov, which is mixed"
cloning,neutral,reproductive cloning research,2,3,https://pmc.ncbi.nlm.nih.gov/articles/PMC1120620/,pmc.ncbi.nlm.nih.gov,Ban on human reproductive cloning demanded - PMC - NIH,2026-05-09 21:14:31,mixed,"domain pmc.ncbi.nlm.nih.gov contains .gov, which is mixed"
cloning,slanted,therapeutic cloning debate,1,1,https://pmc.ncbi.nlm.nih.gov/articles/PMC7245529/,pmc.ncbi.nlm.nih.gov,ARGUMENTS FOR HUMAN THERAPEUTIC CLONING - PMC,2026-05-09 21:14:58,mixed,"domain pmc.ncbi.nlm.nih.gov contains .gov, which is mixed"
cloning,slanted,therapeutic cloning debate,3,7,https://pmc.ncbi.nlm.nih.gov/articles/PMC2323472/,pmc.ncbi.nlm.nih.gov,Therapeutic cloning: promises and issues - PMC - NIH,2026-05-09 21:15:36,mixed,"domain pmc.ncbi.nlm.nih.gov contains .gov, which is mixed"
cloning,neutral,cloning endangered species,1,2,https://pubmed.ncbi.nlm.nih.gov/37988633/,pubmed.ncbi.nlm.nih.gov,Cloning for the Twenty-First Century and Its Place in ...,2026-05-09 21:16:02,mixed,"domain pubmed.ncbi.nlm.nih.gov contains .gov, which is mixed"
cloning,neutral,cloning endangered species,2,4,https://www.genome.gov/about-genomics/fact-sheets/Cloning-Fact-Sheet,genome.gov,Cloning Fact Sheet,2026-05-09 21:18:10,mixed,"domain genome.gov contains .gov, which is mixed"
cloning,neutral,cloning endangered species,2,5,https://www.fws.gov/press-release/2024-11/advancements-black-footed-ferret-conservation-continue-new-offspring-cloned,fws.gov,Advancements for Black-footed Ferret Conservation ...,2026-05-09 21:18:10,mixed,"domain fws.gov contains .gov, which is mixed"
cloning,neutral,cloning endangered species,3,1,https://www.fws.gov/press-release/2024-11/advancements-black-footed-ferret-conservation-continue-new-offspring-cloned,fws.gov,Advancements for Black-footed Ferret Conservation ...,2026-05-09 21:18:23,mixed,"domain fws.gov contains .gov, which is mixed"
cloning,neutral,cloning endangered species,3,6,https://pmc.ncbi.nlm.nih.gov/articles/PMC11988126/,pmc.ncbi.nlm.nih.gov,Towards Practical Conservation Cloning: Understanding the ...,2026-05-09 21:18:26,mixed,"domain pmc.ncbi.nlm.nih.gov contains .gov, which is mixed"
cloning,slanted,clone farming,1,4,https://www.fda.gov/animal-veterinary/animal-cloning/primer-cloning-and-its-use-livestock-operations,fda.gov,A Primer on Cloning and Its Use in Livestock Operations,2026-05-09 21:19:03,mixed,"domain fda.gov contains .gov, which is mixed"
cloning,slanted,clone farming,1,8,https://pmc.ncbi.nlm.nih.gov/articles/PMC7122979/,pmc.ncbi.nlm.nih.gov,The Human Clone Market - PMC - NIH,2026-05-09 21:19:07,mixed,"domain pmc.ncbi.nlm.nih.gov contains .gov, which is mixed"
cloning,slanted,clone farming,2,8,https://www.genome.gov/about-genomics/fact-sheets/Cloning-Fact-Sheet,genome.gov,Cloning Fact Sheet,2026-05-09 21:19:19,mixed,"domain genome.gov contains .gov, which is mixed"
gene_editing,neutral,crispr gene therapy,1,3,https://pmc.ncbi.nlm.nih.gov/articles/PMC7427626/,pmc.ncbi.nlm.nih.gov,"CRISPR Gene Therapy: Applications, Limitations, and ... - PMC",2026-05-09 21:19:59,mixed,"domain pmc.ncbi.nlm.nih.gov contains .gov, which is mixed"
gene_editing,neutral,crispr gene therapy,2,6,https://medlineplus.gov/genetics/understanding/genomicresearch/genomeediting/,medlineplus.gov,What are genome editing and CRISPR-Cas9?,2026-05-09 21:20:27,mixed,"domain medlineplus.gov contains .gov, which is mixed"
gene_editing,neutral,crispr gene therapy,3,3,https://pmc.ncbi.nlm.nih.gov/articles/PMC11119143/,pmc.ncbi.nlm.nih.gov,CRISPR-Based Gene Therapies: From Preclinical to Clinical ...,2026-05-09 21:20:39,mixed,"domain pmc.ncbi.nlm.nih.gov contains .gov, which is mixed"
gene_editing,neutral,crispr gene therapy,3,5,https://www.genome.gov/genetics-glossary/CRISPR,genome.gov,CRISPR,2026-05-09 21:20:40,mixed,"domain genome.gov contains .gov, which is mixed"
gene_editing,slanted,gene editing ethics,1,1,https://www.genome.gov/about-genomics/policy-issues/Genome-Editing/ethical-concerns,genome.gov,What are the Ethical Concerns of Genome Editing?,2026-05-09 21:21:09,mixed,"domain genome.gov contains .gov, which is mixed"
gene_editing,slanted,gene editing ethics,1,2,https://pmc.ncbi.nlm.nih.gov/articles/PMC9793437/,pmc.ncbi.nlm.nih.gov,Ethical Perspectives of Therapeutic Human Genome Editing ...,2026-05-09 21:21:10,mixed,"domain pmc.ncbi.nlm.nih.gov contains .gov, which is mixed"
gene_editing,slanted,gene editing ethics,2,9,https://medlineplus.gov/genetics/understanding/therapy/ethics/,medlineplus.gov,What are the ethical issues surrounding gene therapy?,2026-05-09 21:22:45,mixed,"domain medlineplus.gov contains .gov, which is mixed"
gene_editing,slanted,gene editing ethics,3,1,https://pmc.ncbi.nlm.nih.gov/articles/PMC12014773/,pmc.ncbi.nlm.nih.gov,The Ethics of Human Embryo Editing via CRISPR-Cas9 ... - PMC,2026-05-09 21:22:57,mixed,"domain pmc.ncbi.nlm.nih.gov contains .gov, which is mixed"
gene_editing,neutral,crispr cas9 research,1,1,https://pmc.ncbi.nlm.nih.gov/articles/PMC10916045/,pmc.ncbi.nlm.nih.gov,Application of CRISPR-Cas9 genome editing technology in ...,2026-05-09 21:23:16,mixed,"domain pmc.ncbi.nlm.nih.gov contains .gov, which is mixed"
gene_editing,neutral,crispr cas9 research,2,1,https://www.nsf.gov/impacts/crispr,nsf.gov,CRISPR: A Biotech Breakthrough,2026-05-09 21:23:35,mixed,"domain nsf.gov contains .gov, which is mixed"
gene_editing,neutral,crispr cas9 research,2,5,https://pmc.ncbi.nlm.nih.gov/articles/PMC9377665/,pmc.ncbi.nlm.nih.gov,CRISPR–Cas9: A History of Its Discovery and Ethical ... - PMC,2026-05-09 21:23:36,mixed,"domain pmc.ncbi.nlm.nih.gov contains .gov, which is mixed"
gene_editing,neutral,crispr cas9 research,2,6,https://medlineplus.gov/genetics/understanding/genomicresearch/genomeediting/,medlineplus.gov,What are genome editing and CRISPR-Cas9?,2026-05-09 21:23:37,mixed,"domain medlineplus.gov contains .gov, which is mixed"
gene_editing,neutral,crispr cas9 research,3,8,https://www.cancer.gov/news-events/cancer-currents-blog/2020/crispr-cancer-research-treatment,cancer.gov,How CRISPR Is Changing Cancer Research and Treatment,2026-05-09 21:23:50,mixed,"domain cancer.gov contains .gov, which is mixed"
gene_editing,slanted,genetic modification dangers,1,1,https://pmc.ncbi.nlm.nih.gov/articles/PMC7747319/,pmc.ncbi.nlm.nih.gov,Risks and benefits of human germline genome editing - PMC,2026-05-09 21:24:08,mixed,"domain pmc.ncbi.nlm.nih.gov contains .gov, which is mixed"
gene_editing,slanted,genetic modification dangers,1,5,https://www.nhlbi.nih.gov/health/genetic-therapies/benefits-risks,nhlbi.nih.gov,"Genetic Therapies - Benefits and Risks | NHLBI, NIH",2026-05-09 21:24:14,mixed,"domain nhlbi.nih.gov contains .gov, which is mixed"
gene_editing,slanted,genetic modification dangers,2,3,https://www.genome.gov/about-genomics/policy-issues/Genome-Editing/ethical-concerns,genome.gov,What are the Ethical Concerns of Genome Editing?,2026-05-09 21:24:35,mixed,"domain genome.gov contains .gov, which is mixed"
gene_editing,slanted,genetic modification dangers,3,4,https://www.fda.gov/media/135280/download,fda.gov,GMOs and your health,2026-05-09 21:24:48,mixed,"domain fda.gov contains .gov, which is mixed"
gene_editing,neutral,gene drive technology,1,7,https://pmc.ncbi.nlm.nih.gov/articles/PMC6069294/,pmc.ncbi.nlm.nih.gov,Gene drives in our future: challenges of and opportunities for ...,2026-05-09 21:25:29,mixed,"domain pmc.ncbi.nlm.nih.gov contains .gov, which is mixed"
gene_editing,neutral,gene drive technology,3,3,https://osp.od.nih.gov/wp-content/uploads/CollinsJ_NExTRAC_120519_508.pdf,osp.od.nih.gov,Lessons from Current Technologies: Gene Drives,2026-05-09 21:25:58,mixed,"domain osp.od.nih.gov contains .gov, which is mixed"
gene_editing,slanted,designer babies,1,6,https://pmc.ncbi.nlm.nih.gov/articles/PMC6431114/,pmc.ncbi.nlm.nih.gov,The first genetically gene‐edited babies: It's “irresponsible and ...,2026-05-09 21:26:38,mixed,"domain pmc.ncbi.nlm.nih.gov contains .gov, which is mixed"
cybersecurity,slanted,government backdoors,1,4,https://www.fbi.gov/how-we-investigate/lawful-access/lawful-access-myths-vs-reality,fbi.gov,Lawful Access: Myths vs. Reality,2026-05-09 21:28:55,mixed,"domain fbi.gov contains .gov, which is mixed"
cybersecurity,slanted,government backdoors,1,9,https://www.congress.gov/crs-product/IF11769,congress.gov,Law Enforcement and Technology: The “Lawful Access” ...,2026-05-09 21:29:03,mixed,"domain congress.gov contains .gov, which is mixed"
cybersecurity,slanted,hacking vulnerabilities,1,4,https://www.cisa.gov/known-exploited-vulnerabilities-catalog,cisa.gov,Known Exploited Vulnerabilities Catalog,2026-05-09 21:31:11,mixed,"domain cisa.gov contains .gov, which is mixed"
cybersecurity,neutral,data breach prevention,1,8,https://www.ftc.gov/business-guidance/resources/data-breach-response-guide-business,ftc.gov,Data Breach Response: A Guide for Business,2026-05-09 21:32:21,mixed,"domain ftc.gov contains .gov, which is mixed"
cybersecurity,slanted,ransomware attacks,1,3,https://www.fbi.gov/how-we-can-help-you/scams-and-safety/common-frauds-and-scams/ransomware,fbi.gov,Ransomware,2026-05-09 21:33:11,mixed,"domain fbi.gov contains .gov, which is mixed"
cybersecurity,slanted,ransomware attacks,2,5,https://www.cisa.gov/stopransomware/ransomware-101,cisa.gov,Ransomware 101,2026-05-09 21:33:39,mixed,"domain cisa.gov contains .gov, which is mixed"
social_credit,neutral,digital identity impact,2,7,https://pmc.ncbi.nlm.nih.gov/articles/PMC6292641/,pmc.ncbi.nlm.nih.gov,Digital Identity: The effect of trust and reputation information on ...,2026-05-09 21:34:29,mixed,"domain pmc.ncbi.nlm.nih.gov contains .gov, which is mixed"
social_credit,slanted,social credit system,2,6,https://www.congress.gov/crs-product/IF11342,congress.gov,China's Corporate Social Credit System,2026-05-09 21:35:24,mixed,"domain congress.gov contains .gov, which is mixed"
social_credit,slanted,government surveillance,1,5,http://lofgren.house.gov/issues/innovation-and-technology/government-surveillance,lofgren.house.gov,Government Surveillance | Congresswoman Zoe Lofgren,2026-05-09 21:37:16,mixed,"domain lofgren.house.gov contains .gov, which is mixed"
social_credit,slanted,government surveillance,2,2,https://www.state.gov/wp-content/uploads/2023/04/Guiding-Principles-on-Government-Use-of-Surveillance-Technologies.pdf,state.gov,Guiding-Principles-on-Government-Use-of-Surveillance- ...,2026-05-09 21:37:31,mixed,"domain state.gov contains .gov, which is mixed"
social_credit,slanted,government surveillance,2,10,https://pmc.ncbi.nlm.nih.gov/articles/PMC1490309/,pmc.ncbi.nlm.nih.gov,Surveillance society: Openness is the best defence against ...,2026-05-09 21:37:34,mixed,"domain pmc.ncbi.nlm.nih.gov contains .gov, which is mixed"
social_credit,slanted,government surveillance,3,1,https://www.intelligence.gov/ic-on-the-record-database/results/speeches-interviews/privacy-technology-national-security,intelligence.gov,"Privacy, Technology & National Security",2026-05-09 21:37:44,mixed,"domain intelligence.gov contains .gov, which is mixed"
social_credit,neutral,trustworthiness rating,1,9,https://pmc.ncbi.nlm.nih.gov/articles/PMC9127658/,pmc.ncbi.nlm.nih.gov,Can I Trust This Person? Evaluations of Trustworthiness From ...,2026-05-09 21:38:17,mixed,"domain pmc.ncbi.nlm.nih.gov contains .gov, which is mixed"
social_credit,neutral,trustworthiness rating,3,6,https://www.nist.gov/itl/ai-risk-management-framework,nist.gov,AI Risk Management Framework | NIST,2026-05-09 21:38:44,mixed,"domain nist.gov contains .gov, which is mixed"
social_credit,slanted,privacy concerns,3,4,https://www.gao.gov/products/gao-22-106096,gao.gov,Consumer Data: Increasing Use Poses Risks to Privacy,2026-05-09 21:39:43,mixed,"domain gao.gov contains .gov, which is mixed"
quantum_computing,neutral,quantum encryption research,1,5,https://www.nsa.gov/Cybersecurity/Quantum-Key-Distribution-QKD-and-Quantum-Cryptography-QC/,nsa.gov,Quantum Key Distribution (QKD) and ...,2026-05-09 21:40:11,mixed,"domain nsa.gov contains .gov, which is mixed"
quantum_computing,neutral,quantum encryption research,1,10,https://csrc.nist.gov/projects/post-quantum-cryptography,csrc.nist.gov,Post-Quantum Cryptography | CSRC,2026-05-09 21:40:16,mixed,"domain csrc.nist.gov contains .gov, which is mixed"
quantum_computing,slanted,quantum decryption threat,2,8,https://www.federalreserve.gov/econres/feds/files/2025093pap.pdf,federalreserve.gov,"""""Harvest Now, Decrypt Later"": Examining Post-Quantum ...",2026-05-09 21:43:17,mixed,"domain federalreserve.gov contains .gov, which is mixed"
quantum_computing,neutral,post quantum cryptography,1,3,https://csrc.nist.gov/projects/post-quantum-cryptography,csrc.nist.gov,Post-Quantum Cryptography | CSRC,2026-05-09 21:47:07,mixed,"domain csrc.nist.gov contains .gov, which is mixed"
quantum_computing,neutral,post quantum cryptography,3,1,https://www.dhs.gov/quantum,dhs.gov,Post-Quantum Cryptography,2026-05-09 21:47:44,mixed,"domain dhs.gov contains .gov, which is mixed"
quantum_computing,slanted,quantum supremacy,2,7,https://www.nasa.gov/technology/computing/google-and-nasa-achieve-quantum-supremacy/,nasa.gov,Google and NASA Achieve Quantum Supremacy,2026-05-09 21:48:26,mixed,"domain nasa.gov contains .gov, which is mixed"
quantum_computing,slanted,quantum supremacy,2,9,https://www.nist.gov/physics/introduction-new-quantum-revolution/quantum-supremacy,nist.gov,Quantum Supremacy | NIST,2026-05-09 21:48:27,mixed,"domain nist.gov contains .gov, which is mixed"
space_exploration,neutral,space research data,1,1,https://data.nasa.gov/,data.nasa.gov,NASA Open Data Portal: Welcome,2026-05-09 21:49:19,mixed,"domain data.nasa.gov contains .gov, which is mixed"
space_exploration,neutral,space research data,1,6,https://www.earthdata.nasa.gov/,earthdata.nasa.gov,NASA Earthdata: Your Gateway to NASA Earth Observation ...,2026-05-09 21:49:23,mixed,"domain earthdata.nasa.gov contains .gov, which is mixed"
space_exploration,neutral,space research data,2,4,https://www.nasa.gov/data/,nasa.gov,"Data from NASA's Missions, Research, and Activities",2026-05-09 21:49:41,mixed,"domain nasa.gov contains .gov, which is mixed"
space_exploration,neutral,space research data,2,10,https://pmc.ncbi.nlm.nih.gov/articles/PMC7733869/,pmc.ncbi.nlm.nih.gov,International Space Station Open-Source Data - PMC - NIH,2026-05-09 21:49:43,mixed,"domain pmc.ncbi.nlm.nih.gov contains .gov, which is mixed"
space_exploration,slanted,space junk,1,5,https://www.nasa.gov/headquarters/library/find/bibliographies/space-debris/,nasa.gov,Space Debris,2026-05-09 21:50:24,mixed,"domain nasa.gov contains .gov, which is mixed"
space_exploration,slanted,space junk,3,2,https://orbitaldebris.jsc.nasa.gov/faq/,orbitaldebris.jsc.nasa.gov,Frequently Asked Questions,2026-05-09 21:50:54,mixed,"domain orbitaldebris.jsc.nasa.gov contains .gov, which is mixed"
space_exploration,neutral,mars colonization,1,5,https://www.nasa.gov/humans-in-space/humans-to-mars/,nasa.gov,Humans to Mars,2026-05-09 21:51:38,mixed,"domain nasa.gov contains .gov, which is mixed"
space_exploration,neutral,mars colonization,1,6,https://pmc.ncbi.nlm.nih.gov/articles/PMC10884476/,pmc.ncbi.nlm.nih.gov,A comprehensive blueprint for Mars colonization - PMC - NIH,2026-05-09 21:52:07,mixed,"domain pmc.ncbi.nlm.nih.gov contains .gov, which is mixed"
space_exploration,neutral,mars colonization,3,1,https://science.nasa.gov/planetary-science/programs/mars-exploration/science-goals/,science.nasa.gov,Mars Exploration: Science Goals,2026-05-09 21:52:23,mixed,"domain science.nasa.gov contains .gov, which is mixed"
space_exploration,slanted,space tourism risks,1,2,https://www.nasa.gov/hrp/hazards/,nasa.gov,5 Hazards of Human Spaceflight,2026-05-09 21:52:38,mixed,"domain nasa.gov contains .gov, which is mixed"
space_exploration,slanted,space tourism risks,1,9,https://pmc.ncbi.nlm.nih.gov/articles/PMC9818606/,pmc.ncbi.nlm.nih.gov,Human Health during Space Travel: State-of-the-Art Review,2026-05-09 21:52:44,mixed,"domain pmc.ncbi.nlm.nih.gov contains .gov, which is mixed"
space_exploration,slanted,space tourism risks,2,5,https://www.nasa.gov/hrp/risks/,nasa.gov,Risks of Human Spaceflight,2026-05-09 21:52:54,mixed,"domain nasa.gov contains .gov, which is mixed"
space_exploration,neutral,international space station,1,2,https://www.nasa.gov/international-space-station/,nasa.gov,International Space Station,2026-05-09 21:53:25,mixed,"domain nasa.gov contains .gov, which is mixed"
space_exploration,neutral,international space station,1,4,https://www.nasa.gov/image-article/glowing-views-from-the-space-station/,nasa.gov,Glowing Views from the Space Station,2026-05-09 21:53:51,mixed,"domain nasa.gov contains .gov, which is mixed"
space_exploration,neutral,international space station,2,7,https://www.nasa.gov/spot-the-station/,nasa.gov,Spot The Station,2026-05-09 21:54:03,mixed,"domain nasa.gov contains .gov, which is mixed"
space_exploration,slanted,asteroid mining ethics,1,9,https://www.congress.gov/crs-product/R48144,congress.gov,Space Resource Extraction: Overview and Issues for ...,2026-05-09 21:54:41,mixed,"domain congress.gov contains .gov, which is mixed"
space_exploration,neutral,space debris mitigation,1,3,https://orbitaldebris.jsc.nasa.gov/mitigation/,orbitaldebris.jsc.nasa.gov,ARES | Orbital Debris Program Office | Debris Mitigation,2026-05-09 21:55:17,mixed,"domain orbitaldebris.jsc.nasa.gov contains .gov, which is mixed"
space_exploration,neutral,space debris mitigation,2,5,https://www.fcc.gov/space/orbital-debris,fcc.gov,Orbital Debris | Federal Communications Commission,2026-05-09 21:55:30,mixed,"domain fcc.gov contains .gov, which is mixed"
space_exploration,neutral,space debris mitigation,3,3,https://space.commerce.gov/national-orbital-debris-mitigation-plan-released/,space.commerce.gov,National Orbital Debris Mitigation Plan Released,2026-05-09 21:55:38,mixed,"domain space.commerce.gov contains .gov, which is mixed"
immigration,neutral,immigration data,2,4,https://www.uscis.gov/tools/reports-and-studies/immigration-and-citizenship-data,uscis.gov,Immigration and Citizenship Data,2026-05-09 21:56:49,mixed,"domain uscis.gov contains .gov, which is mixed"
immigration,neutral,immigration data,3,5,https://ohss.dhs.gov/,ohss.dhs.gov,Office of Homeland Security Statistics,2026-05-09 21:56:59,mixed,"domain ohss.dhs.gov contains .gov, which is mixed"
immigration,slanted,immigration threath,1,7,https://pmc.ncbi.nlm.nih.gov/articles/PMC9132160/,pmc.ncbi.nlm.nih.gov,Parental perceived immigration threat and children's mental ...,2026-05-09 21:57:20,mixed,"domain pmc.ncbi.nlm.nih.gov contains .gov, which is mixed"
immigration,slanted,immigration threath,2,1,https://www.state.gov/making-america-safer-ending-illegal-immigration,state.gov,Making America Safer: Ending Illegal Immigration,2026-05-09 21:57:29,mixed,"domain state.gov contains .gov, which is mixed"
immigration,slanted,immigration threath,3,1,https://www.dhs.gov/,dhs.gov,Homeland Security: Home,2026-05-09 21:57:37,mixed,"domain dhs.gov contains .gov, which is mixed"
immigration,slanted,immigration threath,3,8,https://www.whitehouse.gov/presidential-actions/2025/06/restricting-the-entry-of-foreign-nationals-to-protect-the-united-states-from-foreign-terrorists-and-other-national-security-and-public-safety-threats/,whitehouse.gov,Restricting The Entry of Foreign Nationals to Protect ...,2026-05-09 21:57:39,mixed,"domain whitehouse.gov contains .gov, which is mixed"
immigration,neutral,poulation growth,2,3,https://pmc.ncbi.nlm.nih.gov/articles/PMC8393076/,pmc.ncbi.nlm.nih.gov,Major Trends in Population Growth Around the World - PMC,2026-05-09 21:58:21,mixed,"domain pmc.ncbi.nlm.nih.gov contains .gov, which is mixed"
immigration,neutral,poulation growth,3,5,https://www.census.gov/newsroom/press-releases/2026/population-growth-slows.html,census.gov,Population Growth Slows Due to Decline in Net ...,2026-05-09 21:58:33,mixed,"domain census.gov contains .gov, which is mixed"
immigration,slanted,overpopulation,2,8,https://pubmed.ncbi.nlm.nih.gov/12281798/,pubmed.ncbi.nlm.nih.gov,What is overpopulation?,2026-05-09 21:59:30,mixed,"domain pubmed.ncbi.nlm.nih.gov contains .gov, which is mixed"
Job_security,neutral,unemployment rate data,2,1,https://www.bls.gov/charts/employment-situation/civilian-unemployment-rate.htm,bls.gov,Civilian unemployment rate,2026-05-09 22:00:12,mixed,"domain bls.gov contains .gov, which is mixed"
Job_security,slanted,unemployment rise,1,6,https://www.bls.gov/news.release/pdf/empsit.pdf,bls.gov,The Employment Situation - April 2026,2026-05-09 22:00:44,mixed,"domain bls.gov contains .gov, which is mixed"
Job_security,slanted,unemployment rise,3,5,https://www.bls.gov/news.release/empsit.nr0.htm,bls.gov,Employment Situation Summary - 2026 M04 Results,2026-05-09 22:01:10,mixed,"domain bls.gov contains .gov, which is mixed"
Job_security,neutral,unemployment projection related to Ai data,1,6,https://www.bls.gov/opub/ted/2025/ai-impacts-in-bls-employment-projections.htm,bls.gov,AI impacts in BLS employment projections,2026-05-09 22:01:31,mixed,"domain bls.gov contains .gov, which is mixed"
vaccine_passports,slanted,immunity passport discrimination,2,10,https://www.researchgate.net/publication/388643153_IS_THE_IMMUNITY_PASSPORT_POLICY_DISCRIMINATORY?_tp=eyJjb250ZXh0Ijp7InBhZ2UiOiJzY2llbnRpZmljQ29udHJpYnV0aW9ucyIsInByZXZpb3VzUGFnZSI6bnVsbH19,researchgate.net,IS THE IMMUNITY PASSPORT POLICY DISCRIMINATORY?,2026-05-09 15:52:39,mixed,domain researchgate.net manually labeled as mixed
vaccine_passports,slanted,immunity passport discrimination,3,7,https://www.researchgate.net/publication/388643153_IS_THE_IMMUNITY_PASSPORT_POLICY_DISCRIMINATORY?_tp=eyJjb250ZXh0Ijp7InBhZ2UiOiJzY2llbnRpZmljQ29udHJpYnV0aW9ucyIsInByZXZpb3VzUGFnZSI6bnVsbH19,researchgate.net,IS THE IMMUNITY PASSPORT POLICY DISCRIMINATORY?,2026-05-09 15:52:46,mixed,domain researchgate.net manually labeled as mixed
vaccine_passports,neutral,covid passport research,3,1,https://www.researchgate.net/publication/358205843_Covid-19_Vaccine_Passport_Discourses_An_Exploratory_Study_of_23_Countries,researchgate.net,Covid-19 “Vaccine Passport” Discourses: An Exploratory ...,2026-05-09 15:53:21,mixed,domain researchgate.net manually labeled as mixed
vaccine_passports,slanted,vaccine segregation,2,4,https://www.researchgate.net/publication/359745507_Mandatory_vaccinations_the_imposing_of_fines_the_segregation_of_citizens_and_promotion_of_inequality_in_the_modern_democracy_of_Greece_Is_science_allowed_to_enforce_or_silently_back-up_such_policies,researchgate.net,"(PDF) Mandatory vaccinations, the imposing of fines ...",2026-05-09 15:55:17,mixed,domain researchgate.net manually labeled as mixed
covid19,neutral,lockdown effectiveness,3,8,https://www.researchgate.net/publication/362393967_Are_Lockdowns_Effective_in_Managing_Pandemics,researchgate.net,(PDF) Are Lockdowns Effective in Managing Pandemics?,2026-05-09 16:01:34,mixed,domain researchgate.net manually labeled as mixed
climate_change,slanted,global warming myth,2,5,https://www.researchgate.net/publication/226308148_Global_warming_A_myth,researchgate.net,(PDF) Global warming: A myth?,2026-05-09 16:05:36,mixed,domain researchgate.net manually labeled as mixed
climate_change,neutral,carbon emissions impact,2,4,https://www.researchgate.net/publication/378816706_Global_Impact_of_Carbon_Emissions_and_Strategies_for_Its_Management,researchgate.net,(PDF) Global Impact of Carbon Emissions and Strategies ...,2026-05-09 16:08:14,mixed,domain researchgate.net manually labeled as mixed
fluoridation,slanted,fluoride toxicity,3,9,https://www.researchgate.net/publication/380910125_Fluoride_Toxicity,researchgate.net,(PDF) Fluoride Toxicity,2026-05-09 16:15:20,mixed,domain researchgate.net manually labeled as mixed
fluoridation,neutral,community water fluoridation safety,3,5,https://www.researchgate.net/publication/371249137_Community_Water_Fluoridation_Levels_To_Promote_Effectiveness_and_Safety_in_Oral_Health_-_United_States_2016-2021,researchgate.net,(PDF) Community Water Fluoridation Levels To Promote ...,2026-05-09 16:15:58,mixed,domain researchgate.net manually labeled as mixed
fluoridation,slanted,fluoride neurotoxicity,3,6,https://www.researchgate.net/publication/338061333_Developmental_fluoride_neurotoxicity_An_updated_review,researchgate.net,Developmental fluoride neurotoxicity: An updated review,2026-05-09 16:16:43,mixed,domain researchgate.net manually labeled as mixed
5g,slanted,5g radiation risks,3,5,https://www.researchgate.net/publication/351543801_5G_Radiation_and_Potential_Risks_to_the_Environment_and_Human_Health,researchgate.net,(PDF) 5G Radiation and Potential Risks to the Environment ...,2026-05-09 16:18:07,mixed,domain researchgate.net manually labeled as mixed
5g,neutral,5g safety research,2,3,https://www.researchgate.net/publication/353801167_5G_Network_Security_Issues_Challenges_Opportunities_and_Future_Directions_A_Survey,researchgate.net,"5G Network Security Issues, Challenges, Opportunities and ...",2026-05-09 16:18:40,mixed,domain researchgate.net manually labeled as mixed
5g,slanted,5g dangers,2,8,https://www.researchgate.net/publication/393159530_The_significant_dangers_of_5G_technology,researchgate.net,(PDF) The significant dangers of 5G technology,2026-05-09 16:19:28,mixed,domain researchgate.net manually labeled as mixed
5g,neutral,5g health studies,2,5,https://www.researchgate.net/publication/397485139_Potential_Health_Implications_of_Fifth_Generation_5G_Wireless_Communication_Technology_A_Review_of_Emerging_Biological_and_Epidemiological_Concerns,researchgate.net,(PDF) Potential Health Implications of Fifth Generation (5G) ...,2026-05-09 16:20:19,mixed,domain researchgate.net manually labeled as mixed
nuclear_power,slanted,nuclear proliferation risks,2,8,https://www.researchgate.net/publication/318573765_Nuclear_Proliferation_The_Risks_of_Prediction,researchgate.net,(PDF) Nuclear Proliferation: The Risks of Prediction,2026-05-09 16:30:32,mixed,domain researchgate.net manually labeled as mixed
nuclear_waste,neutral,radioactive waste disposal research,2,7,https://www.researchgate.net/publication/385627547_Environmental_and_ecological_impact_of_radioactive_waste_disposal,researchgate.net,Environmental and ecological impact of radioactive waste ...,2026-05-09 16:31:19,mixed,domain researchgate.net manually labeled as mixed
pesticides,neutral,pesticide regulation science,3,8,https://www.researchgate.net/publication/274492286_Regulation_of_pesticides_A_comparative_analysis,researchgate.net,Regulation of pesticides: A comparative analysis,2026-05-09 16:35:37,mixed,domain researchgate.net manually labeled as mixed
artificial_sweeteners,neutral,sucralose research,1,9,https://www.researchgate.net/publication/378630608_Sucralose_From_Sweet_Success_to_Metabolic_Controversies-Unraveling_the_Global_Health_Implications_of_a_Pervasive_Non-Caloric_Artificial_Sweetener,researchgate.net,(PDF) Sucralose: From Sweet Success to Metabolic ...,2026-05-09 16:43:20,mixed,domain researchgate.net manually labeled as mixed
electromagnetic_fields,neutral,emf safety research,3,4,https://www.researchgate.net/publication/383886680_Health_Risks_of_Low-Frequency_Electromagnetic_Fields_LF-EMF_and_Radio_Waves_An_Umbrella_Review_and_Meta-Analysis,researchgate.net,Health Risks of Low-Frequency Electromagnetic Fields (LF ...,2026-05-09 16:50:58,mixed,domain researchgate.net manually labeled as mixed
electromagnetic_fields,neutral,wi-fi health effects,3,8,https://www.researchgate.net/publication/344302944_Radiofrequency_electromagnetic_radiation_from_Wi-fi_and_its_effects_on_human_health_in_particular_children_and_adolescents_Review,researchgate.net,Radiofrequency electromagnetic radiation from Wi-fi and its ...,2026-05-09 16:56:01,mixed,domain researchgate.net manually labeled as mixed
electromagnetic_fields,slanted,wi-fi radiation dangers,3,7,https://www.researchgate.net/publication/344302944_Radiofrequency_electromagnetic_radiation_from_Wi-fi_and_its_effects_on_human_health_in_particular_children_and_adolescents_Review,researchgate.net,Radiofrequency electromagnetic radiation from Wi-fi and its ...,2026-05-09 16:56:56,mixed,domain researchgate.net manually labeled as mixed
essential_oils,neutral,essential oils therapeutic facts,3,3,https://www.researchgate.net/publication/221925405_The_Therapeutic_Benefits_of_Essential_Oils,researchgate.net,The Therapeutic Benefits of Essential Oils,2026-05-09 16:58:00,mixed,domain researchgate.net manually labeled as mixed
essential_oils,neutral,tea tree oil safety,2,7,https://www.researchgate.net/publication/384381944_Safety_and_possible_risks_of_tea_tree_oil_from_a_toxicological_perspective,researchgate.net,(PDF) Safety and possible risks of tea tree oil from a ...,2026-05-09 17:00:03,mixed,domain researchgate.net manually labeled as mixed
essential_oils,slanted,tea tree oil poisoning,3,7,https://www.researchgate.net/publication/365715281_Safety_assessment_and_adverse_drug_reaction_reporting_of_tea_tree_oil_Melaleuca_aetheroleum,researchgate.net,Safety assessment and adverse drug reaction reporting of ...,2026-05-09 17:01:41,mixed,domain researchgate.net manually labeled as mixed
essential_oils,neutral,lavender oil research,1,2,https://www.researchgate.net/publication/242116432_Lavender_essential_oil_A_review,researchgate.net,(PDF) Lavender essential oil: A review,2026-05-09 17:01:58,mixed,domain researchgate.net manually labeled as mixed
essential_oils,neutral,lavender oil research,2,9,https://www.researchgate.net/publication/393449321_Lavender_Oil_A_Comprehensive_Review_of_Composition_and_Applications,researchgate.net,(PDF) Lavender Oil: A Comprehensive Review of ...,2026-05-09 17:02:09,mixed,domain researchgate.net manually labeled as mixed
aluminum,slanted,aluminum vaccine toxicity,3,4,https://www.researchgate.net/publication/221738389_Mechanisms_of_aluminum_adjuvant_toxicity_and_autoimmunity_in_pediatric_populations,researchgate.net,(PDF) Mechanisms of aluminum adjuvant toxicity and ...,2026-05-09 17:04:43,mixed,domain researchgate.net manually labeled as mixed
aluminum,slanted,aluminum alzheimers link,3,3,https://www.researchgate.net/publication/50597066_Link_between_Aluminum_and_the_Pathogenesis_of_Alzheimer's_Disease_The_Integration_of_the_Aluminum_and_Amyloid_Cascade_Hypotheses,researchgate.net,(PDF) Link between Aluminum and the Pathogenesis of ...,2026-05-09 17:06:14,mixed,domain researchgate.net manually labeled as mixed
aluminum,slanted,aluminum breast cancer,3,10,https://www.researchgate.net/publication/387431032_The_Potential_Metalloestrogenic_Effect_of_Aluminum_on_Breast_Cancer_Risk_for_Antiperspirant_Users,researchgate.net,The Potential Metalloestrogenic Effect of Aluminum on ...,2026-05-09 17:07:45,mixed,domain researchgate.net manually labeled as mixed
mercury,slanted,mercury amalgam poisoning,3,10,https://www.researchgate.net/publication/235898880_Mercury_poisoning_from_dental_amalgam,researchgate.net,(PDF) Mercury poisoning from dental amalgam,2026-05-09 17:09:00,mixed,domain researchgate.net manually labeled as mixed
mercury,neutral,mercury in fish guidelines,3,4,https://www.researchgate.net/publication/276069255_Fish_consumption_recommendations_to_conform_to_current_advice_in_regard_to_mercury_intake,researchgate.net,(PDF) Fish consumption recommendations to conform to ...,2026-05-09 17:20:17,mixed,domain researchgate.net manually labeled as mixed
cloning,neutral,animal cloning research,1,5,https://www.researchgate.net/publication/388027304_AN_OVERVIEW_ON_ANIMAL_CLONING,researchgate.net,(PDF) AN OVERVIEW ON ANIMAL CLONING,2026-05-09 17:21:31,mixed,domain researchgate.net manually labeled as mixed
cloning,neutral,food cloning safety,2,3,https://www.researchgate.net/post/Is_it_ethical_to_clone_animals_for_food_production,researchgate.net,Is it ethical to clone animals for food production?,2026-05-09 17:23:58,mixed,domain researchgate.net manually labeled as mixed
cloning,slanted,cloned meat risks,2,8,https://www.researchgate.net/publication/276419191_Cloned_Meat_recent_data_regarding_its_safety_and_detection_Klonopoiemeno_kreas_prosphata_dedomena_schetika_me_ten_asphaleia_kai_ten_anichneuse_tou,researchgate.net,Cloned Meat: recent data regarding its safety and detection ...,2026-05-09 17:24:58,mixed,domain researchgate.net manually labeled as mixed
plastic,neutral,biodegradable plastics research,2,3,https://www.researchgate.net/publication/362390526_Sustainable_Biodegradable_Plastics_and_their_Applications_A_Mini_Review,researchgate.net,Sustainable Biodegradable Plastics and their Applications,2026-05-09 17:36:34,mixed,domain researchgate.net manually labeled as mixed
plastic,slanted,bioplastics environmental impact,2,8,https://www.researchgate.net/publication/390258183_Impact_of_Bioplastics_Towards_Sustainable_Environment,researchgate.net,Impact of Bioplastics Towards Sustainable Environment,2026-05-09 17:37:33,mixed,domain researchgate.net manually labeled as mixed
plastic,slanted,microplastics human toxicity,3,6,https://www.researchgate.net/publication/373053964_Potential_Health_Impact_of_Microplastics_A_Review_of_Environmental_Distribution_Human_Exposure_and_Toxic_Effects,researchgate.net,(PDF) Potential Health Impact of Microplastics: A Review ...,2026-05-09 17:39:38,mixed,domain researchgate.net manually labeled as mixed
wind_energy,slanted,wind turbine syndrome,1,9,https://www.researchgate.net/publication/265247204_Wind_Turbine_Syndrome_A_Report_on_a_Natural_Experiment,researchgate.net,Wind Turbine Syndrome: A Report on a Natural Experiment,2026-05-09 17:41:38,mixed,domain researchgate.net manually labeled as mixed
wind_energy,neutral,offshore wind farm research,2,6,https://www.researchgate.net/publication/362593993_Reviewing_the_ecological_impacts_of_offshore_wind_farms,researchgate.net,Reviewing the ecological impacts of offshore wind farms,2026-05-09 17:43:03,mixed,domain researchgate.net manually labeled as mixed
wind_energy,neutral,wind power health effects,3,9,https://www.researchgate.net/publication/395268603_A_Review_of_the_Health_Impacts_of_Wind_Turbine_Exposure,researchgate.net,A Review of the Health Impacts of Wind Turbine Exposure,2026-05-09 17:45:27,mixed,domain researchgate.net manually labeled as mixed
biodiesel,neutral,biodiesel environmental impact,2,7,https://www.researchgate.net/publication/336348409_ENVIRONMENTAL_IMPACTS_ASSESSMENT_OF_BIODIESEL_PRODUCTION_FROM_JATROPHA_AND_WASTE_COOKING_OIL_WCO,researchgate.net,environmental impacts assessment of biodiesel production ...,2026-05-09 17:47:16,mixed,domain researchgate.net manually labeled as mixed
biodiesel,neutral,algae biofuel research,2,6,https://www.researchgate.net/post/Which_are_the_most_promising_research_areas_on_Algal_biomass_towards_biofuels_and_bioproducts,researchgate.net,Which are the most promising research areas on 'Algal ...,2026-05-09 17:49:01,mixed,domain researchgate.net manually labeled as mixed
biodiesel,slanted,biofuel food vs fuel,3,10,https://www.researchgate.net/publication/250006946_Food_vs_fuel_-_A_turning_point_for_bioethanol,researchgate.net,Food vs. fuel — A turning point for bioethanol?,2026-05-09 17:50:20,mixed,domain researchgate.net manually labeled as mixed
artificial_intelligence,slanted,ai uncontrolled intelligence,2,3,https://www.researchgate.net/post/Uncontrolled_development_of_AI_today_is_it_really_for_better_tomorrow_I_doubt_even_I_am_from_IT,researchgate.net,"Uncontrolled development of AI today, is it really for better ...",2026-05-09 17:53:36,mixed,domain researchgate.net manually labeled as mixed
artificial_intelligence,neutral,ai ethics guidelines,3,7,https://www.researchgate.net/publication/335579286_The_global_landscape_of_AI_ethics_guidelines,researchgate.net,The global landscape of AI ethics guidelines,2026-05-09 17:55:20,mixed,domain researchgate.net manually labeled as mixed
artificial_intelligence,slanted,ai bias dangers,3,3,https://www.researchgate.net/publication/390268084_The_dangers_of_algorithmic_bias_in_artificial_intelligence,researchgate.net,The Dangers Of Algorithmic Bias In Artificial Intelligence,2026-05-09 17:56:10,mixed,domain researchgate.net manually labeled as mixed
gene_drives,slanted,gene drive ecological risks,3,9,https://www.researchgate.net/publication/342006414_Gene_drives_benefits_risks_and_possible_applications,researchgate.net,"(PDF) Gene drives: benefits, risks, and possible applications",2026-05-09 17:58:03,mixed,domain researchgate.net manually labeled as mixed
gene_drives,neutral,crispr gene drive research,2,10,https://www.researchgate.net/post/What_are_the_effects_of_CRISPR_in_gene_drive,researchgate.net,What are the effects of CRISPR in gene drive?,2026-05-09 17:58:56,mixed,domain researchgate.net manually labeled as mixed
gene_drives,slanted,selfish genetic elements danger,3,3,https://www.researchgate.net/profile/Robert-Trivers/publication/37714243_Genes_in_Conflict/links/5c95217f45851506d724702d/Genes-in-Conflict.pdf,researchgate.net,Genes in conflict: the biology of selfish genetic elements,2026-05-09 18:02:01,mixed,domain researchgate.net manually labeled as mixed
synthetic_biology,slanted,synthetic biology bioweapons,3,8,https://www.researchgate.net/publication/263162191_Synthetic_Biology_and_Biosecurity_How_scared_should_we_be,researchgate.net,Synthetic Biology and Biosecurity: How scared should we ...,2026-05-09 18:03:51,mixed,domain researchgate.net manually labeled as mixed
synthetic_biology,neutral,genetic engineering research,3,1,https://www.researchgate.net/topic/Genetic-Engineering/publications,researchgate.net,161753 PDFs | Review articles in GENETIC ENGINEERING,2026-05-09 18:04:44,mixed,domain researchgate.net manually labeled as mixed
synthetic_biology,slanted,designer babies ethics,3,5,https://www.researchgate.net/publication/381641271_Designer_Babies_are_No_Longer_Science_Fiction_What_are_The_Ethical_Considerations,researchgate.net,Designer Babies are No Longer Science Fiction,2026-05-09 18:05:50,mixed,domain researchgate.net manually labeled as mixed
synthetic_biology,neutral,biohacking safety,3,7,https://www.researchgate.net/publication/355130029_Ethical_Implications_of_Biohacking_as_Activism_Democratized_Health_Care_Danger_or_What,researchgate.net,(PDF) Ethical Implications of Biohacking as Activism,2026-05-09 18:07:06,mixed,domain researchgate.net manually labeled as mixed
synthetic_biology,slanted,garage biology risks,2,4,https://www.researchgate.net/publication/303699006_Do_It_Yourself_Biology-Committed_Hobbyists_or_Dangers_to_the_Public_Safety,researchgate.net,(PDF) Do It Yourself Biology-Committed Hobbyists or ...,2026-05-09 18:07:41,mixed,domain researchgate.net manually labeled as mixed
nanotechnology,neutral,nanotechnology medical impact,3,9,https://www.researchgate.net/publication/394642554_Nanotechnology_in_medicine_a_double-edged_sword_for_health_outcomes,researchgate.net,(PDF) Nanotechnology in medicine: a double-edged sword ...,2026-05-09 18:08:51,mixed,domain researchgate.net manually labeled as mixed
nanotechnology,slanted,nanoparticle toxicity,2,1,https://www.researchgate.net/post/I-would-like-advice-on-the-toxicity-and-hazards-of-nanoparticles,researchgate.net,I would like advice on the toxicity and hazards of ...,2026-05-09 18:09:31,mixed,domain researchgate.net manually labeled as mixed
nanotechnology,neutral,nanomaterials safety research,2,1,https://www.researchgate.net/publication/335442810_Safety_Concern_of_Nanomaterials,researchgate.net,(PDF) Safety Concern of Nanomaterials,2026-05-09 18:10:18,mixed,domain researchgate.net manually labeled as mixed
nanotechnology,slanted,nanotech environmental impact,2,1,https://www.researchgate.net/post/What_are_the_environmental_risks_associated_with_using_nanotechnology_in_renewable_energy,researchgate.net,What are the environmental risks associated with using ...,2026-05-09 18:11:19,mixed,domain researchgate.net manually labeled as mixed
nanotechnology,neutral,carbon nanotube applications,3,6,https://www.researchgate.net/publication/274989660_Current_Trends_in_Carbon_Nanotubes_and_Their_Applications,researchgate.net,Current Trends in Carbon Nanotubes and Their Applications,2026-05-09 18:12:53,mixed,domain researchgate.net manually labeled as mixed
nanotechnology,slanted,nanoparticle lung disease,3,4,https://www.researchgate.net/figure/Effects-of-various-nanoparticles-on-lung-fibrosis-lung-infection-and-noxious_tbl1_372495787,researchgate.net,"Effects of various nanoparticles on lung fibrosis, ...",2026-05-09 18:13:41,mixed,domain researchgate.net manually labeled as mixed
quantum_computing,neutral,quantum computing cryptography,2,7,https://www.researchgate.net/publication/377845746_Quantum_Computing_in_Cryptography,researchgate.net,(PDF) Quantum Computing in Cryptography,2026-05-09 18:14:37,mixed,domain researchgate.net manually labeled as mixed
quantum_computing,neutral,quantum supremacy research,2,5,https://www.researchgate.net/publication/384056737_Harnessing_Quantum_Supremacy_A_Global_Perspective_on_Computational_Paradigms,researchgate.net,Harnessing Quantum Supremacy: A Global Perspective on ...,2026-05-09 18:16:49,mixed,domain researchgate.net manually labeled as mixed
quantum_computing,slanted,quantum decryption threats,2,7,https://www.researchgate.net/publication/391672226_Quantum_computing_threats_to_cybersecurity_protocols,researchgate.net,(PDF) Quantum computing threats to cybersecurity protocols,2026-05-09 18:17:52,mixed,domain researchgate.net manually labeled as mixed
quantum_computing,slanted,quantum decryption threats,3,2,https://www.researchgate.net/publication/391672226_Quantum_computing_threats_to_cybersecurity_protocols,researchgate.net,(PDF) Quantum computing threats to cybersecurity protocols,2026-05-09 18:18:04,mixed,domain researchgate.net manually labeled as mixed
quantum_computing,neutral,quantum ai research,3,8,https://www.researchgate.net/post/The_rise_of_Quantum_computing_is_transforming_the_world_of_computation_and_the_AI_How_will_the_Quantum_Computing_impact_Internet_and_Data_Centers,researchgate.net,The rise of Quantum computing is transforming the world ...,2026-05-09 18:19:03,mixed,domain researchgate.net manually labeled as mixed
lab_grown_meat,slanted,lab meat health risks,2,7,https://www.researchgate.net/post/Is_it_hygienic_or_healthy_to_consume_laboratory_grown_meat,researchgate.net,Is it hygienic or healthy to consume laboratory grown meat?,2026-05-09 18:22:10,mixed,domain researchgate.net manually labeled as mixed
lab_grown_meat,neutral,cellular agriculture research,3,6,https://www.researchgate.net/publication/353074883_Cellular_Agriculture_Research_Progress_and_Prospects_Insights_from_Bibliometric_Analysis,researchgate.net,(PDF) Cellular Agriculture Research Progress and Prospects,2026-05-09 18:23:12,mixed,domain researchgate.net manually labeled as mixed
lab_grown_meat,slanted,test tube meat dangers,2,9,https://www.researchgate.net/post/Is_it_hygienic_or_healthy_to_consume_laboratory_grown_meat,researchgate.net,Is it hygienic or healthy to consume laboratory grown meat?,2026-05-09 18:24:00,mixed,domain researchgate.net manually labeled as mixed
3d_printing,neutral,3d printed organs facts,2,5,https://www.researchgate.net/publication/337166178_3D_Printed_Organs_The_Future_of_Regenerative_Medicine,researchgate.net,3D Printed Organs: The Future of Regenerative Medicine,2026-05-09 18:26:59,mixed,domain researchgate.net manually labeled as mixed
3d_printing,slanted,3d printing bioprinting risks,2,9,https://www.researchgate.net/publication/353956682_Toxicity_risks_of_occupational_exposure_in_3D_printing_and_bioprinting_industries_A_systematic_review,researchgate.net,Toxicity risks of occupational exposure in 3D printing and ...,2026-05-09 18:29:03,mixed,domain researchgate.net manually labeled as mixed
3d_printing,slanted,3d printing bioprinting risks,3,1,https://www.researchgate.net/publication/353956682_Toxicity_risks_of_occupational_exposure_in_3D_printing_and_bioprinting_industries_A_systematic_review,researchgate.net,Toxicity risks of occupational exposure in 3D printing and ...,2026-05-09 18:29:15,mixed,domain researchgate.net manually labeled as mixed
3d_printing,neutral,additive manufacturing research,2,3,https://www.researchgate.net/publication/257690902_Additive_manufacturing_Technology_applications_and_research_needs,researchgate.net,"(PDF) Additive manufacturing: Technology, applications ...",2026-05-09 18:29:50,mixed,domain researchgate.net manually labeled as mixed
autonomous_vehicles,slanted,autonomous vehicle accidents,2,9,https://www.researchgate.net/publication/374947350_Autonomous_vehicles_and_traffic_accidents,researchgate.net,(PDF) Autonomous vehicles and traffic accidents,2026-05-09 18:34:58,mixed,domain researchgate.net manually labeled as mixed
autonomous_vehicles,neutral,ai driving research,1,2,https://www.researchgate.net/publication/378664617_Autonomous_Driving_System_Driven_by_Artificial_Intelligence_Perception_Fusion,researchgate.net,(PDF) Autonomous Driving System Driven by Artificial ...,2026-05-09 18:37:21,mixed,domain researchgate.net manually labeled as mixed
autonomous_vehicles,slanted,driverless car hacking risks,3,3,https://www.researchgate.net/post/How-threatening-is-the-potential-for-someone-to-hack-into-a-driverless-car,researchgate.net,How threatening is the potential for someone to hack into ...,2026-05-09 18:38:53,mixed,domain researchgate.net manually labeled as mixed
cryptocurrency,neutral,bitcoin blockchain security,3,10,https://www.researchgate.net/publication/359733047_Bitcoin_and_Blockchain_Security_-_A_Study_in_Misconceptions,researchgate.net,Bitcoin and Blockchain Security - A Study in Misconceptions,2026-05-09 18:39:56,mixed,domain researchgate.net manually labeled as mixed
cryptocurrency,slanted,cryptocurrency environmental damage,2,2,https://www.researchgate.net/publication/378883173_ENVIRONMENTAL_IMPACT_OF_CRYPTOCURRENCY_MINING_SUSTAINABILITY_CHALLENGES_AND_SOLUTIONS,researchgate.net,environmental impact of cryptocurrency mining,2026-05-09 18:42:15,mixed,domain researchgate.net manually labeled as mixed
cryptocurrency,slanted,bitcoin carbon footprint,3,6,https://www.researchgate.net/publication/358861058_Revisiting_Bitcoin's_carbon_footprint,researchgate.net,(PDF) Revisiting Bitcoin's carbon footprint,2026-05-09 18:43:58,mixed,domain researchgate.net manually labeled as mixed
blockchain,neutral,smart contracts security,3,7,https://www.researchgate.net/publication/363243434_Smart_Contracts_Security_Threats_and_Solutions,researchgate.net,(PDF) Smart Contracts Security Threats and Solutions,2026-05-09 18:48:04,mixed,domain researchgate.net manually labeled as mixed
blockchain,slanted,blockchain vulnerabilities,3,5,https://www.researchgate.net/publication/338071716_Review_of_Blockchain_Technology_Vulnerabilities_and_Blockchain-System_Attacks,researchgate.net,Review of Blockchain Technology Vulnerabilities and ...,2026-05-09 18:48:46,mixed,domain researchgate.net manually labeled as mixed
blockchain,neutral,decentralized finance research,1,3,https://www.researchgate.net/publication/357776852_DeFi_Decentralized_Finance_-_An_Introduction_and_Overview,researchgate.net,DeFi: Decentralized Finance - An Introduction and Overview,2026-05-09 18:49:06,mixed,domain researchgate.net manually labeled as mixed
social_media,neutral,instagram mental health research,1,9,https://www.researchgate.net/publication/397131984_THE_IMPACT_OF_MENTAL_HEALTH_CONTENT_EXPOSURE_ON_INSTAGRAM_FOLLOWERS'_SELF-DISCLOSURE,researchgate.net,the impact of mental health content exposure on instagram ...,2026-05-09 18:50:36,mixed,domain researchgate.net manually labeled as mixed
social_media,neutral,tiktok algorithm study,1,4,https://www.researchgate.net/publication/382423048_Understanding_the_Impact_of_TikTok's_Recommendation_Algorithm_on_User_Engagement,researchgate.net,Understanding the Impact of TikTok's Recommendation ...,2026-05-09 18:51:59,mixed,domain researchgate.net manually labeled as mixed
social_media,slanted,tiktok addiction risks,3,3,https://www.researchgate.net/publication/358258830_TikTok_Addiction_Behaviour_Among_Users_A_Conceptual_Model_and_Research_Propositions,researchgate.net,(PDF) TikTok Addiction Behaviour Among Users,2026-05-09 18:52:50,mixed,domain researchgate.net manually labeled as mixed
social_media,neutral,facebook misinformation research,2,4,https://www.researchgate.net/publication/337994869_Spreading_Disinformation_on_Facebook_Do_Trust_in_Message_Source_Risk_Propensity_or_Personality_Affect_the_Organic_Reach_of_Fake_News,researchgate.net,(PDF) Spreading Disinformation on Facebook: Do Trust in ...,2026-05-09 18:53:21,mixed,domain researchgate.net manually labeled as mixed
social_media,neutral,twitter echo chamber,2,9,https://www.researchgate.net/publication/372888527_Entropy-based_detection_of_Twitter_echo_chambers,researchgate.net,(PDF) Entropy-based detection of Twitter echo chambers,2026-05-09 18:54:52,mixed,domain researchgate.net manually labeled as mixed
online_privacy,slanted,data collection privacy risks,1,10,https://www.researchgate.net/publication/403475014_Understanding_Privacy_Concerns_in_Big_Data_Collection_and_Analysis,researchgate.net,Understanding Privacy Concerns in Big Data Collection ...,2026-05-09 18:58:13,mixed,domain researchgate.net manually labeled as mixed
online_privacy,neutral,encryption security research,1,1,https://www.researchgate.net/publication/372832281_Encryption_Techniques_and_Algorithms_to_Combat_Cybersecurity_Attacks_A_Review,researchgate.net,(PDF) Encryption Techniques and Algorithms to Combat ...,2026-05-09 18:58:47,mixed,domain researchgate.net manually labeled as mixed
online_privacy,neutral,facial recognition benefits,3,7,https://www.researchgate.net/publication/390245405_Face_Recognition_Technology_Benefits_Applications_and_Challenges,researchgate.net,"Face Recognition Technology: Benefits, Applications, and ...",2026-05-09 19:00:46,mixed,domain researchgate.net manually labeled as mixed
electronic_cigarettes,slanted,teen vaping epidemic,3,6,https://www.researchgate.net/publication/348157397_Vaping_epidemic_in_US_teens_Problem_and_solutions,researchgate.net,Vaping epidemic in US teens: Problem and solutions,2026-05-09 19:06:51,mixed,domain researchgate.net manually labeled as mixed
obesity,neutral,healthy diet research,3,10,https://www.researchgate.net/post/what_is_the_healthy_diet,researchgate.net,What is the healthy diet?,2026-05-09 19:10:34,mixed,domain researchgate.net manually labeled as mixed
obesity,slanted,obesity treatment failures,2,6,https://www.researchgate.net/post/Reasons_for_weight_loss_attempt_failures,researchgate.net,Reasons for weight loss attempt failures.,2026-05-09 19:12:59,mixed,domain researchgate.net manually labeled as mixed
plant_based_diet,neutral,vegan health impact,3,9,https://www.researchgate.net/publication/368645104_The_Impact_of_a_Vegan_Diet_on_Many_Aspects_of_Health_The_Overlooked_Side_of_Veganism,researchgate.net,(PDF) The Impact of a Vegan Diet on Many Aspects of Health,2026-05-09 19:13:54,mixed,domain researchgate.net manually labeled as mixed
plant_based_diet,neutral,meat substitutes safety,2,3,https://www.researchgate.net/publication/374276180_Safety_and_Nutritional_Risks_Associated_with_Plant-Based_Meat_Alternatives,researchgate.net,Safety and Nutritional Risks Associated with Plant-Based ...,2026-05-09 19:17:13,mixed,domain researchgate.net manually labeled as mixed
raw_milk,neutral,unpasteurized milk research,2,6,https://www.researchgate.net/publication/23568749_Unpasteurized_Milk_A_Continued_Public_Health_Threat,researchgate.net,(PDF) Unpasteurized Milk: A Continued Public Health Threat,2026-05-09 19:20:19,mixed,domain researchgate.net manually labeled as mixed
soy,neutral,soy health effects,2,6,https://www.researchgate.net/publication/346939950_Impact_of_soy_consumption_on_human_health_integrative_review,researchgate.net,(PDF) Impact of soy consumption on human health,2026-05-09 19:22:11,mixed,domain researchgate.net manually labeled as mixed
soy,neutral,tofu nutrition research,1,6,https://www.researchgate.net/publication/332343856_Tofu_A_Popular_Food_with_High_Nutritional_and_Health_Benefits,researchgate.net,A Popular Food with High Nutritional and Health Benefits,2026-05-09 19:25:31,mixed,domain researchgate.net manually labeled as mixed
soy,slanted,soy thyroid problems,2,9,https://www.researchgate.net/post/Why_is_it_harmful_to_consume_too_much_soybeans2,researchgate.net,Why is it harmful to consume too much soybeans?,2026-05-09 19:26:27,mixed,domain researchgate.net manually labeled as mixed
soy,neutral,soy protein safety,3,1,https://www.researchgate.net/post/Why_is_it_harmful_to_consume_too_much_soybeans2,researchgate.net,Why is it harmful to consume too much soybeans?,2026-05-09 19:27:21,mixed,domain researchgate.net manually labeled as mixed
dairy,neutral,cheese nutrition research,1,6,https://www.researchgate.net/publication/45450821_Cheese_in_nutrition_and_health,researchgate.net,(PDF) Cheese in nutrition and health,2026-05-09 19:29:55,mixed,domain researchgate.net manually labeled as mixed
dairy,neutral,yogurt probiotic health impact,2,9,https://www.researchgate.net/publication/280566268_Concise_Review_Importance_of_Probiotics_Yogurt_for_Human_Health_Improvement,researchgate.net,(PDF) Concise Review: Importance of Probiotics Yogurt for ...,2026-05-09 19:31:44,mixed,domain researchgate.net manually labeled as mixed
eggs,slanted,salmonella egg dangers,3,9,https://www.researchgate.net/publication/351425377_Salmonella_in_eggs_From_shopping_to_consumption-A_review_providing_an_evidence-based_analysis_of_risk_factors,researchgate.net,Salmonella in eggs: From shopping to consumption—A ...,2026-05-09 19:35:43,mixed,domain researchgate.net manually labeled as mixed
eggs,neutral,pasteurized eggs research,1,9,https://www.researchgate.net/publication/366449949_A_review_on_egg_pasteurization_and_disinfection_Traditional_and_novel_processing_technologies,researchgate.net,(PDF) A review on egg pasteurization and disinfection,2026-05-09 19:36:05,mixed,domain researchgate.net manually labeled as mixed
eggs,neutral,pasteurized eggs research,3,9,https://www.researchgate.net/publication/354894129_Pasteurization_of_egg_and_egg_products_for_healthy_eating,researchgate.net,Pasteurization of egg and egg products for healthy eating,2026-05-09 19:36:23,mixed,domain researchgate.net manually labeled as mixed
sugar,slanted,sugar addiction risks,2,7,https://www.researchgate.net/publication/393669884_Sugar_Addiction_Neural_Mechanisms_and_Health_Implications,researchgate.net,Sugar Addiction: Neural Mechanisms and Health Implications,2026-05-09 19:38:35,mixed,domain researchgate.net manually labeled as mixed
salt,slanted,sea salt heavy metals,2,6,https://www.researchgate.net/figure/The-concentration-of-heavy-metals-in-refined-salt-sea-and-rock-salt-and-mg-g_tbl1_350922364,researchgate.net,"The concentration of heavy metals in refined salt, sea, and ...",2026-05-09 19:46:53,mixed,domain researchgate.net manually labeled as mixed
salt,neutral,low sodium diet research,3,10,https://www.researchgate.net/publication/51565847_Should_we_now_abandon_the_low-salt_diet,researchgate.net,(PDF) Should we now abandon the low-salt diet?,2026-05-09 19:47:45,mixed,domain researchgate.net manually labeled as mixed
caffeine,slanted,caffeine anxiety risks,3,8,https://www.researchgate.net/publication/377920885_Caffeine_intake_and_anxiety_a_meta-analysis,researchgate.net,(PDF) Caffeine intake and anxiety: a meta-analysis,2026-05-09 19:49:58,mixed,domain researchgate.net manually labeled as mixed
caffeine,neutral,coffee antioxidant research,1,9,https://www.researchgate.net/publication/309301823_Study_of_Antioxidant_Effects_of_Selected_Types_of_Coffee,researchgate.net,Study of Antioxidant Effects of Selected Types of Coffee,2026-05-09 19:51:30,mixed,domain researchgate.net manually labeled as mixed
caffeine,neutral,coffee antioxidant research,3,9,https://www.researchgate.net/publication/389390010_Coffee_as_a_Source_of_Antioxidants_and_an_Elixir_of_Youth,researchgate.net,Coffee as a Source of Antioxidants and an Elixir of Youth,2026-05-09 19:51:49,mixed,domain researchgate.net manually labeled as mixed
caffeine,neutral,tea health effects,3,2,https://www.researchgate.net/publication/262976928_Tea_and_Its_Consumption_Benefits_and_Risks,researchgate.net,(PDF) Tea and Its Consumption: Benefits and Risks,2026-05-09 19:53:43,mixed,domain researchgate.net manually labeled as mixed
alcohol,neutral,beer nutrition research,2,3,https://www.researchgate.net/publication/349926691_Moderate_Consumption_of_Beer_and_Its_Effects_on_Cardiovascular_and_Metabolic_Health_An_Updated_Review_of_Recent_Scientific_Evidence,researchgate.net,(PDF) Moderate Consumption of Beer and Its Effects on ...,2026-05-09 19:58:19,mixed,domain researchgate.net manually labeled as mixed
fast_food,neutral,restaurant calorie labeling,3,6,https://www.researchgate.net/publication/376578395_Menu_Labeling_and_Calories_Purchased_in_Restaurants_in_a_US_National_Fast_Food_Chain,researchgate.net,Menu Labeling and Calories Purchased in Restaurants ...,2026-05-09 20:03:01,mixed,domain researchgate.net manually labeled as mixed
tap_water,slanted,chlorine water dangers,3,5,https://www.researchgate.net/publication/336532964_HEALTH_EFFECTS_OF_CHLORINATED_WATER_A_REVIEW_ARTICLE,researchgate.net,health effects of chlorinated water: a review article,2026-05-09 20:16:21,mixed,domain researchgate.net manually labeled as mixed
tap_water,neutral,fluoridated water consumption,3,9,https://www.researchgate.net/figure/Fluoride-intake-mg-day-through-consumption-of-tap-water-and-bottled-water-by-age-group_fig2_26308105,researchgate.net,Fluoride intake (mg/day) through consumption of tap water ...,2026-05-09 20:17:18,mixed,domain researchgate.net manually labeled as mixed
bottled_water,neutral,bottled water convenience,1,3,https://www.researchgate.net/publication/395856524_BOTTLED_OR_TAP_WATER_-_THE_CONSUMER'S_CHOICE,researchgate.net,bottled or tap water – the consumer's choice?,2026-05-09 20:18:47,mixed,domain researchgate.net manually labeled as mixed
bottled_water,neutral,spring water consumption health impact,2,10,https://www.researchgate.net/publication/228469193_Drinking_mineral_waters_Biochemical_effects_and_health_implications_-_The_state-of-the-art,researchgate.net,(PDF) Drinking mineral waters: Biochemical effects and ...,2026-05-09 20:22:58,mixed,domain researchgate.net manually labeled as mixed
bottled_water,neutral,mineral water research,1,3,https://www.researchgate.net/publication/228469193_Drinking_mineral_waters_Biochemical_effects_and_health_implications_-_The_state-of-the-art,researchgate.net,(PDF) Drinking mineral waters: Biochemical effects and ...,2026-05-09 20:25:36,mixed,domain researchgate.net manually labeled as mixed
bottled_water,neutral,mineral water research,3,5,https://www.researchgate.net/publication/370083189_Natural_Mineral_Water_and_Diuresis_A_Systematic_Review,researchgate.net,(PDF) Natural Mineral Water and Diuresis: A Systematic ...,2026-05-09 20:26:23,mixed,domain researchgate.net manually labeled as mixed
bottled_water,slanted,phthalate leaching,2,8,https://www.researchgate.net/publication/361930627_Effects_of_pH_and_Temperature_on_the_Leaching_of_Di2-_Ethylhexyl_Phthalate_and_Di-n-butyl_Phthalate_from_Microplastics_in_Simulated_Marine_Environment,researchgate.net,(PDF) Effects of pH and Temperature on the Leaching of Di(2,2026-05-09 20:27:04,mixed,domain researchgate.net manually labeled as mixed
bottled_water,slanted,phthalate leaching,3,8,https://www.researchgate.net/publication/370607423_Leaching_of_Phthalates_from_Medical_Supplies_and_Their_Implications_for_Exposure,researchgate.net,Leaching of Phthalates from Medical Supplies and Their ...,2026-05-09 20:27:17,mixed,domain researchgate.net manually labeled as mixed
mining,neutral,mining safety regulations,1,5,https://www.researchgate.net/publication/283408658_Safety_regulation_and_the_mining_industry,researchgate.net,"(PDF) Safety, regulation and the mining industry",2026-05-09 20:27:43,mixed,domain researchgate.net manually labeled as mixed
mining,slanted,mining environmental damage,3,4,https://www.researchgate.net/publication/305269336_The_environmental_impact_of_mining_and_its_countermeasures,researchgate.net,The environmental impact of mining and its countermeasures,2026-05-09 20:29:38,mixed,domain researchgate.net manually labeled as mixed
mining,neutral,gold mining economic impact,2,2,https://www.researchgate.net/publication/377429423_Impacts_of_Gold_Mining_on_the_Social_Cultural_and_Economic_Structures_of_Kotabunan_Village_East_Bolaang_Mongondow_Regency,researchgate.net,"(PDF) Impacts of Gold Mining on the Social, Cultural, and ...",2026-05-09 20:32:34,mixed,domain researchgate.net manually labeled as mixed
deforestation,neutral,forest conservation effects,3,4,https://www.researchgate.net/post/To_what_extent_do_destructive_forestry_practices_environmental_pollution_and_loss_of_biodiversity_threaten_peoples_livelihoods,researchgate.net,To what extent do destructive forestry practices ...,2026-05-09 20:34:33,mixed,domain researchgate.net manually labeled as mixed
deforestation,neutral,rainforest protection research,2,6,https://www.researchgate.net/publication/265158410_Tropical_Rainforest_Conservation_A_Global_Perspective,researchgate.net,Tropical Rainforest Conservation: A Global Perspective,2026-05-09 20:36:23,mixed,domain researchgate.net manually labeled as mixed
deforestation,slanted,illegal logging,3,7,https://www.researchgate.net/publication/249923359_Illegal_logging_and_the_illegal_trade_in_forest_and_timber_products,researchgate.net,Illegal logging and the illegal trade in forest and timber ...,2026-05-09 20:42:25,mixed,domain researchgate.net manually labeled as mixed
overfishing,neutral,sustainable fishing practices,2,1,https://www.researchgate.net/publication/395337661_Sustainable_Fishing_Practices_and_Resource_Management,researchgate.net,Sustainable Fishing Practices and Resource Management,2026-05-09 20:43:18,mixed,domain researchgate.net manually labeled as mixed
overfishing,slanted,overfishing ocean collapse,2,6,https://www.researchgate.net/publication/385879757_Overfishing_and_Marine_Ecosystem_Collapse_A_Global_Perspective,researchgate.net,Overfishing and Marine Ecosystem Collapse: A Global ...,2026-05-09 20:44:14,mixed,domain researchgate.net manually labeled as mixed
overfishing,neutral,fisheries management research,2,1,https://www.researchgate.net/publication/380884947_Fisheries_Management,researchgate.net,Fisheries Management,2026-05-09 20:45:04,mixed,domain researchgate.net manually labeled as mixed
overfishing,slanted,fish farm pollution,3,4,https://www.researchgate.net/publication/229545064_Pollution_from_Fish_Farms,researchgate.net,Pollution from Fish Farms,2026-05-09 20:47:45,mixed,domain researchgate.net manually labeled as mixed
poverty,neutral,welfare program effectiveness,1,2,https://www.researchgate.net/publication/390460111_Effectiveness_of_Social_Welfare_Programs_in_Reducing_Poverty,researchgate.net,Effectiveness of Social Welfare Programs in Reducing ...,2026-05-09 20:48:09,mixed,domain researchgate.net manually labeled as mixed
poverty,slanted,poverty cycle,2,8,https://www.researchgate.net/publication/344454984_The_Entrapment_of_the_Poor_The_Cycle_of_Poverty,researchgate.net,(PDF) The Entrapment of the Poor: The Cycle of Poverty,2026-05-09 20:50:15,mixed,domain researchgate.net manually labeled as mixed
poverty,neutral,minimum wage economical impact,2,5,https://www.researchgate.net/publication/397764028_The_Effects_of_Minimum_Wage_Policies_on_Employment_and_Inflation,researchgate.net,(PDF) The Effects of Minimum Wage Policies on ...,2026-05-09 20:51:21,mixed,domain researchgate.net manually labeled as mixed
poverty,slanted,welfare dependency,2,3,https://www.researchgate.net/publication/371603102_Welfare_dependency_the_history_of_an_idea,researchgate.net,(PDF) Welfare dependency: the history of an idea,2026-05-09 20:52:19,mixed,domain researchgate.net manually labeled as mixed
poverty,neutral,universal basic income research,3,7,https://www.researchgate.net/publication/388700872_THE_ECONOMICS_OF_UNIVERSAL_BASIC_INCOME,researchgate.net,(PDF) THE ECONOMICS OF UNIVERSAL BASIC INCOME,2026-05-09 20:54:52,mixed,domain researchgate.net manually labeled as mixed
education,neutral,charter school research,2,7,https://www.researchgate.net/publication/367209372_Charter_schools_after_three_decades_Reviewing_the_research_on_school_organizational_and_instructional_conditions,researchgate.net,(PDF) Charter schools after three decades: Reviewing the ...,2026-05-09 21:01:57,mixed,domain researchgate.net manually labeled as mixed
education,neutral,online learning effectiveness,2,1,https://www.researchgate.net/publication/391633089_The_Effectiveness_of_Online_Learning_Platforms_A_review_of_effectiveness_and_efficiency_concerns,researchgate.net,The Effectiveness of Online Learning Platforms: A review ...,2026-05-09 21:03:38,mixed,domain researchgate.net manually labeled as mixed
healthcare,neutral,private insurance research,3,5,https://www.researchgate.net/publication/346124610_Why_private_health_insurance,researchgate.net,(PDF) Why private health insurance?,2026-05-09 21:08:53,mixed,domain researchgate.net manually labeled as mixed
cloning,neutral,animal cloning impact,2,1,https://www.researchgate.net/post/Is_it_ethical_to_clone_animals_for_food_production,researchgate.net,Is it ethical to clone animals for food production?,2026-05-09 21:12:20,mixed,domain researchgate.net manually labeled as mixed
cloning,neutral,reproductive cloning research,2,6,https://www.researchgate.net/publication/230222736_Human_Reproductive_Cloning,researchgate.net,(PDF) Human Reproductive Cloning,2026-05-09 21:14:30,mixed,domain researchgate.net manually labeled as mixed
cloning,slanted,therapeutic cloning debate,3,3,https://www.researchgate.net/publication/286128642_The_therapeutic_cloning_debate_Global_science_and_journalism_in_the_Public_sphere,researchgate.net,The therapeutic cloning debate: Global science and ...,2026-05-09 21:15:35,mixed,domain researchgate.net manually labeled as mixed
cloning,neutral,cloning endangered species,3,3,https://www.researchgate.net/publication/375812056_Cloning_for_the_Twenty-First_Century_and_Its_Place_in_Endangered_Species_Conservation,researchgate.net,(PDF) Cloning for the Twenty-First Century and Its Place in ...,2026-05-09 21:18:25,mixed,domain researchgate.net manually labeled as mixed
cloning,slanted,clone farming,2,6,https://www.researchgate.net/publication/322977295_Review_on_the_major_challenges_and_difficulties_of_farm_animal_cloning,researchgate.net,Review on the major challenges and difficulties of farm ...,2026-05-09 21:19:19,mixed,domain researchgate.net manually labeled as mixed
gene_editing,neutral,crispr cas9 research,2,2,https://www.researchgate.net/publication/387444991_A_Review_of_Research_on_CRISPRCas9_Gene_Editing_Technology_in_Disease_Treatment,researchgate.net,(PDF) A Review of Research on CRISPR/Cas9 Gene ...,2026-05-09 21:23:36,mixed,domain researchgate.net manually labeled as mixed
gene_editing,slanted,genetic modification dangers,3,1,https://www.researchgate.net/post/What_are_some_potential_ethical_concerns_associated_with_using_genetic_engineering_to_create_genetically_modified_humans,researchgate.net,What are some potential ethical concerns associated with ...,2026-05-09 21:24:47,mixed,domain researchgate.net manually labeled as mixed
cybersecurity,neutral,encryption security,2,6,https://www.researchgate.net/publication/381545968_DATA_ENCRYPTION_The_Definitive_Guide_to_Protecting_Your_Digital_Assets,researchgate.net,The Definitive Guide to Protecting Your Digital Assets,2026-05-09 21:28:27,mixed,domain researchgate.net manually labeled as mixed
cybersecurity,slanted,hacking vulnerabilities,3,7,https://www.researchgate.net/publication/361558831_Hacking_and_Its_Vulnerabilities,researchgate.net,(PDF) Hacking and Its Vulnerabilities,2026-05-09 21:31:47,mixed,domain researchgate.net manually labeled as mixed
social_credit,neutral,citizen scoring research,2,6,https://www.researchgate.net/publication/345766636_Data_Scores_as_Governance_Investigating_uses_of_citizen_scoring_in_public_services,researchgate.net,Investigating uses of citizen scoring in public services,2026-05-09 21:36:37,mixed,domain researchgate.net manually labeled as mixed
social_credit,neutral,trustworthiness rating,3,3,https://www.researchgate.net/publication/364125882_Measurement_of_Trustworthiness_of_the_Online_Reviews,researchgate.net,Measurement of Trustworthiness of the Online Reviews,2026-05-09 21:38:43,mixed,domain researchgate.net manually labeled as mixed
social_credit,slanted,privacy concerns,3,1,https://www.researchgate.net/publication/282268951_Online_privacy_concerns_A_broad_approach_to_understanding_the_concerns_of_different_groups_for_different_uses,researchgate.net,Online privacy concerns: A broad approach to ...,2026-05-09 21:39:42,mixed,domain researchgate.net manually labeled as mixed
quantum_computing,neutral,quantum encryption research,1,6,https://www.researchgate.net/publication/387523863_Quantum_Computing_and_the_Future_of_Encryption,researchgate.net,Quantum Computing and the Future of Encryption,2026-05-09 21:40:12,mixed,domain researchgate.net manually labeled as mixed
quantum_computing,slanted,quantum computer hacking,2,3,https://www.researchgate.net/publication/389601024_Ethical_Hacking_and_Quantum_Computing_Addressing_Emerging_Cyber_Security_Challenges,researchgate.net,(PDF) Ethical Hacking and Quantum Computing,2026-05-09 21:46:38,mixed,domain researchgate.net manually labeled as mixed
space_exploration,neutral,space research data,3,8,https://www.researchgate.net/publication/319865504_ANALYSIS_OF_BIG_DATA_FROM_SPACE,researchgate.net,(PDF) ANALYSIS OF BIG DATA FROM SPACE,2026-05-09 21:49:50,mixed,domain researchgate.net manually labeled as mixed
space_exploration,slanted,space tourism risks,2,9,https://www.researchgate.net/publication/352967662_Space_Tourism_Challenges,researchgate.net,(PDF) Space Tourism Challenges,2026-05-09 21:52:53,mixed,domain researchgate.net manually labeled as mixed
space_exploration,slanted,asteroid mining ethics,2,7,https://www.researchgate.net/post/Do_we_need_environmental_ethics_for_guiding_space_mining_operations_in_the_solar_system,researchgate.net,Do we need environmental ethics for guiding space mining ...,2026-05-09 21:54:50,mixed,domain researchgate.net manually labeled as mixed
immigration,slanted,overpopulation,3,3,https://www.researchgate.net/publication/391454428_new_definition_of_global_overpopulation_explained_and_applied,researchgate.net,"(PDF) A new definition of global overpopulation, explained ...",2026-05-09 21:59:47,mixed,domain researchgate.net manually labeled as mixed
vaccines,slanted,flu shot side effects,1,2,https://www.healthline.com/health/flu-shot-side-effects,healthline.com,"Flu shot side effects: Common, serious, and management tips",2026-05-09 15:48:37,mixed,domain healthline.com manually labeled as mixed
5g,slanted,5g radiation risks,3,7,https://www.healthline.com/health/is-5g-harmful,healthline.com,Is 5G Harmful to People? Separating Facts from Myths,2026-05-09 16:18:07,mixed,domain healthline.com manually labeled as mixed
5g,neutral,5g safety research,3,9,https://www.healthline.com/health/is-5g-harmful,healthline.com,Is 5G Harmful to People? Separating Facts from Myths,2026-05-09 16:18:51,mixed,domain healthline.com manually labeled as mixed
5g,slanted,5g dangers,2,6,https://www.healthline.com/health/is-5g-harmful,healthline.com,Is 5G Harmful to People? Separating Facts from Myths,2026-05-09 16:19:28,mixed,domain healthline.com manually labeled as mixed
5g,neutral,5g health studies,3,9,https://www.healthline.com/health/is-5g-harmful,healthline.com,Is 5G Harmful to People? Separating Facts from Myths,2026-05-09 16:20:29,mixed,domain healthline.com manually labeled as mixed
pesticides,slanted,pesticide health hazards,2,5,https://www.healthline.com/nutrition/pesticides-and-health,healthline.com,Are Pesticides in Foods Harming Your Health?,2026-05-09 16:36:04,mixed,domain healthline.com manually labeled as mixed
pesticides,slanted,conventional pesticide dangers,1,9,https://www.healthline.com/nutrition/pesticides-and-health,healthline.com,Are Pesticides in Foods Harming Your Health?,2026-05-09 16:37:28,mixed,domain healthline.com manually labeled as mixed
artificial_sweeteners,slanted,aspartame dangers,1,8,https://www.healthline.com/health/aspartame-side-effects,healthline.com,The Truth About Aspartame Side Effects,2026-05-09 16:42:28,mixed,domain healthline.com manually labeled as mixed
artificial_sweeteners,neutral,sucralose research,1,5,https://www.healthline.com/nutrition/sucralose-good-or-bad,healthline.com,Sucralose (Splenda): Good or Bad?,2026-05-09 16:43:17,mixed,domain healthline.com manually labeled as mixed
artificial_sweeteners,slanted,sucralose health risks,1,2,https://www.healthline.com/nutrition/sucralose-good-or-bad,healthline.com,Sucralose (Splenda): Good or Bad?,2026-05-09 16:43:56,mixed,domain healthline.com manually labeled as mixed
artificial_sweeteners,neutral,stevia information,3,2,https://www.healthline.com/health/food-nutrition/stevia-side-effects,healthline.com,Everything You Need to Know About Stevia,2026-05-09 16:47:16,mixed,domain healthline.com manually labeled as mixed
artificial_sweeteners,slanted,stevia side effects,1,7,https://www.healthline.com/health/food-nutrition/stevia-side-effects,healthline.com,Everything You Need to Know About Stevia,2026-05-09 16:48:19,mixed,domain healthline.com manually labeled as mixed
artificial_sweeteners,neutral,diet soda health,3,2,https://www.healthline.com/nutrition/symptoms-of-drinking-too-much-diet-soda,healthline.com,8 Potential Side Effects of Consuming Too Much Diet Soda,2026-05-09 16:49:33,mixed,domain healthline.com manually labeled as mixed
artificial_sweeteners,slanted,diet soda cancer risk,2,5,https://www.healthline.com/health/aspartame-diet-coke-cancer,healthline.com,"Aspartame, Diet Coke, and Cancer: What the Research Says",2026-05-09 16:50:14,mixed,domain healthline.com manually labeled as mixed
electromagnetic_fields,neutral,emf safety research,2,2,https://www.healthline.com/health/emf,healthline.com,Should You Be Worried About EMF Exposure?,2026-05-09 16:50:49,mixed,domain healthline.com manually labeled as mixed
electromagnetic_fields,neutral,emf safety research,3,3,https://www.healthline.com/health/emf,healthline.com,Should You Be Worried About EMF Exposure?,2026-05-09 16:50:58,mixed,domain healthline.com manually labeled as mixed
electromagnetic_fields,slanted,emf health risks,1,2,https://www.healthline.com/health/emf,healthline.com,Should You Be Worried About EMF Exposure? - Healthline,2026-05-09 16:51:13,mixed,domain healthline.com manually labeled as mixed
electromagnetic_fields,slanted,cell phone radiation brain tumors,3,8,https://www.healthline.com/health-news/no-link-mobile-cellphones-brain-cancer-who-study,healthline.com,"Cellphones Not Linked to Brain Cancer Risk, WHO Review ...",2026-05-09 16:55:10,mixed,domain healthline.com manually labeled as mixed
electromagnetic_fields,neutral,wi-fi health effects,3,6,https://www.healthline.com/health/does-wifi-cause-cancer,healthline.com,Does Wi-Fi Cause Cancer? What's True and What's Not,2026-05-09 16:56:00,mixed,domain healthline.com manually labeled as mixed
electromagnetic_fields,slanted,wi-fi radiation dangers,2,2,https://www.healthline.com/health/does-wifi-cause-cancer,healthline.com,Does Wi-Fi Cause Cancer? What's True and What's Not,2026-05-09 16:56:46,mixed,domain healthline.com manually labeled as mixed
essential_oils,neutral,essential oils therapeutic facts,1,4,https://www.healthline.com/nutrition/what-are-essential-oils,healthline.com,"What Are Essential Oils, and Do They Work?",2026-05-09 16:57:14,mixed,domain healthline.com manually labeled as mixed
essential_oils,slanted,essential oils toxicity,2,3,https://www.healthline.com/health/are-essential-oils-safe,healthline.com,Are Essential Oils Safe? 13 Things to Know Before Use,2026-05-09 16:59:08,mixed,domain healthline.com manually labeled as mixed
essential_oils,neutral,tea tree oil safety,1,6,https://www.healthline.com/health/tea-tree-oil-side-effects,healthline.com,Tea Tree Oil Side Effects: On Your Skin and Inhalation,2026-05-09 16:59:44,mixed,domain healthline.com manually labeled as mixed
essential_oils,slanted,tea tree oil poisoning,1,8,https://www.healthline.com/health/tea-tree-oil-side-effects,healthline.com,Tea Tree Oil Side Effects: On Your Skin and Inhalation,2026-05-09 17:01:23,mixed,domain healthline.com manually labeled as mixed
essential_oils,neutral,lavender oil research,2,5,https://www.healthline.com/health/lavender-oil-for-skin,healthline.com,Lavender Oil for Skin: Uses and Benefits,2026-05-09 17:02:08,mixed,domain healthline.com manually labeled as mixed
aluminum,slanted,aluminum alzheimers link,2,10,https://www.healthline.com/health/alzheimers/aluminum-and-alzheimers,healthline.com,Does Aluminum Cause Alzheimer's?,2026-05-09 17:06:07,mixed,domain healthline.com manually labeled as mixed
mercury,slanted,mercury seafood dangers,2,7,https://www.healthline.com/health/mercury-poisoning,healthline.com,"Mercury Poisoning: Causes, Symptoms, Treatment, and More",2026-05-09 17:20:55,mixed,domain healthline.com manually labeled as mixed
synthetic_biology,slanted,designer babies ethics,2,10,https://www.healthline.com/health/pregnancy/designer-babies,healthline.com,Can We Create Designer Babies with Gene Editing?,2026-05-09 18:05:39,mixed,domain healthline.com manually labeled as mixed
synthetic_biology,slanted,designer babies ethics,3,3,https://www.healthline.com/health/pregnancy/designer-babies,healthline.com,Can We Create Designer Babies with Gene Editing?,2026-05-09 18:05:50,mixed,domain healthline.com manually labeled as mixed
synthetic_biology,neutral,biohacking safety,2,9,https://www.healthline.com/health/biohacking,healthline.com,"Guide to Biohacking: Types, Safety, and How To",2026-05-09 18:06:52,mixed,domain healthline.com manually labeled as mixed
lab_grown_meat,slanted,fake meat processing risks,1,9,https://www.healthline.com/health-news/processed-meat-substitutes-higher-depression-risk-vegetarians,healthline.com,"Fake Meat May Raise Depression, Inflammation Risk in ...",2026-05-09 18:25:34,mixed,domain healthline.com manually labeled as mixed
electronic_cigarettes,slanted,vaping popcorn lung,3,1,https://www.healthline.com/health/smoking/popcorn-lung-vaping,healthline.com,Is Popcorn Lung Caused By Vaping?,2026-05-09 19:04:32,mixed,domain healthline.com manually labeled as mixed
obesity,slanted,obesity health risks,3,8,https://www.healthline.com/health/obesity/managing-obesity-health-risks,healthline.com,10 Health Risks of Obesity and How to Prevent Them,2026-05-09 19:08:37,mixed,domain healthline.com manually labeled as mixed
obesity,slanted,processed food dangers,2,1,https://www.healthline.com/health/food-nutrition/ultra-processed-foods,healthline.com,Ultra-Processed Foods,2026-05-09 19:11:07,mixed,domain healthline.com manually labeled as mixed
obesity,neutral,exercise impact,1,8,https://www.healthline.com/nutrition/10-benefits-of-exercise,healthline.com,The Top 10 Benefits of Regular Exercise,2026-05-09 19:12:09,mixed,domain healthline.com manually labeled as mixed
plant_based_diet,neutral,vegan health impact,1,2,https://www.healthline.com/nutrition/vegan-diet-benefits,healthline.com,Health Benefits of a Vegan Diet,2026-05-09 19:13:25,mixed,domain healthline.com manually labeled as mixed
plant_based_diet,slanted,plant based nutrient deficiencies,1,1,https://www.healthline.com/nutrition/7-nutrients-you-cant-get-from-plants,healthline.com,7 Nutrients You Can't Get from Plants,2026-05-09 19:14:05,mixed,domain healthline.com manually labeled as mixed
plant_based_diet,neutral,vegetarian protein sources,1,1,https://www.healthline.com/nutrition/protein-for-vegans-vegetarians,healthline.com,The 18 Best Protein Sources for Vegans and Vegetarians,2026-05-09 19:14:49,mixed,domain healthline.com manually labeled as mixed
plant_based_diet,slanted,soy estrogen concerns,1,3,https://www.healthline.com/nutrition/is-soy-bad-for-you,healthline.com,"Is Soy Bad for You, or Good?",2026-05-09 19:15:57,mixed,domain healthline.com manually labeled as mixed
plant_based_diet,slanted,processed vegan food risks,1,8,https://www.healthline.com/health-news/plant-based-ultra-processed-foods-heart-disease-early-death,healthline.com,Plant-Based Ultra-Processed Foods May Raise Risk,2026-05-09 19:17:42,mixed,domain healthline.com manually labeled as mixed
soy,neutral,soy health effects,1,2,https://www.healthline.com/nutrition/is-soy-bad-for-you,healthline.com,"Is Soy Bad for You, or Good?",2026-05-09 19:21:42,mixed,domain healthline.com manually labeled as mixed
soy,slanted,soy estrogen effects,2,6,https://www.healthline.com/health/food-nutrition/is-there-a-soy-milk-estrogen-connection,healthline.com,Is There a Soy Milk–Estrogen Connection?,2026-05-09 19:25:00,mixed,domain healthline.com manually labeled as mixed
soy,neutral,tofu nutrition research,1,2,https://www.healthline.com/nutrition/what-is-tofu,healthline.com,"Tofu: Nutrients, Benefits, Downsides, and More",2026-05-09 19:25:28,mixed,domain healthline.com manually labeled as mixed
soy,neutral,soy protein safety,1,3,https://www.healthline.com/nutrition/soy-protein-good-or-bad,healthline.com,Soy Protein: Good or Bad?,2026-05-09 19:26:55,mixed,domain healthline.com manually labeled as mixed
soy,slanted,gmo soy dangers,1,3,https://www.healthline.com/nutrition/is-soy-bad-for-you,healthline.com,"Is Soy Bad for You, or Good?",2026-05-09 19:27:46,mixed,domain healthline.com manually labeled as mixed
dairy,neutral,dairy calcium consumptin facts,3,10,https://www.healthline.com/nutrition/is-dairy-good-for-your-bones,healthline.com,Milk and Osteoporosis — Is Dairy Really Good for Your ...,2026-05-09 19:28:47,mixed,domain healthline.com manually labeled as mixed
dairy,neutral,cheese nutrition research,2,2,https://www.healthline.com/nutrition/healthiest-cheese,healthline.com,The 9 Healthiest Types of Cheese and Their Benefits,2026-05-09 19:30:05,mixed,domain healthline.com manually labeled as mixed
dairy,neutral,yogurt probiotic health impact,1,2,https://www.healthline.com/nutrition/benefits-of-yogurt,healthline.com,"Health Benefits of Yogurt: Nutrition, Protein, and Probiotics",2026-05-09 19:31:21,mixed,domain healthline.com manually labeled as mixed
eggs,neutral,egg cholesterol safety,3,7,https://www.healthline.com/nutrition/how-many-eggs-should-you-eat,healthline.com,How Eggs Can Affect Cholesterol and How Many to Eat ...,2026-05-09 19:33:19,mixed,domain healthline.com manually labeled as mixed
eggs,slanted,egg heart disease risk,3,8,https://www.healthline.com/nutrition/how-many-eggs-should-you-eat,healthline.com,How Eggs Can Affect Cholesterol and How Many to Eat ...,2026-05-09 19:34:04,mixed,domain healthline.com manually labeled as mixed
eggs,neutral,egg protein consumption,1,1,https://www.healthline.com/nutrition/protein-in-egg,healthline.com,How Much Protein in an Egg? A Detailed Look,2026-05-09 19:34:36,mixed,domain healthline.com manually labeled as mixed
eggs,neutral,egg protein consumption,3,1,https://www.healthline.com/nutrition/boiled-egg-nutrition,healthline.com,"Hard-Boiled Egg Nutrition Facts: Calories, Protein and More",2026-05-09 19:35:01,mixed,domain healthline.com manually labeled as mixed
eggs,neutral,pasteurized eggs research,2,7,https://www.healthline.com/nutrition/eating-raw-eggs,healthline.com,Is It Safe to Eat Raw Eggs?,2026-05-09 19:36:13,mixed,domain healthline.com manually labeled as mixed
eggs,slanted,raw egg safety,1,3,https://www.healthline.com/nutrition/eating-raw-eggs,healthline.com,Is It Safe to Eat Raw Eggs?,2026-05-09 19:36:52,mixed,domain healthline.com manually labeled as mixed
sugar,neutral,sugar consumption effects,1,5,https://www.healthline.com/nutrition/too-much-sugar,healthline.com,11 Reasons Why Too Much Sugar Is Bad for You,2026-05-09 19:37:37,mixed,domain healthline.com manually labeled as mixed
sugar,slanted,sugar addiction risks,1,4,https://www.healthline.com/nutrition/too-much-sugar,healthline.com,11 Reasons Why Too Much Sugar Is Bad for You,2026-05-09 19:38:17,mixed,domain healthline.com manually labeled as mixed
sugar,neutral,added sugar guidelines,2,10,https://www.healthline.com/nutrition/how-much-sugar-per-day,healthline.com,How Much Sugar Should You Eat Per Day?,2026-05-09 19:39:20,mixed,domain healthline.com manually labeled as mixed
sugar,slanted,high fructose corn syrup dangers,1,1,https://www.healthline.com/nutrition/why-high-fructose-corn-syrup-is-bad,healthline.com,6 Reasons Why High-Fructose Corn Syrup Is Bad for You,2026-05-09 19:39:42,mixed,domain healthline.com manually labeled as mixed
salt,neutral,iodized salt diet,2,8,https://www.healthline.com/nutrition/low-iodine-diet-benefits-precautions-and-foods-to-eat,healthline.com,"Low Iodine Diet: Benefits, Precautions, and Foods to Eat",2026-05-09 19:45:12,mixed,domain healthline.com manually labeled as mixed
salt,neutral,low sodium diet research,1,6,https://www.healthline.com/nutrition/low-sodium-diet,healthline.com,"Low Sodium Diet: Benefits, Risks, Foods to Eat and Avoid",2026-05-09 19:47:23,mixed,domain healthline.com manually labeled as mixed
caffeine,neutral,caffeine health impact,1,1,https://www.healthline.com/health/caffeine-effects-on-body,healthline.com,The Effects of Caffeine on Your Body,2026-05-09 19:48:44,mixed,domain healthline.com manually labeled as mixed
caffeine,slanted,caffeine anxiety risks,1,4,https://www.healthline.com/health/caffeine-and-anxiety,healthline.com,Does Caffeine Cause Anxiety?,2026-05-09 19:49:26,mixed,domain healthline.com manually labeled as mixed
caffeine,neutral,coffee antioxidant research,2,1,https://www.healthline.com/nutrition/coffee-worlds-biggest-source-of-antioxidants,healthline.com,Coffee and Antioxidants: Everything You Need to Know,2026-05-09 19:51:37,mixed,domain healthline.com manually labeled as mixed
caffeine,neutral,tea health effects,1,4,https://www.healthline.com/nutrition/side-effects-of-tea,healthline.com,Side Effects of Tea: 8 Reasons Not to Drink Too Much,2026-05-09 19:53:20,mixed,domain healthline.com manually labeled as mixed
alcohol,neutral,moderate alcohol consumption health impact,3,2,https://www.healthline.com/health-news/moderate-drinking-health-effects,healthline.com,"Risk of Cancer Higher for People Who Drink Alcohol, Even ...",2026-05-09 19:55:14,mixed,domain healthline.com manually labeled as mixed
alcohol,neutral,wine heart health,3,10,https://www.healthline.com/health-news/wine-mediterranean-diet-may-lower-cardiovascular-disease-risk,healthline.com,Wine In Moderation With Mediterranean Diet May Benefit ...,2026-05-09 19:57:15,mixed,domain healthline.com manually labeled as mixed
alcohol,neutral,beer nutrition research,2,2,https://www.healthline.com/nutrition/is-beer-good-for-you,healthline.com,Is Beer Good for You? Potential Benefits and Downsides,2026-05-09 19:58:19,mixed,domain healthline.com manually labeled as mixed
fast_food,slanted,fast food obesity,1,8,https://www.healthline.com/health/fast-food-effects-on-body,healthline.com,Fast Food's Effects on 8 Areas of the Body,2026-05-09 20:01:34,mixed,domain healthline.com manually labeled as mixed
fast_food,slanted,food additive dangers,1,2,https://www.healthline.com/nutrition/common-food-additives,healthline.com,12 Common Food Additives — Should You Avoid Them?,2026-05-09 20:03:14,mixed,domain healthline.com manually labeled as mixed
tap_water,slanted,chlorine water dangers,1,3,https://www.healthline.com/health/chlorine-poisoning,healthline.com,"Chlorine Poisoning: Symptoms, Diagnosis, and Treatments",2026-05-09 20:15:49,mixed,domain healthline.com manually labeled as mixed
bottled_water,neutral,mineral water research,1,5,https://www.healthline.com/nutrition/mineral-water-benefits,healthline.com,Does Mineral Water Have Health Benefits?,2026-05-09 20:25:38,mixed,domain healthline.com manually labeled as mixed
healthcare,slanted,medicare for all costs,2,1,https://www.healthline.com/health/medicare/medicare-for-all-vs-single-payer,healthline.com,Medicare for All vs. Single-Payer Healthcare Systems,2026-05-09 21:07:39,mixed,domain healthline.com manually labeled as mixed
gene_editing,slanted,genetic modification dangers,1,7,https://www.healthline.com/nutrition/gmo-pros-and-cons,healthline.com,"GMOs: Pros and Cons, Backed by Evidence",2026-05-09 21:24:16,mixed,domain healthline.com manually labeled as mixed
gene_editing,slanted,designer babies,1,4,https://www.healthline.com/health/pregnancy/designer-babies,healthline.com,Can We Create Designer Babies with Gene Editing?,2026-05-09 21:26:36,mixed,domain healthline.com manually labeled as mixed
vaccine_passports,neutral,vaccine passport impact,1,6,https://www.frontiersin.org/journals/psychology/articles/10.3389/fpsyg.2022.900976/full,frontiersin.org,Vaccine Passport and Traveler Behaviors in the New ...,2026-05-09 15:51:35,mixed,domain frontiersin.org manually labeled as mixed
vaccine_passports,neutral,covid passport research,1,10,https://www.frontiersin.org/journals/psychology/articles/10.3389/fpsyg.2022.900976/full,frontiersin.org,Vaccine Passport and Traveler Behaviors in the New ...,2026-05-09 15:53:07,mixed,domain frontiersin.org manually labeled as mixed
covid19,neutral,lockdown effectiveness,2,8,https://www.frontiersin.org/journals/public-health/articles/10.3389/fpubh.2020.549692/full,frontiersin.org,Are Lockdown Measures Effective Against COVID-19?,2026-05-09 16:01:25,mixed,domain frontiersin.org manually labeled as mixed
fluoridation,slanted,fluoride neurotoxicity,2,7,https://www.frontiersin.org/journals/cellular-neuroscience/articles/10.3389/fncel.2023.1153198/full,frontiersin.org,Unraveling molecular characteristic of fluoride neurotoxicity ...,2026-05-09 16:16:33,mixed,domain frontiersin.org manually labeled as mixed
5g,neutral,5g safety research,2,1,https://www.frontiersin.org/journals/public-health/articles/10.3389/fpubh.2023.1058454/full,frontiersin.org,The assumption of safety is being used to justify the rollout ...,2026-05-09 16:18:39,mixed,domain frontiersin.org manually labeled as mixed
5g,neutral,5g health studies,2,9,https://www.frontiersin.org/journals/public-health/articles/10.3389/fpubh.2022.1082031/full,frontiersin.org,The population health effects from 5G: Controlling ...,2026-05-09 16:20:20,mixed,domain frontiersin.org manually labeled as mixed
5g,neutral,5g health studies,3,2,https://www.frontiersin.org/journals/public-health/articles/10.3389/fpubh.2022.1082031/full,frontiersin.org,The population health effects from 5G: Controlling ...,2026-05-09 16:20:27,mixed,domain frontiersin.org manually labeled as mixed
5g,slanted,5g electromagnetic hypersensitivity,2,4,https://www.frontiersin.org/journals/public-health/articles/10.3389/fpubh.2024.1543818/full,frontiersin.org,Wireless radiation and health: making the case for ...,2026-05-09 16:21:02,mixed,domain frontiersin.org manually labeled as mixed
nuclear_power,neutral,nuclear energy carbon emissions,1,5,https://www.frontiersin.org/journals/energy-research/articles/10.3389/fenrg.2023.1147016/full,frontiersin.org,Critical review of nuclear power plant carbon emissions,2026-05-09 16:27:59,mixed,domain frontiersin.org manually labeled as mixed
nuclear_waste,slanted,nuclear waste leaks,1,7,https://www.frontiersin.org/journals/ecology-and-evolution/articles/10.3389/fevo.2022.1099162/full,frontiersin.org,Scientists warning on the ecological effects of radioactive ...,2026-05-09 16:31:56,mixed,domain frontiersin.org manually labeled as mixed
artificial_sweeteners,neutral,sucralose research,1,2,https://www.frontiersin.org/news/2026/04/10/negative-effects-artificial-sweeteners-may-pass-next-generation-frontiers-nutrition,frontiersin.org,Negative effects of artificial sweeteners may pass on to ...,2026-05-09 16:43:04,mixed,domain frontiersin.org manually labeled as mixed
artificial_sweeteners,neutral,sucralose research,3,6,https://www.frontiersin.org/journals/nutrition/articles/10.3389/fnut.2024.1387646/full,frontiersin.org,Unveiling the profound influence of sucralose on ...,2026-05-09 16:43:38,mixed,domain frontiersin.org manually labeled as mixed
artificial_sweeteners,slanted,sucralose health risks,1,3,https://www.frontiersin.org/news/2026/04/10/negative-effects-artificial-sweeteners-may-pass-next-generation-frontiers-nutrition,frontiersin.org,Negative effects of artificial sweeteners may pass on to ...,2026-05-09 16:44:02,mixed,domain frontiersin.org manually labeled as mixed
artificial_sweeteners,slanted,sucralose health risks,3,4,https://www.frontiersin.org/journals/nutrition/articles/10.3389/fnut.2024.1387646/full,frontiersin.org,Unveiling the profound influence of sucralose on ...,2026-05-09 16:44:24,mixed,domain frontiersin.org manually labeled as mixed
electromagnetic_fields,neutral,emf safety research,2,3,https://www.frontiersin.org/research-topics/18504/human-exposure-to-new-emerging-electric-magnetic-and-electromagnetic-fields/magazine,frontiersin.org,"Human Exposure to New-Emerging Electric, Magnetic and ...",2026-05-09 16:50:49,mixed,domain frontiersin.org manually labeled as mixed
essential_oils,neutral,tea tree oil safety,2,3,https://www.frontiersin.org/journals/pharmacology/articles/10.3389/fphar.2023.1116077/full,frontiersin.org,Efficacy and safety of Melaleuca alternifolia (tea tree) oil for ...,2026-05-09 17:00:00,mixed,domain frontiersin.org manually labeled as mixed
essential_oils,neutral,lavender oil research,1,8,https://www.frontiersin.org/journals/pharmacology/articles/10.3389/fphar.2017.00280/full,frontiersin.org,Exploring Pharmacological Mechanisms of Lavender ...,2026-05-09 17:02:00,mixed,domain frontiersin.org manually labeled as mixed
coal,neutral,carbon capture research,3,3,https://www.frontiersin.org/journals/energy-research/sections/carbon-capture-utilization-and-storage,frontiersin.org,"Carbon Capture, Utilization and Storage",2026-05-09 17:28:18,mixed,domain frontiersin.org manually labeled as mixed
plastic,neutral,biodegradable plastics research,2,6,https://www.frontiersin.org/journals/chemistry/articles/10.3389/fchem.2021.671750/full,frontiersin.org,Bridging Three Gaps in Biodegradable Plastics,2026-05-09 17:36:35,mixed,domain frontiersin.org manually labeled as mixed
plastic,neutral,microplastics health research,2,5,https://www.frontiersin.org/journals/environmental-science/articles/10.3389/fenvs.2025.1606332/full,frontiersin.org,A review of microplastic pollution and human health risk ...,2026-05-09 17:38:37,mixed,domain frontiersin.org manually labeled as mixed
plastic,slanted,microplastics human toxicity,1,9,https://www.frontiersin.org/journals/environmental-science/articles/10.3389/fenvs.2025.1606332/full,frontiersin.org,A review of microplastic pollution and human health risk ...,2026-05-09 17:39:11,mixed,domain frontiersin.org manually labeled as mixed
plastic,slanted,microplastics human toxicity,3,3,https://www.frontiersin.org/journals/environmental-science/articles/10.3389/fenvs.2025.1606332/full,frontiersin.org,A review of microplastic pollution and human health risk ...,2026-05-09 17:39:37,mixed,domain frontiersin.org manually labeled as mixed
wind_energy,neutral,offshore wind farm research,3,6,https://www.frontiersin.org/journals/marine-science/articles/10.3389/fmars.2026.1804138/full,frontiersin.org,Ocean mixing from offshore wind farms: implications for the ...,2026-05-09 17:43:17,mixed,domain frontiersin.org manually labeled as mixed
biodiesel,neutral,algae biofuel research,1,4,https://www.frontiersin.org/research-topics/2855/recent-advancements-in-algae-to-biofuels-research-novel-growth-technologies-conversion-methods-and-assessments-of-economic-and-environmental-impacts/magazine,frontiersin.org,Recent Advancements in Algae-to-Biofuels Research,2026-05-09 17:48:43,mixed,domain frontiersin.org manually labeled as mixed
gene_drives,slanted,gene drive ecological risks,2,8,https://www.frontiersin.org/journals/environmental-science/articles/10.3389/fenvs.2023.1254219/full,frontiersin.org,"Gene drives, mosquitoes, and ecosystems",2026-05-09 17:57:50,mixed,domain frontiersin.org manually labeled as mixed
synthetic_biology,slanted,garage biology risks,1,9,https://www.frontiersin.org/journals/bioengineering-and-biotechnology/articles/10.3389/fbioe.2023.1292029/full,frontiersin.org,Safety risks and ethical governance of biomedical ...,2026-05-09 18:07:23,mixed,domain frontiersin.org manually labeled as mixed
nanotechnology,neutral,nanotechnology medical impact,1,5,https://www.frontiersin.org/research-topics/74063/advancement-in-nanotechnology-for-medical-imaging-and-diagnosticsundefined,frontiersin.org,Advancement in Nanotechnology for Medical Imaging and ...,2026-05-09 18:08:20,mixed,domain frontiersin.org manually labeled as mixed
nanotechnology,slanted,nanoparticle toxicity,2,4,https://www.frontiersin.org/journals/bioengineering-and-biotechnology/articles/10.3389/fbioe.2022.1001572/full,frontiersin.org,Toxicity of metal-based nanoparticles: Challenges in the ...,2026-05-09 18:09:32,mixed,domain frontiersin.org manually labeled as mixed
nanotechnology,slanted,nanoparticle toxicity,3,4,https://www.frontiersin.org/journals/nanotechnology/articles/10.3389/fnano.2025.1629722/full,frontiersin.org,"Silica nanoparticle toxicity: cellular mechanisms, ...",2026-05-09 18:09:47,mixed,domain frontiersin.org manually labeled as mixed
nanotechnology,neutral,nanomaterials safety research,1,7,https://www.frontiersin.org/journals/toxicology/articles/10.3389/ftox.2025.1629813/full,frontiersin.org,25 years of research and regulation: Is nanotechnology ...,2026-05-09 18:10:06,mixed,domain frontiersin.org manually labeled as mixed
nanotechnology,slanted,nanotech environmental impact,1,6,https://www.frontiersin.org/research-topics/61863/nanotechnology-enabled-agriculture-and-its-environmental-impactundefined,frontiersin.org,Nanotechnology-enabled Agriculture and its ...,2026-05-09 18:10:55,mixed,domain frontiersin.org manually labeled as mixed
lab_grown_meat,neutral,cellular agriculture research,3,3,https://www.frontiersin.org/research-topics/32239/the-social-implications-of-cellular-agriculture-and-the-future-of-food/magazine,frontiersin.org,The Social Implications of Cellular Agriculture and ...,2026-05-09 18:23:11,mixed,domain frontiersin.org manually labeled as mixed
3d_printing,slanted,3d printing toxic emissions,2,10,https://www.frontiersin.org/journals/public-health/articles/10.3389/fpubh.2024.1408842/full,frontiersin.org,3D printer emissions elicit filament-specific and dose ...,2026-05-09 18:33:01,mixed,domain frontiersin.org manually labeled as mixed
social_media,slanted,tiktok addiction risks,2,8,https://www.frontiersin.org/journals/psychology/articles/10.3389/fpsyg.2022.932805/full,frontiersin.org,The addiction behavior of short-form video app TikTok,2026-05-09 18:52:44,mixed,domain frontiersin.org manually labeled as mixed
social_media,neutral,twitter echo chamber,3,5,https://www.frontiersin.org/journals/psychology/articles/10.3389/fpsyg.2024.1323117/full,frontiersin.org,Personality traits and their influence on Echo chamber ...,2026-05-09 18:55:00,mixed,domain frontiersin.org manually labeled as mixed
social_media,slanted,online radicalization,3,5,https://www.frontiersin.org/journals/psychology/articles/10.3389/fpsyg.2022.997390/full,frontiersin.org,Terrorism and the internet: How dangerous is online ...,2026-05-09 18:55:40,mixed,domain frontiersin.org manually labeled as mixed
electronic_cigarettes,neutral,nicotine replacement impact,2,2,https://www.frontiersin.org/journals/psychiatry/articles/10.3389/fpsyt.2025.1525510/full,frontiersin.org,Nicotine replacement therapy as a smoking cessation tool ...,2026-05-09 19:03:35,mixed,domain frontiersin.org manually labeled as mixed
plant_based_diet,neutral,vegan health impact,2,5,https://www.frontiersin.org/journals/nutrition/articles/10.3389/fnut.2023.1294497/full,frontiersin.org,"Vegan diet: nutritional components, implementation, and ...",2026-05-09 19:13:43,mixed,domain frontiersin.org manually labeled as mixed
soy,neutral,soy health effects,2,3,https://www.frontiersin.org/journals/nutrition/articles/10.3389/fnut.2025.1608814/full,frontiersin.org,Debunking the myth: are soy isoflavones truly a public ...,2026-05-09 19:22:10,mixed,domain frontiersin.org manually labeled as mixed
soy,neutral,soy protein safety,2,2,https://www.frontiersin.org/journals/nutrition/articles/10.3389/fnut.2025.1608814/full,frontiersin.org,Debunking the myth: are soy isoflavones truly a public ...,2026-05-09 19:27:12,mixed,domain frontiersin.org manually labeled as mixed
dairy,neutral,cheese nutrition research,1,3,https://www.frontiersin.org/journals/nutrition/articles/10.3389/fnut.2025.1649432/full,frontiersin.org,Cheese: mere indulgence or part of a healthy diet?,2026-05-09 19:29:54,mixed,domain frontiersin.org manually labeled as mixed
sugar,slanted,sugar addiction risks,3,10,https://www.frontiersin.org/journals/psychiatry/articles/10.3389/fpsyt.2018.00545/full,frontiersin.org,Sugar Addiction: From Evolution to Revolution,2026-05-09 19:38:46,mixed,domain frontiersin.org manually labeled as mixed
sugar,slanted,artificial sweeteners cancer,1,6,https://www.frontiersin.org/journals/medicine/articles/10.3389/fmed.2025.1647178/full,frontiersin.org,The association of artificial sweeteners intake and risk ...,2026-05-09 19:42:25,mixed,domain frontiersin.org manually labeled as mixed
salt,slanted,salt hypertension risk,2,7,https://www.frontiersin.org/journals/nutrition/articles/10.3389/fnut.2023.1263554/full,frontiersin.org,Sodium intake and the risk of heart failure and hypertension,2026-05-09 19:44:12,mixed,domain frontiersin.org manually labeled as mixed
salt,neutral,low sodium diet research,3,5,https://www.frontiersin.org/journals/nutrition/articles/10.3389/fnut.2023.1263554/full,frontiersin.org,Sodium intake and the risk of heart failure and hypertension,2026-05-09 19:47:43,mixed,domain frontiersin.org manually labeled as mixed
caffeine,neutral,coffee antioxidant research,2,3,https://www.frontiersin.org/journals/nutrition/articles/10.3389/fnut.2023.1078701/full,frontiersin.org,Changes of polyphenols and antioxidants of arabica coffee ...,2026-05-09 19:51:38,mixed,domain frontiersin.org manually labeled as mixed
alcohol,slanted,alcohol liver disease risk,1,8,https://www.frontiersin.org/journals/medicine/articles/10.3389/fmed.2023.1290266/full,frontiersin.org,Alcohol consumption and the risk of liver disease,2026-05-09 19:55:36,mixed,domain frontiersin.org manually labeled as mixed
fast_food,slanted,fast food obesity,1,7,https://www.frontiersin.org/journals/nutrition/articles/10.3389/fnut.2024.1475116/full,frontiersin.org,Prevalence of overweight/obesity and its association with ...,2026-05-09 20:01:34,mixed,domain frontiersin.org manually labeled as mixed
fast_food,neutral,restaurant calorie labeling,2,6,https://www.frontiersin.org/journals/nutrition/articles/10.3389/fnut.2023.1281293/full,frontiersin.org,Restaurants' compliance with calorie labeling policies in ...,2026-05-09 20:02:51,mixed,domain frontiersin.org manually labeled as mixed
fast_food,neutral,food processing research,1,8,https://www.frontiersin.org/journals/sustainable-food-systems/sections/sustainable-food-processing/research-topics,frontiersin.org,71 Research Topics - Sustainable Food Processing,2026-05-09 20:04:07,mixed,domain frontiersin.org manually labeled as mixed
tap_water,slanted,water contamination risks,1,8,https://www.frontiersin.org/journals/environmental-science/articles/10.3389/fenvs.2022.880246/full,frontiersin.org,Effects of Water Pollution on Human Health and Disease ...,2026-05-09 20:17:44,mixed,domain frontiersin.org manually labeled as mixed
bottled_water,neutral,mineral water research,1,10,https://www.frontiersin.org/journals/nutrition/articles/10.3389/fnut.2023.1133488/full,frontiersin.org,Consumption of very low-mineral water may threaten ...,2026-05-09 20:25:47,mixed,domain frontiersin.org manually labeled as mixed
mining,slanted,mountaintop removal dangers,3,4,https://www.frontiersin.org/journals/water/articles/10.3389/frwa.2022.988061/full,frontiersin.org,Mountaintop removal coal mining impacts on structural and ...,2026-05-09 20:31:50,mixed,domain frontiersin.org manually labeled as mixed
deforestation,slanted,deforestation climate impact,3,9,https://www.frontiersin.org/journals/forests-and-global-change/articles/10.3389/ffgc.2022.756115/full,frontiersin.org,The Unseen Effects of Deforestation: Biophysical Effects on ...,2026-05-09 20:35:36,mixed,domain frontiersin.org manually labeled as mixed
overfishing,slanted,overfishing ocean collapse,1,8,https://www.frontiersin.org/journals/marine-science/articles/10.3389/fmars.2020.00523/full,frontiersin.org,End Overfishing and Increase the Resilience of the Ocean ...,2026-05-09 20:43:55,mixed,domain frontiersin.org manually labeled as mixed
overfishing,neutral,fisheries management research,1,4,https://www.frontiersin.org/research-topics/74311/sustainable-fisheries-managementundefined,frontiersin.org,Sustainable Fisheries Management,2026-05-09 20:44:48,mixed,domain frontiersin.org manually labeled as mixed
overfishing,slanted,bycatch dolphin deaths,1,8,https://www.frontiersin.org/journals/marine-science/articles/10.3389/fmars.2021.754755/full,frontiersin.org,"A History of the Tuna-Dolphin Problem: Successes, ...",2026-05-09 20:45:36,mixed,domain frontiersin.org manually labeled as mixed
education,neutral,online learning effectiveness,2,4,https://www.frontiersin.org/journals/education/articles/10.3389/feduc.2023.1334153/full,frontiersin.org,A systematic review of the effectiveness of online learning ...,2026-05-09 21:03:39,mixed,domain frontiersin.org manually labeled as mixed
healthcare,neutral,private insurance research,3,6,https://www.frontiersin.org/journals/public-health/articles/10.3389/fpubh.2022.961019/full,frontiersin.org,Can supplementary private health insurance further ...,2026-05-09 21:08:53,mixed,domain frontiersin.org manually labeled as mixed
cloning,neutral,reproductive cloning research,1,9,https://www.frontiersin.org/journals/public-health/articles/10.3389/fpubh.2024.1243801/full,frontiersin.org,Human cloning as reproductive means in future,2026-05-09 21:14:19,mixed,domain frontiersin.org manually labeled as mixed
gene_editing,neutral,crispr gene therapy,1,7,https://www.frontiersin.org/journals/oncology/articles/10.3389/fonc.2020.01387/full,frontiersin.org,"CRISPR Gene Therapy: Applications, Limitations, and ...",2026-05-09 21:20:03,mixed,domain frontiersin.org manually labeled as mixed
gene_editing,slanted,gene editing ethics,2,2,https://www.frontiersin.org/journals/genome-editing/articles/10.3389/fgeed.2025.1593172/full,frontiersin.org,ensuring the social responsibility of CRISPR technology,2026-05-09 21:22:43,mixed,domain frontiersin.org manually labeled as mixed
gene_editing,neutral,crispr cas9 research,2,7,https://www.frontiersin.org/journals/genome-editing/articles/10.3389/fgeed.2025.1724291/full,frontiersin.org,Therapeutic applications of CRISPR-Cas9 gene editing,2026-05-09 21:23:37,mixed,domain frontiersin.org manually labeled as mixed
quantum_computing,neutral,quantum encryption research,2,3,https://www.frontiersin.org/journals/physics/articles/10.3389/fphy.2024.1456491/full,frontiersin.org,State-of-the-art analysis of quantum cryptography,2026-05-09 21:40:30,mixed,domain frontiersin.org manually labeled as mixed
space_exploration,slanted,space weaponization,1,7,https://www.frontiersin.org/journals/political-science/articles/10.3389/fpos.2025.1653205/full,frontiersin.org,“Astropolitics” and weaponisation of space—Drawing past ...,2026-05-09 21:55:58,mixed,domain frontiersin.org manually labeled as mixed
vaccines,slanted,vaccine dangers,2,4,https://www.canada.ca/en/public-health/services/vaccination-children/safety-concerns-side-effects.html,canada.ca,Vaccine safety and possible side effects,2026-05-09 15:41:41,mixed,domain canada.ca manually labeled as mixed
vaccines,neutral,childhood vaccination benefits,3,1,https://www.canada.ca/en/public-health/services/vaccination-children.html,canada.ca,Vaccines for children: About vaccines,2026-05-09 15:45:00,mixed,domain canada.ca manually labeled as mixed
vaccines,slanted,childhood vaccination risks,3,4,https://www.canada.ca/en/public-health/services/vaccination-children/safety-concerns-side-effects.html,canada.ca,Vaccine safety and possible side effects,2026-05-09 15:47:28,mixed,domain canada.ca manually labeled as mixed
vaccines,neutral,flu shot effectiveness,3,7,https://www.canada.ca/en/public-health/services/diseases/flu-influenza/get-your-flu-shot.html,canada.ca,Flu (seasonal influenza): Get your flu vaccine (flu shot),2026-05-09 15:48:21,mixed,domain canada.ca manually labeled as mixed
covid19,slanted,COVID-19 vaccine side effects,2,7,https://www.canada.ca/en/public-health/services/diseases/coronavirus-disease-covid-19/vaccines/safety-side-effects.html,canada.ca,COVID-19: Vaccine safety and side effects,2026-05-09 15:57:59,mixed,domain canada.ca manually labeled as mixed
covid19,slanted,face masks health risks,2,7,https://www.canada.ca/en/public-health/services/diseases/respiratory-infectious-diseases-reduce-spread-personal-protective-measures/masks.html,canada.ca,Respiratory infectious diseases: Mask use for reducing the ...,2026-05-09 16:00:45,mixed,domain canada.ca manually labeled as mixed
fluoridation,neutral,water fluoridation information,2,4,https://www.canada.ca/en/services/health/publications/healthy-living/fluoride-factsheet.html,canada.ca,Fact sheet - Community water fluoridation,2026-05-09 16:11:11,mixed,domain canada.ca manually labeled as mixed
fluoridation,slanted,water fluoridation dangers,2,1,https://www.canada.ca/en/health-canada/services/environmental-workplace-health/reports-publications/water-quality/expert-panel-meeting-effects-fluoride-drinking-summary.html,canada.ca,Expert panel meeting on the health effects of fluoride in ...,2026-05-09 16:13:01,mixed,domain canada.ca manually labeled as mixed
fluoridation,neutral,fluoride dental health,2,10,https://www.canada.ca/en/health-canada/services/healthy-living/your-health/environment/fluorides-human-health.html,canada.ca,Fluoride and oral health,2026-05-09 16:13:49,mixed,domain canada.ca manually labeled as mixed
fluoridation,neutral,fluoride dental health,3,5,https://www.canada.ca/en/health-canada/services/healthy-living/your-health/environment/fluorides-human-health.html,canada.ca,Fluoride and oral health,2026-05-09 16:13:58,mixed,domain canada.ca manually labeled as mixed
fluoridation,slanted,fluoride toxicity,2,9,https://www.canada.ca/en/health-canada/services/environmental-workplace-health/reports-publications/water-quality/expert-panel-meeting-effects-fluoride-drinking-summary.html,canada.ca,Expert panel meeting on the health effects of fluoride in ...,2026-05-09 16:15:11,mixed,domain canada.ca manually labeled as mixed
fluoridation,neutral,community water fluoridation safety,1,5,https://www.canada.ca/en/services/health/publications/healthy-living/fluoride-factsheet.html,canada.ca,Fact sheet - Community water fluoridation,2026-05-09 16:15:39,mixed,domain canada.ca manually labeled as mixed
fluoridation,slanted,fluoride neurotoxicity,1,5,https://www.canada.ca/en/health-canada/services/environmental-workplace-health/reports-publications/water-quality/expert-panel-meeting-effects-fluoride-drinking-summary.html,canada.ca,Expert panel meeting on the health effects of fluoride in ...,2026-05-09 16:16:23,mixed,domain canada.ca manually labeled as mixed
5g,neutral,5g technology health,1,8,https://www.canada.ca/en/health-canada/services/health-risks-safety/radiation/everyday-things-emit-radiation/cell-phones-towers.html,canada.ca,"5G technology, cell phones, cell phone towers and antennas",2026-05-09 16:17:10,mixed,domain canada.ca manually labeled as mixed
5g,slanted,5g radiation risks,1,8,https://www.canada.ca/en/health-canada/services/health-risks-safety/radiation/everyday-things-emit-radiation/cell-phones-towers.html,canada.ca,"5G technology, cell phones, cell phone towers and antennas",2026-05-09 16:17:48,mixed,domain canada.ca manually labeled as mixed
5g,neutral,5g safety research,1,5,https://www.canada.ca/en/health-canada/services/health-risks-safety/radiation/everyday-things-emit-radiation/cell-phones-towers.html,canada.ca,"5G technology, cell phones, cell phone towers and antennas",2026-05-09 16:18:29,mixed,domain canada.ca manually labeled as mixed
5g,slanted,5g dangers,1,4,https://www.canada.ca/en/health-canada/services/health-risks-safety/radiation/everyday-things-emit-radiation/cell-phones-towers.html,canada.ca,"5G technology, cell phones, cell phone towers and antennas",2026-05-09 16:19:16,mixed,domain canada.ca manually labeled as mixed
5g,neutral,5g health studies,1,6,https://www.canada.ca/en/health-canada/services/health-risks-safety/radiation/everyday-things-emit-radiation/cell-phones-towers.html,canada.ca,"5G technology, cell phones, cell phone towers and antennas",2026-05-09 16:20:02,mixed,domain canada.ca manually labeled as mixed
nuclear_power,slanted,nuclear accidents,2,5,https://www.canada.ca/en/health-canada/services/health-risks-safety/radiation/radiological-nuclear-emergencies/previous-incidents-accidents.html,canada.ca,Previous nuclear incidents and accidents,2026-05-09 16:28:55,mixed,domain canada.ca manually labeled as mixed
pesticides,slanted,pesticide health hazards,1,10,https://www.canada.ca/en/health-canada/services/consumer-product-safety/pesticides-pest-management/public/protecting-your-health-environment/pesticide-assessments/human-health-risk.html,canada.ca,Pesticide assessments in Canada: Human health risk,2026-05-09 16:35:55,mixed,domain canada.ca manually labeled as mixed
pesticides,slanted,conventional pesticide dangers,3,1,https://www.canada.ca/en/health-canada/services/about-pesticides/pesticides-food-safety.html,canada.ca,Pesticides and food safety,2026-05-09 16:37:44,mixed,domain canada.ca manually labeled as mixed
artificial_sweeteners,neutral,aspartame safety,1,6,https://www.canada.ca/en/health-canada/services/food-nutrition/food-safety/food-additives/sugar-substitutes/aspartame-artificial-sweeteners.html,canada.ca,Aspartame,2026-05-09 16:39:42,mixed,domain canada.ca manually labeled as mixed
artificial_sweeteners,slanted,aspartame dangers,1,4,https://www.canada.ca/en/health-canada/services/food-nutrition/food-safety/food-additives/sugar-substitutes/aspartame-artificial-sweeteners.html,canada.ca,Aspartame,2026-05-09 16:41:50,mixed,domain canada.ca manually labeled as mixed
electromagnetic_fields,slanted,emf health risks,2,8,https://www.canada.ca/en/health-canada/services/health-risks-safety/radiation/everyday-things-emit-radiation/power-lines-electrical-appliances.html,canada.ca,Extremely low frequency electric and magnetic fields,2026-05-09 16:51:37,mixed,domain canada.ca manually labeled as mixed
electromagnetic_fields,neutral,power lines health,1,7,https://www.canada.ca/en/health-canada/services/health-risks-safety/radiation/everyday-things-emit-radiation/power-lines-electrical-appliances.html,canada.ca,Extremely low frequency electric and magnetic fields,2026-05-09 16:52:27,mixed,domain canada.ca manually labeled as mixed
electromagnetic_fields,slanted,power lines cancer,2,3,https://www.canada.ca/en/health-canada/services/health-risks-safety/radiation/everyday-things-emit-radiation/power-lines-electrical-appliances.html,canada.ca,Extremely low frequency electric and magnetic fields,2026-05-09 16:53:20,mixed,domain canada.ca manually labeled as mixed
electromagnetic_fields,neutral,cell phone radiation safety,3,9,https://www.canada.ca/en/health-canada/services/health-risks-safety/radiation/everyday-things-emit-radiation/cell-phones-towers.html,canada.ca,"5G technology, cell phones, cell phone towers and antennas",2026-05-09 16:54:21,mixed,domain canada.ca manually labeled as mixed
electromagnetic_fields,neutral,wi-fi health effects,1,7,https://www.canada.ca/en/health-canada/services/health-risks-safety/radiation/everyday-things-emit-radiation/wi-fi.html,canada.ca,Wi-Fi equipment: Everyday things that emit radiation,2026-05-09 16:55:36,mixed,domain canada.ca manually labeled as mixed
electromagnetic_fields,slanted,wi-fi radiation dangers,1,2,https://www.canada.ca/en/health-canada/services/health-risks-safety/radiation/everyday-things-emit-radiation/wi-fi.html,canada.ca,Wi-Fi equipment: Everyday things that emit radiation,2026-05-09 16:56:28,mixed,domain canada.ca manually labeled as mixed
aluminum,neutral,aluminum cookware safety,1,3,https://www.canada.ca/en/health-canada/services/household-products/safe-use-cookware.html,canada.ca,The safe use of cookware and bakeware,2026-05-09 17:05:03,mixed,domain canada.ca manually labeled as mixed
mercury,slanted,mercury amalgam poisoning,3,6,https://www.canada.ca/en/health-canada/services/drugs-health-products/reports-publications/medical-devices/safety-dental-amalgam-health-canada-1996.html,canada.ca,1996 Health Canada Position Statement on Dental Amalgam,2026-05-09 17:08:59,mixed,domain canada.ca manually labeled as mixed
mercury,neutral,mercury in fish guidelines,2,4,https://www.canada.ca/en/health-canada/services/food-nutrition/food-safety/chemical-contaminants/environmental-contaminants/mercury/mercury-fish.html,canada.ca,Mercury in Fish,2026-05-09 17:20:03,mixed,domain canada.ca manually labeled as mixed
mercury,slanted,mercury seafood dangers,1,3,https://www.canada.ca/en/health-canada/services/food-nutrition/food-safety/chemical-contaminants/environmental-contaminants/mercury/mercury-fish.html,canada.ca,Mercury in Fish,2026-05-09 17:20:32,mixed,domain canada.ca manually labeled as mixed
cloning,neutral,food cloning safety,2,4,https://www.canada.ca/en/health-canada/programs/consulation-food-derived-somatic-cell-nuclear-transfer-clones-offspring-policy-update.html,canada.ca,Foods derived from somatic cell nuclear transfer clones ...,2026-05-09 17:23:58,mixed,domain canada.ca manually labeled as mixed
cloning,slanted,cloned meat risks,2,5,https://www.canada.ca/en/health-canada/programs/consulation-food-derived-somatic-cell-nuclear-transfer-clones-offspring-policy-update/scientific-opinion.html,canada.ca,Scientific opinion on the impact of somatic cell nuclear ...,2026-05-09 17:24:57,mixed,domain canada.ca manually labeled as mixed
wind_energy,neutral,wind power health effects,2,3,https://www.canada.ca/en/health-canada/services/health-risks-safety/radiation/everyday-things-emit-radiation/wind-turbine-noise/wind-turbine-noise-health-study-summary-results.html,canada.ca,Wind Turbine Noise and Health Study: Summary of Results,2026-05-09 17:45:11,mixed,domain canada.ca manually labeled as mixed
wind_energy,slanted,wind turbine noise complaints,3,7,https://www.canada.ca/en/health-canada/services/health-risks-safety/radiation/everyday-things-emit-radiation/wind-turbine-noise/wind-turbine-noise-health-study-summary-results.html,canada.ca,Wind Turbine Noise and Health Study: Summary of Results,2026-05-09 17:46:27,mixed,domain canada.ca manually labeled as mixed
quantum_computing,slanted,quantum computer security risks,2,2,https://www.canada.ca/en/shared-services/campaigns/stories/quantum-computing-cyber-security.html,canada.ca,Looking ahead: Quantum computing and cyber security,2026-05-09 18:15:43,mixed,domain canada.ca manually labeled as mixed
lab_grown_meat,slanted,lab meat health risks,2,5,https://www.canada.ca/en/health-canada/services/food-nutrition/cellular-agriculture.html,canada.ca,Cellular agriculture,2026-05-09 18:22:10,mixed,domain canada.ca manually labeled as mixed
lab_grown_meat,neutral,cellular agriculture research,3,5,https://www.canada.ca/en/health-canada/services/food-nutrition/cellular-agriculture.html,canada.ca,Cellular agriculture,2026-05-09 18:23:12,mixed,domain canada.ca manually labeled as mixed
lab_grown_meat,slanted,test tube meat dangers,2,6,https://www.canada.ca/en/health-canada/services/food-nutrition/cellular-agriculture.html,canada.ca,Cellular agriculture,2026-05-09 18:23:59,mixed,domain canada.ca manually labeled as mixed
3d_printing,neutral,metal 3d printing safety,3,9,https://www.canada.ca/en/employment-social-development/services/health-safety/prevention/3d-printers.html,canada.ca,3D Printers,2026-05-09 18:32:04,mixed,domain canada.ca manually labeled as mixed
electronic_cigarettes,neutral,vaping smoking cessation,2,7,https://www.canada.ca/en/health-canada/services/smoking-tobacco/vaping/quit-smoking.html,canada.ca,Vaping and quitting smoking,2026-05-09 19:02:00,mixed,domain canada.ca manually labeled as mixed
electronic_cigarettes,slanted,e cigarette lung disease,2,5,https://www.canada.ca/en/public-health/services/diseases/vaping-pulmonary-illness.html,canada.ca,Vaping-associated lung illness,2026-05-09 19:02:51,mixed,domain canada.ca manually labeled as mixed
electronic_cigarettes,slanted,vaping popcorn lung,1,8,https://www.canada.ca/en/health-canada/services/smoking-tobacco/vaping/risks.html,canada.ca,Risks of vaping,2026-05-09 19:04:14,mixed,domain canada.ca manually labeled as mixed
plant_based_diet,neutral,vegetarian protein sources,3,3,https://www.canada.ca/en/health-canada/services/food-guide/eating-support/kitchen/cooking-skills/cooking-plant-based-protein-foods.html,canada.ca,Cooking with plant-based protein foods,2026-05-09 19:15:41,mixed,domain canada.ca manually labeled as mixed
soy,neutral,soy protein safety,3,5,https://www.canada.ca/en/health-canada/services/food-nutrition/food-labelling/health-claims/assessments/summary-assessment-health-claim-about-protein-cholesterol-lowering.html,canada.ca,Summary of Health Canada's Assessment of a ...,2026-05-09 19:27:22,mixed,domain canada.ca manually labeled as mixed
soy,slanted,gmo soy dangers,1,4,https://www.canada.ca/en/health-canada/services/food-nutrition/genetically-modified-foods-other-novel-foods/approved-products/information-safety-assessment-genetically-altered-soybean.html,canada.ca,Safety assessment of genetically altered soybean,2026-05-09 19:27:47,mixed,domain canada.ca manually labeled as mixed
dairy,neutral,dairy calcium consumptin facts,3,8,https://www.canada.ca/en/health-canada/services/nutrients/calcium.html,canada.ca,Calcium,2026-05-09 19:28:47,mixed,domain canada.ca manually labeled as mixed
eggs,slanted,salmonella egg dangers,2,9,https://www.canada.ca/en/health-canada/services/meat-poultry-fish-seafood-safety/eggs.html,canada.ca,Egg safety,2026-05-09 19:35:34,mixed,domain canada.ca manually labeled as mixed
eggs,slanted,raw egg safety,1,5,https://www.canada.ca/en/health-canada/services/meat-poultry-fish-seafood-safety/eggs.html,canada.ca,Egg safety,2026-05-09 19:36:53,mixed,domain canada.ca manually labeled as mixed
salt,neutral,sodium intake guidelines,3,9,https://www.canada.ca/en/health-canada/services/nutrients/sodium.html,canada.ca,Sodium and your health,2026-05-09 19:43:48,mixed,domain canada.ca manually labeled as mixed
fast_food,slanted,food additive dangers,2,3,https://www.canada.ca/en/health-canada/services/healthy-living/your-health/food-nutrition/safety-food-additives.html,canada.ca,The Safety of Food Additives,2026-05-09 20:03:38,mixed,domain canada.ca manually labeled as mixed
tap_water,slanted,lead in tap water,2,6,https://www.canada.ca/en/health-canada/services/environmental-workplace-health/reports-publications/water-quality/water-talk-minimizing-exposure-lead-drinking-water-distribution-systems.html,canada.ca,Water Talk - Lead in drinking water,2026-05-09 20:10:18,mixed,domain canada.ca manually labeled as mixed
tap_water,neutral,water quality regulations,3,9,https://www.canada.ca/en/health-canada/services/environmental-workplace-health/reports-publications/water-quality/guidelines-canadian-drinking-water-quality-summary-table.html,canada.ca,Guidelines for Canadian Drinking Water Quality,2026-05-09 20:15:25,mixed,domain canada.ca manually labeled as mixed
tap_water,neutral,fluoridated water consumption,3,7,https://www.canada.ca/en/health-canada/services/environmental-workplace-health/reports-publications/water-quality/expert-panel-meeting-effects-fluoride-drinking-summary.html,canada.ca,Expert panel meeting on the health effects of fluoride in ...,2026-05-09 20:17:18,mixed,domain canada.ca manually labeled as mixed
bottled_water,slanted,plastic bottle pollution,3,7,https://www.canada.ca/en/environment-climate-change/campaigns/beat-plastic-pollution-challenge.html,canada.ca,How to reduce plastic waste and pollution in your everyday ...,2026-05-09 20:22:11,mixed,domain canada.ca manually labeled as mixed
bottled_water,slanted,bottled water bacteria,2,2,https://www.canada.ca/en/health-canada/services/healthy-living/your-health/food-nutrition/ysafety-bottled-water.html,canada.ca,The Safety of Bottled Water,2026-05-09 20:23:53,mixed,domain canada.ca manually labeled as mixed
healthcare,neutral,universal healthcare facts,2,7,https://www.canada.ca/en/health-canada/services/canada-health-care-system.html,canada.ca,About Canada's health care system,2026-05-09 21:06:50,mixed,domain canada.ca manually labeled as mixed
cloning,neutral,animal cloning impact,1,10,https://www.canada.ca/en/health-canada/programs/consulation-food-derived-somatic-cell-nuclear-transfer-clones-offspring-policy-update/scientific-opinion.html,canada.ca,Scientific opinion on the impact of somatic cell nuclear ...,2026-05-09 21:12:08,mixed,domain canada.ca manually labeled as mixed
cloning,neutral,reproductive cloning research,3,9,https://www.canada.ca/en/health-canada/services/drugs-health-products/biologics-radiopharmaceuticals-genetic-therapies/legislation-guidelines/assisted-human-reproduction/prohibitions-scientific-research-clinical-applications.html,canada.ca,Prohibitions related to scientific research and clinical ...,2026-05-09 21:14:46,mixed,domain canada.ca manually labeled as mixed
social_credit,slanted,social credit system,1,5,https://www.canada.ca/en/security-intelligence-service/corporate/publications/china-and-the-age-of-strategic-rivalry/big-data-and-the-social-credit-system-the-security-consequences.html,canada.ca,Big data and the social credit system: The security ...,2026-05-09 21:35:06,mixed,domain canada.ca manually labeled as mixed
social_credit,neutral,citizen scoring research,2,1,https://www.canada.ca/en/security-intelligence-service/corporate/publications/china-and-the-age-of-strategic-rivalry/big-data-and-the-social-credit-system-the-security-consequences.html,canada.ca,Big data and the social credit system: The security ...,2026-05-09 21:36:35,mixed,domain canada.ca manually labeled as mixed
vaccines,neutral,vaccine information,1,8,https://www.nhs.uk/vaccinations/,nhs.uk,Vaccinations,2026-05-09 15:39:18,mixed,domain nhs.uk manually labeled as mixed
vaccines,slanted,vaccine dangers,3,6,https://www.nhs.uk/vaccinations/why-vaccination-is-important-and-the-safest-way-to-protect-yourself/,nhs.uk,Why vaccination is important and the safest way to protect ...,2026-05-09 15:41:51,mixed,domain nhs.uk manually labeled as mixed
vaccines,neutral,vaccine facts,2,3,https://www.nhs.uk/vaccinations/,nhs.uk,Vaccinations,2026-05-09 15:43:39,mixed,domain nhs.uk manually labeled as mixed
vaccines,neutral,childhood vaccination benefits,1,4,https://www.nhs.uk/vaccinations/why-vaccination-is-important-and-the-safest-way-to-protect-yourself/,nhs.uk,Why vaccination is important and the safest way to protect ...,2026-05-09 15:44:42,mixed,domain nhs.uk manually labeled as mixed
vaccines,slanted,childhood vaccination risks,3,9,https://www.nhs.uk/vaccinations/6-in-1-vaccine/,nhs.uk,6-in-1 vaccine,2026-05-09 15:47:30,mixed,domain nhs.uk manually labeled as mixed
vaccines,slanted,flu shot side effects,1,5,https://www.nhs.uk/vaccinations/flu-vaccine/,nhs.uk,Flu vaccine,2026-05-09 15:48:39,mixed,domain nhs.uk manually labeled as mixed
vaccines,neutral,hpv vaccine effects,1,5,https://www.nhs.uk/vaccinations/hpv-vaccine/,nhs.uk,HPV vaccine,2026-05-09 15:49:31,mixed,domain nhs.uk manually labeled as mixed
vaccines,slanted,hpv vaccine dangers,1,4,https://www.nhs.uk/vaccinations/hpv-vaccine/,nhs.uk,HPV vaccine,2026-05-09 15:50:36,mixed,domain nhs.uk manually labeled as mixed
fluoridation,neutral,fluoride dental health,2,9,https://www.nhs.uk/live-well/healthy-teeth-and-gums/how-to-keep-your-teeth-clean/,nhs.uk,How to keep your teeth clean,2026-05-09 16:13:49,mixed,domain nhs.uk manually labeled as mixed
artificial_sweeteners,neutral,aspartame safety,2,4,https://www.nhs.uk/live-well/eat-well/food-types/are-sweeteners-safe/,nhs.uk,The truth about sweeteners,2026-05-09 16:39:52,mixed,domain nhs.uk manually labeled as mixed
artificial_sweeteners,slanted,aspartame dangers,2,1,https://www.nhs.uk/live-well/eat-well/food-types/are-sweeteners-safe/,nhs.uk,The truth about sweeteners,2026-05-09 16:42:35,mixed,domain nhs.uk manually labeled as mixed
artificial_sweeteners,slanted,sucralose health risks,1,5,https://www.nhs.uk/live-well/eat-well/food-types/are-sweeteners-safe/,nhs.uk,The truth about sweeteners,2026-05-09 16:44:03,mixed,domain nhs.uk manually labeled as mixed
mercury,neutral,mercury in fish guidelines,1,7,https://www.nhs.uk/live-well/eat-well/food-types/fish-and-shellfish-nutrition/,nhs.uk,Fish and shellfish,2026-05-09 17:10:17,mixed,domain nhs.uk manually labeled as mixed
mercury,slanted,mercury seafood dangers,2,8,https://www.nhs.uk/live-well/eat-well/food-types/fish-and-shellfish-nutrition/,nhs.uk,Fish and shellfish,2026-05-09 17:20:55,mixed,domain nhs.uk manually labeled as mixed
electronic_cigarettes,neutral,vaping smoking cessation,1,1,https://www.nhs.uk/better-health/quit-smoking/ready-to-quit-smoking/vaping-to-quit-smoking/,nhs.uk,Vaping to quit smoking - Better Health,2026-05-09 19:01:40,mixed,domain nhs.uk manually labeled as mixed
electronic_cigarettes,neutral,vaping smoking cessation,3,4,https://www.nhs.uk/live-well/quit-smoking/using-e-cigarettes-to-stop-smoking/,nhs.uk,Using e-cigarettes to stop smoking,2026-05-09 19:02:09,mixed,domain nhs.uk manually labeled as mixed
electronic_cigarettes,slanted,e cigarette lung disease,2,6,https://www.nhs.uk/better-health/quit-smoking/ready-to-quit-smoking/vaping-to-quit-smoking/vaping-myths-and-the-facts/,nhs.uk,Vaping myths and the facts - Better Health,2026-05-09 19:02:51,mixed,domain nhs.uk manually labeled as mixed
electronic_cigarettes,neutral,nicotine replacement impact,1,2,https://www.nhs.uk/better-health/quit-smoking/ready-to-quit-smoking/quit-with-nicotine-replacement-therapies-nrt/,nhs.uk,Quit smoking with nicotine replacement therapies (NRTs),2026-05-09 19:03:18,mixed,domain nhs.uk manually labeled as mixed
electronic_cigarettes,slanted,vaping popcorn lung,1,3,https://www.nhs.uk/better-health/quit-smoking/ready-to-quit-smoking/vaping-to-quit-smoking/vaping-myths-and-the-facts/,nhs.uk,Vaping myths and the facts - Better Health,2026-05-09 19:04:01,mixed,domain nhs.uk manually labeled as mixed
electronic_cigarettes,neutral,juul harm reduction,1,9,https://www.nhs.uk/live-well/quit-smoking/using-e-cigarettes-to-stop-smoking/,nhs.uk,Using e-cigarettes to stop smoking,2026-05-09 19:05:04,mixed,domain nhs.uk manually labeled as mixed
obesity,neutral,weight loss surgery facts,1,4,https://www.nhs.uk/tests-and-treatments/weight-loss-surgery/what-is-weight-loss-surgery/,nhs.uk,What is weight loss surgery?,2026-05-09 19:07:18,mixed,domain nhs.uk manually labeled as mixed
obesity,neutral,weight loss surgery facts,3,4,https://www.nhs.uk/tests-and-treatments/weight-loss-surgery/,nhs.uk,Weight loss surgery,2026-05-09 19:07:43,mixed,domain nhs.uk manually labeled as mixed
obesity,slanted,obesity health risks,1,4,https://www.nhs.uk/conditions/obesity/,nhs.uk,Obesity,2026-05-09 19:07:58,mixed,domain nhs.uk manually labeled as mixed
obesity,neutral,healthy diet research,2,2,https://www.nhs.uk/live-well/eat-well/food-guidelines-and-food-labels/the-eatwell-guide/,nhs.uk,The Eatwell Guide,2026-05-09 19:10:23,mixed,domain nhs.uk manually labeled as mixed
obesity,slanted,processed food dangers,1,2,https://www.nhs.uk/live-well/eat-well/how-to-eat-a-balanced-diet/what-are-processed-foods/,nhs.uk,Processed foods,2026-05-09 19:10:51,mixed,domain nhs.uk manually labeled as mixed
obesity,neutral,exercise impact,1,2,https://www.nhs.uk/live-well/exercise/exercise-health-benefits/,nhs.uk,Benefits of exercise,2026-05-09 19:11:53,mixed,domain nhs.uk manually labeled as mixed
obesity,neutral,exercise impact,3,2,https://www.nhs.uk/live-well/exercise/,nhs.uk,Exercise,2026-05-09 19:12:26,mixed,domain nhs.uk manually labeled as mixed
plant_based_diet,neutral,vegan health impact,1,7,https://www.nhs.uk/live-well/eat-well/how-to-eat-a-balanced-diet/the-vegan-diet/,nhs.uk,The vegan diet,2026-05-09 19:13:33,mixed,domain nhs.uk manually labeled as mixed
plant_based_diet,slanted,plant based nutrient deficiencies,1,6,https://www.nhs.uk/live-well/eat-well/how-to-eat-a-balanced-diet/the-vegan-diet/,nhs.uk,The vegan diet,2026-05-09 19:14:09,mixed,domain nhs.uk manually labeled as mixed
plant_based_diet,neutral,vegetarian protein sources,1,4,https://www.nhs.uk/live-well/eat-well/how-to-eat-a-balanced-diet/the-vegetarian-diet/,nhs.uk,The vegetarian diet,2026-05-09 19:14:59,mixed,domain nhs.uk manually labeled as mixed
dairy,neutral,dairy calcium consumptin facts,1,9,https://www.nhs.uk/live-well/eat-well/food-types/milk-and-dairy-nutrition/,nhs.uk,Dairy and alternatives in your diet,2026-05-09 19:28:29,mixed,domain nhs.uk manually labeled as mixed
dairy,slanted,dairy lactose intolerance,1,2,https://www.nhs.uk/conditions/lactose-intolerance/,nhs.uk,Lactose intolerance,2026-05-09 19:30:34,mixed,domain nhs.uk manually labeled as mixed
sugar,neutral,sugar consumption effects,1,2,https://www.nhs.uk/live-well/eat-well/food-types/how-does-sugar-in-our-diet-affect-our-health/,nhs.uk,Sugar: the facts,2026-05-09 19:37:30,mixed,domain nhs.uk manually labeled as mixed
sugar,slanted,sugar addiction risks,1,3,https://www.nhs.uk/live-well/eat-well/food-types/how-does-sugar-in-our-diet-affect-our-health/,nhs.uk,Sugar: the facts,2026-05-09 19:38:16,mixed,domain nhs.uk manually labeled as mixed
sugar,neutral,added sugar guidelines,1,3,https://www.nhs.uk/live-well/eat-well/food-types/how-does-sugar-in-our-diet-affect-our-health/,nhs.uk,Sugar: the facts,2026-05-09 19:39:03,mixed,domain nhs.uk manually labeled as mixed
salt,neutral,sodium intake guidelines,1,5,https://www.nhs.uk/live-well/eat-well/food-types/salt-in-your-diet/,nhs.uk,Salt in your diet,2026-05-09 19:43:20,mixed,domain nhs.uk manually labeled as mixed
salt,slanted,salt hypertension risk,1,5,https://www.nhs.uk/live-well/eat-well/food-types/salt-in-your-diet/,nhs.uk,Salt in your diet,2026-05-09 19:44:00,mixed,domain nhs.uk manually labeled as mixed
alcohol,neutral,moderate alcohol consumption health impact,1,10,https://www.nhs.uk/live-well/alcohol-advice/the-risks-of-drinking-too-much/,nhs.uk,The risks of drinking too much,2026-05-09 19:54:58,mixed,domain nhs.uk manually labeled as mixed
alcohol,slanted,alcohol liver disease risk,1,1,https://www.nhs.uk/conditions/alcohol-related-liver-disease-arld/,nhs.uk,Alcohol-related liver disease,2026-05-09 19:55:27,mixed,domain nhs.uk manually labeled as mixed
alcohol,slanted,alcohol liver disease risk,3,6,https://www.nhs.uk/conditions/alcohol-related-liver-disease-arld/causes/,nhs.uk,Alcohol-related liver disease - Causes,2026-05-09 19:56:10,mixed,domain nhs.uk manually labeled as mixed
alcohol,slanted,binge drinking dangers,2,3,https://www.nhs.uk/live-well/alcohol-advice/the-risks-of-drinking-too-much/,nhs.uk,The risks of drinking too much,2026-05-09 19:57:39,mixed,domain nhs.uk manually labeled as mixed
vaccines,neutral,flu shot effectiveness,3,6,https://www.gov.uk/government/news/flu-vaccine-providing-important-protection-despite-new-subclade,gov.uk,Flu vaccine providing important protection despite new ...,2026-05-09 15:48:21,mixed,domain gov.uk manually labeled as mixed
vaccines,neutral,hpv vaccine effects,3,3,https://www.gov.uk/government/publications/hpv-vaccination-and-cervical-cancer-addressing-the-myths/hpv-vaccination-and-cervical-cancer-information,gov.uk,HPV vaccination and cervical cancer information,2026-05-09 15:49:51,mixed,domain gov.uk manually labeled as mixed
vaccines,slanted,hpv vaccine dangers,3,3,https://www.gov.uk/government/publications/hpv-vaccination-and-cervical-cancer-addressing-the-myths/hpv-vaccination-and-cervical-cancer-information,gov.uk,HPV vaccination and cervical cancer information,2026-05-09 15:51:14,mixed,domain gov.uk manually labeled as mixed
vaccine_passports,neutral,covid passport research,2,1,https://www.gov.uk/guidance/monitoring-reports-of-the-effectiveness-of-covid-19-vaccination,gov.uk,Monitoring reports of the effectiveness of COVID-19 ...,2026-05-09 15:53:12,mixed,domain gov.uk manually labeled as mixed
vaccine_passports,neutral,travel health certificate effectiveness,1,7,https://www.gov.uk/taking-your-pet-abroad/getting-an-animal-health-certificate,gov.uk,"Taking your pet dog, cat or ferret abroad: Getting an animal ...",2026-05-09 15:54:27,mixed,domain gov.uk manually labeled as mixed
covid19,neutral,COVID-19 vaccine efficacy,1,8,https://www.gov.uk/guidance/monitoring-reports-of-the-effectiveness-of-covid-19-vaccination,gov.uk,Monitoring reports of the effectiveness of COVID-19 ...,2026-05-09 15:57:05,mixed,domain gov.uk manually labeled as mixed
covid19,slanted,COVID-19 vaccine side effects,3,1,https://www.gov.uk/government/publications/coronavirus-covid-19-vaccine-adverse-reactions/coronavirus-vaccine-summary-of-yellow-card-reporting,gov.uk,Coronavirus vaccine - summary of Yellow Card reporting,2026-05-09 15:58:06,mixed,domain gov.uk manually labeled as mixed
covid19,neutral,face masks effectiveness,2,10,https://www.gov.uk/government/publications/covid-19-effectiveness-of-n95-masks-in-community-settings,gov.uk,COVID-19: the effectiveness of face coverings to reduce ...,2026-05-09 16:00:03,mixed,domain gov.uk manually labeled as mixed
covid19,neutral,lockdown effectiveness,2,7,https://www.gov.uk/government/publications/pandemic-preparedness-strategy-building-our-capabilities/uk-government-approach-to-implementing-the-strategy-england-only,gov.uk,UK government approach to implementing the strategy ...,2026-05-09 16:01:25,mixed,domain gov.uk manually labeled as mixed
fluoridation,slanted,water fluoridation dangers,2,10,https://www.gov.uk/government/publications/health-and-care-bill-factsheets/health-and-care-bill-water-fluoridation,gov.uk,Health and Care Bill: water fluoridation,2026-05-09 16:13:04,mixed,domain gov.uk manually labeled as mixed
fluoridation,neutral,fluoride dental health,2,5,https://www.gov.uk/government/publications/delivering-better-oral-health-an-evidence-based-toolkit-for-prevention/chapter-9-fluoride,gov.uk,Chapter 9: fluoride,2026-05-09 16:13:47,mixed,domain gov.uk manually labeled as mixed
5g,neutral,5g technology health,1,5,https://www.gov.uk/government/publications/5g-technologies-radio-waves-and-health/5g-technologies-radio-waves-and-health,gov.uk,5G technologies: radio waves and health,2026-05-09 16:17:07,mixed,domain gov.uk manually labeled as mixed
5g,slanted,5g radiation risks,2,4,https://www.gov.uk/government/publications/5g-technologies-radio-waves-and-health/5g-technologies-radio-waves-and-health,gov.uk,5G technologies: radio waves and health,2026-05-09 16:17:58,mixed,domain gov.uk manually labeled as mixed
5g,slanted,5g radiation risks,3,2,https://www.gov.uk/government/publications/5g-technologies-radio-waves-and-health/5g-technologies-radio-waves-and-health,gov.uk,5G technologies: radio waves and health,2026-05-09 16:18:06,mixed,domain gov.uk manually labeled as mixed
5g,neutral,5g safety research,2,7,https://www.gov.uk/government/publications/5g-technologies-radio-waves-and-health/5g-technologies-radio-waves-and-health,gov.uk,5G technologies: radio waves and health,2026-05-09 16:18:41,mixed,domain gov.uk manually labeled as mixed
5g,slanted,5g dangers,2,2,https://www.gov.uk/government/publications/5g-technologies-radio-waves-and-health/5g-technologies-radio-waves-and-health,gov.uk,5G technologies: radio waves and health,2026-05-09 16:19:27,mixed,domain gov.uk manually labeled as mixed
5g,neutral,5g health studies,1,7,https://www.gov.uk/government/publications/5g-technologies-radio-waves-and-health/5g-technologies-radio-waves-and-health,gov.uk,5G technologies: radio waves and health,2026-05-09 16:20:03,mixed,domain gov.uk manually labeled as mixed
electromagnetic_fields,slanted,emf health risks,3,3,https://www.gov.uk/government/publications/electric-and-magnetic-fields-health-effects-of-exposure/electric-and-magnetic-fields-assessment-of-health-risks,gov.uk,Electric and magnetic fields: health effects of exposure,2026-05-09 16:51:45,mixed,domain gov.uk manually labeled as mixed
electromagnetic_fields,neutral,power lines health,3,2,https://www.gov.uk/government/publications/electric-and-magnetic-fields-reducing-exposure/electric-and-magnetic-fields-reducing-exposure,gov.uk,Electric and magnetic fields: reducing exposure,2026-05-09 16:52:44,mixed,domain gov.uk manually labeled as mixed
electromagnetic_fields,slanted,power lines cancer,3,9,https://www.gov.uk/government/publications/electric-and-magnetic-fields-health-effects-of-exposure/electric-and-magnetic-fields-assessment-of-health-risks,gov.uk,Electric and magnetic fields: health effects of exposure,2026-05-09 16:53:31,mixed,domain gov.uk manually labeled as mixed
electromagnetic_fields,neutral,wi-fi health effects,1,2,https://www.gov.uk/government/publications/wireless-networks-wi-fi-radio-waves-and-health/wi-fi-radio-waves-and-health,gov.uk,Wi-Fi radio waves and health,2026-05-09 16:55:33,mixed,domain gov.uk manually labeled as mixed
electromagnetic_fields,slanted,wi-fi radiation dangers,2,3,https://www.gov.uk/government/publications/wireless-networks-wi-fi-radio-waves-and-health/wi-fi-radio-waves-and-health,gov.uk,Wi-Fi radio waves and health,2026-05-09 16:56:46,mixed,domain gov.uk manually labeled as mixed
wind_energy,slanted,wind turbine noise complaints,2,4,https://www.gov.uk/government/consultations/assessment-and-rating-of-wind-turbine-noise-guidance-proposed-updates/updated-guidance-for-the-assessment-and-rating-of-wind-turbine-noise-consultation-document-accessible-webpage,gov.uk,Updated guidance for the assessment and rating of wind ...,2026-05-09 17:46:13,mixed,domain gov.uk manually labeled as mixed
artificial_intelligence,neutral,ai safety research,3,1,https://www.gov.uk/government/organisations/ai-safety-institute,gov.uk,AI Safety Institute,2026-05-09 17:51:10,mixed,domain gov.uk manually labeled as mixed
lab_grown_meat,slanted,lab meat health risks,3,2,https://www.gov.uk/government/publications/cell-cultivated-and-precision-fermented-products/cell-cultivated-and-precision-fermented-products,gov.uk,Cell-cultivated and precision-fermented products,2026-05-09 18:22:23,mixed,domain gov.uk manually labeled as mixed
lab_grown_meat,neutral,cellular agriculture research,3,1,https://www.gov.uk/government/publications/cell-cultivated-and-precision-fermented-products/cell-cultivated-and-precision-fermented-products,gov.uk,Cell-cultivated and precision-fermented products,2026-05-09 18:23:11,mixed,domain gov.uk manually labeled as mixed
fast_food,neutral,food safety regulations,3,7,https://www.gov.uk/food-safety-your-responsibilities,gov.uk,Food safety - your responsibilities,2026-05-09 20:00:14,mixed,domain gov.uk manually labeled as mixed
fast_food,neutral,restaurant calorie labeling,2,10,https://www.gov.uk/government/news/new-calorie-labelling-rules-come-into-force-to-improve-nations-health,gov.uk,New calorie labelling rules come into force to improve ...,2026-05-09 20:02:52,mixed,domain gov.uk manually labeled as mixed
tap_water,neutral,tap water safety,3,6,https://www.gov.uk/check-drinking-water-quality,gov.uk,Check the quality of your drinking water,2026-05-09 20:09:32,mixed,domain gov.uk manually labeled as mixed
tap_water,slanted,chlorine water dangers,1,7,https://www.gov.uk/government/publications/chlorine-properties-incdent-management-and-toxicology/chlorine-toxicological-overview,gov.uk,Chlorine: toxicological overview,2026-05-09 20:15:50,mixed,domain gov.uk manually labeled as mixed
education,neutral,public school data,3,2,https://www.gov.uk/school-performance-tables,gov.uk,Compare the performance of schools and colleges in ...,2026-05-09 20:58:04,mixed,domain gov.uk manually labeled as mixed
cybersecurity,slanted,ransomware attacks,3,4,https://www.gov.uk/government/publications/the-experiences-and-impact-of-ransomware-attacks-on-victims/the-experiences-and-impacts-of-ransomware-attacks-on-individuals-and-organisations,gov.uk,The experiences and impacts of ransomware attacks on ...,2026-05-09 21:33:54,mixed,domain gov.uk manually labeled as mixed
social_credit,neutral,digital identity impact,1,8,https://www.gov.uk/government/publications/digital-identity-sectoral-analysis-report-2025/digital-identity-sectoral-analysis-2025,gov.uk,Digital Identity Sectoral Analysis 2025,2026-05-09 21:34:15,mixed,domain gov.uk manually labeled as mixed
immigration,neutral,immigration data,3,9,https://www.gov.uk/government/publications/migrants-detected-crossing-the-english-channel-in-small-boats/migrants-detected-crossing-the-english-channel-in-small-boats-last-7-days,gov.uk,Small boat arrivals: last 7 days,2026-05-09 21:56:59,mixed,domain gov.uk manually labeled as mixed
Job_security,neutral,unemployment projection related to Ai data,2,2,https://www.gov.uk/government/publications/ai-skills-for-life-and-work-labour-market-and-skills-projections/ai-skills-for-life-and-work-labour-market-and-skills-projections,gov.uk,AI Skills for Life and Work: Labour market and ...,2026-05-09 22:01:41,mixed,domain gov.uk manually labeled as mixed
fluoridation,slanted,water fluoridation dangers,1,3,https://www.medicalnewstoday.com/articles/154164,medicalnewstoday.com,"Fluoride: Risks, uses, and side effects",2026-05-09 16:12:40,mixed,domain medicalnewstoday.com manually labeled as mixed
fluoridation,neutral,fluoride dental health,3,1,https://www.medicalnewstoday.com/articles/154164,medicalnewstoday.com,"Fluoride: Risks, uses, and side effects",2026-05-09 16:13:55,mixed,domain medicalnewstoday.com manually labeled as mixed
fluoridation,slanted,fluoride toxicity,3,7,https://www.medicalnewstoday.com/articles/154164,medicalnewstoday.com,"Fluoride: Risks, uses, and side effects",2026-05-09 16:15:20,mixed,domain medicalnewstoday.com manually labeled as mixed
artificial_sweeteners,neutral,aspartame safety,1,8,https://www.medicalnewstoday.com/articles/322266,medicalnewstoday.com,"Aspartame safety, risks, and side effects",2026-05-09 16:39:44,mixed,domain medicalnewstoday.com manually labeled as mixed
artificial_sweeteners,slanted,aspartame dangers,1,3,https://www.medicalnewstoday.com/articles/322266,medicalnewstoday.com,"Aspartame safety, risks, and side effects",2026-05-09 16:41:49,mixed,domain medicalnewstoday.com manually labeled as mixed
artificial_sweeteners,neutral,stevia information,2,8,https://www.medicalnewstoday.com/articles/287251,medicalnewstoday.com,"Stevia: Health benefits, facts, and safety",2026-05-09 16:46:53,mixed,domain medicalnewstoday.com manually labeled as mixed
artificial_sweeteners,slanted,stevia side effects,1,3,https://www.medicalnewstoday.com/articles/319837,medicalnewstoday.com,"Stevia: Side effects, who should avoid it, and use during ...",2026-05-09 16:48:16,mixed,domain medicalnewstoday.com manually labeled as mixed
artificial_sweeteners,slanted,diet soda cancer risk,3,7,https://www.medicalnewstoday.com/articles/a-chemical-found-in-common-artificial-sweetener-may-cause-dna-damage-cancer,medicalnewstoday.com,"Common artificial sweetener may cause DNA damage, ...",2026-05-09 16:50:23,mixed,domain medicalnewstoday.com manually labeled as mixed
electromagnetic_fields,slanted,emf health risks,3,8,https://www.medicalnewstoday.com/articles/emf,medicalnewstoday.com,"EMFs: What they are, effects on health, and more",2026-05-09 16:51:46,mixed,domain medicalnewstoday.com manually labeled as mixed
essential_oils,slanted,essential oils toxicity,1,8,https://www.medicalnewstoday.com/articles/can-you-eat-essential-oils,medicalnewstoday.com,"Can people eat essential oils? Safety, risks, and how to ...",2026-05-09 16:59:00,mixed,domain medicalnewstoday.com manually labeled as mixed
essential_oils,neutral,lavender oil research,2,3,https://www.medicalnewstoday.com/articles/265922,medicalnewstoday.com,Lavender: Health benefits and uses,2026-05-09 17:02:07,mixed,domain medicalnewstoday.com manually labeled as mixed
essential_oils,slanted,lavender oil hormone disruption,1,8,https://www.medicalnewstoday.com/articles/321262,medicalnewstoday.com,Essential oils may disrupt normal hormonal activity,2026-05-09 17:02:44,mixed,domain medicalnewstoday.com manually labeled as mixed
aluminum,slanted,aluminum alzheimers link,2,2,https://www.medicalnewstoday.com/articles/does-aluminum-cause-alzheimers,medicalnewstoday.com,Alzheimer's disease and aluminum: Is there a connection?,2026-05-09 17:06:05,mixed,domain medicalnewstoday.com manually labeled as mixed
aluminum,slanted,aluminum breast cancer,3,4,https://www.medicalnewstoday.com/articles/does-deodorant-cause-cancer,medicalnewstoday.com,Does deodorant cause cancer? Aluminum info and more,2026-05-09 17:07:44,mixed,domain medicalnewstoday.com manually labeled as mixed
social_media,slanted,social media depression link,2,2,https://www.medicalnewstoday.com/articles/social-media-and-depression,medicalnewstoday.com,Is there a link between social media and depression?,2026-05-09 18:51:26,mixed,domain medicalnewstoday.com manually labeled as mixed
electronic_cigarettes,neutral,vaping smoking cessation,2,2,https://www.medicalnewstoday.com/articles/what-happens-when-you-quit-smoking-and-start-vaping,medicalnewstoday.com,What happens when you quit smoking and start vaping?,2026-05-09 19:01:58,mixed,domain medicalnewstoday.com manually labeled as mixed
obesity,neutral,healthy diet research,3,9,https://www.medicalnewstoday.com/articles/322268,medicalnewstoday.com,"Benefits of eating healthy: Heart health, better mood, and ...",2026-05-09 19:10:34,mixed,domain medicalnewstoday.com manually labeled as mixed
obesity,slanted,processed food dangers,1,4,https://www.medicalnewstoday.com/articles/318630,medicalnewstoday.com,Processed foods: Health risks and what to avoid,2026-05-09 19:10:53,mixed,domain medicalnewstoday.com manually labeled as mixed
soy,slanted,soy estrogen effects,3,6,https://www.medicalnewstoday.com/articles/foods-high-in-estrogen,medicalnewstoday.com,"Foods high in estrogen: Benefits, examples, and side effects",2026-05-09 19:25:10,mixed,domain medicalnewstoday.com manually labeled as mixed
soy,slanted,gmo soy dangers,3,8,https://www.medicalnewstoday.com/articles/324576,medicalnewstoday.com,Pros and cons of GMO foods: Health and environment,2026-05-09 19:28:08,mixed,domain medicalnewstoday.com manually labeled as mixed
sugar,slanted,sugar addiction risks,2,1,https://www.medicalnewstoday.com/articles/326575,medicalnewstoday.com,Sugar detox symptoms: Withdrawal and treatments,2026-05-09 19:38:33,mixed,domain medicalnewstoday.com manually labeled as mixed
sugar,slanted,high fructose corn syrup dangers,3,10,https://www.medicalnewstoday.com/articles/325315,medicalnewstoday.com,High fructose corn syrup foods: Which to avoid and why,2026-05-09 19:40:22,mixed,domain medicalnewstoday.com manually labeled as mixed
sugar,slanted,artificial sweeteners cancer,3,1,https://www.medicalnewstoday.com/articles/a-chemical-found-in-common-artificial-sweetener-may-cause-dna-damage-cancer,medicalnewstoday.com,"Common artificial sweetener may cause DNA damage, ...",2026-05-09 19:42:42,mixed,domain medicalnewstoday.com manually labeled as mixed
caffeine,slanted,caffeine anxiety risks,2,10,https://www.medicalnewstoday.com/articles/anxiety-and-caffeine,medicalnewstoday.com,Does caffeine cause anxiety?,2026-05-09 19:49:49,mixed,domain medicalnewstoday.com manually labeled as mixed
alcohol,neutral,moderate alcohol consumption health impact,2,8,https://www.medicalnewstoday.com/articles/even-a-little-alcohol-here-and-there-damages-brain-health,medicalnewstoday.com,Brain health: Even a little alcohol impairs brain blood flow,2026-05-09 19:55:06,mixed,domain medicalnewstoday.com manually labeled as mixed
alcohol,slanted,alcohol liver disease risk,3,7,https://www.medicalnewstoday.com/articles/215638,medicalnewstoday.com,"Alcohol-related liver disease: Stages, symptoms, and ...",2026-05-09 19:56:10,mixed,domain medicalnewstoday.com manually labeled as mixed
alcohol,neutral,beer nutrition research,2,7,https://www.medicalnewstoday.com/articles/is-beer-healthy,medicalnewstoday.com,Is beer healthy? How much should people drink?,2026-05-09 19:58:20,mixed,domain medicalnewstoday.com manually labeled as mixed
fast_food,slanted,fast food obesity,1,4,https://www.medicalnewstoday.com/articles/324847,medicalnewstoday.com,"Fast food effects: Short-term, long-term, and how to eat less",2026-05-09 20:01:31,mixed,domain medicalnewstoday.com manually labeled as mixed
bottled_water,neutral,spring water consumption health impact,3,5,https://www.medicalnewstoday.com/articles/324910,medicalnewstoday.com,Is mineral water good for you? Benefits and risks,2026-05-09 20:23:10,mixed,domain medicalnewstoday.com manually labeled as mixed
bottled_water,neutral,mineral water research,2,9,https://www.medicalnewstoday.com/articles/324910,medicalnewstoday.com,Is mineral water good for you? Benefits and risks,2026-05-09 20:26:10,mixed,domain medicalnewstoday.com manually labeled as mixed
artificial_intelligence,neutral,ai safety research,2,8,https://www.ibm.com/think/topics/ai-safety,ibm.com,What Is AI Safety?,2026-05-09 17:50:59,mixed,domain ibm.com manually labeled as mixed
artificial_intelligence,neutral,ai alignment effects,1,2,https://www.ibm.com/think/topics/ai-alignment,ibm.com,What Is AI Alignment?,2026-05-09 17:52:25,mixed,domain ibm.com manually labeled as mixed
artificial_intelligence,slanted,ai uncontrolled intelligence,2,1,https://www.ibm.com/think/insights/ai-privacy,ibm.com,Exploring privacy issues in the age of AI,2026-05-09 17:53:35,mixed,domain ibm.com manually labeled as mixed
artificial_intelligence,slanted,ai bias dangers,1,1,https://www.ibm.com/think/insights/10-ai-dangers-and-risks-and-how-to-manage-them,ibm.com,10 AI dangers and risks and how to manage them,2026-05-09 17:55:33,mixed,domain ibm.com manually labeled as mixed
quantum_computing,neutral,quantum computing cryptography,1,2,https://www.ibm.com/think/topics/quantum-cryptography,ibm.com,What Is Quantum Cryptography?,2026-05-09 18:14:02,mixed,domain ibm.com manually labeled as mixed
quantum_computing,slanted,quantum computer security risks,3,4,https://www.ibm.com/quantum/quantum-safe,ibm.com,Quantum Safe,2026-05-09 18:15:57,mixed,domain ibm.com manually labeled as mixed
quantum_computing,neutral,quantum supremacy research,3,4,https://www.ibm.com/quantum/blog/on-quantum-supremacy,ibm.com,On “quantum supremacy” | IBM Quantum Computing Blog,2026-05-09 18:17:02,mixed,domain ibm.com manually labeled as mixed
cryptocurrency,neutral,bitcoin blockchain security,1,1,https://www.ibm.com/think/topics/blockchain-security,ibm.com,What Is Blockchain Security? | IBM,2026-05-09 18:39:13,mixed,domain ibm.com manually labeled as mixed
blockchain,neutral,blockchain supply chain ,1,1,https://www.ibm.com/think/topics/blockchain-for-supply-chain,ibm.com,Blockchain for Supply Chain,2026-05-09 18:45:44,mixed,domain ibm.com manually labeled as mixed
blockchain,neutral,smart contracts security,3,1,https://www.ibm.com/think/topics/smart-contracts,ibm.com,What Are Smart Contracts on Blockchain?,2026-05-09 18:48:02,mixed,domain ibm.com manually labeled as mixed
blockchain,slanted,blockchain vulnerabilities,1,8,https://www.ibm.com/think/topics/blockchain-security,ibm.com,What Is Blockchain Security? | IBM,2026-05-09 18:48:28,mixed,domain ibm.com manually labeled as mixed
online_privacy,slanted,data collection privacy risks,1,6,https://www.ibm.com/think/insights/ai-privacy,ibm.com,Exploring privacy issues in the age of AI,2026-05-09 18:58:10,mixed,domain ibm.com manually labeled as mixed
online_privacy,neutral,encryption security research,2,5,https://www.ibm.com/think/topics/encryption,ibm.com,What is encryption?,2026-05-09 18:59:04,mixed,domain ibm.com manually labeled as mixed
cybersecurity,neutral,encryption security,1,7,https://www.ibm.com/think/topics/encryption,ibm.com,What is encryption?,2026-05-09 21:28:15,mixed,domain ibm.com manually labeled as mixed
cybersecurity,neutral,cyber threat intelligence,2,10,https://www.ibm.com/think/topics/threat-intelligence,ibm.com,What is Threat Intelligence? | IBM,2026-05-09 21:30:26,mixed,domain ibm.com manually labeled as mixed
cybersecurity,slanted,hacking vulnerabilities,2,8,https://www.ibm.com/think/topics/vulnerability-scanning,ibm.com,What is Vulnerability Scanning?,2026-05-09 21:31:33,mixed,domain ibm.com manually labeled as mixed
cybersecurity,neutral,data breach prevention,1,6,https://www.ibm.com/think/topics/attack-surface-management-for-data-breach-prevention,ibm.com,Data breach prevention: 5 ways attack surface ...,2026-05-09 21:32:19,mixed,domain ibm.com manually labeled as mixed
cybersecurity,slanted,ransomware attacks,1,4,https://www.ibm.com/think/topics/ransomware,ibm.com,What Is Ransomware? | IBM,2026-05-09 21:33:17,mixed,domain ibm.com manually labeled as mixed
social_credit,neutral,digital identity impact,3,4,https://www.ibm.com/think/insights/can-government-digital-id-win-public-trust,ibm.com,Can government digital ID ever win public trust?,2026-05-09 21:34:42,mixed,domain ibm.com manually labeled as mixed
social_credit,slanted,privacy concerns,1,4,https://www.ibm.com/think/insights/ai-privacy,ibm.com,Exploring privacy issues in the age of AI,2026-05-09 21:39:13,mixed,domain ibm.com manually labeled as mixed
quantum_computing,neutral,quantum encryption research,1,7,https://www.ibm.com/think/topics/quantum-cryptography,ibm.com,What Is Quantum Cryptography?,2026-05-09 21:40:13,mixed,domain ibm.com manually labeled as mixed
quantum_computing,slanted,quantum computer hacking,1,8,https://www.ibm.com/think/topics/quantum-cryptography,ibm.com,What Is Quantum Cryptography?,2026-05-09 21:46:30,mixed,domain ibm.com manually labeled as mixed
quantum_computing,slanted,quantum supremacy,3,6,https://www.ibm.com/quantum/blog/on-quantum-supremacy,ibm.com,On “quantum supremacy” | IBM Quantum Computing Blog,2026-05-09 21:48:47,mixed,domain ibm.com manually labeled as mixed
vaccines,neutral,flu shot effectiveness,3,5,https://www.goodrx.com/conditions/flu-vaccination/flu-shot-effectiveness-does-it-work?srsltid=AfmBOor_uqxTHjZY_0lX-0Dkxt6tOAIcKAQf4q0kb5W2lmp_Tz33rzGb,goodrx.com,Does the Flu Shot Work?,2026-05-09 15:48:21,mixed,domain goodrx.com manually labeled as mixed
vaccines,slanted,flu shot side effects,2,2,https://www.goodrx.com/fluzone-quadrivalent/fluzone-quadrivalent-side-effects?srsltid=AfmBOop733jshjn4vNlVuf8KPNsOlp8Pz8XywnfTMINvujHzhPoxh1Cf,goodrx.com,Common and Rare Side Effects of the Flu Vaccine,2026-05-09 15:48:53,mixed,domain goodrx.com manually labeled as mixed
artificial_sweeteners,neutral,stevia information,2,5,https://www.goodrx.com/well-being/diet-nutrition/stevia-bad-for-you?srsltid=AfmBOoreZOPWf0I6Op4rLqSIJc2sUrVCSodQG2dfdGS4WZWUFwrDLHFd,goodrx.com,Is Stevia Bad for You? How It Compares to Other Sweeteners,2026-05-09 16:46:50,mixed,domain goodrx.com manually labeled as mixed
artificial_sweeteners,slanted,stevia side effects,1,9,https://www.goodrx.com/well-being/diet-nutrition/stevia-bad-for-you?srsltid=AfmBOooYI5IIFKE_-LVF_p-Q83YrcScD_3_DUGDwoxtdOR14FgMFryLT,goodrx.com,Is Stevia Better or Worse for You Than Other Sweeteners?,2026-05-09 16:48:21,mixed,domain goodrx.com manually labeled as mixed
aluminum,neutral,aluminum cookware safety,3,9,https://www.goodrx.com/health-topic/environmental/dangerous-cookware-to-avoid?srsltid=AfmBOorwThWCSslcmNRNVyOSdE0aduc0JlCGWnVsKTl0gvws4ZiEAXD2,goodrx.com,Dangerous Cookware to Avoid and Safe Alternatives to Use,2026-05-09 17:05:41,mixed,domain goodrx.com manually labeled as mixed
aluminum,neutral,aluminum antiperspirants cancer research,3,2,https://www.goodrx.com/well-being/alternative-treatments/the-benefits-of-moving-to-aluminum-free-more-natural-deodorants-and-perspirants?srsltid=AfmBOoqkPJgCjoQay7RHR4pByxJMPpC3pDeC328KND3NlnjagiVm4ebh,goodrx.com,Is Aluminum in Deodorant Bad for You?,2026-05-09 17:06:54,mixed,domain goodrx.com manually labeled as mixed
electronic_cigarettes,neutral,vaping smoking cessation,3,3,https://www.goodrx.com/conditions/smoking-cessation/vape-vs-cigarettes-is-vaping-a-good-way-to-quit-smoking?srsltid=AfmBOoqtI_ti4pL9vXRrddD7vbI5tT26-Ob7FemL-oOGi9lKSE6dKx3k,goodrx.com,Is Vaping Better Than Smoking?,2026-05-09 19:02:08,mixed,domain goodrx.com manually labeled as mixed
electronic_cigarettes,neutral,nicotine replacement impact,2,3,https://www.goodrx.com/health-topic/nicotine/nicotine-patch-side-effects?srsltid=AfmBOoocPtkOXlAS1h9Dxln22H2vU4qe6N54M8S3THNyga9CXfYvcWbJ,goodrx.com,8 Nicotine Patch Side Effects and How to Manage Them,2026-05-09 19:03:36,mixed,domain goodrx.com manually labeled as mixed
plant_based_diet,slanted,soy estrogen concerns,1,8,https://www.goodrx.com/well-being/diet-nutrition/debunked-myths-about-soy?srsltid=AfmBOorm1v2ylVwkhQYYDhufwlNdSzcJEGvrvl5SuILRf17cqDU4_lJ3,goodrx.com,"Is Soy Bad for You? No, Here's the Research",2026-05-09 19:16:10,mixed,domain goodrx.com manually labeled as mixed
raw_milk,slanted,raw milk bacteria dangers,3,9,https://www.goodrx.com/well-being/diet-nutrition/raw-milk-safety?srsltid=AfmBOooPHc-EL8A88MBqnjDV2qZkDTwS6-jieqVoBOQdxJTJMlTIZlba,goodrx.com,"Is Drinking Raw Milk Safe? It's Risky, Here's Why",2026-05-09 19:19:50,mixed,domain goodrx.com manually labeled as mixed
raw_milk,slanted,raw milk food poisoning,3,4,https://www.goodrx.com/well-being/diet-nutrition/raw-milk-safety?srsltid=AfmBOoo5d5_ccZa3APC7WGZhbmf5UIefxsOoXRJXo8L4LLoP-X-b28I6,goodrx.com,"Is Drinking Raw Milk Safe? It's Risky, Here's Why",2026-05-09 19:21:18,mixed,domain goodrx.com manually labeled as mixed
soy,neutral,soy health effects,2,10,https://www.goodrx.com/well-being/diet-nutrition/debunked-myths-about-soy?srsltid=AfmBOopPbj5z9YR7t-HoJFb-cFKIZTmIkL67JnCsYqbZRunH1D1OBhAA,goodrx.com,"Is Soy Bad for You? No, Here's the Research",2026-05-09 19:22:12,mixed,domain goodrx.com manually labeled as mixed
soy,slanted,soy estrogen effects,1,5,https://www.goodrx.com/well-being/diet-nutrition/debunked-myths-about-soy?srsltid=AfmBOoq6QYyUssR2nhvFcFz8YajPF3FiNko6exLGHqwon9VrD_aa5DpA,goodrx.com,"Is Soy Bad for You? No, Here's the Research",2026-05-09 19:24:49,mixed,domain goodrx.com manually labeled as mixed
soy,neutral,tofu nutrition research,2,9,https://www.goodrx.com/well-being/diet-nutrition/debunked-myths-about-soy?srsltid=AfmBOoqNwiYPfanMJIcIWPN83k74lnpMZ287_BfvSccx5kFV0O_r0o5h,goodrx.com,"Is Soy Bad for You? No, Here's the Research",2026-05-09 19:25:44,mixed,domain goodrx.com manually labeled as mixed
soy,neutral,soy protein safety,3,8,https://www.goodrx.com/well-being/diet-nutrition/debunked-myths-about-soy?srsltid=AfmBOoqF0yGct-Z3JXK_Bqc5MKk5F6xAIW-1ca_Ux-nAzPr2uOkL3WZx,goodrx.com,"Is Soy Bad for You? No, Here's the Research",2026-05-09 19:27:23,mixed,domain goodrx.com manually labeled as mixed
dairy,slanted,raw dairy risks,3,7,https://www.goodrx.com/well-being/diet-nutrition/raw-milk-safety?srsltid=AfmBOoorvqQII1Yzs49He1Hx6BqozZqKHHDpeGb8WP_Y4MquN8AYSSiT,goodrx.com,"Is Drinking Raw Milk Safe? It's Risky, Here's Why",2026-05-09 19:32:34,mixed,domain goodrx.com manually labeled as mixed
sugar,slanted,sugar addiction risks,3,8,https://www.goodrx.com/well-being/behavioral-addiction/how-to-break-sugar-addiction?srsltid=AfmBOop4wKIRe2cf6W5zf35KxZpfkCZ9529RIMADuFTZ8i7I59I5wWFa,goodrx.com,Am I Addicted to Sugar? How to Break a Sugar Addiction,2026-05-09 19:38:45,mixed,domain goodrx.com manually labeled as mixed
sugar,neutral,natural sugar vs processed,1,3,https://www.goodrx.com/well-being/diet-nutrition/natural-vs-refined-sugar?srsltid=AfmBOorrxz36OqclqIN7eOdblhM_cw4Zs3jc7c-R71YULXXMtcwmeHLR,goodrx.com,Natural Sugar vs. Refined Sugar: How Are They Different?,2026-05-09 19:40:49,mixed,domain goodrx.com manually labeled as mixed
sugar,slanted,artificial sweeteners cancer,3,8,https://www.goodrx.com/well-being/diet-nutrition/artificial-sweeteners-saccharin-aspartame-and-cancer?srsltid=AfmBOopVcC8tKL4TD2I5LR2PY8Jxgs2xCSUgdwXRxqy0Zrafi-taVvtb,goodrx.com,Health Debunked: The Truth About Aspartame and Cancer,2026-05-09 19:42:46,mixed,domain goodrx.com manually labeled as mixed
caffeine,slanted,energy drink dangers,3,1,https://www.goodrx.com/well-being/diet-nutrition/energy-drinks?srsltid=AfmBOoqt5OqGjtRPOduplM23zNalLkVnP3H6fseXbnxkrui96Q_-pnel,goodrx.com,Are Energy Drinks Safe? 5 Risks to Remember,2026-05-09 19:52:53,mixed,domain goodrx.com manually labeled as mixed
caffeine,slanted,caffeine addiction,2,4,https://www.goodrx.com/conditions/substance-use-disorder/do-i-have-a-caffeine-addiction?srsltid=AfmBOoo7qOyv9dybtTQDSREgQKXaObfU8T4SuIPaQokP721VcFFty2-k,goodrx.com,Is Caffeine Addiction Real?,2026-05-09 19:54:22,mixed,domain goodrx.com manually labeled as mixed
fast_food,slanted,food additive dangers,3,3,https://www.goodrx.com/well-being/diet-nutrition/food-additives-to-avoid?srsltid=AfmBOorlX6VorJYJeTCCjE9h9NfzeXwnWAaYJbFOLjrM7--XEuRFq7BD,goodrx.com,5 Harmful Food Additives to Avoid,2026-05-09 20:03:46,mixed,domain goodrx.com manually labeled as mixed
artificial_intelligence,neutral,ai safety research,1,4,https://arxiv.org/html/2505.02313v1,arxiv.org,What Is AI Safety? What Do We Want It to Be?,2026-05-09 17:50:44,mixed,domain arxiv.org manually labeled as mixed
artificial_intelligence,slanted,ai existential risk,2,6,https://arxiv.org/abs/2511.19115,arxiv.org,[2511.19115] AI Consciousness and Existential Risk,2026-05-09 17:51:53,mixed,domain arxiv.org manually labeled as mixed
artificial_intelligence,neutral,ai alignment effects,2,6,https://arxiv.org/html/2410.01957v2,arxiv.org,Challenges and Future Directions of Data-Centric AI ...,2026-05-09 17:52:51,mixed,domain arxiv.org manually labeled as mixed
quantum_computing,slanted,quantum computer security risks,3,2,https://arxiv.org/abs/2401.16317,arxiv.org,Assessing the Benefits and Risks of Quantum Computers,2026-05-09 18:15:56,mixed,domain arxiv.org manually labeled as mixed
quantum_computing,neutral,quantum supremacy research,2,6,https://arxiv.org/pdf/2210.12753,arxiv.org,Google's Quantum Supremacy Claim,2026-05-09 18:16:49,mixed,domain arxiv.org manually labeled as mixed
quantum_computing,neutral,quantum ai research,2,4,https://arxiv.org/abs/2505.23860,arxiv.org,[2505.23860] Quantum computing and artificial intelligence,2026-05-09 18:18:46,mixed,domain arxiv.org manually labeled as mixed
quantum_computing,slanted,quantum computing dangers,2,6,https://arxiv.org/abs/2401.16317,arxiv.org,Assessing the Benefits and Risks of Quantum Computers,2026-05-09 18:20:02,mixed,domain arxiv.org manually labeled as mixed
autonomous_vehicles,neutral,ai driving research,2,1,https://arxiv.org/abs/2505.08854,arxiv.org,[2505.08854] Generative AI for Autonomous Driving,2026-05-09 18:37:39,mixed,domain arxiv.org manually labeled as mixed
blockchain,slanted,blockchain energy consumption,3,9,https://arxiv.org/pdf/2203.03717,arxiv.org,An Analysis of Energy Consumption and Carbon Footprints ...,2026-05-09 18:47:12,mixed,domain arxiv.org manually labeled as mixed
blockchain,slanted,blockchain vulnerabilities,2,7,https://arxiv.org/abs/2603.02661,arxiv.org,[2603.02661] Blockchain Communication Vulnerabilities,2026-05-09 18:48:37,mixed,domain arxiv.org manually labeled as mixed
blockchain,slanted,defi hacking risks,3,1,https://arxiv.org/html/2511.00408v1,arxiv.org,Detecting DeFi Protocol Exploits through Cross-Contract ...,2026-05-09 18:50:11,mixed,domain arxiv.org manually labeled as mixed
social_media,neutral,tiktok algorithm study,3,10,https://arxiv.org/abs/2503.20030,arxiv.org,Understanding Algorithm-User Interplay in TikTok via ML ...,2026-05-09 18:52:19,mixed,domain arxiv.org manually labeled as mixed
social_media,neutral,twitter echo chamber,1,7,https://arxiv.org/html/2403.19423v1,arxiv.org,Echo-chambers and Idea Labs: Communication Styles on ...,2026-05-09 18:54:41,mixed,domain arxiv.org manually labeled as mixed
social_media,neutral,twitter echo chamber,3,8,https://arxiv.org/abs/2404.15925,arxiv.org,Linguistic underpinnings of misinformation on Twitter,2026-05-09 18:55:01,mixed,domain arxiv.org manually labeled as mixed
online_privacy,neutral,gdpr effectiveness,2,7,https://arxiv.org/abs/2310.16735,arxiv.org,Mapping the Empirical Evidence of the GDPR (In-) ...,2026-05-09 18:57:46,mixed,domain arxiv.org manually labeled as mixed
social_credit,neutral,trustworthiness rating,2,2,https://arxiv.org/html/2309.11029v1,arxiv.org,Trustworthiness Evaluations of Search Results: The Impact ...,2026-05-09 21:38:30,mixed,domain arxiv.org manually labeled as mixed
quantum_computing,neutral,quantum encryption research,3,3,https://arxiv.org/pdf/2306.09248,arxiv.org,Quantum Cryptography for Enhanced Network Security,2026-05-09 21:40:44,mixed,domain arxiv.org manually labeled as mixed
quantum_computing,neutral,quantum machine learning,1,2,https://arxiv.org/abs/2502.01146,arxiv.org,Quantum Machine Learning: A Hands-on Tutorial for ...,2026-05-09 21:43:43,mixed,domain arxiv.org manually labeled as mixed
quantum_computing,neutral,quantum machine learning,3,2,https://arxiv.org/abs/2511.15969,arxiv.org,[2511.15969] A Primer on Quantum Machine Learning,2026-05-09 21:44:09,mixed,domain arxiv.org manually labeled as mixed
quantum_computing,slanted,quantum computer hacking,1,4,https://arxiv.org/abs/2503.21650,arxiv.org,Hacking quantum computers with row hammer attack,2026-05-09 21:46:15,mixed,domain arxiv.org manually labeled as mixed
quantum_computing,slanted,quantum supremacy,2,8,https://arxiv.org/abs/1608.00263,arxiv.org,Characterizing Quantum Supremacy in Near-Term Devices,2026-05-09 21:48:27,mixed,domain arxiv.org manually labeled as mixed
space_exploration,slanted,asteroid mining ethics,1,3,https://arxiv.org/pdf/2011.03369,arxiv.org,Asteroid Resource Utilization: Ethical Concerns and Progress,2026-05-09 21:54:27,mixed,domain arxiv.org manually labeled as mixed
vaccines,slanted,vaccine scam,2,8,https://www.bbc.co.uk/news/business-58029113,bbc.co.uk,'Covid vaccine scammers nearly got me',2026-05-09 15:44:15,mixed,domain bbc.co.uk manually labeled as mixed
climate_change,neutral,climate change evidence,3,1,https://www.bbc.co.uk/bitesize/guides/z87s4j6/revision/2,bbc.co.uk,Evidence of global warming - Climate change - Edexcel,2026-05-09 16:03:13,mixed,domain bbc.co.uk manually labeled as mixed
climate_change,slanted,climate change hoax,1,5,https://www.bbc.co.uk/bitesize/articles/zc3tvj6,bbc.co.uk,Why do some people call climate change 'fake news'?,2026-05-09 16:03:30,mixed,domain bbc.co.uk manually labeled as mixed
climate_change,neutral,global warming science,2,2,https://www.bbc.co.uk/bitesize/articles/zcdw7yc,bbc.co.uk,What is global warming? - KS3 - The Regenerators,2026-05-09 16:04:40,mixed,domain bbc.co.uk manually labeled as mixed
mercury,slanted,mercury seafood dangers,2,6,https://www.bbc.co.uk/food/articles/c93v0p931p1o,bbc.co.uk,Mercury in tinned tuna: How worried should you actually be?,2026-05-09 17:20:54,mixed,domain bbc.co.uk manually labeled as mixed
plant_based_diet,neutral,vegetarian protein sources,2,4,https://www.bbc.co.uk/food/articles/high_protein_plant_based_ingredients,bbc.co.uk,The top 5 high protein plant-based foods recommended by ...,2026-05-09 19:15:23,mixed,domain bbc.co.uk manually labeled as mixed
raw_milk,neutral,raw milk impact,2,6,https://www.bbc.co.uk/food/articles/raw_milk,bbc.co.uk,Is raw milk a superfood or dangerous fad?,2026-05-09 19:18:51,mixed,domain bbc.co.uk manually labeled as mixed
raw_milk,slanted,raw milk bacteria dangers,3,1,https://www.bbc.co.uk/food/articles/raw_milk,bbc.co.uk,Is raw milk a superfood or dangerous fad?,2026-05-09 19:19:47,mixed,domain bbc.co.uk manually labeled as mixed
raw_milk,neutral,unpasteurized milk research,2,10,https://www.bbc.co.uk/food/articles/raw_milk,bbc.co.uk,Is raw milk a superfood or dangerous fad?,2026-05-09 19:20:21,mixed,domain bbc.co.uk manually labeled as mixed
raw_milk,slanted,raw milk food poisoning,1,8,https://www.bbc.co.uk/food/articles/raw_milk,bbc.co.uk,Is raw milk a superfood or dangerous fad?,2026-05-09 19:21:01,mixed,domain bbc.co.uk manually labeled as mixed
dairy,slanted,milk hormone concerns,3,6,https://www.bbc.co.uk/food/articles/worrying_about_milk,bbc.co.uk,Should I worry about drinking dairy milk?,2026-05-09 19:29:36,mixed,domain bbc.co.uk manually labeled as mixed
dairy,neutral,yogurt probiotic health impact,1,5,https://www.bbc.co.uk/food/articles/yoghurt_health_food,bbc.co.uk,Is yoghurt the ultimate health food?,2026-05-09 19:31:24,mixed,domain bbc.co.uk manually labeled as mixed
dairy,slanted,raw dairy risks,3,1,https://www.bbc.co.uk/food/articles/raw_milk,bbc.co.uk,Is raw milk a superfood or dangerous fad?,2026-05-09 19:32:32,mixed,domain bbc.co.uk manually labeled as mixed
caffeine,neutral,tea health effects,3,9,https://www.bbc.co.uk/food/articles/crl4wjzw884o,bbc.co.uk,Tea vs coffee: which is better for your health? - BBC Food,2026-05-09 19:53:45,mixed,domain bbc.co.uk manually labeled as mixed
fast_food,slanted,food additive dangers,2,9,https://www.bbc.co.uk/bitesize/guides/zmqth39/revision/5,bbc.co.uk,Reasons for and against the use of food additives,2026-05-09 20:03:40,mixed,domain bbc.co.uk manually labeled as mixed
bottled_water,slanted,bottled water bacteria,2,3,https://www.bbc.co.uk/bitesize/articles/zxrtb7h,bbc.co.uk,How dirty is your water bottle? - BBC Bitesize,2026-05-09 20:23:53,mixed,domain bbc.co.uk manually labeled as mixed
overfishing,slanted,fish farm pollution,3,6,https://www.bbc.co.uk/newsround/articles/cgkpjeml176o,bbc.co.uk,How is sewage and farming waste affecting underwater life?,2026-05-09 20:47:46,mixed,domain bbc.co.uk manually labeled as mixed
poverty,slanted,poverty cycle,1,6,https://www.bbc.co.uk/bitesize/guides/z8436fr/revision/3,bbc.co.uk,The cycle of poverty - Globalisation - Eduqas,2026-05-09 20:49:37,mixed,domain bbc.co.uk manually labeled as mixed
gene_editing,slanted,genetic modification dangers,3,7,https://www.bbc.co.uk/bitesize/guides/zytxjsg/revision/3,bbc.co.uk,Benefits and risks of genetic engineering - Edexcel,2026-05-09 21:24:49,mixed,domain bbc.co.uk manually labeled as mixed
space_exploration,slanted,space tourism risks,2,8,https://www.bbc.co.uk/bitesize/guides/zqm4fcw/revision/6,bbc.co.uk,Risks of space exploration - Revise,2026-05-09 21:52:54,mixed,domain bbc.co.uk manually labeled as mixed
vaccines,slanted,childhood vaccination risks,3,5,https://www.betterhealth.vic.gov.au/health/healthyliving/immunisation-side-effects,betterhealth.vic.gov.au,Immunisation – side effects,2026-05-09 15:47:28,mixed,domain betterhealth.vic.gov.au manually labeled as mixed
vaccines,slanted,flu shot side effects,3,5,https://www.betterhealth.vic.gov.au/health/healthyliving/flu-influenza-immunisation,betterhealth.vic.gov.au,Influenza (flu) – immunisation,2026-05-09 15:49:02,mixed,domain betterhealth.vic.gov.au manually labeled as mixed
fluoridation,neutral,fluoride dental health,1,9,https://www.betterhealth.vic.gov.au/health/conditionsandtreatments/dental-care-fluoride,betterhealth.vic.gov.au,Dental care - fluoride,2026-05-09 16:13:40,mixed,domain betterhealth.vic.gov.au manually labeled as mixed
electromagnetic_fields,slanted,emf health risks,1,6,https://www.betterhealth.vic.gov.au/health/healthyliving/electromagnetic-fields-emf-and-health-issues,betterhealth.vic.gov.au,Electromagnetic fields (EMF) and health issues,2026-05-09 16:51:26,mixed,domain betterhealth.vic.gov.au manually labeled as mixed
mercury,slanted,mercury amalgam poisoning,2,3,https://www.betterhealth.vic.gov.au/health/healthyliving/mercury-exposure-and-poisoning,betterhealth.vic.gov.au,Mercury exposure and poisoning,2026-05-09 17:08:48,mixed,domain betterhealth.vic.gov.au manually labeled as mixed
mercury,neutral,mercury in fish guidelines,2,8,https://www.betterhealth.vic.gov.au/health/healthyliving/mercury-in-fish,betterhealth.vic.gov.au,Mercury in fish,2026-05-09 17:20:05,mixed,domain betterhealth.vic.gov.au manually labeled as mixed
mercury,slanted,mercury seafood dangers,2,3,https://www.betterhealth.vic.gov.au/health/healthyliving/mercury-in-fish,betterhealth.vic.gov.au,Mercury in fish,2026-05-09 17:20:53,mixed,domain betterhealth.vic.gov.au manually labeled as mixed
obesity,neutral,healthy diet research,3,8,https://www.betterhealth.vic.gov.au/health/healthyliving/healthy-eating,betterhealth.vic.gov.au,Healthy eating and diet,2026-05-09 19:10:33,mixed,domain betterhealth.vic.gov.au manually labeled as mixed
obesity,neutral,exercise impact,3,10,https://www.betterhealth.vic.gov.au/health/healthyliving/exercise-and-mental-health,betterhealth.vic.gov.au,Exercise and mental health,2026-05-09 19:12:29,mixed,domain betterhealth.vic.gov.au manually labeled as mixed
plant_based_diet,slanted,soy estrogen concerns,2,9,https://www.betterhealth.vic.gov.au/health/healthyliving/soybeans,betterhealth.vic.gov.au,Soybeans and soy foods,2026-05-09 19:16:20,mixed,domain betterhealth.vic.gov.au manually labeled as mixed
soy,neutral,soy health effects,1,5,https://www.betterhealth.vic.gov.au/health/healthyliving/soybeans,betterhealth.vic.gov.au,Soybeans and soy foods,2026-05-09 19:22:01,mixed,domain betterhealth.vic.gov.au manually labeled as mixed
soy,slanted,soy estrogen effects,2,4,https://www.betterhealth.vic.gov.au/health/healthyliving/soybeans,betterhealth.vic.gov.au,Soybeans and soy foods,2026-05-09 19:25:00,mixed,domain betterhealth.vic.gov.au manually labeled as mixed
soy,neutral,tofu nutrition research,3,4,https://www.betterhealth.vic.gov.au/health/healthyliving/soybeans,betterhealth.vic.gov.au,Soybeans and soy foods,2026-05-09 19:25:52,mixed,domain betterhealth.vic.gov.au manually labeled as mixed
dairy,neutral,dairy calcium consumptin facts,3,1,https://www.betterhealth.vic.gov.au/health/healthyliving/calcium,betterhealth.vic.gov.au,Calcium | betterhealth.vic.gov.au,2026-05-09 19:28:44,mixed,domain betterhealth.vic.gov.au manually labeled as mixed
dairy,slanted,dairy lactose intolerance,2,6,https://www.betterhealth.vic.gov.au/health/conditionsandtreatments/lactose-intolerance,betterhealth.vic.gov.au,Lactose intolerance,2026-05-09 19:30:53,mixed,domain betterhealth.vic.gov.au manually labeled as mixed
sugar,neutral,sugar consumption effects,3,8,https://www.betterhealth.vic.gov.au/health/healthyliving/sugar,betterhealth.vic.gov.au,Sugar,2026-05-09 19:38:03,mixed,domain betterhealth.vic.gov.au manually labeled as mixed
caffeine,neutral,caffeine health impact,3,7,https://www.betterhealth.vic.gov.au/health/healthyliving/caffeine,betterhealth.vic.gov.au,Caffeine,2026-05-09 19:49:11,mixed,domain betterhealth.vic.gov.au manually labeled as mixed
fast_food,slanted,food additive dangers,1,8,https://www.betterhealth.vic.gov.au/health/conditionsandtreatments/food-additives,betterhealth.vic.gov.au,Food additives,2026-05-09 20:03:30,mixed,domain betterhealth.vic.gov.au manually labeled as mixed
organic_food,neutral,organic food diet facts,2,9,https://www.betterhealth.vic.gov.au/health/healthyliving/organic-food,betterhealth.vic.gov.au,Organic food,2026-05-09 20:05:47,mixed,domain betterhealth.vic.gov.au manually labeled as mixed
covid19,slanted,coronavirus lab leak theory,1,4,https://www.europarl.europa.eu/doceo/document/E-10-2025-001403_EN.html,europarl.europa.eu,Parliamentary question | E-001403/2025 |,2026-05-09 15:59:00,mixed,domain europarl.europa.eu manually labeled as mixed
climate_change,neutral,carbon emissions impact,3,4,https://www.europarl.europa.eu/topics/en/article/20180703STO07123/climate-change-in-europe-facts-and-figures,europarl.europa.eu,Climate change in Europe: facts and figures | Topics,2026-05-09 16:08:23,mixed,domain europarl.europa.eu manually labeled as mixed
5g,neutral,5g technology health,3,8,https://www.europarl.europa.eu/RegData/etudes/STUD/2021/690012/EPRS_STU(2021)690012_EN.pdf,europarl.europa.eu,Health impact of 5G - European Parliament,2026-05-09 16:17:28,mixed,domain europarl.europa.eu manually labeled as mixed
5g,slanted,5g radiation risks,1,3,https://www.europarl.europa.eu/RegData/etudes/STUD/2021/690012/EPRS_STU(2021)690012_EN.pdf,europarl.europa.eu,Health impact of 5G - European Parliament,2026-05-09 16:17:45,mixed,domain europarl.europa.eu manually labeled as mixed
5g,neutral,5g safety research,3,7,https://www.europarl.europa.eu/RegData/etudes/STUD/2021/690012/EPRS_STU(2021)690012_EN.pdf,europarl.europa.eu,Health impact of 5G - European Parliament,2026-05-09 16:18:50,mixed,domain europarl.europa.eu manually labeled as mixed
5g,slanted,5g dangers,1,3,https://www.europarl.europa.eu/RegData/etudes/STUD/2021/690012/EPRS_STU(2021)690012_EN.pdf,europarl.europa.eu,Health impact of 5G - European Parliament,2026-05-09 16:19:15,mixed,domain europarl.europa.eu manually labeled as mixed
5g,neutral,5g health studies,2,1,https://www.europarl.europa.eu/RegData/etudes/STUD/2021/690012/EPRS_STU(2021)690012_EN.pdf,europarl.europa.eu,Health impact of 5G - European Parliament,2026-05-09 16:20:17,mixed,domain europarl.europa.eu manually labeled as mixed
nuclear_power,slanted,nuclear proliferation risks,2,1,https://www.europarl.europa.eu/workingpapers/ener/pdf/111a_en.pdf,europarl.europa.eu,"Emerging Nuclear Energy Systems, their Possible Safety and ...",2026-05-09 16:30:30,mixed,domain europarl.europa.eu manually labeled as mixed
artificial_sweeteners,slanted,aspartame dangers,2,9,https://www.europarl.europa.eu/doceo/document/E-6-2009-0345_EN.html?redirect,europarl.europa.eu,The dangerous food additive Aspartame | E-0345/2009,2026-05-09 16:42:38,mixed,domain europarl.europa.eu manually labeled as mixed
electromagnetic_fields,neutral,cell phone radiation safety,3,7,https://www.europarl.europa.eu/RegData/etudes/BRIE/2019/635598/EPRS_BRI(2019)635598_EN.pdf,europarl.europa.eu,Mobile phones and health: Where do we stand?,2026-05-09 16:54:20,mixed,domain europarl.europa.eu manually labeled as mixed
gene_drives,slanted,gene drive extinction threat,1,6,https://www.europarl.europa.eu/RegData/etudes/ATAG/2018/624270/EPRS_ATA(2018)624270_EN.pdf,europarl.europa.eu,What if we genetically engineered an entire species?,2026-05-09 17:59:30,mixed,domain europarl.europa.eu manually labeled as mixed
3d_printing,slanted,3d printing bioprinting risks,1,6,https://www.europarl.europa.eu/RegData/etudes/IDAN/2018/614571/EPRS_IDA(2018)614571(ANN2)_EN.pdf,europarl.europa.eu,3D bio-printing for medical and enhancement purposes,2026-05-09 18:28:46,mixed,domain europarl.europa.eu manually labeled as mixed
blockchain,neutral,blockchain supply chain ,1,8,https://www.europarl.europa.eu/RegData/etudes/STUD/2020/641544/EPRS_STU(2020)641544_EN.pdf,europarl.europa.eu,Blockchain for supply chains and international trade,2026-05-09 18:46:00,mixed,domain europarl.europa.eu manually labeled as mixed
online_privacy,neutral,gdpr effectiveness,3,2,https://www.europarl.europa.eu/RegData/etudes/STUD/2020/641530/EPRS_STU(2020)641530_EN.pdf,europarl.europa.eu,The impact of the General Data Protection Regulation (GDPR ...,2026-05-09 18:57:53,mixed,domain europarl.europa.eu manually labeled as mixed
organic_food,neutral,organic food diet facts,2,3,https://www.europarl.europa.eu/RegData/etudes/STUD/2016/581922/EPRS_STU(2016)581922_EN.pdf,europarl.europa.eu,Human health implications of organic food and organic ...,2026-05-09 20:05:46,mixed,domain europarl.europa.eu manually labeled as mixed
mining,slanted,mining environmental damage,1,7,https://www.europarl.europa.eu/RegData/etudes/STUD/2022/729156/IPOL_STU(2022)729156_EN.pdf,europarl.europa.eu,Social and environmental impacts of mining activities in the EU,2026-05-09 20:29:02,mixed,domain europarl.europa.eu manually labeled as mixed
deforestation,slanted,palm oil deforestation,1,7,https://www.europarl.europa.eu/RegData/etudes/ATAG/2020/659335/EPRS_ATA(2020)659335_EN.pdf,europarl.europa.eu,Palm oil: Economic and environmental impacts,2026-05-09 20:37:04,mixed,domain europarl.europa.eu manually labeled as mixed
poverty,neutral,minimum wage economical impact,2,2,https://www.europarl.europa.eu/RegData/etudes/BRIE/2015/568338/EPRS_BRI(2015)568338_EN.pdf,europarl.europa.eu,Minimum wage: motor for growth or brake on the economy?,2026-05-09 20:51:20,mixed,domain europarl.europa.eu manually labeled as mixed
cloning,neutral,animal cloning impact,1,1,https://www.europarl.europa.eu/cmsdata/73649/Donald%20M.%20Broom%20-%20University%20of%20Cambridge.pdf,europarl.europa.eu,The impact of cloning on animal welfare,2026-05-09 21:11:58,mixed,domain europarl.europa.eu manually labeled as mixed
electromagnetic_fields,neutral,emf safety research,1,4,https://ec.europa.eu/health/scientific_committees/docs/citizens_emf_en.pdf,ec.europa.eu,Does electromagnetic field exposure endanger health?,2026-05-09 16:50:40,mixed,domain ec.europa.eu manually labeled as mixed
electromagnetic_fields,neutral,emf safety research,2,10,https://ec.europa.eu/health/scientific_committees/emerging/docs/scenihr_o_041.pdf,ec.europa.eu,Potential health effects of exposure to electromagnetic fields ...,2026-05-09 16:50:51,mixed,domain ec.europa.eu manually labeled as mixed
electromagnetic_fields,slanted,emf health risks,1,7,https://ec.europa.eu/health/scientific_committees/docs/citizens_emf_en.pdf,ec.europa.eu,Does electromagnetic field exposure endanger health?,2026-05-09 16:51:27,mixed,domain ec.europa.eu manually labeled as mixed
electromagnetic_fields,slanted,emf health risks,3,5,https://ec.europa.eu/health/scientific_committees/emerging/docs/scenihr_o_041.pdf,ec.europa.eu,Potential health effects of exposure to electromagnetic fields ...,2026-05-09 16:51:45,mixed,domain ec.europa.eu manually labeled as mixed
essential_oils,neutral,tea tree oil safety,3,2,https://ec.europa.eu/health/ph_risk/committees/04_sccp/docs/sccp_o_160.pdf,ec.europa.eu,OPINION ON Tea tree oil - European Commission,2026-05-09 17:00:29,mixed,domain ec.europa.eu manually labeled as mixed
essential_oils,slanted,tea tree oil poisoning,1,7,https://ec.europa.eu/health/ph_risk/committees/04_sccp/docs/sccp_o_00c.pdf,ec.europa.eu,SCCP Opinion on Tea Tree Oil - European Commission,2026-05-09 17:01:23,mixed,domain ec.europa.eu manually labeled as mixed
mercury,neutral,mercury dental amalgam safety,1,6,https://ec.europa.eu/health/scientific_committees/docs/citizens_dental_filling_en.pdf,ec.europa.eu,Are dental fillings safe?,2026-05-09 17:08:05,mixed,domain ec.europa.eu manually labeled as mixed
nanotechnology,slanted,nanoparticle toxicity,2,10,https://ec.europa.eu/health/scientific_committees/opinions_layman/en/nanotechnologies/l-3/6-health-effects-nanoparticles.htm,ec.europa.eu,6. What are potential harmful effects of nanoparticles?,2026-05-09 18:09:35,mixed,domain ec.europa.eu manually labeled as mixed
social_media,slanted,tiktok addiction risks,1,1,"https://ec.europa.eu/commission/presscorner/detail/en/ip_26_312#:~:text=Risk%20assessment&text=For%20example%2C%20by%20constantly%20'rewarding,reduce%20users'%20self%2Dcontrol.",ec.europa.eu,Commission preliminarily finds TikTok's addictive design in ...,2026-05-09 18:52:29,mixed,domain ec.europa.eu manually labeled as mixed
tap_water,neutral,fluoridated water consumption,2,10,https://ec.europa.eu/health/scientific_committees/opinions_layman/fluoridation/fr/l-2/4.htm,ec.europa.eu,4. Are there any reasons for concern about people's fluoride ...,2026-05-09 20:17:04,mixed,domain ec.europa.eu manually labeled as mixed
overfishing,neutral,aquaculture data,1,2,https://ec.europa.eu/eurostat/statistics-explained/index.php?title=Aquaculture_statistics,ec.europa.eu,Aquaculture statistics - Statistics Explained - Eurostat,2026-05-09 20:46:25,mixed,domain ec.europa.eu manually labeled as mixed
immigration,neutral,immigration data,1,8,https://ec.europa.eu/eurostat/web/migration-asylum/international-migration-citizenship/database,ec.europa.eu,Database - Migration and asylum - Eurostat,2026-05-09 21:56:41,mixed,domain ec.europa.eu manually labeled as mixed
immigration,neutral,immigration data,2,6,https://ec.europa.eu/eurostat/statistics-explained/index.php?title=Migration_to_and_from_the_EU,ec.europa.eu,Migration to and from the EU - Statistics Explained - Eurostat,2026-05-09 21:56:50,mixed,domain ec.europa.eu manually labeled as mixed
Job_security,neutral,unemployment rate data,1,7,https://ec.europa.eu/eurostat/statistics-explained/index.php?title=Unemployment_statistics,ec.europa.eu,Unemployment statistics - Statistics Explained - Eurostat,2026-05-09 22:00:05,mixed,domain ec.europa.eu manually labeled as mixed
Job_security,neutral,unemployment rate data,3,1,https://ec.europa.eu/eurostat/statistics-explained/index.php?title=Unemployment_statistics_and_beyond,ec.europa.eu,Unemployment statistics and beyond - European Commission,2026-05-09 22:00:21,mixed,domain ec.europa.eu manually labeled as mixed
Job_security,slanted,unemployment rise,1,3,https://ec.europa.eu/eurostat/statistics-explained/index.php?title=Unemployment_statistics,ec.europa.eu,Unemployment statistics - Statistics Explained - Eurostat,2026-05-09 22:00:42,mixed,domain ec.europa.eu manually labeled as mixed
vaccines,slanted,flu shot side effects,3,7,https://www.health.com/condition/flu/flu-shot-side-effects,health.com,Flu Vaccine Side Effects You Should Know,2026-05-09 15:49:03,mixed,domain health.com manually labeled as mixed
artificial_sweeteners,slanted,sucralose health risks,2,9,https://www.health.com/sucralose-7496152,health.com,Is Sucralose Bad for You? A Dietitian Explains,2026-05-09 16:44:16,mixed,domain health.com manually labeled as mixed
artificial_sweeteners,slanted,sucralose health risks,3,1,https://www.health.com/sucralose-7496152,health.com,Is Sucralose Bad for You? A Dietitian Explains,2026-05-09 16:44:23,mixed,domain health.com manually labeled as mixed
artificial_sweeteners,neutral,stevia information,2,1,https://www.health.com/stevia-benefits-8634412,health.com,"Stevia: Benefits, Nutrition, and Risks",2026-05-09 16:46:46,mixed,domain health.com manually labeled as mixed
artificial_sweeteners,slanted,stevia side effects,1,4,https://www.health.com/is-stevia-bad-for-you-11828594,health.com,What Happens To Your Body When You Use Stevia ...,2026-05-09 16:48:17,mixed,domain health.com manually labeled as mixed
artificial_sweeteners,neutral,diet soda health,2,10,https://www.health.com/4-serious-side-effects-of-drinking-diet-soda-regularly-11856850,health.com,4 Serious Side Effects of Drinking Diet Soda Regularly,2026-05-09 16:49:26,mixed,domain health.com manually labeled as mixed
synthetic_biology,neutral,biohacking safety,2,4,https://www.health.com/biohacking-8787150,health.com,"Biohacking Explained: How It Works, Benefits, and Tips",2026-05-09 18:06:50,mixed,domain health.com manually labeled as mixed
lab_grown_meat,neutral,cultured meat safety,2,7,https://www.health.com/lab-grown-meat-fda-6835173,health.com,What Is Lab-Grown Meat and Is It Safe To Eat?,2026-05-09 18:21:17,mixed,domain health.com manually labeled as mixed
lab_grown_meat,slanted,lab meat health risks,1,6,https://www.health.com/lab-grown-meat-fda-6835173,health.com,What Is Lab-Grown Meat and Is It Safe To Eat?,2026-05-09 18:21:53,mixed,domain health.com manually labeled as mixed
lab_grown_meat,slanted,test tube meat dangers,3,3,https://www.health.com/lab-grown-meat-fda-6835173,health.com,What Is Lab-Grown Meat and Is It Safe To Eat?,2026-05-09 18:24:11,mixed,domain health.com manually labeled as mixed
soy,neutral,soy health effects,3,7,https://www.health.com/is-soy-bad-for-you-11725145,health.com,Is Soy Bad for You? Risks and Benefits Explained,2026-05-09 19:22:21,mixed,domain health.com manually labeled as mixed
soy,slanted,soy estrogen effects,2,5,https://www.health.com/soy-estrogen-11791680,health.com,Does Soy Have Too Much Estrogen? What the Latest ...,2026-05-09 19:25:00,mixed,domain health.com manually labeled as mixed
eggs,neutral,egg cholesterol safety,3,2,https://www.health.com/how-eating-eggs-every-day-might-affect-your-cholesterol-11930264,health.com,How Eating Eggs Every Day Might Affect Your Cholesterol,2026-05-09 19:33:17,mixed,domain health.com manually labeled as mixed
eggs,neutral,egg protein consumption,1,8,https://www.health.com/here-s-how-much-protein-you-really-get-from-1-egg-11930399,health.com,Here's How Much Protein You Really Get from 1 Egg,2026-05-09 19:34:44,mixed,domain health.com manually labeled as mixed
sugar,slanted,sugar addiction risks,2,4,https://www.health.com/nutrition/what-happens-when-you-stop-eating-sugar,health.com,What Happens When You Stop Eating Added Sugar?,2026-05-09 19:38:34,mixed,domain health.com manually labeled as mixed
salt,slanted,sea salt heavy metals,3,1,https://www.health.com/himalayan-salt-vs-sea-salt-8789101,health.com,Himalayan Salt vs. Sea Salt: Which Has Better Minerals?,2026-05-09 19:47:01,mixed,domain health.com manually labeled as mixed
climate_change,neutral,climate change evidence,1,5,https://www.un.org/en/climatechange/science/causes-effects-climate-change,un.org,Causes and Effects of Climate Change,2026-05-09 16:02:54,mixed,domain un.org manually labeled as mixed
climate_change,neutral,global warming science,1,2,https://www.un.org/en/climatechange/science/causes-effects-climate-change,un.org,Causes and Effects of Climate Change,2026-05-09 16:04:21,mixed,domain un.org manually labeled as mixed
climate_change,neutral,global warming science,2,10,https://www.un.org/en/climatechange/what-is-climate-change,un.org,What Is Climate Change?,2026-05-09 16:04:44,mixed,domain un.org manually labeled as mixed
climate_change,neutral,global warming science,3,1,https://www.un.org/en/climatechange/what-is-climate-change,un.org,What Is Climate Change?,2026-05-09 16:04:50,mixed,domain un.org manually labeled as mixed
climate_change,slanted,global warming myth,1,2,https://www.un.org/en/climatechange/science/mythbusters,un.org,Myth Busters,2026-05-09 16:05:06,mixed,domain un.org manually labeled as mixed
climate_change,neutral,carbon emissions impact,1,2,https://www.un.org/en/climatechange/science/causes-effects-climate-change,un.org,Causes and Effects of Climate Change,2026-05-09 16:07:59,mixed,domain un.org manually labeled as mixed
climate_change,neutral,renewable energy facts,1,2,https://www.un.org/en/climatechange/raising-ambition/renewable-energy,un.org,Renewable energy – powering a safer and prosperous future,2026-05-09 16:09:29,mixed,domain un.org manually labeled as mixed
nuclear_power,slanted,nuclear proliferation risks,2,6,https://www.un.org/en/global-issues/disarmament,un.org,Disarmament,2026-05-09 16:30:31,mixed,domain un.org manually labeled as mixed
lab_grown_meat,neutral,clean meat environmental impact,2,4,https://www.un.org/en/climatechange/science/climate-issues/food,un.org,Food and Climate Change: Healthy diets for a healthier ...,2026-05-09 18:24:56,mixed,domain un.org manually labeled as mixed
organic_food,neutral,organic food diet facts,2,10,https://www.un.org/en/climatechange/science/climate-issues/food,un.org,Food and Climate Change: Healthy diets for a healthier ...,2026-05-09 20:05:47,mixed,domain un.org manually labeled as mixed
deforestation,slanted,deforestation climate impact,2,10,https://www.un.org/en/climatechange/science/climate-issues/forests,un.org,Forests - nature's solution to carbon pollution,2026-05-09 20:35:23,mixed,domain un.org manually labeled as mixed
poverty,neutral,universal basic income research,3,8,https://www.un.org/en/un-chronicle/rethinking-universal-basic-income-economic-productivity-quality-life-and-sustainable,un.org,"Rethinking Universal Basic Income: Economic Productivity, ...",2026-05-09 20:54:52,mixed,domain un.org manually labeled as mixed
healthcare,neutral,universal healthcare facts,2,4,https://www.un.org/en/global-issues/health,un.org,Health,2026-05-09 21:06:49,mixed,domain un.org manually labeled as mixed
immigration,neutral,immigration data,1,5,https://www.un.org/development/desa/pd/global-migration-database,un.org,Global Migration Database | Population Division,2026-05-09 21:56:40,mixed,domain un.org manually labeled as mixed
immigration,neutral,immigration data,2,9,https://www.un.org/development/desa/pd/content/international-migrant-stock,un.org,International Migrant Stock | Population Division,2026-05-09 21:56:51,mixed,domain un.org manually labeled as mixed
immigration,neutral,poulation growth,1,4,https://www.un.org/en/global-issues/population,un.org,Population | United Nations,2026-05-09 21:58:04,mixed,domain un.org manually labeled as mixed
vaccine_passports,neutral,vaccine passport impact,3,4,https://www.weforum.org/stories/2021/04/coronavirus-covid19-vaccine-passports-travel/,weforum.org,Coronavirus vaccine passports: everything you need to know,2026-05-09 15:52:07,mixed,domain weforum.org manually labeled as mixed
covid19,slanted,lockdown harms,1,6,https://www.weforum.org/stories/2020/04/this-is-the-psychological-side-of-the-covid-19-pandemic-that-were-ignoring/,weforum.org,COVID lockdown is world's biggest psychological experiment,2026-05-09 16:01:53,mixed,domain weforum.org manually labeled as mixed
plastic,neutral,microplastics health research,3,9,https://www.weforum.org/stories/2025/02/how-microplastics-get-into-the-food-chain/,weforum.org,Microplastics everywhere: Are we facing a new health crisis?,2026-05-09 17:38:53,mixed,domain weforum.org manually labeled as mixed
artificial_intelligence,slanted,ai bias dangers,3,8,https://www.weforum.org/stories/2018/09/the-biggest-risk-of-ai-youve-never-heard-of/,weforum.org,Bias in AI is a real problem. Here's what we should do ...,2026-05-09 17:56:11,mixed,domain weforum.org manually labeled as mixed
quantum_computing,slanted,quantum computer security risks,2,6,https://www.weforum.org/stories/2026/02/quantum-security-question-leaders-cannot-ignore/,weforum.org,Why quantum security is a question leaders cannot ignore,2026-05-09 18:15:44,mixed,domain weforum.org manually labeled as mixed
quantum_computing,slanted,quantum decryption threats,3,1,https://www.weforum.org/stories/2026/02/quantum-security-question-leaders-cannot-ignore/,weforum.org,Why quantum security is a question leaders cannot ignore,2026-05-09 18:18:04,mixed,domain weforum.org manually labeled as mixed
autonomous_vehicles,neutral,ai driving research,1,3,https://www.weforum.org/stories/2025/08/how-ai-and-automation-are-changing-our-driving-experience/,weforum.org,How AI and automation are changing our driving experience,2026-05-09 18:37:22,mixed,domain weforum.org manually labeled as mixed
cryptocurrency,neutral,cryptocurrency financial inclusion,1,6,https://www.weforum.org/stories/2021/06/cryptocurrencies-financial-inclusion-help-shape-it/,weforum.org,How cryptocurrencies can enable global financial inclusion,2026-05-09 18:44:20,mixed,domain weforum.org manually labeled as mixed
cryptocurrency,neutral,cryptocurrency financial inclusion,3,1,https://www.weforum.org/stories/2021/06/cryptocurrencies-financial-inclusion-help-shape-it/,weforum.org,How cryptocurrencies can enable global financial inclusion,2026-05-09 18:44:44,mixed,domain weforum.org manually labeled as mixed
blockchain,neutral,blockchain supply chain ,3,7,https://www.weforum.org/stories/2024/08/blockchain-food-supply-chain/,weforum.org,From source to stomach: How blockchain tracks food ...,2026-05-09 18:46:18,mixed,domain weforum.org manually labeled as mixed
blockchain,neutral,smart contracts security,3,3,https://www.weforum.org/stories/2024/07/smart-contracts-technology-cybersecurity-legal-risks/,weforum.org,The rise of smart contracts and strategies for mitigating ...,2026-05-09 18:48:02,mixed,domain weforum.org manually labeled as mixed
deforestation,neutral,forest conservation effects,1,5,https://www.weforum.org/stories/2025/06/forests-are-now-contributing-to-climate-change/,weforum.org,Are forests now contributing to climate change?,2026-05-09 20:34:04,mixed,domain weforum.org manually labeled as mixed
education,slanted,student loan debt crisis,1,3,https://www.weforum.org/stories/2025/08/student-debt-tsunami-global-economy/,weforum.org,The student debt tsunami our economy is not prepared for,2026-05-09 21:05:18,mixed,domain weforum.org manually labeled as mixed
quantum_computing,slanted,quantum decryption threat,2,9,https://www.weforum.org/stories/2026/02/quantum-security-question-leaders-cannot-ignore/,weforum.org,Why quantum security is a question leaders cannot ignore,2026-05-09 21:43:18,mixed,domain weforum.org manually labeled as mixed
immigration,slanted,overpopulation,3,10,https://www.weforum.org/stories/2018/10/david-attenborough-warns-planet-cant-cope-with-overpopulation/,weforum.org,David Attenborough: The planet can't cope with ...,2026-05-09 21:59:49,mixed,domain weforum.org manually labeled as mixed
fluoridation,neutral,community water fluoridation safety,3,6,https://www.ewg.org/news-insights/news/2025/04/fluoride-drinking-water-what-we-know-about-its-safety-and-risks,ewg.org,Fluoride in Drinking Water: Safety and Risks Explained,2026-05-09 16:15:58,mixed,domain ewg.org manually labeled as mixed
pesticides,slanted,conventional pesticide dangers,3,7,https://www.ewg.org/foodnews/summary.php,ewg.org,EWG's Shopper's Guide to Pesticides in Produce | Summary,2026-05-09 16:37:46,mixed,domain ewg.org manually labeled as mixed
artificial_sweeteners,neutral,sucralose research,1,8,https://www.ewg.org/research/ewg-evaluation-food-chemicals-sucralose,ewg.org,EWG evaluation of food chemicals: Sucralose,2026-05-09 16:43:20,mixed,domain ewg.org manually labeled as mixed
artificial_sweeteners,slanted,sucralose health risks,2,3,https://www.ewg.org/news-insights/news/2026/04/dirty-dozen-food-chemicals-sucralose,ewg.org,Dirty dozen food chemicals: Sucralose,2026-05-09 16:44:14,mixed,domain ewg.org manually labeled as mixed
essential_oils,neutral,tea tree oil safety,1,7,https://www.ewg.org/news-insights/news/tea-tree-and-lavender-oils-what-we-dont-know,ewg.org,Tea Tree and Lavender Oils: What We (Don't) Know,2026-05-09 16:59:44,mixed,domain ewg.org manually labeled as mixed
aluminum,neutral,aluminum antiperspirants cancer research,2,9,https://www.ewg.org/news-insights/news/antiperspirants-and-breast-cancer-there-link,ewg.org,Antiperspirants and Breast Cancer: Is There a Link?,2026-05-09 17:06:48,mixed,domain ewg.org manually labeled as mixed
aluminum,slanted,aluminum breast cancer,2,8,https://www.ewg.org/news-insights/news/antiperspirants-and-breast-cancer-there-link,ewg.org,Antiperspirants and Breast Cancer: Is There a Link?,2026-05-09 17:07:36,mixed,domain ewg.org manually labeled as mixed
mercury,neutral,mercury in fish guidelines,3,1,https://www.ewg.org/consumer-guides/ewgs-consumer-guide-seafood,ewg.org,EWG's Consumer Guide to Seafood,2026-05-09 17:20:16,mixed,domain ewg.org manually labeled as mixed
mercury,slanted,mercury seafood dangers,2,5,https://www.ewg.org/research/mercury-seafood,ewg.org,Mercury in Seafood,2026-05-09 17:20:54,mixed,domain ewg.org manually labeled as mixed
obesity,slanted,processed food dangers,2,2,https://www.ewg.org/news-insights/news/2025/03/what-are-ultra-processed-foods,ewg.org,Ultra-Processed Foods: Health Risks & Impact,2026-05-09 19:11:08,mixed,domain ewg.org manually labeled as mixed
fast_food,slanted,food additive dangers,1,1,https://www.ewg.org/consumer-guides/ewgs-dirty-dozen-guide-food-chemicals-top-12-avoid,ewg.org,EWG's Dirty Dozen Guide to Food Chemicals: The top 12 to ...,2026-05-09 20:03:13,mixed,domain ewg.org manually labeled as mixed
tap_water,neutral,tap water safety,1,6,https://www.ewg.org/tapwater/,ewg.org,EWG's Tap Water Database: What's in Your Drinking Water?,2026-05-09 20:09:02,mixed,domain ewg.org manually labeled as mixed
tap_water,slanted,lead in tap water,2,9,https://www.ewg.org/tapwater/reviewed-lead.php,ewg.org,EWG Tap Water Database | EWG Review of Lead in ...,2026-05-09 20:10:19,mixed,domain ewg.org manually labeled as mixed
tap_water,slanted,water contamination risks,3,3,https://www.ewg.org/tapwater/,ewg.org,EWG's Tap Water Database: What's in Your Drinking Water?,2026-05-09 20:18:11,mixed,domain ewg.org manually labeled as mixed
bottled_water,slanted,bottled water bacteria,2,4,https://www.ewg.org/tapwater/bottled-water-resources.php,ewg.org,Top 5 Reasons to Choose Filters Over Bottled Water,2026-05-09 20:23:53,mixed,domain ewg.org manually labeled as mixed
nuclear_power,neutral,nuclear power safety,1,1,https://world-nuclear.org/information-library/safety-and-security/safety-of-plants/safety-of-nuclear-power-reactors,world-nuclear.org,Safety of Nuclear Power Reactors,2026-05-09 16:21:30,mixed,domain world-nuclear.org manually labeled as mixed
nuclear_power,slanted,nuclear power risks,1,1,https://world-nuclear.org/information-library/safety-and-security/safety-of-plants/safety-of-nuclear-power-reactors,world-nuclear.org,Safety of Nuclear Power Reactors,2026-05-09 16:23:58,mixed,domain world-nuclear.org manually labeled as mixed
nuclear_power,neutral,nuclear waste management,1,1,https://world-nuclear.org/information-library/nuclear-fuel-cycle/nuclear-waste/radioactive-waste-management,world-nuclear.org,Radioactive Waste Management,2026-05-09 16:24:51,mixed,domain world-nuclear.org manually labeled as mixed
nuclear_power,neutral,nuclear waste management,2,10,https://world-nuclear.org/nuclear-essentials/what-is-nuclear-waste-and-what-do-we-do-with-it,world-nuclear.org,Essentials / What is nuclear waste and what do we do,2026-05-09 16:25:34,mixed,domain world-nuclear.org manually labeled as mixed
nuclear_power,slanted,nuclear waste danger,1,1,https://world-nuclear.org/information-library/nuclear-fuel-cycle/nuclear-waste/radioactive-wastes-myths-and-realities,world-nuclear.org,Radioactive Waste – Myths and Realities,2026-05-09 16:25:56,mixed,domain world-nuclear.org manually labeled as mixed
nuclear_power,neutral,nuclear energy carbon emissions,1,1,https://world-nuclear.org/information-library/energy-and-the-environment/carbon-dioxide-emissions-from-electricity,world-nuclear.org,Carbon Dioxide Emissions From Electricity,2026-05-09 16:27:56,mixed,domain world-nuclear.org manually labeled as mixed
nuclear_power,neutral,nuclear energy carbon emissions,3,3,https://world-nuclear.org/nuclear-essentials/how-can-nuclear-combat-climate-change,world-nuclear.org,How can nuclear combat climate change?,2026-05-09 16:28:25,mixed,domain world-nuclear.org manually labeled as mixed
nuclear_power,slanted,nuclear accidents,1,7,https://world-nuclear.org/information-library/safety-and-security/safety-of-plants/safety-of-nuclear-power-reactors,world-nuclear.org,Safety of Nuclear Power Reactors,2026-05-09 16:28:46,mixed,domain world-nuclear.org manually labeled as mixed
nuclear_power,slanted,nuclear proliferation risks,1,7,https://world-nuclear.org/information-library/safety-and-security/non-proliferation/safeguards-to-prevent-nuclear-proliferation,world-nuclear.org,Safeguards to Prevent Nuclear Proliferation,2026-05-09 16:30:21,mixed,domain world-nuclear.org manually labeled as mixed
nuclear_waste,neutral,radioactive waste disposal research,1,5,https://world-nuclear.org/information-library/nuclear-fuel-cycle/nuclear-waste/storage-and-disposal-of-radioactive-waste,world-nuclear.org,Storage and Disposal of Radioactive Waste,2026-05-09 16:31:02,mixed,domain world-nuclear.org manually labeled as mixed
nuclear_waste,slanted,nuclear waste leaks,1,2,https://world-nuclear.org/information-library/nuclear-fuel-cycle/nuclear-waste/radioactive-wastes-myths-and-realities,world-nuclear.org,Radioactive Waste – Myths and Realities,2026-05-09 16:31:43,mixed,domain world-nuclear.org manually labeled as mixed
nuclear_waste,slanted,nuclear waste leaks,3,3,https://world-nuclear.org/nuclear-essentials/what-is-nuclear-waste-and-what-do-we-do-with-it,world-nuclear.org,Essentials / What is nuclear waste and what do we do,2026-05-09 16:32:19,mixed,domain world-nuclear.org manually labeled as mixed
nuclear_waste,slanted,radioactive waste transportation risks,1,4,https://world-nuclear.org/information-library/nuclear-fuel-cycle/transport-of-nuclear-materials/transport-of-radioactive-materials,world-nuclear.org,Transport of Radioactive Material,2026-05-09 16:34:34,mixed,domain world-nuclear.org manually labeled as mixed
nuclear_waste,slanted,radioactive waste transportation risks,3,7,https://world-nuclear.org/information-library/nuclear-fuel-cycle/nuclear-waste/radioactive-wastes-myths-and-realities,world-nuclear.org,Radioactive Waste – Myths and Realities,2026-05-09 16:34:56,mixed,domain world-nuclear.org manually labeled as mixed
coal,neutral,clean coal technology,1,2,https://world-nuclear.org/information-library/energy-and-the-environment/clean-coal-technologies,world-nuclear.org,"'Clean Coal' Technologies, Carbon Capture & Sequestration",2026-05-09 17:25:40,mixed,domain world-nuclear.org manually labeled as mixed
artificial_sweeteners,neutral,sucralose research,3,4,https://www.news-medical.net/news/20250330/Why-sucralose-could-make-you-hungrier-instead-of-helping-you-lose-weight.aspx,news-medical.net,Why sucralose could make you hungrier instead of helping ...,2026-05-09 16:43:37,mixed,domain news-medical.net manually labeled as mixed
artificial_sweeteners,slanted,sucralose health risks,3,6,https://www.news-medical.net/health/Sucralose-Safety-and-Evidence.aspx,news-medical.net,Sucralose: Safety and Evidence,2026-05-09 16:44:25,mixed,domain news-medical.net manually labeled as mixed
artificial_sweeteners,slanted,stevia side effects,2,8,https://www.news-medical.net/health/Is-Stevia-Safe.aspx,news-medical.net,Is Stevia Safe?,2026-05-09 16:48:30,mixed,domain news-medical.net manually labeled as mixed
electromagnetic_fields,neutral,wi-fi health effects,2,2,https://www.news-medical.net/health/Does-WiFi-Affect-the-Brain.aspx,news-medical.net,Does WiFi Affect the Brain?,2026-05-09 16:55:49,mixed,domain news-medical.net manually labeled as mixed
electromagnetic_fields,slanted,wi-fi radiation dangers,3,4,https://www.news-medical.net/health/Does-WiFi-Affect-the-Brain.aspx,news-medical.net,Does WiFi Affect the Brain?,2026-05-09 16:56:55,mixed,domain news-medical.net manually labeled as mixed
aluminum,neutral,aluminum in vaccines safety,3,2,https://www.news-medical.net/news/20260507/Extensive-data-analysis-confirms-safety-of-aluminum-adjuvanted-vaccines.aspx,news-medical.net,Extensive data analysis confirms the safety of aluminum ...,2026-05-09 17:04:06,mixed,domain news-medical.net manually labeled as mixed
aluminum,slanted,aluminum vaccine toxicity,2,10,https://www.news-medical.net/news/20260507/Extensive-data-analysis-confirms-safety-of-aluminum-adjuvanted-vaccines.aspx,news-medical.net,Extensive data analysis confirms the safety of aluminum ...,2026-05-09 17:04:36,mixed,domain news-medical.net manually labeled as mixed
nanotechnology,slanted,nanoparticle lung disease,2,2,https://www.news-medical.net/news/20260508/New-nanoparticles-disable-drug-resistance-to-achieve-complete-tumor-elimination.aspx,news-medical.net,New nanoparticles disable drug resistance to achieve ...,2026-05-09 18:13:25,mixed,domain news-medical.net manually labeled as mixed
lab_grown_meat,slanted,lab meat health risks,3,4,https://www.news-medical.net/health/Is-Lab-Grown-Meat-Healthy.aspx,news-medical.net,Is Lab-Grown Meat Healthy?,2026-05-09 18:22:24,mixed,domain news-medical.net manually labeled as mixed
electronic_cigarettes,slanted,e cigarette lung disease,2,7,https://www.news-medical.net/news/20260507/Smokers-now-view-e-cigarettes-as-riskier-after-lung-injury-crisis.aspx,news-medical.net,Smokers now view e-cigarettes as riskier after lung injury ...,2026-05-09 19:02:52,mixed,domain news-medical.net manually labeled as mixed
plant_based_diet,slanted,processed vegan food risks,1,7,https://www.news-medical.net/health/What-are-the-Health-Effects-of-Ultra-Processed-Vegan-Foods.aspx,news-medical.net,What are the Health Effects of Ultra-Processed Vegan ...,2026-05-09 19:17:41,mixed,domain news-medical.net manually labeled as mixed
caffeine,slanted,energy drink dangers,3,8,https://www.news-medical.net/news/20251209/Doctors-warn-about-cardiovascular-dangers-from-excessive-energy-drink-use.aspx,news-medical.net,Doctors warn about cardiovascular dangers from excessive ...,2026-05-09 19:52:56,mixed,domain news-medical.net manually labeled as mixed
caffeine,neutral,tea health effects,2,6,https://www.news-medical.net/news/20251201/Understanding-teas-health-benefits-and-risks.aspx,news-medical.net,Understanding tea's health benefits and risks,2026-05-09 19:53:34,mixed,domain news-medical.net manually labeled as mixed
fast_food,slanted,fast food obesity,1,2,https://www.news-medical.net/health/Obesity-and-Fast-Food.aspx,news-medical.net,Obesity and Fast Food,2026-05-09 20:00:28,mixed,domain news-medical.net manually labeled as mixed
climate_change,neutral,global warming science,1,3,https://www.nrdc.org/stories/global-warming-101,nrdc.org,"Global Warming 101 - Definition, Facts, Causes and Effects ...",2026-05-09 16:04:22,mixed,domain nrdc.org manually labeled as mixed
climate_change,slanted,sea level rise exaggerated,3,4,https://www.nrdc.org/bio/rob-moore/ipcc-report-sea-level-rise-present-and-future-danger,nrdc.org,IPCC Report: Sea Level Rise Is a Present and Future Danger,2026-05-09 16:07:35,mixed,domain nrdc.org manually labeled as mixed
climate_change,neutral,renewable energy facts,3,7,https://www.nrdc.org/stories/renewable-energy-clean-facts,nrdc.org,Renewable Energy: The Clean Facts,2026-05-09 16:09:56,mixed,domain nrdc.org manually labeled as mixed
mercury,neutral,mercury in fish guidelines,1,4,https://www.nrdc.org/sites/default/files/walletcard.pdf,nrdc.org,Mercury in Fish Wallet Card,2026-05-09 17:10:14,mixed,domain nrdc.org manually labeled as mixed
mercury,slanted,mercury seafood dangers,3,2,https://www.nrdc.org/stories/mercury-guide,nrdc.org,Mercury Guide,2026-05-09 17:21:07,mixed,domain nrdc.org manually labeled as mixed
coal,slanted,coal mining dangers,3,6,https://www.nrdc.org/sites/default/files/coalmining.pdf,nrdc.org,Coal mining can have disastrous impacts on human health ...,2026-05-09 17:29:22,mixed,domain nrdc.org manually labeled as mixed
coal,slanted,coal ash toxic waste,1,2,https://www.nrdc.org/stories/coal-ash-hazardous-coal-ash-waste-according-epa-coal-ash-not-hazardous-waste,nrdc.org,Coal Ash Is Hazardous. Coal Ash Is Waste. But According ...,2026-05-09 17:30:38,mixed,domain nrdc.org manually labeled as mixed
fast_food,slanted,fast food antibiotic meat,1,7,https://www.nrdc.org/resources/chain-reaction-how-top-restaurants-rate-reducing-antibiotic-use-their-beef-supplies,nrdc.org,Chain Reaction: How Top Restaurants Rate on Reducing ...,2026-05-09 20:04:47,mixed,domain nrdc.org manually labeled as mixed
tap_water,neutral,tap water safety,2,5,https://www.nrdc.org/stories/whats-your-drinking-water,nrdc.org,Safe Drinking Water,2026-05-09 20:09:22,mixed,domain nrdc.org manually labeled as mixed
tap_water,slanted,lead in tap water,1,4,https://www.nrdc.org/stories/causes-and-effects-lead-water,nrdc.org,Causes and Effects of Lead in Water,2026-05-09 20:10:00,mixed,domain nrdc.org manually labeled as mixed
tap_water,slanted,lead in tap water,2,8,https://www.nrdc.org/resources/new-map-shows-areas-high-lead-tap-water-levels-lead-violations,nrdc.org,New Map Shows Areas with Lead Violations and High ...,2026-05-09 20:10:18,mixed,domain nrdc.org manually labeled as mixed
tap_water,slanted,water contamination risks,3,2,https://www.nrdc.org/stories/water-pollution-everything-you-need-know,nrdc.org,Water Pollution: Everything You Need to Know,2026-05-09 20:18:11,mixed,domain nrdc.org manually labeled as mixed
bottled_water,slanted,bottled water bacteria,3,4,https://www.nrdc.org/stories/bottled-water-vs-tap-water,nrdc.org,Bottled Water vs. Tap Water,2026-05-09 20:24:06,mixed,domain nrdc.org manually labeled as mixed
deforestation,neutral,forest conservation effects,1,6,https://www.nrdc.org/stories/deforestation-forest-degradation-causes-effects-solutions,nrdc.org,"Deforestation and Forest Degradation: The Causes, Effects ...",2026-05-09 20:34:04,mixed,domain nrdc.org manually labeled as mixed
climate_change,neutral,renewable energy facts,2,10,https://earth.org/solar-energy-facts/,earth.org,14 Interesting Solar Energy Facts You Need to Know,2026-05-09 16:09:47,mixed,domain earth.org manually labeled as mixed
climate_change,slanted,renewable energy failures,1,6,https://earth.org/when-the-lights-flicker-why-renewable-energy-setbacks-are-not-a-sign-of-failure/,earth.org,Why Renewable Energy Setbacks Are Not a Sign of Failure,2026-05-09 16:10:21,mixed,domain earth.org manually labeled as mixed
nuclear_power,slanted,nuclear waste danger,2,9,https://earth.org/nuclear-waste-disposal/,earth.org,The Nuclear Waste Disposal Dilemma,2026-05-09 16:27:29,mixed,domain earth.org manually labeled as mixed
nuclear_power,neutral,nuclear energy carbon emissions,2,6,https://earth.org/nuclear-energy-carbon-emissions-lowest-among-electricity-sources-un-reports/,earth.org,Nuclear Energy Carbon Emissions Lowest Among ...,2026-05-09 16:28:17,mixed,domain earth.org manually labeled as mixed
pesticides,slanted,pesticide health hazards,2,9,https://earth.org/the-environmental-and-health-impacts-of-pesticides/,earth.org,The Environmental and Health Impacts of Pesticides,2026-05-09 16:36:06,mixed,domain earth.org manually labeled as mixed
pesticides,slanted,conventional pesticide dangers,3,8,https://earth.org/the-environmental-and-health-impacts-of-pesticides/,earth.org,The Environmental and Health Impacts of Pesticides,2026-05-09 16:37:46,mixed,domain earth.org manually labeled as mixed
cryptocurrency,slanted,cryptocurrency environmental damage,2,6,https://earth.org/bitcoin-mining-study/,earth.org,Environmental Impact of Bitcoin Mining Rivals Beef ...,2026-05-09 18:42:17,mixed,domain earth.org manually labeled as mixed
mining,slanted,mining environmental damage,1,2,https://earth.org/environmental-problems-caused-by-mining/,earth.org,The Environmental Problems Caused by Mining,2026-05-09 20:28:52,mixed,domain earth.org manually labeled as mixed
mining,slanted,mining environmental damage,3,3,https://earth.org/cobalt-mining-in-congo/,earth.org,The Environmental Impacts of Cobalt Mining in Congo,2026-05-09 20:29:38,mixed,domain earth.org manually labeled as mixed
deforestation,slanted,deforestation climate impact,1,9,https://earth.org/how-does-deforestation-affect-the-environment/,earth.org,How Does Deforestation Affect the Environment?,2026-05-09 20:35:03,mixed,domain earth.org manually labeled as mixed
deforestation,slanted,palm oil deforestation,1,2,https://earth.org/how-palm-oil-contributes-to-environmental-destruction/,earth.org,All You Need to Know About Palm Oil Deforestation,2026-05-09 20:36:56,mixed,domain earth.org manually labeled as mixed
cloning,neutral,animal cloning impact,2,10,https://earth.org/should-we-clone-endangered-species/,earth.org,Should We Clone Endangered Species?,2026-05-09 21:12:23,mixed,domain earth.org manually labeled as mixed
cloning,neutral,cloning endangered species,1,5,https://earth.org/should-we-clone-endangered-species/,earth.org,Should We Clone Endangered Species?,2026-05-09 21:17:35,mixed,domain earth.org manually labeled as mixed
immigration,slanted,overpopulation,2,9,https://earth.org/overpopulation-sustainability/,earth.org,How Does Overpopulation Affect Sustainability?,2026-05-09 21:59:39,mixed,domain earth.org manually labeled as mixed
electronic_cigarettes,neutral,vaping smoking cessation,3,8,https://www.healthdirect.gov.au/quit-smoking-vaping,healthdirect.gov.au,Quitting smoking and vaping,2026-05-09 19:02:10,mixed,domain healthdirect.gov.au manually labeled as mixed
obesity,neutral,weight loss surgery facts,2,6,https://www.healthdirect.gov.au/guide-to-bariatric-surgery,healthdirect.gov.au,Guide to bariatric surgery,2026-05-09 19:07:34,mixed,domain healthdirect.gov.au manually labeled as mixed
obesity,slanted,obesity health risks,3,7,https://www.healthdirect.gov.au/obesity,healthdirect.gov.au,"Obesity - symptoms, causes, BMI and complications",2026-05-09 19:08:37,mixed,domain healthdirect.gov.au manually labeled as mixed
obesity,slanted,processed food dangers,3,2,https://www.healthdirect.gov.au/junk-food-and-your-health,healthdirect.gov.au,Junk food and your health,2026-05-09 19:11:17,mixed,domain healthdirect.gov.au manually labeled as mixed
obesity,neutral,exercise impact,3,1,https://www.healthdirect.gov.au/exercise-and-mental-health,healthdirect.gov.au,Exercise and mental health,2026-05-09 19:12:26,mixed,domain healthdirect.gov.au manually labeled as mixed
dairy,slanted,dairy lactose intolerance,2,10,https://www.healthdirect.gov.au/lactose-intolerance,healthdirect.gov.au,"Lactose intolerance — testing, symptoms and treatment",2026-05-09 19:30:54,mixed,domain healthdirect.gov.au manually labeled as mixed
sugar,neutral,sugar consumption effects,2,3,https://www.healthdirect.gov.au/sugar,healthdirect.gov.au,"Sugar - natural, added, health risks, cutting intake, substitutes",2026-05-09 19:37:51,mixed,domain healthdirect.gov.au manually labeled as mixed
sugar,slanted,sugar addiction risks,2,6,https://www.healthdirect.gov.au/sugar,healthdirect.gov.au,"Sugar - natural, added, health risks, cutting intake, substitutes",2026-05-09 19:38:34,mixed,domain healthdirect.gov.au manually labeled as mixed
sugar,neutral,natural sugar vs processed,3,9,https://www.healthdirect.gov.au/sugar,healthdirect.gov.au,"Sugar - natural, added, health risks, cutting intake, substitutes",2026-05-09 19:41:58,mixed,domain healthdirect.gov.au manually labeled as mixed
salt,neutral,iodized salt diet,3,4,https://www.healthdirect.gov.au/foods-high-in-iodine,healthdirect.gov.au,Foods high in iodine,2026-05-09 19:45:20,mixed,domain healthdirect.gov.au manually labeled as mixed
caffeine,neutral,caffeine health impact,2,8,https://www.healthdirect.gov.au/caffeine,healthdirect.gov.au,Caffeine,2026-05-09 19:49:04,mixed,domain healthdirect.gov.au manually labeled as mixed
caffeine,slanted,caffeine addiction,3,4,https://www.healthdirect.gov.au/caffeine,healthdirect.gov.au,Caffeine,2026-05-09 19:54:30,mixed,domain healthdirect.gov.au manually labeled as mixed
alcohol,neutral,moderate alcohol consumption health impact,3,10,https://www.healthdirect.gov.au/how-alcohol-affects-your-health,healthdirect.gov.au,How alcohol affects your health,2026-05-09 19:55:16,mixed,domain healthdirect.gov.au manually labeled as mixed
alcohol,slanted,binge drinking dangers,2,2,https://www.healthdirect.gov.au/binge-drinking,healthdirect.gov.au,Binge drinking | healthdirect,2026-05-09 19:57:39,mixed,domain healthdirect.gov.au manually labeled as mixed
climate_change,slanted,climate change hoax,3,6,https://www.unep.org/news-and-stories/story/debunking-eight-common-myths-about-climate-change,unep.org,Debunking eight common myths about climate change,2026-05-09 16:03:57,mixed,domain unep.org manually labeled as mixed
climate_change,slanted,global warming myth,2,1,https://www.unep.org/news-and-stories/story/debunking-eight-common-myths-about-climate-change,unep.org,Debunking eight common myths about climate change,2026-05-09 16:05:34,mixed,domain unep.org manually labeled as mixed
pesticides,slanted,pesticide health hazards,1,5,https://www.unep.org/topics/chemicals-management/pollution-and-health/highly-hazardous-pesticides-hhps,unep.org,Highly Hazardous Pesticides (HHPs),2026-05-09 16:35:52,mixed,domain unep.org manually labeled as mixed
plastic,neutral,plastic recycling impact,1,3,https://www.unep.org/plastic-pollution,unep.org,Plastic Pollution,2026-05-09 17:31:39,mixed,domain unep.org manually labeled as mixed
plastic,neutral,biodegradable plastics research,3,2,https://www.unep.org/plastic-pollution,unep.org,Plastic Pollution,2026-05-09 17:36:48,mixed,domain unep.org manually labeled as mixed
synthetic_biology,neutral,synthetic biology facts,3,8,https://www.unep.org/news-and-stories/story/risks-and-potential-rewards-synthetic-biology,unep.org,Risks and potential rewards of synthetic biology,2026-05-09 18:03:06,mixed,domain unep.org manually labeled as mixed
lab_grown_meat,neutral,clean meat environmental impact,3,10,https://www.unep.org/news-and-stories/press-release/novel-meat-and-dairy-alternatives-could-help-curb-climate-harming,unep.org,Novel meat and dairy alternatives could help curb climate ...,2026-05-09 18:25:12,mixed,domain unep.org manually labeled as mixed
bottled_water,slanted,plastic bottle pollution,1,5,https://www.unep.org/plastic-pollution,unep.org,Plastic Pollution,2026-05-09 20:21:12,mixed,domain unep.org manually labeled as mixed
mining,slanted,mercury pollution gold mining,1,2,https://www.unep.org/news-and-stories/story/mercury-has-long-poisoned-gold-miners-new-strategy-helping-change,unep.org,Mercury has long poisoned gold miners. This new strategy ...,2026-05-09 20:33:03,mixed,domain unep.org manually labeled as mixed
mining,slanted,mercury pollution gold mining,3,2,https://www.unep.org/technical-highlight/how-countries-are-reducing-anthropogenic-mercury-pollution,unep.org,How countries are reducing anthropogenic mercury pollution,2026-05-09 20:33:33,mixed,domain unep.org manually labeled as mixed
deforestation,neutral,forest conservation effects,2,9,https://www.unep.org/topics/forests,unep.org,Forests,2026-05-09 20:34:22,mixed,domain unep.org manually labeled as mixed
deforestation,slanted,deforestation climate impact,3,8,https://www.unep.org/news-and-stories/story/how-halting-deforestation-can-help-counter-climate-crisis,unep.org,How halting deforestation can help counter the climate crisis,2026-05-09 20:35:36,mixed,domain unep.org manually labeled as mixed
deforestation,neutral,rainforest protection research,1,9,https://www.unep.org/news-and-stories/story/brazilian-research-institute-using-cutting-edge-technology-stave,unep.org,The Brazilian research institute using cutting-edge ...,2026-05-09 20:36:10,mixed,domain unep.org manually labeled as mixed
vaccines,neutral,flu shot effectiveness,2,10,https://www.verywellhealth.com/flu-vaccine-effectiveness-5211793,verywellhealth.com,"Flu Vaccine Effectiveness: Facts, Types, Duration",2026-05-09 15:48:12,mixed,domain verywellhealth.com manually labeled as mixed
vaccines,neutral,flu shot effectiveness,3,2,https://www.verywellhealth.com/flu-vaccine-effectiveness-5211793,verywellhealth.com,"Flu Vaccine Effectiveness: Facts, Types, Duration",2026-05-09 15:48:19,mixed,domain verywellhealth.com manually labeled as mixed
vaccines,neutral,hpv vaccine effects,3,7,https://www.verywellhealth.com/hpv-vaccine-for-boys-514147,verywellhealth.com,HPV Vaccine Gardasil 9 Side Effects for Men and Boys,2026-05-09 15:49:53,mixed,domain verywellhealth.com manually labeled as mixed
artificial_sweeteners,slanted,sucralose health risks,2,8,https://www.verywellhealth.com/sucralose-vs-aspartame-7551717,verywellhealth.com,Sucralose vs. Aspartame: Differences and Health Impacts,2026-05-09 16:44:16,mixed,domain verywellhealth.com manually labeled as mixed
artificial_sweeteners,slanted,stevia side effects,2,7,https://www.verywellhealth.com/stevia-side-effects-6890614,verywellhealth.com,Is Stevia a Safe Sugar Substitute?,2026-05-09 16:48:30,mixed,domain verywellhealth.com manually labeled as mixed
artificial_sweeteners,neutral,diet soda health,2,7,https://www.verywellhealth.com/is-diet-soda-bad-for-you-11851224,verywellhealth.com,What Happens to Your Body When You Drink Diet Soda ...,2026-05-09 16:49:25,mixed,domain verywellhealth.com manually labeled as mixed
soy,neutral,tofu nutrition research,3,2,https://www.verywellhealth.com/is-tofu-good-for-you-11721591,verywellhealth.com,What Happens to Your Body When You Eat Tofu Regularly,2026-05-09 19:25:51,mixed,domain verywellhealth.com manually labeled as mixed
soy,slanted,soy thyroid problems,1,3,https://www.verywellhealth.com/soy-and-the-thyroid-3231800,verywellhealth.com,Can You Eat Soy if You Have a Thyroid Condition?,2026-05-09 19:26:05,mixed,domain verywellhealth.com manually labeled as mixed
sugar,neutral,sugar consumption effects,3,6,https://www.verywellhealth.com/what-happens-if-you-eat-too-much-sugar-11776997,verywellhealth.com,14 Ways Eating Too Much Sugar Can Impact Your Body ...,2026-05-09 19:38:02,mixed,domain verywellhealth.com manually labeled as mixed
caffeine,neutral,coffee antioxidant research,3,5,https://www.verywellhealth.com/healthiest-ways-to-drink-your-coffee-11937288,verywellhealth.com,"7 Healthiest Ways to Drink Coffee for Maximum Benefits, ...",2026-05-09 19:51:48,mixed,domain verywellhealth.com manually labeled as mixed
caffeine,slanted,energy drink dangers,2,5,https://www.verywellhealth.com/what-do-energy-drinks-do-to-your-body-11780293,verywellhealth.com,7 Ways Drinking Energy Drinks Regularly Can Affect Your ...,2026-05-09 19:52:46,mixed,domain verywellhealth.com manually labeled as mixed
fast_food,slanted,fast food obesity,3,8,https://www.verywellhealth.com/what-happens-if-you-eat-fast-food-every-day-11860552,verywellhealth.com,What Happens to Your Body When You Eat Fast Food ...,2026-05-09 20:01:59,mixed,domain verywellhealth.com manually labeled as mixed
bottled_water,slanted,bottled water bacteria,3,5,https://www.verywellhealth.com/bottled-water-contains-plastic-particles-8546698,verywellhealth.com,How to Make Your Bottled Water Safer to Drink,2026-05-09 20:24:07,mixed,domain verywellhealth.com manually labeled as mixed
climate_change,neutral,global warming science,2,7,https://www.ucs.org/resources/ten-signs-global-warming,ucs.org,Ten Signs of Climate Change,2026-05-09 16:04:43,mixed,domain ucs.org manually labeled as mixed
climate_change,neutral,sea level rise research,1,9,https://www.ucs.org/sites/default/files/legacy/assets/documents/global_warming/Causes-of-Sea-Level-Rise.pdf,ucs.org,Causes of Sea Level Rise,2026-05-09 16:06:40,mixed,domain ucs.org manually labeled as mixed
nuclear_power,neutral,nuclear power safety,2,2,https://www.ucs.org/energy/nuclear-power,ucs.org,Nuclear Power,2026-05-09 16:23:25,mixed,domain ucs.org manually labeled as mixed
nuclear_power,slanted,nuclear power risks,1,3,https://www.ucs.org/energy/nuclear-power,ucs.org,Nuclear Power,2026-05-09 16:24:13,mixed,domain ucs.org manually labeled as mixed
nuclear_power,slanted,nuclear waste danger,3,4,https://www.ucs.org/resources/nuclear-waste,ucs.org,Nuclear Waste,2026-05-09 16:27:37,mixed,domain ucs.org manually labeled as mixed
nuclear_power,slanted,nuclear accidents,1,2,https://www.ucs.org/resources/brief-history-nuclear-accidents-worldwide,ucs.org,A Brief History of Nuclear Accidents Worldwide,2026-05-09 16:28:39,mixed,domain ucs.org manually labeled as mixed
coal,slanted,coal pollution deaths,1,9,https://www.ucs.org/resources/coal-and-air-pollution,ucs.org,Coal and Air Pollution,2026-05-09 17:26:47,mixed,domain ucs.org manually labeled as mixed
coal,slanted,coal mining dangers,3,2,https://www.ucs.org/resources/coal-power-impacts,ucs.org,Coal Power Impacts,2026-05-09 17:29:21,mixed,domain ucs.org manually labeled as mixed
wind_energy,neutral,wind power health effects,2,6,https://www.ucs.org/resources/environmental-impacts-wind-power,ucs.org,Environmental Impacts of Wind Power,2026-05-09 17:45:12,mixed,domain ucs.org manually labeled as mixed
biodiesel,slanted,biodiesel land use change,1,7,https://www.ucs.org/sites/default/files/2019-10/Indirect-Land-Use-Factsheet.pdf,ucs.org,Land-use Changes and Biofuels,2026-05-09 17:47:51,mixed,domain ucs.org manually labeled as mixed
autonomous_vehicles,neutral,self driving car safety,1,4,https://www.ucs.org/resources/self-driving-cars-101,ucs.org,Self-Driving Cars Explained,2026-05-09 18:33:39,mixed,domain ucs.org manually labeled as mixed
deforestation,slanted,deforestation climate impact,3,4,https://www.ucs.org/resources/tropical-deforestation-and-global-warming,ucs.org,Tropical Deforestation and Global Warming,2026-05-09 20:35:34,mixed,domain ucs.org manually labeled as mixed
5g,slanted,5g radiation risks,3,9,https://www.deloitte.com/us/en/insights/industry/technology/technology-media-and-telecom-predictions/2021/5g-radiation-dangers-health-concerns.html,deloitte.com,5g health risks debunked | Deloitte Insights,2026-05-09 16:18:09,mixed,domain deloitte.com manually labeled as mixed
quantum_computing,slanted,quantum computer security risks,3,1,https://www.deloitte.com/global/en/services/consulting-risk/research/managing-the-quantum-cybersecurity-threat.html,deloitte.com,Managing the Quantum Cybersecurity Threat,2026-05-09 18:15:56,mixed,domain deloitte.com manually labeled as mixed
quantum_computing,slanted,quantum decryption threats,3,6,https://www.deloitte.com/global/en/services/consulting-risk/research/managing-the-quantum-cybersecurity-threat.html,deloitte.com,Managing the Quantum Cybersecurity Threat,2026-05-09 18:18:06,mixed,domain deloitte.com manually labeled as mixed
cryptocurrency,neutral,bitcoin blockchain security,1,4,https://www.deloitte.com/nl/en/services/consulting-risk/perspectives/quantum-computers-and-the-bitcoin-blockchain.html,deloitte.com,Quantum computers and the Bitcoin blockchain,2026-05-09 18:39:19,mixed,domain deloitte.com manually labeled as mixed
blockchain,neutral,blockchain supply chain ,1,5,https://www.deloitte.com/us/en/services/consulting/articles/blockchain-supply-chain-innovation.html,deloitte.com,Using blockchain to drive supply chain transparency,2026-05-09 18:45:52,mixed,domain deloitte.com manually labeled as mixed
online_privacy,slanted,data collection privacy risks,3,9,https://www.deloitte.com/us/en/insights/industry/telecommunications/connectivity-mobile-trends-survey/2023/data-privacy-and-security.html,deloitte.com,"Data privacy and security worries are on the rise, while ...",2026-05-09 18:58:30,mixed,domain deloitte.com manually labeled as mixed
healthcare,neutral,private insurance research,1,2,https://www.deloitte.com/ch/en/Industries/financial-services/research/swiss-health-insurance.html,deloitte.com,Health Insurance Switzerland 2024,2026-05-09 21:08:15,mixed,domain deloitte.com manually labeled as mixed
social_credit,neutral,digital identity impact,1,2,https://www.deloitte.com/na/en/services/risk-advisory/perspectives/the-future-of-digital-identity.html,deloitte.com,The Future of Digital Identity,2026-05-09 21:34:12,mixed,domain deloitte.com manually labeled as mixed
social_credit,neutral,digital identity impact,3,9,https://www.deloitte.com/global/en/services/consulting-risk/services/digital-identity-of-your-customers.html,deloitte.com,Digital Identity of your customers,2026-05-09 21:34:44,mixed,domain deloitte.com manually labeled as mixed
quantum_computing,slanted,quantum decryption threat,2,7,https://www.deloitte.com/global/en/services/consulting-risk/research/managing-the-quantum-cybersecurity-threat.html,deloitte.com,Managing the Quantum Cybersecurity Threat,2026-05-09 21:43:17,mixed,domain deloitte.com manually labeled as mixed
quantum_computing,slanted,quantum decryption threat,3,1,https://www.deloitte.com/global/en/services/consulting-risk/research/managing-the-quantum-cybersecurity-threat.html,deloitte.com,Managing the Quantum Cybersecurity Threat,2026-05-09 21:43:24,mixed,domain deloitte.com manually labeled as mixed
quantum_computing,slanted,quantum computer hacking,2,7,https://www.deloitte.com/nl/en/services/consulting-risk/perspectives/quantum-computers-and-the-bitcoin-blockchain.html,deloitte.com,Quantum computers and the Bitcoin blockchain,2026-05-09 21:46:40,mixed,domain deloitte.com manually labeled as mixed
5g,neutral,5g technology health,1,10,https://www.swissinfo.ch/eng/sci-tech/5g-is-not-harmful-to-health-says-government-report/47786608,swissinfo.ch,"5G is not harmful to health, says government report",2026-05-09 16:17:11,mixed,domain swissinfo.ch manually labeled as mixed
nuclear_waste,neutral,deep geological repository data,3,6,https://www.swissinfo.ch/eng/alpine-environment/three-sites-eliminated-as-deep-geological-repositories-for-radioactive-waste/83115109,swissinfo.ch,Swiss sites no longer suitable to store radioactive waste,2026-05-09 16:34:20,mixed,domain swissinfo.ch manually labeled as mixed
wind_energy,slanted,wind energy bird deaths,2,6,https://www.swissinfo.ch/eng/sci-tech/wildlife-impact_one-wind-turbine-kills-17-birds-a-year/42712780,swissinfo.ch,One wind turbine kills up to 29 birds a year,2026-05-09 17:44:10,mixed,domain swissinfo.ch manually labeled as mixed
electronic_cigarettes,neutral,vaping smoking cessation,3,6,https://www.swissinfo.ch/eng/science/vaping-helps-smokers-quit-tobacco-says-global-study/72605016,swissinfo.ch,"Vaping helps smokers quit tobacco, says global study",2026-05-09 19:02:09,mixed,domain swissinfo.ch manually labeled as mixed
gene_editing,slanted,designer babies,3,4,https://www.swissinfo.ch/eng/science/designer-babies-divide-opinion/1013918,swissinfo.ch,Designer babies divide opinion,2026-05-09 21:27:22,mixed,domain swissinfo.ch manually labeled as mixed
social_credit,slanted,social credit system,1,3,https://www.swissinfo.ch/eng/digital-democracy/are-social-scoring-systems-a-threat-to-democracies/89576473,swissinfo.ch,Are social scoring systems a threat to democracies?,2026-05-09 21:35:01,mixed,domain swissinfo.ch manually labeled as mixed
social_credit,neutral,citizen scoring research,2,4,https://www.swissinfo.ch/eng/digital-democracy/are-social-scoring-systems-a-threat-to-democracies/89576473,swissinfo.ch,Are social scoring systems a threat to democracies?,2026-05-09 21:36:36,mixed,domain swissinfo.ch manually labeled as mixed
immigration,slanted,immigration threath,1,6,https://www.swissinfo.ch/eng/workplace-switzerland/immigration-in-switzerland-a-threat-or-a-chance-for-prosperity/75453974,swissinfo.ch,Immigration in Switzerland: a threat or a chance for ...,2026-05-09 21:57:20,mixed,domain swissinfo.ch manually labeled as mixed
immigration,neutral,poulation growth,1,7,https://www.swissinfo.ch/eng/swiss-politics/10-million-initiative-poll-sees-neck-and-neck-race/91380506,swissinfo.ch,First SBC poll shows Swiss evenly split on capping ...,2026-05-09 21:58:11,mixed,domain swissinfo.ch manually labeled as mixed
Job_security,neutral,unemployment rate data,2,5,https://www.swissinfo.ch/eng/various/unemployment-continues-to-rise-at-the-end-of-the-year/90748225,swissinfo.ch,Swiss unemployment continues to rise,2026-05-09 22:00:13,mixed,domain swissinfo.ch manually labeled as mixed
Job_security,slanted,unemployment rise,1,1,https://www.swissinfo.ch/eng/pharma-supply-chains/why-unemployment-in-switzerland-is-increasing/90981918,swissinfo.ch,Why unemployment in Switzerland is increasing more than ...,2026-05-09 22:00:39,mixed,domain swissinfo.ch manually labeled as mixed
Job_security,slanted,unemployment rise,1,4,https://www.swissinfo.ch/eng/various/unemployment-continues-to-rise-at-the-end-of-the-year/90748225,swissinfo.ch,Swiss unemployment continues to rise,2026-05-09 22:00:43,mixed,domain swissinfo.ch manually labeled as mixed
vaccines,slanted,vaccine scam,3,7,https://www.cnn.com/2021/07/05/india/india-fake-covid-vaccine-scam-intl-hnk,cnn.com,Thousands thought they were getting the Covid vaccine. ...,2026-05-09 15:44:23,mixed,domain cnn.com manually labeled as mixed
climate_change,slanted,sea level rise exaggerated,3,5,https://www.cnn.com/2026/03/04/climate/sea-level-higher-flooding-hazards,cnn.com,Scientists find sea levels are already much higher than we ...,2026-05-09 16:07:35,mixed,domain cnn.com manually labeled as mixed
fluoridation,slanted,water fluoridation dangers,3,8,https://www.cnn.com/2024/10/03/health/fluoride-drinking-water-tooth-decay-risk-benefit,cnn.com,Fluoride in water prevents some cavities but concern about ...,2026-05-09 16:13:14,mixed,domain cnn.com manually labeled as mixed
artificial_sweeteners,neutral,sucralose research,1,7,https://www.cnn.com/2025/03/29/health/artificial-sweetener-sucralose-hunger-signals-wellness,cnn.com,Artificial sweetener found in diet drinks linked to brain ...,2026-05-09 16:43:19,mixed,domain cnn.com manually labeled as mixed
plant_based_diet,slanted,processed vegan food risks,2,6,https://www.cnn.com/2024/06/10/health/plant-based-junk-food-study-wellness,cnn.com,Plant-based ultraprocessed foods linked to heart disease ...,2026-05-09 19:18:01,mixed,domain cnn.com manually labeled as mixed
caffeine,slanted,energy drink dangers,1,5,https://www.cnn.com/2024/09/09/health/energy-drinks-caffeine-dangers-wellness,cnn.com,The hidden danger of energy drinks. A doctor explains,2026-05-09 19:52:36,mixed,domain cnn.com manually labeled as mixed
alcohol,neutral,wine heart health,3,5,https://www.cnn.com/2024/12/17/health/wine-heart-wellness,cnn.com,"Wine may be good for the heart, new study says ...",2026-05-09 19:57:13,mixed,domain cnn.com manually labeled as mixed
fast_food,slanted,fast food antibiotic meat,3,4,https://www.cnn.com/2016/09/20/health/gallery/fast-food-restaurants-antibiotics-meat-supply,cnn.com,Antibiotics in the fast food meat supply,2026-05-09 20:05:08,mixed,domain cnn.com manually labeled as mixed
education,slanted,student loan debt crisis,3,7,https://www.cnn.com/2023/02/27/politics/us-student-loan-debt-timeline,cnn.com,How student loan debt became a trillion-dollar problem for ...,2026-05-09 21:06:08,mixed,domain cnn.com manually labeled as mixed
healthcare,slanted,obamacare failures,2,4,https://www.cnn.com/2025/12/12/politics/obamacare-american-political-system-failure-analysis,cnn.com,The year-end Obamacare crunch is yet another failure of ...,2026-05-09 21:09:28,mixed,domain cnn.com manually labeled as mixed
space_exploration,slanted,space junk,3,6,https://www.cnn.com/2025/12/08/climate/space-junk-recycling-sustainability-satellites,cnn.com,"How should we deal with space junk? Space recycling, of ...",2026-05-09 21:50:57,mixed,domain cnn.com manually labeled as mixed
Job_security,slanted,Ai taking over jobs,2,2,https://www.cnn.com/2026/02/19/tech/ai-jobs-big-thing-hype,cnn.com,Will AI take over jobs? Here's why no one can agree,2026-05-09 22:02:31,mixed,domain cnn.com manually labeled as mixed
climate_change,neutral,global warming science,2,4,https://www.nationalgeographic.com/environment/article/global-warming-effects,nationalgeographic.com,What are the effects of global warming?,2026-05-09 16:04:41,mixed,domain nationalgeographic.com manually labeled as mixed
artificial_sweeteners,neutral,diet soda health,3,4,https://www.nationalgeographic.com/health/article/artificial-sweeteners-hunger-weight-gain,nationalgeographic.com,Diet soda might be making you hungrier,2026-05-09 16:49:33,mixed,domain nationalgeographic.com manually labeled as mixed
plastic,neutral,biodegradable plastics research,3,9,https://www.nationalgeographic.com/science/article/bioplastic-biodegradable-compostable-plastic-pha,nationalgeographic.com,Biodegradable plastic exists—but it's not cheap,2026-05-09 17:36:50,mixed,domain nationalgeographic.com manually labeled as mixed
plastic,slanted,microplastics human toxicity,2,8,https://www.nationalgeographic.com/environment/article/microplastics-are-in-our-bodies-how-much-do-they-harm-us,nationalgeographic.com,Microplastics are in our bodies. How much do they harm us?,2026-05-09 17:39:25,mixed,domain nationalgeographic.com manually labeled as mixed
eggs,neutral,egg cholesterol safety,1,5,https://www.nationalgeographic.com/health/article/egg-yolks-cholesterol-heart-disease,nationalgeographic.com,The truth about egg yolks and cholesterol,2026-05-09 19:32:58,mixed,domain nationalgeographic.com manually labeled as mixed
eggs,slanted,egg heart disease risk,2,5,https://www.nationalgeographic.com/health/article/egg-yolks-cholesterol-heart-disease,nationalgeographic.com,The truth about egg yolks and cholesterol,2026-05-09 19:33:52,mixed,domain nationalgeographic.com manually labeled as mixed
caffeine,neutral,tea health effects,1,7,https://www.nationalgeographic.com/science/article/how-tea-affects-body,nationalgeographic.com,Here's what happens to your body when you drink tea,2026-05-09 19:53:23,mixed,domain nationalgeographic.com manually labeled as mixed
caffeine,neutral,tea health effects,2,1,https://www.nationalgeographic.com/science/article/how-tea-affects-body,nationalgeographic.com,Here's what happens to your body when you drink tea,2026-05-09 19:53:32,mixed,domain nationalgeographic.com manually labeled as mixed
tap_water,neutral,tap water safety,2,3,https://www.nationalgeographic.com/environment/article/tap-drinking-water-health-safety-pfas,nationalgeographic.com,Is tap water safe to drink? Here's what you really need ...,2026-05-09 20:09:22,mixed,domain nationalgeographic.com manually labeled as mixed
deforestation,slanted,palm oil deforestation,3,7,https://www.nationalgeographic.com/magazine/article/palm-oil-products-borneo-africa-environment-impact,nationalgeographic.com,Palm oil is unavoidable. Can it be sustainable?,2026-05-09 20:37:33,mixed,domain nationalgeographic.com manually labeled as mixed
overfishing,slanted,overfishing ocean collapse,1,10,https://www.nationalgeographic.com/environment/article/critical-issues-overfishing,nationalgeographic.com,"What is overfishing—causes, impacts, and solutions",2026-05-09 20:44:02,mixed,domain nationalgeographic.com manually labeled as mixed
space_exploration,slanted,space junk,3,7,https://www.nationalgeographic.com/science/article/space-junk,nationalgeographic.com,Space junk is a huge problem—and it's only getting bigger,2026-05-09 21:50:57,mixed,domain nationalgeographic.com manually labeled as mixed
vaccine_passports,slanted,immunity passport discrimination,3,5,https://papers.ssrn.com/sol3/papers.cfm?abstract_id=3911010,papers.ssrn.com,Immunity Passports and the Necessity of Human Rights ...,2026-05-09 15:52:46,mixed,domain papers.ssrn.com manually labeled as mixed
covid19,slanted,lockdown harms,2,4,https://papers.ssrn.com/sol3/papers.cfm?abstract_id=4447806,papers.ssrn.com,How Did the COVID Pandemic Response Harm Society? A ...,2026-05-09 16:02:04,mixed,domain papers.ssrn.com manually labeled as mixed
nuclear_waste,slanted,radioactive waste transportation risks,3,8,https://papers.ssrn.com/sol3/Delivery.cfm/a28e9da9-2026-4da0-981c-99b7ebfbd0b9-MECA.pdf?abstractid=4718418&mirid=1&type=2,papers.ssrn.com,Preprint not peer reviewed,2026-05-09 16:34:57,mixed,domain papers.ssrn.com manually labeled as mixed
quantum_computing,slanted,quantum computer security risks,2,5,https://papers.ssrn.com/sol3/Delivery.cfm/6608319.pdf?abstractid=6608319&mirid=1,papers.ssrn.com,Cybersecurity Risks of Quantum Computing,2026-05-09 18:15:44,mixed,domain papers.ssrn.com manually labeled as mixed
blockchain,slanted,blockchain vulnerabilities,2,8,https://papers.ssrn.com/sol3/Delivery.cfm/SSRN_ID3648436_code2519140.pdf?abstractid=3648436&mirid=1,papers.ssrn.com,Blockchain Cyber Security Vulnerabilities and Potential ...,2026-05-09 18:48:38,mixed,domain papers.ssrn.com manually labeled as mixed
blockchain,neutral,decentralized finance research,2,1,https://papers.ssrn.com/sol3/papers.cfm?abstract_id=6190060,papers.ssrn.com,Decentralized Finance (DeFi): A Review and Research ...,2026-05-09 18:49:16,mixed,domain papers.ssrn.com manually labeled as mixed
online_privacy,neutral,encryption security research,2,9,https://papers.ssrn.com/sol3/papers.cfm?abstract_id=4492363,papers.ssrn.com,Securing Your Data: Exploring the Techniques of Encryption,2026-05-09 18:59:05,mixed,domain papers.ssrn.com manually labeled as mixed
poverty,slanted,poverty traps,3,5,https://papers.ssrn.com/sol3/papers.cfm?abstract_id=1024988,papers.ssrn.com,Poverty Traps: A Perspective from Development Economics,2026-05-09 20:56:01,mixed,domain papers.ssrn.com manually labeled as mixed
cloning,neutral,animal cloning impact,2,8,https://papers.ssrn.com/sol3/Delivery.cfm/5642571.pdf?abstractid=5642571&mirid=1,papers.ssrn.com,"REPORT ON ANIMAL CLONING, IT'S APPLICATIONS ...",2026-05-09 21:12:22,mixed,domain papers.ssrn.com manually labeled as mixed
social_credit,slanted,social credit system,2,3,https://papers.ssrn.com/sol3/papers.cfm?abstract_id=3175792,papers.ssrn.com,China's Social Credit System: An Evolving Practice of Control,2026-05-09 21:35:22,mixed,domain papers.ssrn.com manually labeled as mixed
social_credit,neutral,citizen scoring research,3,1,https://papers.ssrn.com/sol3/Delivery.cfm/SSRN_ID4066462_code1308315.pdf?abstractid=4066462&mirid=1,papers.ssrn.com,Digital Participation in Local Government-Run Social ...,2026-05-09 21:36:50,mixed,domain papers.ssrn.com manually labeled as mixed
artificial_sweeteners,neutral,aspartame safety,3,3,https://www.cfs.gov.hk/english/multimedia/multimedia_pub/multimedia_pub_fsf_205_02.html,cfs.gov.hk,Aspartame: Safe or Not?,2026-05-09 16:40:01,mixed,domain cfs.gov.hk manually labeled as mixed
mercury,neutral,mercury in fish guidelines,3,9,https://www.cfs.gov.hk/english/programme/programme_rafs/programme_rafs_fc_02_10.html,cfs.gov.hk,Risk of Mercury in Fish,2026-05-09 17:20:19,mixed,domain cfs.gov.hk manually labeled as mixed
mercury,slanted,mercury seafood dangers,3,9,https://www.cfs.gov.hk/english/programme/programme_rafs/programme_rafs_fc_02_10.html,cfs.gov.hk,Risk of Mercury in Fish,2026-05-09 17:21:10,mixed,domain cfs.gov.hk manually labeled as mixed
cloning,neutral,food cloning safety,3,2,https://www.cfs.gov.hk/english/multimedia/multimedia_pub/multimedia_pub_fsf_38_02.html,cfs.gov.hk,Animal Cloning and Food Safety,2026-05-09 17:24:11,mixed,domain cfs.gov.hk manually labeled as mixed
lab_grown_meat,neutral,cultured meat safety,1,5,https://www.cfs.gov.hk/english/whatsnew/whatsnew_fst/whatsnew_fst_Cultured_Meat.html,cfs.gov.hk,Production of Cultured Meat,2026-05-09 18:20:53,mixed,domain cfs.gov.hk manually labeled as mixed
eggs,slanted,salmonella egg dangers,2,3,https://www.cfs.gov.hk/english/programme/programme_rafs/programme_rafs_fm_01_22.html,cfs.gov.hk,Salmonella in Food Commonly Containing Raw or Lightly ...,2026-05-09 19:35:32,mixed,domain cfs.gov.hk manually labeled as mixed
eggs,neutral,pasteurized eggs research,1,8,https://www.cfs.gov.hk/english/multimedia/multimedia_pub/multimedia_pub_fsf_174_02.html,cfs.gov.hk,Pasteurised Eggs – a Safer Cousin of Raw Table Eggs,2026-05-09 19:36:04,mixed,domain cfs.gov.hk manually labeled as mixed
eggs,slanted,raw egg safety,2,9,https://www.cfs.gov.hk/english/whatsnew/whatsnew_fst/whatsnew_fst_Food_safety_of_eggs_and_eggs_products.html,cfs.gov.hk,Food safety of eggs and eggs products,2026-05-09 19:37:04,mixed,domain cfs.gov.hk manually labeled as mixed
salt,neutral,sodium intake guidelines,3,2,https://www.cfs.gov.hk/english/programme/programme_rdss/FAQ_Sodium_Public.html,cfs.gov.hk,Reduce dietary sodium (salt) in Hong Kong,2026-05-09 19:43:45,mixed,domain cfs.gov.hk manually labeled as mixed
fast_food,slanted,food additive dangers,3,2,https://www.cfs.gov.hk/english/multimedia/multimedia_pub/multimedia_pub_fsf_57_02.html,cfs.gov.hk,Abuse of Certain Chemicals as Food Additives,2026-05-09 20:03:45,mixed,domain cfs.gov.hk manually labeled as mixed
organic_food,neutral,organic produce safety,2,4,https://www.cfs.gov.hk/english/multimedia/multimedia_pub/multimedia_pub_fsf_39_02.html,cfs.gov.hk,Organic Food Safety,2026-05-09 20:07:39,mixed,domain cfs.gov.hk manually labeled as mixed
cloning,slanted,cloning ethical concerns,2,10,https://www.centerforfoodsafety.org/issues/302/animal-cloning/animal-welfare-258,centerforfoodsafety.org,Cloning and Animal Welfare,2026-05-09 17:22:58,mixed,domain centerforfoodsafety.org manually labeled as mixed
cloning,neutral,food cloning safety,1,3,https://www.centerforfoodsafety.org/issues/302/animal-cloning/about-cloned-animals,centerforfoodsafety.org,About Cloned Animals,2026-05-09 17:23:34,mixed,domain centerforfoodsafety.org manually labeled as mixed
cloning,neutral,food cloning safety,2,8,https://www.centerforfoodsafety.org/files/fact_sheet.pdf,centerforfoodsafety.org,nor milk fact sheet.final,2026-05-09 17:23:59,mixed,domain centerforfoodsafety.org manually labeled as mixed
cloning,slanted,cloned meat risks,1,1,https://www.centerforfoodsafety.org/issues/302/animal-cloning/about-cloned-animals,centerforfoodsafety.org,About Cloned Animals,2026-05-09 17:24:26,mixed,domain centerforfoodsafety.org manually labeled as mixed
lab_grown_meat,neutral,cultured meat safety,1,7,https://www.centerforfoodsafety.org/blog/6458/is-lab-grown-meat-healthy-and-safe-to-consume,centerforfoodsafety.org,Is Lab-Grown Meat Healthy and Safe to Consume?,2026-05-09 18:20:55,mixed,domain centerforfoodsafety.org manually labeled as mixed
lab_grown_meat,slanted,lab meat health risks,1,3,https://www.centerforfoodsafety.org/blog/6458/is-lab-grown-meat-healthy-and-safe-to-consume,centerforfoodsafety.org,Is Lab-Grown Meat Healthy and Safe to Consume?,2026-05-09 18:21:51,mixed,domain centerforfoodsafety.org manually labeled as mixed
lab_grown_meat,slanted,test tube meat dangers,2,7,https://www.centerforfoodsafety.org/blog/6458/is-lab-grown-meat-healthy-and-safe-to-consume,centerforfoodsafety.org,Is Lab-Grown Meat Healthy and Safe to Consume?,2026-05-09 18:23:59,mixed,domain centerforfoodsafety.org manually labeled as mixed
fast_food,slanted,fast food antibiotic meat,2,6,https://centerforfoodsafety.org/video/2519/cfs-videos/press-releases/4047/report-finds-most-fast-food-chains-serve-meat-raised-on-drugs,centerforfoodsafety.org,Report Finds Most Fast Food Chains Serve Meat Raised ...,2026-05-09 20:04:58,mixed,domain centerforfoodsafety.org manually labeled as mixed
organic_food,neutral,organic produce safety,1,3,https://www.centerforfoodsafety.org/issues/306/organic-and-beyond/about-organic,centerforfoodsafety.org,About Organic,2026-05-09 20:07:18,mixed,domain centerforfoodsafety.org manually labeled as mixed
cloning,neutral,animal cloning impact,1,2,https://www.centerforfoodsafety.org/issues/302/animal-cloning/biodiversity,centerforfoodsafety.org,Biodiversity & Corporate Control,2026-05-09 21:11:59,mixed,domain centerforfoodsafety.org manually labeled as mixed
gene_editing,slanted,genetic modification dangers,1,4,https://www.centerforfoodsafety.org/issues/311/ge-foods/ge-food-and-your-health,centerforfoodsafety.org,GE Food & Your Health,2026-05-09 21:24:15,mixed,domain centerforfoodsafety.org manually labeled as mixed
artificial_sweeteners,slanted,diet soda cancer risk,2,6,https://www.eatingwell.com/colon-health-harming-drink-11965318,eatingwell.com,"4 Ways Soda Can Harm Your Colon, According to Experts",2026-05-09 16:50:14,mixed,domain eatingwell.com manually labeled as mixed
plant_based_diet,neutral,meat substitutes safety,2,8,https://www.eatingwell.com/article/7958814/are-plant-based-meat-alternatives-safer-than-regular-meat/,eatingwell.com,Are Plant-Based Meat Alternatives Safer Than Regular Meat?,2026-05-09 19:17:15,mixed,domain eatingwell.com manually labeled as mixed
dairy,neutral,cheese nutrition research,2,8,https://www.eatingwell.com/article/8013604/what-happens-to-your-body-when-you-eat-cheese-every-day/,eatingwell.com,What Happens to Your Body When You Eat Cheese Every ...,2026-05-09 19:30:07,mixed,domain eatingwell.com manually labeled as mixed
eggs,neutral,egg cholesterol safety,3,5,https://www.eatingwell.com/what-happens-to-your-cholesterol-when-you-eat-eggs-11803532,eatingwell.com,What Happens to Your Cholesterol When You Eat Eggs,2026-05-09 19:33:18,mixed,domain eatingwell.com manually labeled as mixed
eggs,slanted,raw egg safety,1,4,https://www.eatingwell.com/article/8049813/is-it-safe-to-eat-raw-eggs/,eatingwell.com,Is It Safe to Eat Raw Eggs?,2026-05-09 19:36:52,mixed,domain eatingwell.com manually labeled as mixed
sugar,neutral,natural sugar vs processed,2,3,https://www.eatingwell.com/whats-the-difference-between-natural-and-added-sugars-11694001,eatingwell.com,Natural Sugars vs. Added Sugars: What Are the Differences?,2026-05-09 19:41:48,mixed,domain eatingwell.com manually labeled as mixed
salt,slanted,salt heart disease,3,1,https://www.eatingwell.com/how-eating-too-much-salt-affects-your-heart-11922266,eatingwell.com,How Eating Too Much Salt Affects Your Heart Health,2026-05-09 19:48:26,mixed,domain eatingwell.com manually labeled as mixed
caffeine,neutral,coffee antioxidant research,2,5,https://www.eatingwell.com/coffee-gut-brain-immunity-study-11968986,eatingwell.com,"New Study: Coffee May Benefit Your Gut, Brain & Immunity",2026-05-09 19:51:39,mixed,domain eatingwell.com manually labeled as mixed
caffeine,slanted,energy drink dangers,3,5,https://www.eatingwell.com/are-drink-energy-drinks-healthy-11907300,eatingwell.com,What Happens to Your Body When You Drink Energy ...,2026-05-09 19:52:54,mixed,domain eatingwell.com manually labeled as mixed
caffeine,neutral,tea health effects,2,8,https://www.eatingwell.com/article/8044312/is-tea-good-for-you/,eatingwell.com,What Happens to Your Body When You Drink Tea Every Day,2026-05-09 19:53:35,mixed,domain eatingwell.com manually labeled as mixed
alcohol,neutral,wine heart health,1,8,https://www.eatingwell.com/what-drinking-wine-does-to-your-heart-11808172,eatingwell.com,What Happens to Your Heart When You Drink Wine ...,2026-05-09 19:56:57,mixed,domain eatingwell.com manually labeled as mixed
quantum_computing,slanted,quantum computer security risks,1,3,https://www.fortinet.com/resources/cyberglossary/quantum-computing-security,fortinet.com,Quantum Computing Security Business Challenges,2026-05-09 18:15:10,mixed,domain fortinet.com manually labeled as mixed
quantum_computing,slanted,quantum computer security risks,3,10,https://www.fortinet.com/resources/cyberglossary/quantum-safe-security,fortinet.com,Quantum-Safe Security: 8 Reasons Organizations Must Act ...,2026-05-09 18:15:59,mixed,domain fortinet.com manually labeled as mixed
quantum_computing,slanted,quantum decryption threats,2,3,https://www.fortinet.com/resources/cyberglossary/quantum-computing-security,fortinet.com,Quantum Computing Security Business Challenges,2026-05-09 18:17:51,mixed,domain fortinet.com manually labeled as mixed
online_privacy,neutral,encryption security research,3,4,https://www.fortinet.com/resources/cyberglossary/encryption,fortinet.com,"What is Encryption? Definition, Types & Benefits",2026-05-09 18:59:12,mixed,domain fortinet.com manually labeled as mixed
cybersecurity,neutral,encryption security,1,2,https://www.fortinet.com/resources/cyberglossary/encryption,fortinet.com,"What is Encryption? Definition, Types & Benefits",2026-05-09 21:27:56,mixed,domain fortinet.com manually labeled as mixed
cybersecurity,neutral,cyber threat intelligence,2,1,https://www.fortinet.com/de/resources/cyberglossary/cyber-threat-intelligence,fortinet.com,Was ist Cyber Threat Intelligence? Vorteile und Bedeutung,2026-05-09 21:30:24,mixed,domain fortinet.com manually labeled as mixed
cybersecurity,slanted,hacking vulnerabilities,2,2,https://www.fortinet.com/resources/cyberglossary/what-is-hacking,fortinet.com,What Is Hacking? Types of Hacking & More,2026-05-09 21:31:31,mixed,domain fortinet.com manually labeled as mixed
cybersecurity,neutral,data breach prevention,1,2,https://www.fortinet.com/resources/cyberglossary/data-breach,fortinet.com,What is a Data Breach and How to Prevent It?,2026-05-09 21:32:11,mixed,domain fortinet.com manually labeled as mixed
cybersecurity,slanted,ransomware attacks,2,7,https://www.fortinet.com/resources/cyberglossary/ransomware,fortinet.com,"Ransomware: Types, Examples & Removal Tactics",2026-05-09 21:33:40,mixed,domain fortinet.com manually labeled as mixed
quantum_computing,slanted,quantum decryption threat,2,3,https://www.fortinet.com/resources/cyberglossary/quantum-computing-security,fortinet.com,Quantum Computing Security Business Challenges,2026-05-09 21:43:16,mixed,domain fortinet.com manually labeled as mixed
quantum_computing,neutral,post quantum cryptography,3,3,https://www.fortinet.com/resources/cyberglossary/post-quantum-cryptography,fortinet.com,Post-Quantum Cryptography (PQC),2026-05-09 21:47:45,mixed,domain fortinet.com manually labeled as mixed
vaccine_passports,neutral,vaccine passport impact,1,7,https://www.dw.com/en/eu-vaccine-passport-an-ethical-and-legal-minefield/a-56747519,dw.com,How realistic is the EU's digital vaccine pass?,2026-05-09 15:51:41,mixed,domain dw.com manually labeled as mixed
climate_change,slanted,sea level rise exaggerated,3,6,https://www.dw.com/en/fact-check-sugarloaf-images-do-not-disprove-sea-level-rise/a-69340962,dw.com,Fact check: Sugarloaf images do not disprove sea level rise,2026-05-09 16:07:35,mixed,domain dw.com manually labeled as mixed
climate_change,slanted,carbon emissions scam,2,2,https://www.dw.com/en/carbon-credits-erase-rare-bird-habitat-in-estonia/a-73367796,dw.com,Europe's carbon credits: Solution or environmental scam?,2026-05-09 16:08:57,mixed,domain dw.com manually labeled as mixed
climate_change,slanted,carbon emissions scam,3,7,https://www.dw.com/en/how-a-chinese-firm-ran-a-billion-euro-carbon-credit-scam/a-71010148,dw.com,How a Chinese firm ran a billion-euro carbon credit scam,2026-05-09 16:09:07,mixed,domain dw.com manually labeled as mixed
nuclear_power,neutral,nuclear energy carbon emissions,2,10,https://www.dw.com/en/fact-check-is-nuclear-energy-good-for-the-climate/a-59853315,dw.com,Fact check: Is nuclear energy good for the climate?,2026-05-09 16:28:18,mixed,domain dw.com manually labeled as mixed
cloning,slanted,cloned meat risks,1,5,https://www.dw.com/en/is-meat-from-cloned-animals-dangerous/a-18701771,dw.com,Is clone meat dangerous?,2026-05-09 17:24:36,mixed,domain dw.com manually labeled as mixed
synthetic_biology,slanted,garage biology risks,2,10,https://www.dw.com/en/biohacking-genetic-engineering-from-your-garage/a-42030559,dw.com,Genetic engineering from your garage,2026-05-09 18:07:42,mixed,domain dw.com manually labeled as mixed
electronic_cigarettes,slanted,vaping popcorn lung,3,7,https://www.dw.com/en/vaping-safer-than-cigarettes-or-a-new-health-crisis/a-72405720,dw.com,Vaping: Safer than cigarettes or a new health crisis?,2026-05-09 19:04:34,mixed,domain dw.com manually labeled as mixed
sugar,slanted,sugar addiction risks,3,5,https://www.dw.com/en/why-sugar-is-unhealthy-and-addictive/a-72493099,dw.com,Why sugar is 'extremely dangerous' for your health,2026-05-09 19:38:44,mixed,domain dw.com manually labeled as mixed
healthcare,neutral,healthcare reform,1,2,https://www.dw.com/en/germany-merz-hails-historic-health-care-reform/a-76984736,dw.com,Germany: Merz hails 'historic' health care reform,2026-05-09 21:10:05,mixed,domain dw.com manually labeled as mixed
gene_drives,neutral,gene drive malaria control,1,7,https://www.synthego.com/blog/gene-drive-crispr/,synthego.com,"CRISPR Gene Drives: Eradicating Malaria, Controlling ...",2026-05-09 17:56:40,mixed,domain synthego.com manually labeled as mixed
gene_drives,neutral,gene drive malaria control,2,6,https://www.synthego.com/blog/gene-drive-malaria/,synthego.com,CRISPR Mosquito Gene Editing for Malaria Eradication,2026-05-09 17:56:55,mixed,domain synthego.com manually labeled as mixed
gene_drives,neutral,crispr gene drive research,1,1,https://www.synthego.com/blog/gene-drive-crispr/,synthego.com,"CRISPR Gene Drives: Eradicating Malaria, Controlling ...",2026-05-09 17:58:26,mixed,domain synthego.com manually labeled as mixed
gene_drives,neutral,crispr gene drive research,2,7,https://www.synthego.com/blog/gene-drive-malaria/,synthego.com,CRISPR Mosquito Gene Editing for Malaria Eradication,2026-05-09 17:58:55,mixed,domain synthego.com manually labeled as mixed
gene_drives,neutral,gene drive regulation,2,1,https://www.synthego.com/blog/gene-drive-crispr/,synthego.com,"CRISPR Gene Drives: Eradicating Malaria, Controlling ...",2026-05-09 18:00:48,mixed,domain synthego.com manually labeled as mixed
lab_grown_meat,slanted,lab meat health risks,2,9,https://www.synthego.com/blog/lab-grown-meats/,synthego.com,Lab-Grown Meats Will Change the Food Industry Forever,2026-05-09 18:22:11,mixed,domain synthego.com manually labeled as mixed
lab_grown_meat,slanted,test tube meat dangers,2,3,https://www.synthego.com/blog/lab-grown-meats/,synthego.com,Lab-Grown Meats Will Change the Food Industry Forever,2026-05-09 18:23:58,mixed,domain synthego.com manually labeled as mixed
gene_editing,neutral,crispr gene therapy,1,8,https://www.synthego.com/blog/history-crispr-cell-and-gene-therapies/,synthego.com,The History of CRISPR Cell and Gene Therapies,2026-05-09 21:20:13,mixed,domain synthego.com manually labeled as mixed
gene_editing,neutral,crispr cas9 research,3,2,https://www.synthego.com/learn/crispr/,synthego.com,What is CRISPR: Your Ultimate Guide,2026-05-09 21:23:48,mixed,domain synthego.com manually labeled as mixed
gene_editing,neutral,gene drive technology,1,4,https://www.synthego.com/blog/gene-drive-crispr/,synthego.com,"CRISPR Gene Drives: Eradicating Malaria, Controlling ...",2026-05-09 21:25:20,mixed,domain synthego.com manually labeled as mixed
artificial_sweeteners,neutral,diet soda health,3,6,https://www.everydayhealth.com/beverages/which-diet-sodas-do-not-contain-aspartame/,everydayhealth.com,A Guide to Diet Sodas Without Aspartame,2026-05-09 16:49:34,mixed,domain everydayhealth.com manually labeled as mixed
electromagnetic_fields,slanted,cell phone radiation brain tumors,2,9,https://www.everydayhealth.com/cancer/should-you-be-worried-about-cell-phone-radiation-and-cancer/,everydayhealth.com,Can Cell Phone Radiation Cause Cancer or Brain Tumors?,2026-05-09 16:55:01,mixed,domain everydayhealth.com manually labeled as mixed
essential_oils,neutral,essential oils therapeutic facts,3,4,https://www.everydayhealth.com/wellness/what-are-essential-oils-a-complete-guide-on-aromatherapy-and-its-potential-health-benefits/,everydayhealth.com,"Essential Oils Guide: Benefits, Uses, and Safety Tips",2026-05-09 16:58:01,mixed,domain everydayhealth.com manually labeled as mixed
dairy,neutral,cheese nutrition research,3,7,https://www.everydayhealth.com/diet-nutrition/diet/cheese-health-benefits-risks-types-top-sellers-more/,everydayhealth.com,"What Is Cheese? Health Benefits, Risks, Types, Top ...",2026-05-09 19:30:14,mixed,domain everydayhealth.com manually labeled as mixed
dairy,neutral,yogurt probiotic health impact,2,2,https://www.everydayhealth.com/food-ingredients/how-much-yogurt-do-you-need-for-probiotics/,everydayhealth.com,Yogurt and Probiotics: How Much Do You Need Daily?,2026-05-09 19:31:41,mixed,domain everydayhealth.com manually labeled as mixed
eggs,neutral,egg protein consumption,1,10,https://www.everydayhealth.com/diet-nutrition/protein-amount-for-eggs/,everydayhealth.com,How Much Protein Is in an Egg?,2026-05-09 19:34:45,mixed,domain everydayhealth.com manually labeled as mixed
sugar,neutral,sugar consumption effects,2,1,https://www.everydayhealth.com/diet-nutrition/potential-signs-youre-eating-too-much-sugar/,everydayhealth.com,12 Potential Signs You're Eating Too Much Sugar,2026-05-09 19:37:51,mixed,domain everydayhealth.com manually labeled as mixed
salt,slanted,salt heart disease,3,8,https://www.everydayhealth.com/heart-failure/how-much-sodium-consume-you-have-congestive-heart-failure/,everydayhealth.com,How Much Salt Should You Eat if You Have Congestive ...,2026-05-09 19:48:28,mixed,domain everydayhealth.com manually labeled as mixed
alcohol,neutral,moderate alcohol consumption health impact,2,3,https://www.everydayhealth.com/diet-nutrition/is-moderate-drinking-good-or-bad-for-you/,everydayhealth.com,Moderate Drinking: What Are the Benefits and Risks?,2026-05-09 19:55:05,mixed,domain everydayhealth.com manually labeled as mixed
organic_food,neutral,organic food diet facts,3,6,https://www.everydayhealth.com/food-ingredients/advantages-disadvantages-of-organic-foods/,everydayhealth.com,What Are the Pros and Cons of Eating Organic Foods?,2026-05-09 20:05:55,mixed,domain everydayhealth.com manually labeled as mixed
artificial_intelligence,neutral,ai safety research,1,9,https://research.google/pubs/concrete-problems-in-ai-safety/,research.google,Concrete Problems in AI Safety,2026-05-09 17:50:46,mixed,domain research.google manually labeled as mixed
quantum_computing,neutral,quantum supremacy research,1,7,https://research.google/pubs/quantum-supremacy-using-a-programmable-superconducting-processor/,research.google,Quantum Supremacy using a Programmable ...,2026-05-09 18:16:20,mixed,domain research.google manually labeled as mixed
quantum_computing,neutral,quantum supremacy research,3,2,https://research.google/blog/the-question-of-quantum-supremacy/,research.google,The Question of Quantum Supremacy,2026-05-09 18:17:02,mixed,domain research.google manually labeled as mixed
quantum_computing,neutral,quantum ai research,3,4,https://research.google/blog/safeguarding-cryptocurrency-by-disclosing-quantum-vulnerabilities-responsibly/,research.google,Safeguarding cryptocurrency by disclosing quantum ...,2026-05-09 18:19:01,mixed,domain research.google manually labeled as mixed
cryptocurrency,neutral,bitcoin blockchain security,2,5,https://research.google/blog/safeguarding-cryptocurrency-by-disclosing-quantum-vulnerabilities-responsibly/,research.google,Safeguarding cryptocurrency by disclosing quantum ...,2026-05-09 18:39:41,mixed,domain research.google manually labeled as mixed
blockchain,slanted,blockchain vulnerabilities,2,9,https://research.google/blog/safeguarding-cryptocurrency-by-disclosing-quantum-vulnerabilities-responsibly/,research.google,Safeguarding cryptocurrency by disclosing quantum ...,2026-05-09 18:48:38,mixed,domain research.google manually labeled as mixed
online_privacy,neutral,encryption security research,2,8,https://research.google/teams/security-privacy-and-abuse/,research.google,"Security, privacy and abuse",2026-05-09 18:59:04,mixed,domain research.google manually labeled as mixed
quantum_computing,neutral,quantum encryption research,1,4,https://research.google/blog/safeguarding-cryptocurrency-by-disclosing-quantum-vulnerabilities-responsibly/,research.google,Safeguarding cryptocurrency by disclosing quantum ...,2026-05-09 21:40:11,mixed,domain research.google manually labeled as mixed
quantum_computing,slanted,quantum supremacy,2,1,https://research.google/pubs/quantum-supremacy-using-a-programmable-superconducting-processor/,research.google,Quantum Supremacy using a Programmable ...,2026-05-09 21:48:23,mixed,domain research.google manually labeled as mixed
quantum_computing,slanted,quantum supremacy,3,7,https://research.google/blog/the-question-of-quantum-supremacy/,research.google,The Question of Quantum Supremacy,2026-05-09 21:48:47,mixed,domain research.google manually labeled as mixed
quantum_computing,neutral,quantum computing cryptography,1,3,https://thequantuminsider.com/2026/04/06/how-quantum-computing-affects-cryptography/,thequantuminsider.com,How Quantum Computing Affects Cryptography,2026-05-09 18:14:04,mixed,domain thequantuminsider.com manually labeled as mixed
quantum_computing,slanted,quantum computer security risks,3,5,https://thequantuminsider.com/2025/08/18/new-study-warns-of-security-risks-in-cloud-quantum-computers/,thequantuminsider.com,New Study Warns of Security Risks in Cloud Quantum ...,2026-05-09 18:15:57,mixed,domain thequantuminsider.com manually labeled as mixed
quantum_computing,neutral,quantum supremacy research,1,3,https://thequantuminsider.com/2025/09/20/ut-austin-quantinuum-researchers-report-unconditional-quantum-supremacy/,thequantuminsider.com,"UT Austin, Quantinuum Researchers Report 'Unconditional ...",2026-05-09 18:16:17,mixed,domain thequantuminsider.com manually labeled as mixed
quantum_computing,slanted,quantum decryption threats,1,1,https://thequantuminsider.com/2026/04/27/quantum-security-threats-solutions-race-protect-data/,thequantuminsider.com,"Quantum Security: Threats, Solutions, and the Race to ...",2026-05-09 18:17:19,mixed,domain thequantuminsider.com manually labeled as mixed
quantum_computing,neutral,quantum ai research,2,8,https://thequantuminsider.com/2026/05/08/what-is-quantum-machine-learning/,thequantuminsider.com,What is Quantum Machine Learning (QML)?,2026-05-09 18:18:48,mixed,domain thequantuminsider.com manually labeled as mixed
online_privacy,neutral,encryption security research,1,3,https://thequantuminsider.com/2026/05/05/why-rsa-and-ecc-are-being-replaced/,thequantuminsider.com,Why Modern Encryption is Moving Beyond RSA and ECC,2026-05-09 18:58:53,mixed,domain thequantuminsider.com manually labeled as mixed
quantum_computing,neutral,quantum encryption research,1,8,https://thequantuminsider.com/2026/03/31/google-suggests-quantum-attacks-on-cryptocurrency-encryption-may-require-fewer-resources/,thequantuminsider.com,Google Suggests Quantum Attacks on Cryptocurrency ...,2026-05-09 21:40:14,mixed,domain thequantuminsider.com manually labeled as mixed
quantum_computing,slanted,quantum decryption threat,1,1,https://thequantuminsider.com/2026/04/27/quantum-security-threats-solutions-race-protect-data/,thequantuminsider.com,"Quantum Security: Threats, Solutions, and the Race to ...",2026-05-09 21:42:52,mixed,domain thequantuminsider.com manually labeled as mixed
quantum_computing,neutral,quantum machine learning,1,5,https://thequantuminsider.com/2026/05/08/what-is-quantum-machine-learning/,thequantuminsider.com,What is Quantum Machine Learning (QML)?,2026-05-09 21:43:46,mixed,domain thequantuminsider.com manually labeled as mixed
quantum_computing,slanted,quantum computer hacking,3,2,https://thequantuminsider.com/2024/10/11/chinese-scientists-report-using-quantum-computer-to-hack-military-grade-encryption/,thequantuminsider.com,Chinese Scientists Report Using Quantum Computer to ...,2026-05-09 21:46:46,mixed,domain thequantuminsider.com manually labeled as mixed
education,neutral,public school data,1,1,https://www.bfs.admin.ch/bfs/en/home/statistics/education-science/educational-institutions/schools-educational-level.html,bfs.admin.ch,Schools by educational level | Federal Statistical Office - FSO,2026-05-09 20:56:19,mixed,domain bfs.admin.ch manually labeled as mixed
education,neutral,public school data,1,5,https://www.bfs.admin.ch/bfs/en/home/statistics/education-science/educational-institutions.html,bfs.admin.ch,Educational institutions | Federal Statistical Office - FSO,2026-05-09 20:57:33,mixed,domain bfs.admin.ch manually labeled as mixed
immigration,neutral,immigration data,1,2,https://www.bfs.admin.ch/bfs/en/home/statistics/population/migration-integration/international-migration.html,bfs.admin.ch,International migration | Federal Statistical Office - FSO,2026-05-09 21:56:40,mixed,domain bfs.admin.ch manually labeled as mixed
immigration,neutral,immigration data,1,6,https://www.bfs.admin.ch/bfs/en/home/statistics/population/migration-integration.html,bfs.admin.ch,Migration and integration | Federal Statistical Office - FSO,2026-05-09 21:56:41,mixed,domain bfs.admin.ch manually labeled as mixed
immigration,neutral,poulation growth,1,3,https://www.bfs.admin.ch/bfs/en/home/statistics/population/population-projections/national-projections.html,bfs.admin.ch,National projections | Federal Statistical Office - FSO,2026-05-09 21:57:59,mixed,domain bfs.admin.ch manually labeled as mixed
immigration,neutral,poulation growth,3,1,https://www.bfs.admin.ch/bfs/en/home/statistics/population/effectif-change.html,bfs.admin.ch,Current situation and change | Federal Statistical Office - FSO,2026-05-09 21:58:31,mixed,domain bfs.admin.ch manually labeled as mixed
Job_security,neutral,unemployment rate data,1,1,https://www.bfs.admin.ch/bfs/en/home/statistics/work-income/unemployment-underemployment/ilo-unemployed.html,bfs.admin.ch,Unemployed based on ILO definition | Federal Statistical Office,2026-05-09 22:00:04,mixed,domain bfs.admin.ch manually labeled as mixed
Job_security,neutral,unemployment rate data,2,3,https://www.bfs.admin.ch/bfs/en/home/news/whats-new.assetdetail.36474243.html,bfs.admin.ch,Unemployment rate as defined by ILO - 1991-2025 | Data,2026-05-09 22:00:13,mixed,domain bfs.admin.ch manually labeled as mixed
Job_security,neutral,unemployment rate data,3,8,https://www.bfs.admin.ch/asset/en/36492019,bfs.admin.ch,Economic activity rate and unemployment rate by district ...,2026-05-09 22:00:24,mixed,domain bfs.admin.ch manually labeled as mixed
quantum_computing,neutral,quantum computing cryptography,2,1,https://www.paloaltonetworks.com/cyberpedia/what-is-quantum-computings-threat-to-cybersecurity,paloaltonetworks.com,8 Quantum Computing Cybersecurity Risks [+ Protection ...,2026-05-09 18:14:35,mixed,domain paloaltonetworks.com manually labeled as mixed
quantum_computing,slanted,quantum computer security risks,1,1,https://www.paloaltonetworks.com/cyberpedia/what-is-quantum-computings-threat-to-cybersecurity,paloaltonetworks.com,8 Quantum Computing Cybersecurity Risks [+ Protection ...,2026-05-09 18:15:09,mixed,domain paloaltonetworks.com manually labeled as mixed
quantum_computing,slanted,quantum decryption threats,1,2,https://www.paloaltonetworks.com/cyberpedia/what-is-quantum-computings-threat-to-cybersecurity,paloaltonetworks.com,8 Quantum Computing Cybersecurity Risks [+ Protection ...,2026-05-09 18:17:25,mixed,domain paloaltonetworks.com manually labeled as mixed
quantum_computing,slanted,quantum decryption threats,2,9,https://www.paloaltonetworks.com/cyberpedia/harvest-now-decrypt-later-hndl,paloaltonetworks.com,"Harvest Now, Decrypt Later (HNDL): The Quantum-Era ...",2026-05-09 18:17:52,mixed,domain paloaltonetworks.com manually labeled as mixed
quantum_computing,slanted,quantum computing dangers,1,1,https://www.paloaltonetworks.com/cyberpedia/what-is-quantum-computings-threat-to-cybersecurity,paloaltonetworks.com,8 Quantum Computing Cybersecurity Risks [+ Protection ...,2026-05-09 18:19:15,mixed,domain paloaltonetworks.com manually labeled as mixed
cybersecurity,neutral,cyber threat intelligence,1,5,https://www.paloaltonetworks.com/cyberpedia/what-is-cyberthreat-intelligence-cti,paloaltonetworks.com,What Is Cyber Threat Intelligence (CTI)?,2026-05-09 21:29:57,mixed,domain paloaltonetworks.com manually labeled as mixed
quantum_computing,slanted,quantum decryption threat,1,3,https://www.paloaltonetworks.com/cyberpedia/harvest-now-decrypt-later-hndl,paloaltonetworks.com,"Harvest Now, Decrypt Later (HNDL): The Quantum-Era ...",2026-05-09 21:42:59,mixed,domain paloaltonetworks.com manually labeled as mixed
quantum_computing,slanted,quantum computer hacking,1,3,https://www.paloaltonetworks.com/cyberpedia/what-is-quantum-computings-threat-to-cybersecurity,paloaltonetworks.com,8 Quantum Computing Cybersecurity Risks [+ Protection ...,2026-05-09 21:46:04,mixed,domain paloaltonetworks.com manually labeled as mixed
quantum_computing,neutral,post quantum cryptography,3,6,https://www.paloaltonetworks.com/cyberpedia/what-is-post-quantum-cryptography-pqc,paloaltonetworks.com,What Is Post-Quantum Cryptography (PQC)? A Complete ...,2026-05-09 21:47:46,mixed,domain paloaltonetworks.com manually labeled as mixed
climate_change,slanted,climate change hoax,3,9,https://www.abc.net.au/news/2025-09-29/trump-climate-hoax-comments-and-fossil-fuel-lobby/105810870,abc.net.au,Trump-style 'climate hoax' playbook spreads to Australia,2026-05-09 16:03:58,mixed,domain abc.net.au manually labeled as mixed
5g,slanted,5g radiation risks,3,3,https://www.abc.net.au/news/science/2019-08-28/is-5g-safe-dr-karl-radiation-explainer/11416070,abc.net.au,"5G radiation health risks have been hyped, but Dr Karl ...",2026-05-09 16:18:06,mixed,domain abc.net.au manually labeled as mixed
5g,slanted,5g dangers,3,7,https://www.abc.net.au/news/science/2019-08-28/is-5g-safe-dr-karl-radiation-explainer/11416070,abc.net.au,"5G radiation health risks have been hyped, but Dr Karl ...",2026-05-09 16:19:37,mixed,domain abc.net.au manually labeled as mixed
electromagnetic_fields,slanted,power lines cancer,3,8,https://www.abc.net.au/news/2007-08-23/study-finds-possible-link-between-cancer-and-power/648626,abc.net.au,Study finds possible link between cancer and power lines,2026-05-09 16:53:31,mixed,domain abc.net.au manually labeled as mixed
coal,slanted,coal ash toxic waste,3,2,https://www.abc.net.au/news/2019-03-10/coal-ash-has-become-one-of-australias-biggest-waste-problems/10886866,abc.net.au,Coal ash has become one of Australia's biggest waste ...,2026-05-09 17:31:14,mixed,domain abc.net.au manually labeled as mixed
synthetic_biology,slanted,designer babies ethics,2,7,https://www.abc.net.au/news/2025-09-22/ethics-of-gene-editing-designer-babies/105496228,abc.net.au,Gene editing is being sold on the promise of healthier babies,2026-05-09 18:05:38,mixed,domain abc.net.au manually labeled as mixed
3d_printing,slanted,3d printed gun dangers,3,5,https://www.abc.net.au/news/2024-11-04/3d-printed-guns-rising-australia-semi-automatic/104538082,abc.net.au,"3D-printed guns on rise in Australia, with seizures of lethal ...",2026-05-09 18:30:54,mixed,domain abc.net.au manually labeled as mixed
alcohol,slanted,alcohol liver disease risk,1,6,https://www.abc.net.au/news/health/2026-04-03/heavy-drinking-fatty-liver-disease/106499570,abc.net.au,Occasional heavy drinking may triple liver damage risk for ...,2026-05-09 19:55:31,mixed,domain abc.net.au manually labeled as mixed
gene_editing,slanted,gene editing ethics,3,8,https://www.abc.net.au/news/2025-09-22/ethics-of-gene-editing-designer-babies/105496228,abc.net.au,Gene editing is being sold on the promise of healthier babies,2026-05-09 21:22:59,mixed,domain abc.net.au manually labeled as mixed
coal,slanted,coal pollution deaths,1,7,https://www.statista.com/statistics/494425/death-rate-worldwide-by-energy-source/?srsltid=AfmBOopvNphIqN4L94myojGEDuO4bwcE9d5-cR8Y0EPDh7kYqiUbynYc,statista.com,Global deaths per energy source,2026-05-09 17:26:46,mixed,domain statista.com manually labeled as mixed
wind_energy,slanted,wind energy bird deaths,1,8,https://www.statista.com/chart/15195/wind-turbines-are-not-killing-fields-for-birds/?srsltid=AfmBOooYNh_KuVPD2Ml9_K59l9v9aVIgUF5oSqEb4pJCVbBvYwyaL56L,statista.com,Chart: What Is Killing U.S. Birds?,2026-05-09 17:43:55,mixed,domain statista.com manually labeled as mixed
autonomous_vehicles,slanted,autonomous vehicle accidents,2,5,https://www.statista.com/chart/32985/collisions-crashes-per-motor-vehicle-vehicle-miles-traveled-by-type-of-vehicle/?srsltid=AfmBOorlovUCezNfn8hFFkCxLNoOx43mbMZOmaTMrrxcTDwJAuav7F8d,statista.com,Chart: The State of Autonomous Vehicle Safety,2026-05-09 18:34:57,mixed,domain statista.com manually labeled as mixed
cryptocurrency,neutral,crypto mining energy use,2,6,https://www.statista.com/statistics/881472/worldwide-bitcoin-energy-consumption/?srsltid=AfmBOooFwK1jdY6gWlCX2zAvXx1x1rnTs9HhBIh6UJexw-Di322zsfA5,statista.com,Bitcoin energy consumption 2025,2026-05-09 18:43:07,mixed,domain statista.com manually labeled as mixed
blockchain,slanted,blockchain energy consumption,3,6,https://www.statista.com/statistics/881472/worldwide-bitcoin-energy-consumption/?srsltid=AfmBOorQKzwcnHpKRgyz2b-YLVZALfl7nv2nyCqyFprcEspui4qnePVW,statista.com,Bitcoin energy consumption 2025,2026-05-09 18:47:11,mixed,domain statista.com manually labeled as mixed
bottled_water,neutral,bottled water convenience,3,9,https://www.statista.com/outlook/cmo/non-alcoholic-drinks/bottled-water/worldwide?srsltid=AfmBOoqt-hEYgUXLB-W-craNjZMHKiYstf0IUPHn97MRcJPXbHrIbTDM,statista.com,Bottled Water - Worldwide | Statista Market Forecast,2026-05-09 20:19:51,mixed,domain statista.com manually labeled as mixed
healthcare,slanted,insurance coverage gaps,3,2,https://www.statista.com/statistics/1039967/health-insurance-coverage-gaps-us-by-gap-length/?srsltid=AfmBOorGlRu_HANoVwELrt7u7dVHAKS84ul4HX46jtf262ysAbIGV_OJ,statista.com,Health insurance gaps by length U.S. 2001-2018,2026-05-09 21:11:41,mixed,domain statista.com manually labeled as mixed
cybersecurity,slanted,ransomware attacks,2,6,https://www.statista.com/topics/4136/ransomware/?srsltid=AfmBOopZNV4P94gir78umFEefd-SOXqYEC-g2bpEcm_woQQOIZtSSDzh,statista.com,Statistics & Facts about Ransomware,2026-05-09 21:33:39,mixed,domain statista.com manually labeled as mixed
immigration,neutral,poulation growth,3,9,https://www.statista.com/topics/776/population/?srsltid=AfmBOoqlp8-jca9BHLGaxrrT3vVNrIJimThGSRcDEAINcaMGi3MGT2B9,statista.com,Population - statistics & facts,2026-05-09 21:58:33,mixed,domain statista.com manually labeled as mixed
plant_based_diet,neutral,vegan health impact,2,3,https://www.pcrm.org/good-nutrition/vegan-diet-environment,pcrm.org,A Plant-Based Diet: Eating for the Environment,2026-05-09 19:13:42,mixed,domain pcrm.org manually labeled as mixed
plant_based_diet,slanted,soy estrogen concerns,3,4,https://www.pcrm.org/good-nutrition/nutrition-information/soy-and-health,pcrm.org,Soy and Health,2026-05-09 19:16:28,mixed,domain pcrm.org manually labeled as mixed
plant_based_diet,slanted,processed vegan food risks,3,7,https://www.pcrm.org/news/news-releases/replacing-animal-products-plant-based-foods-even-ultra-processed-ones-reduces,pcrm.org,Replacing Animal Products With Plant-Based Foods ...,2026-05-09 19:18:11,mixed,domain pcrm.org manually labeled as mixed
soy,neutral,soy health effects,2,1,https://www.pcrm.org/good-nutrition/nutrition-information/soy-and-health,pcrm.org,Soy and Health,2026-05-09 19:22:10,mixed,domain pcrm.org manually labeled as mixed
soy,neutral,tofu nutrition research,2,2,https://www.pcrm.org/good-nutrition/nutrition-information/soy-and-health,pcrm.org,Soy and Health,2026-05-09 19:25:42,mixed,domain pcrm.org manually labeled as mixed
dairy,neutral,dairy calcium consumptin facts,1,6,https://www.pcrm.org/good-nutrition/nutrition-information/health-concerns-about-dairy/calcium-and-strong-bones,pcrm.org,Calcium and Strong Bones,2026-05-09 19:28:28,mixed,domain pcrm.org manually labeled as mixed
dairy,slanted,milk hormone concerns,1,5,https://www.pcrm.org/good-nutrition/nutrition-information/health-concerns-about-dairy,pcrm.org,Health Concerns About Dairy,2026-05-09 19:29:08,mixed,domain pcrm.org manually labeled as mixed
eggs,neutral,egg cholesterol safety,3,3,https://www.pcrm.org/good-nutrition/nutrition-information/health-concerns-with-eggs,pcrm.org,Health Concerns With Eggs,2026-05-09 19:33:17,mixed,domain pcrm.org manually labeled as mixed
eggs,slanted,egg heart disease risk,2,4,https://www.pcrm.org/good-nutrition/nutrition-information/health-concerns-with-eggs,pcrm.org,Health Concerns With Eggs,2026-05-09 19:33:52,mixed,domain pcrm.org manually labeled as mixed
cloning,slanted,cloned meat risks,2,1,https://www.eufic.org/en/food-production/article/lab-grown-meat-how-it-is-made-and-what-are-the-pros-and-cons,eufic.org,Lab grown meat: how it is made and what are the pros ...,2026-05-09 17:24:55,mixed,domain eufic.org manually labeled as mixed
lab_grown_meat,neutral,cultured meat safety,3,8,https://www.eufic.org/en/food-production/article/lab-grown-meat-how-it-is-made-and-what-are-the-pros-and-cons,eufic.org,Lab grown meat: how it is made and what are the pros ...,2026-05-09 18:21:31,mixed,domain eufic.org manually labeled as mixed
lab_grown_meat,slanted,lab meat health risks,1,8,https://www.eufic.org/en/food-production/article/lab-grown-meat-how-it-is-made-and-what-are-the-pros-and-cons,eufic.org,Lab grown meat: how it is made and what are the pros ...,2026-05-09 18:21:55,mixed,domain eufic.org manually labeled as mixed
lab_grown_meat,slanted,test tube meat dangers,1,3,https://www.eufic.org/en/food-production/article/lab-grown-meat-how-it-is-made-and-what-are-the-pros-and-cons,eufic.org,Lab grown meat: how it is made and what are the pros ...,2026-05-09 18:23:42,mixed,domain eufic.org manually labeled as mixed
lab_grown_meat,slanted,fake meat processing risks,1,6,https://www.eufic.org/en/food-production/article/lab-grown-meat-how-it-is-made-and-what-are-the-pros-and-cons,eufic.org,Lab grown meat: how it is made and what are the pros ...,2026-05-09 18:25:27,mixed,domain eufic.org manually labeled as mixed
soy,neutral,soy health effects,1,4,https://www.eufic.org/en/misinformation/article/does-soy-have-harmful-effects-on-our-health,eufic.org,Does soy have harmful effects on our health?,2026-05-09 19:21:44,mixed,domain eufic.org manually labeled as mixed
eggs,neutral,egg cholesterol safety,1,7,https://www.eufic.org/en/misinformation/article/should-you-avoid-eggs-because-theyre-high-in-cholesterol,eufic.org,Should you avoid eggs because they're high in cholesterol?,2026-05-09 19:33:00,mixed,domain eufic.org manually labeled as mixed
salt,slanted,salt hypertension risk,3,1,https://www.eufic.org/en/whats-in-food/article/what-is-salt-and-how-does-it-affect-our-blood-pressure,eufic.org,What is salt and how does it affect our blood pressure?,2026-05-09 19:44:20,mixed,domain eufic.org manually labeled as mixed
fast_food,neutral,food processing research,2,7,https://www.eufic.org/en/food-production/article/processed-food-qa,eufic.org,"Food processing: understanding its methods, examples ...",2026-05-09 20:04:16,mixed,domain eufic.org manually labeled as mixed
nuclear_power,slanted,nuclear waste danger,2,4,https://www.intechopen.com/chapters/1197120,intechopen.com,Perspective Chapter: Safe Disposal and Storage of ...,2026-05-09 16:27:28,mixed,domain intechopen.com manually labeled as mixed
pesticides,slanted,pesticide health hazards,2,7,https://www.intechopen.com/chapters/1190623,intechopen.com,Pesticide Effects on Human Health and Pest Management,2026-05-09 16:36:05,mixed,domain intechopen.com manually labeled as mixed
essential_oils,slanted,essential oils toxicity,2,5,https://www.intechopen.com/chapters/71260,intechopen.com,Safety Profile of Essential Oils,2026-05-09 16:59:08,mixed,domain intechopen.com manually labeled as mixed
biodiesel,neutral,biodiesel environmental impact,3,4,https://www.intechopen.com/chapters/1195241,intechopen.com,Sustainable Innovations in Biodiesel Plants,2026-05-09 17:47:28,mixed,domain intechopen.com manually labeled as mixed
nanotechnology,slanted,nanoparticle toxicity,2,8,https://www.intechopen.com/chapters/40260,intechopen.com,Nanoparticles Toxicity and Their Routes of Exposures,2026-05-09 18:09:34,mixed,domain intechopen.com manually labeled as mixed
nanotechnology,neutral,carbon nanotube applications,3,2,https://www.intechopen.com/chapters/17300,intechopen.com,Carbon Nanotube Industrial Applications,2026-05-09 18:12:51,mixed,domain intechopen.com manually labeled as mixed
soy,neutral,tofu nutrition research,2,3,https://www.intechopen.com/chapters/86720,intechopen.com,Phytochemicals in Tofu and Its Health Benefits,2026-05-09 19:25:42,mixed,domain intechopen.com manually labeled as mixed
dairy,neutral,cheese nutrition research,2,10,https://www.intechopen.com/chapters/89073,intechopen.com,Introductory Chapter: Cheese as a Natural Functional Food,2026-05-09 19:30:07,mixed,domain intechopen.com manually labeled as mixed
tap_water,neutral,fluoridated water consumption,2,7,https://www.intechopen.com/chapters/76021,intechopen.com,Fluoride Content in Drinking Water and the Health ...,2026-05-09 20:17:03,mixed,domain intechopen.com manually labeled as mixed
biodiesel,neutral,algae biofuel research,3,9,https://ideas.repec.org/a/eee/enepol/v61y2013icp182-195.html,ideas.repec.org,Global assessment of research and development for algae ...,2026-05-09 17:49:15,mixed,domain ideas.repec.org manually labeled as mixed
cryptocurrency,neutral,cryptocurrency financial inclusion,1,8,https://ideas.repec.org/a/jaf/journl/v15y2024i2n897.html,ideas.repec.org,What role does cryptocurrency play in achieving financial in,2026-05-09 18:44:21,mixed,domain ideas.repec.org manually labeled as mixed
blockchain,neutral,decentralized finance research,1,5,https://ideas.repec.org/p/pra/mprapa/114338.html,ideas.repec.org,Decentralized finance research and developments around ...,2026-05-09 18:49:07,mixed,domain ideas.repec.org manually labeled as mixed
blockchain,neutral,decentralized finance research,3,3,https://ideas.repec.org/a/eee/corfin/v96y2026ics0929119925001841.html,ideas.repec.org,What data have told us about decentralized finance,2026-05-09 18:49:26,mixed,domain ideas.repec.org manually labeled as mixed
social_media,neutral,tiktok algorithm study,1,5,https://ideas.repec.org/a/rfa/journl/v10y2022i5p6066.html,ideas.repec.org,"Recommendation Algorithm in TikTok: Strengths, ...",2026-05-09 18:51:59,mixed,domain ideas.repec.org manually labeled as mixed
poverty,slanted,poverty traps,3,6,https://ideas.repec.org/h/eee/grochp/1-05.html,ideas.repec.org,Poverty Traps,2026-05-09 20:56:01,mixed,domain ideas.repec.org manually labeled as mixed
healthcare,neutral,private insurance research,2,1,https://ideas.repec.org/a/pal/jofsma/v30y2025i1d10.1057_s41264-025-00301-2.html,ideas.repec.org,Private health insurance acquisition: a global perspective,2026-05-09 21:08:38,mixed,domain ideas.repec.org manually labeled as mixed
space_exploration,slanted,asteroid mining ethics,3,4,https://ideas.repec.org/a/eme/aaajpp/aaaj-12-2022-6186.html,ideas.repec.org,Asteroid mining vs the carbon bubble: ethical considerations,2026-05-09 21:54:57,mixed,domain ideas.repec.org manually labeled as mixed
covid19,slanted,COVID-19 vaccine side effects,2,5,https://www2.hse.ie/screening-and-vaccinations/covid-19-vaccine/side-effects/,www2.hse.ie,COVID-19 vaccine side effects and safety,2026-05-09 15:57:58,mixed,domain www2.hse.ie manually labeled as mixed
covid19,slanted,face masks health risks,3,3,https://www2.hse.ie/conditions/covid19/preventing-the-spread/when-to-wear-face-covering/,www2.hse.ie,Face masks: types and how to wear one,2026-05-09 16:00:53,mixed,domain www2.hse.ie manually labeled as mixed
electronic_cigarettes,neutral,vaping smoking cessation,1,8,https://www2.hse.ie/living-well/quit-smoking/vaping/,www2.hse.ie,Vaping (using e-cigarettes),2026-05-09 19:01:48,mixed,domain www2.hse.ie manually labeled as mixed
electronic_cigarettes,neutral,nicotine replacement impact,1,10,https://www2.hse.ie/living-well/quit-smoking/nicotine-replacement-therapy/nrt-to-help-you-stop-smoking/,www2.hse.ie,Nicotine replacement therapy (NRT) to help you stop ...,2026-05-09 19:03:28,mixed,domain www2.hse.ie manually labeled as mixed
electronic_cigarettes,neutral,nicotine replacement impact,3,5,https://www2.hse.ie/living-well/quit-smoking/nicotine-replacement-therapy/patches/,www2.hse.ie,Nicotine patches,2026-05-09 19:03:45,mixed,domain www2.hse.ie manually labeled as mixed
alcohol,slanted,alcohol liver disease risk,3,8,https://www2.hse.ie/living-well/alcohol/health/effects-on-your-body/the-liver/,www2.hse.ie,How alcohol affects the liver,2026-05-09 19:56:11,mixed,domain www2.hse.ie manually labeled as mixed
alcohol,slanted,binge drinking dangers,1,6,https://www2.hse.ie/living-well/alcohol/health/how-alcohol-can-affect-everyday-life/drinking-too-much-at-a-time-binge-drinking/,www2.hse.ie,Drinking too much at a time (binge drinking),2026-05-09 19:57:30,mixed,domain www2.hse.ie manually labeled as mixed
alcohol,slanted,alcohol cancer risk,2,10,https://www2.hse.ie/living-well/alcohol/health/effects-on-your-body/cancer/,www2.hse.ie,Alcohol and cancer,2026-05-09 19:59:03,mixed,domain www2.hse.ie manually labeled as mixed
covid19,neutral,face masks effectiveness,3,8,https://www.cato.org/regulation/winter-2021/2022/how-effective-are-cloth-face-masks,cato.org,How Effective Are Cloth Face Masks?,2026-05-09 16:00:12,mixed,domain cato.org manually labeled as mixed
online_privacy,neutral,gdpr effectiveness,1,2,https://www.cato.org/commentary/takeaways-gdpr-5-years-later,cato.org,"Takeaways from the GDPR, 5 Years Later:",2026-05-09 18:57:18,mixed,domain cato.org manually labeled as mixed
poverty,neutral,welfare program effectiveness,1,7,https://www.cato.org/cato-handbook-policymakers/cato-handbook-policymakers-9th-edition-2022/poverty-welfare,cato.org,Poverty and Welfare,2026-05-09 20:48:12,mixed,domain cato.org manually labeled as mixed
poverty,neutral,minimum wage economical impact,3,3,https://www.cato.org/downsizing-government-essay/negative-effects-minimum-wage-laws,cato.org,The Negative Effects of Minimum Wage Laws,2026-05-09 20:51:34,mixed,domain cato.org manually labeled as mixed
education,neutral,charter school research,1,8,https://www.cato.org/research-briefs-economic-policy/competitive-effects-charter-schools,cato.org,Competitive Effects of Charter Schools,2026-05-09 21:01:41,mixed,domain cato.org manually labeled as mixed
healthcare,slanted,obamacare failures,2,3,https://www.cato.org/blog/what-will-it-take-congress-admit-obamacare-has-failed,cato.org,What Will It Take for Congress to Admit Obamacare Has ...,2026-05-09 21:09:28,mixed,domain cato.org manually labeled as mixed
immigration,slanted,immigration threath,3,10,https://www.cato.org/policy-analysis/terrorism-immigration,cato.org,Terrorism and Immigration,2026-05-09 21:57:40,mixed,domain cato.org manually labeled as mixed
immigration,slanted,overpopulation,2,6,https://www.cato.org/policy-report/november/december-2022/valuable-people-debunking-myth-overpopulation,cato.org,Valuable People: Debunking the Myth of Overpopulation,2026-05-09 21:59:29,mixed,domain cato.org manually labeled as mixed
climate_change,slanted,carbon emissions scam,1,1,https://www.greenpeace.org/international/story/50689/carbon-offsets-net-zero-greenwashing-scam/,greenpeace.org,Carbon offsets are a scam - Greenpeace International,2026-05-09 16:08:39,mixed,domain greenpeace.org manually labeled as mixed
climate_change,slanted,carbon emissions scam,3,4,https://www.greenpeace.org/international/story/54079/great-carbon-capture-scam/,greenpeace.org,The Great Carbon Capture Scam — Rex Weyler,2026-05-09 16:09:06,mixed,domain greenpeace.org manually labeled as mixed
nuclear_power,slanted,nuclear waste danger,2,10,https://www.greenpeace.org/static/planet4-belgium-stateless/2019/03/f7da075b-18.11.gp-report-global-crisis-of-nuclear-waste.pdf,greenpeace.org,THE GLOBAL CRISIS OF NUCLEAR WASTE,2026-05-09 16:27:30,mixed,domain greenpeace.org manually labeled as mixed
coal,slanted,coal mining dangers,1,7,https://www.greenpeace.org/static/planet4-aotearoa-stateless/2018/05/enviro-impacts-of-coal.pdf,greenpeace.org,The Environmental Impacts of Coal,2026-05-09 17:28:49,mixed,domain greenpeace.org manually labeled as mixed
plastic,slanted,plastic recycling scam,2,7,https://www.greenpeace.org/international/story/53960/bribery-fraud-greenwashing-why-plastic-documentary-exposes-grim-reality-of-plastic-recycling/,greenpeace.org,"Bribery, fraud and large-scale greenwashing",2026-05-09 17:34:38,mixed,domain greenpeace.org manually labeled as mixed
deforestation,slanted,palm oil deforestation,2,5,https://www.greenpeace.org/usa/forests/indonesian-forests-palm-oil/,greenpeace.org,Indonesian Forests & Palm Oil,2026-05-09 20:37:19,mixed,domain greenpeace.org manually labeled as mixed
deforestation,slanted,illegal logging,1,3,https://www.greenpeace.org/usa/forests/issues/illegal-logging/,greenpeace.org,Illegal Logging,2026-05-09 20:41:41,mixed,domain greenpeace.org manually labeled as mixed
immigration,slanted,overpopulation,3,4,https://www.greenpeace.org/usa/overpopulation-and-environmentalism/,greenpeace.org,Overpopulation and Environmentalism,2026-05-09 21:59:47,mixed,domain greenpeace.org manually labeled as mixed
covid19,slanted,coronavirus lab leak theory,2,9,https://www.heritage.org/public-health/commentary/the-lie-the-century-the-origin-covid-19,heritage.org,The Lie of the Century: The Origin of COVID-19,2026-05-09 15:59:12,political,mixed,domain heritage.org is 'political' per OpenSources
covid19,slanted,face masks health risks,3,10,https://www.city-journal.org/article/the-harm-caused-by-masks,city-journal.org,The Harm Caused by Masks,2026-05-09 16:00:55,political,mixed,domain city-journal.org is 'political' per OpenSources
climate_change,slanted,sea level rise exaggerated,1,8,https://www.heritage.org/climate/report/coastal-inundation-rising-sea-levels-explained,heritage.org,Coastal Inundation: Rising Sea Levels Explained,2026-05-09 16:07:18,political,mixed,domain heritage.org is 'political' per OpenSources
synthetic_biology,slanted,designer babies ethics,1,5,https://www.heritage.org/marriage-and-family/commentary/just-because-we-can-create-genetically-modified-babies-doesnt-mean,heritage.org,Just Because We Can Create Genetically Modified Babies ...,2026-05-09 18:05:22,political,mixed,domain heritage.org is 'political' per OpenSources
fast_food,slanted,fast food antibiotic meat,3,10,https://www.ecowatch.com/antibiotics-in-burgers-annual-report-card-2613062028.html,ecowatch.com,Antibiotics in Burgers: Majority of U.S. Fast Food Chains ...,2026-05-09 20:05:10,political,mixed,domain ecowatch.com is 'political' per OpenSources
organic_food,slanted,organic food scam,2,7,https://foodbabe.com/is-organic-food-a-scam/,foodbabe.com,Is Organic Food A Scam?,2026-05-09 20:06:46,junksci,mixed,domain foodbabe.com is 'junksci' per OpenSources
poverty,neutral,welfare program effectiveness,2,7,https://www.heritage.org/welfare/report/understanding-the-hidden-11-trillion-welfare-system-and-how-reform-it,heritage.org,Understanding the Hidden $1.1 Trillion Welfare System ...,2026-05-09 20:48:35,political,mixed,domain heritage.org is 'political' per OpenSources
education,slanted,school voucher controversy,1,6,https://www.americanprogress.org/article/how-the-school-choice-agenda-harms-rural-students/,americanprogress.org,How the School Choice Agenda Harms Rural Students,2026-05-09 21:02:31,political,mixed,domain americanprogress.org is 'political' per OpenSources
healthcare,slanted,medicare for all costs,3,4,https://www.heritage.org/health-care-reform/report/how-medicare-all-harms-working-americans,heritage.org,How “Medicare for All” Harms Working Americans,2026-05-09 21:07:54,political,mixed,domain heritage.org is 'political' per OpenSources
healthcare,slanted,obamacare failures,1,6,https://www.heritage.org/health-care-reform/commentary/8-reasons-still-hate-obamacare,heritage.org,8 Reasons to Still Hate Obamacare,2026-05-09 21:09:13,political,mixed,domain heritage.org is 'political' per OpenSources
healthcare,neutral,healthcare reform,1,8,https://www.heritage.org/health-care-reform,heritage.org,Health Care Reform,2026-05-09 21:10:15,political,mixed,domain heritage.org is 'political' per OpenSources
vaccine_passports,neutral,vaccine passport impact,3,5,https://www.aljazeera.com/news/2021/3/14/vaccine-passport-qa,aljazeera.com,'A can of worms': Experts weigh in on the vaccine passport ...,2026-05-09 15:52:07,mixed,domain aljazeera.com rated 'medium credibility' per MBFC
vaccine_passports,slanted,vaccine segregation,3,4,https://www.theaustralian.com.au/inquirer/covid-vaccine-segregation-this-isnt-1950s-alabama/news-story/b890cecfa550dca0387d7923186e7d57,theaustralian.com.au,Covid vaccine segregation? This isn't 1950s Alabama,2026-05-09 15:55:26,mixed,domain theaustralian.com.au rated 'medium credibility' per MBFC
covid19,neutral,coronavirus pandemic origin,3,9,https://www.aljazeera.com/news/2025/6/27/covid-19-origin-still-inconclusive-after-years-long-who-study,aljazeera.com,COVID-19 origin still 'inconclusive' after years-long WHO ...,2026-05-09 15:58:48,mixed,domain aljazeera.com rated 'medium credibility' per MBFC
covid19,neutral,face masks effectiveness,2,7,https://www.tabletmag.com/sections/science/articles/masks-mortality-covid-consensus,tabletmag.com,Masks and Mortality,2026-05-09 16:00:02,mixed,domain tabletmag.com rated 'high credibility' per MBFC
covid19,slanted,lockdown harms,3,6,https://unherd.com/newsroom/hantavirus-outbreak-is-not-an-omen-for-lockdowns/,unherd.com,Hantavirus outbreak is not an omen for lockdowns,2026-05-09 16:02:13,mixed,domain unherd.com rated 'high credibility' per MBFC
climate_change,slanted,sea level rise exaggerated,2,5,https://capitalresearch.org/article/al-gores-30-years-of-climate-errors-part-3/,capitalresearch.org,Al Gore's 30 Years of Climate Errors: The Scary Seas,2026-05-09 16:07:26,mixed,domain capitalresearch.org rated 'medium credibility' per MBFC
climate_change,slanted,carbon emissions scam,3,8,https://www.foodandwaterwatch.org/2024/05/14/carbon-offsets-wildfires/,foodandwaterwatch.org,Carbon Offsets Are Climate Scams. Wildfires Will Make ...,2026-05-09 16:09:07,mixed,domain foodandwaterwatch.org rated 'medium credibility' per MBFC
climate_change,slanted,renewable energy failures,1,9,https://www.resilience.org/stories/2022-11-22/the-renewable-energy-transition-is-failing/,resilience.org,The Renewable Energy Transition Is Failing - Resilience.org,2026-05-09 16:10:23,mixed,domain resilience.org rated 'nan' per MBFC
climate_change,slanted,renewable energy failures,3,4,https://www.mackinac.org/blog/2024/proof-that-wind-and-solar-are-disasters-not-the-energy-america-really-needs,mackinac.org,"Proof that wind and solar are disasters, not the energy ...",2026-05-09 16:10:40,mixed,domain mackinac.org rated 'nan' per MBFC
artificial_sweeteners,slanted,diet soda cancer risk,3,3,https://www.today.com/health/diet-fitness/aspartame-carcinogen-diet-soda-rcna92376,today.com,Aspartame May Be a Carcinogen,2026-05-09 16:50:22,mixed,domain today.com rated 'high credibility' per MBFC
coal,slanted,coal pollution deaths,2,7,http://www.milwaukeeindependent.com/syndicated/study-shows-scientists-underestimated-number-deaths-linked-pollution-coal-power-plants/,milwaukeeindependent.com,Study shows scientists underestimated number of deaths ...,2026-05-09 17:27:01,mixed,domain milwaukeeindependent.com rated 'medium credibility' per MBFC
wind_energy,slanted,wind turbine syndrome,2,5,https://www.vice.com/en/article/wind-turbine-syndrome-is-fake/,vice.com,Wind Turbine Syndrome Was Bullshit the Whole Time,2026-05-09 17:41:50,mixed,domain vice.com rated 'high credibility' per MBFC
artificial_intelligence,slanted,ai uncontrolled intelligence,2,6,https://www.cnbc.com/2025/02/07/dangerous-proposition-top-scientists-warn-of-out-of-control-ai.html,cnbc.com,'Dangerous proposition': Top scientists warn of out-of- ...,2026-05-09 17:53:37,mixed,domain cnbc.com rated 'high credibility' per MBFC
3d_printing,slanted,3d printed gun dangers,1,8,https://everytownresearch.org/report/printing-violence-urgent-policy-actions-are-needed-to-combat-3d-printed-guns/,everytownresearch.org,Printing Violence: Urgent Policy Actions Are Needed to ...,2026-05-09 18:30:26,mixed,domain everytownresearch.org rated 'low credibility' per MBFC
autonomous_vehicles,slanted,autonomous vehicle accidents,2,10,https://www.aljazeera.com/economy/2026/1/29/us-opens-probe-after-a-waymo-self-driving-car-hit-a-child-near-a-school,aljazeera.com,US opens probe after a Waymo self-driving car hit a child ...,2026-05-09 18:34:59,mixed,domain aljazeera.com rated 'medium credibility' per MBFC
cryptocurrency,slanted,bitcoin carbon footprint,3,8,https://www.cnbc.com/2021/02/05/bitcoin-btc-surge-renews-worries-about-its-massive-carbon-footprint.html,cnbc.com,Bitcoin's wild ride renews worries about its massive carbon ...,2026-05-09 18:43:59,mixed,domain cnbc.com rated 'high credibility' per MBFC
social_media,neutral,tiktok algorithm study,2,2,https://truthout.org/articles/tiktok-algorithm-favored-conservative-content-in-2024-potus-race-study-suggests/,truthout.org,TikTok Algorithm Favored Conservative Content in 2024 ...,2026-05-09 18:52:08,mixed,domain truthout.org rated 'medium credibility' per MBFC
social_media,slanted,online radicalization,1,5,https://www.aclu.org/documents/countering-online-radicalization-america,aclu.org,Countering Online Radicalization in America,2026-05-09 18:55:20,mixed,domain aclu.org rated 'medium credibility' per MBFC
social_media,slanted,online radicalization,2,4,https://bipartisanpolicy.org/wp-content/uploads/2019/03/5086_BPC-_Online-Radicalization-Report-Executive-Summary-v4_web.pdf,bipartisanpolicy.org,Countering Online Radicalization in America,2026-05-09 18:55:30,mixed,domain bipartisanpolicy.org rated 'high credibility' per MBFC
online_privacy,slanted,government backdoor dangers,2,3,https://www.aclu.org/news/privacy-technology/government-hacking-makes-everyone-less-safe,aclu.org,Government Hacking Makes Everyone Less Safe,2026-05-09 18:59:49,mixed,domain aclu.org rated 'medium credibility' per MBFC
online_privacy,neutral,facial recognition benefits,1,7,https://bipartisanpolicy.org/article/frt-benefits-and-risks/,bipartisanpolicy.org,Face Recognition Technology: Benefits and Risks,2026-05-09 19:00:27,mixed,domain bipartisanpolicy.org rated 'high credibility' per MBFC
online_privacy,slanted,facial recognition surveillance,2,3,https://www.aclu.org/issues/privacy-technology/surveillance-technologies/face-recognition-technology,aclu.org,Face Recognition Technology | American Civil Liberties ...,2026-05-09 19:01:14,mixed,domain aclu.org rated 'medium credibility' per MBFC
obesity,slanted,obesity treatment failures,3,1,https://www.cnbc.com/2023/12/02/pfizer-weight-loss-pill-joins-list-of-obesity-drug-flops.html,cnbc.com,Pfizer weight loss pill joins list of obesity drug flops,2026-05-09 19:13:05,mixed,domain cnbc.com rated 'high credibility' per MBFC
dairy,neutral,cheese nutrition research,3,1,https://www.today.com/health/diet-fitness/healthiest-cheese-rcna342550,today.com,"5 Healthiest Cheeses To Eat, According To Dietitians",2026-05-09 19:30:13,mixed,domain today.com rated 'high credibility' per MBFC
eggs,neutral,egg protein consumption,2,7,https://www.today.com/health/diet-fitness/protein-in-egg-rcna177261,today.com,How Much Protein Is In An Egg? Dietitians Answer,2026-05-09 19:34:54,mixed,domain today.com rated 'high credibility' per MBFC
caffeine,neutral,coffee antioxidant research,2,10,https://www.mindbodygreen.com/articles/new-research-reveals-why-coffee-has-so-many-longevity-benefits?srsltid=AfmBOoojrLhoQwa6C3f4eF9SBhJ5OlyNWW2MZr-Iye3-l81_dArQV_Dn,mindbodygreen.com,New Research Reveals Why Coffee Has So Many ...,2026-05-09 19:51:40,mixed,domain mindbodygreen.com rated 'nan' per MBFC
fast_food,slanted,fast food antibiotic meat,2,4,https://www.aljazeera.com/news/2024/4/3/chick-fil-a-no-longer-antibiotic-free-what-does-this-mean-for-our-health,aljazeera.com,Why are some US food producers using antibiotics in meat ...,2026-05-09 20:04:58,mixed,domain aljazeera.com rated 'medium credibility' per MBFC
fast_food,slanted,fast food antibiotic meat,2,9,https://www.eatthis.com/fast-food-chains-no-antibiotics-meat/,eatthis.com,Only 3 Fast-Food Chains Still Serve Meat With Zero ...,2026-05-09 20:04:59,mixed,domain eatthis.com rated 'high credibility' per MBFC
organic_food,slanted,organic food scam,3,2,https://www.indiatoday.in/lifestyle/food/story/are-organic-foods-healthy-or-is-it-all-just-a-pricey-scam-2626288-2024-11-02,indiatoday.in,Are organic foods healthy or is it all just a pricey scam?,2026-05-09 20:06:52,mixed,domain indiatoday.in rated 'medium credibility' per MBFC
organic_food,neutral,organic produce safety,1,4,https://www.pacificresearch.org/when-it-comes-to-food-safety-organic-can-be-a-risky-business/,pacificresearch.org,"When it Comes to Food Safety, 'Organic' Can Be a Risky ...",2026-05-09 20:07:19,mixed,domain pacificresearch.org rated 'nan' per MBFC
poverty,neutral,minimum wage economical impact,1,1,https://aier.org/article/the-economics-of-the-minimum-wage-myths-facts-and-consequences/,aier.org,"The Economics of the Minimum Wage: Myths, Facts, and ...",2026-05-09 20:51:03,mixed,domain aier.org rated 'medium credibility' per MBFC
poverty,neutral,minimum wage economical impact,1,8,https://www.fraserinstitute.org/commentary/minimum-wage-hikes-often-hurt-people-theyre-supposed-help,fraserinstitute.org,Minimum wage hikes often hurt people they're supposed to ...,2026-05-09 20:51:07,mixed,domain fraserinstitute.org rated 'medium credibility' per MBFC
poverty,neutral,minimum wage economical impact,3,2,https://www.fraserinstitute.org/commentary/minimum-wage-hikes-often-hurt-people-theyre-supposed-help,fraserinstitute.org,Minimum wage hikes often hurt people they're supposed to ...,2026-05-09 20:51:34,mixed,domain fraserinstitute.org rated 'medium credibility' per MBFC
poverty,slanted,welfare dependency,3,1,https://www.aei.org/opportunity-social-mobility/welfare-dependence-revisited/,aei.org,"Welfare Dependence, Revisited",2026-05-09 20:52:32,mixed,domain aei.org rated 'medium credibility' per MBFC
education,slanted,common core failures,2,10,https://www.pacificresearch.org/common-core-has-failed-americas-students/,pacificresearch.org,Common Core Has Failed America's Students,2026-05-09 20:59:48,mixed,domain pacificresearch.org rated 'nan' per MBFC
education,slanted,school voucher controversy,2,4,https://www.aclu.org/documents/memo-constitutional-implications-voucher-proposals,aclu.org,Memo on the Constitutional Implications of Voucher ...,2026-05-09 21:02:45,mixed,domain aclu.org rated 'medium credibility' per MBFC
education,slanted,school voucher controversy,3,1,https://progressive.org/magazine/private-school-vouchers-levin/,progressive.org,The Problem with Private School Vouchers,2026-05-09 21:02:58,mixed,domain progressive.org rated 'high credibility' per MBFC
healthcare,neutral,universal healthcare facts,2,6,https://worldpopulationreview.com/country-rankings/countries-with-universal-healthcare,worldpopulationreview.com,Countries with Universal Healthcare 2026,2026-05-09 21:06:50,mixed,domain worldpopulationreview.com rated 'high credibility' per MBFC
healthcare,slanted,obamacare failures,3,1,https://americafirstpolicy.com/issues/obamacares-failed-promises,americafirstpolicy.com,Obamacare's Failed Promises | Fact Sheet | Healthcare,2026-05-09 21:09:42,mixed,domain americafirstpolicy.com rated 'medium credibility' per MBFC
healthcare,slanted,insurance coverage gaps,3,7,https://www.cnbc.com/2026/01/10/travel-insurance-coverage-gaps.html,cnbc.com,Travel insurance: These coverage gaps may surprise you,2026-05-09 21:11:42,mixed,domain cnbc.com rated 'high credibility' per MBFC
cloning,slanted,human cloning ethics,2,4,https://www.aei.org/research-products/testimony/the-ethics-of-human-cloning/,aei.org,The Ethics of Human Cloning,2026-05-09 21:13:30,mixed,domain aei.org rated 'medium credibility' per MBFC
cybersecurity,slanted,government backdoors,1,5,https://www.apple.com/privacy/government-information-requests/,apple.com,Privacy - Government Information Requests,2026-05-09 21:28:56,mixed,domain apple.com rated 'high credibility' per MBFC
social_credit,slanted,government surveillance,2,4,https://www.aclu.org/issues/national-security/privacy-and-surveillance,aclu.org,Privacy and Surveillance | American Civil Liberties ...,2026-05-09 21:37:32,mixed,domain aclu.org rated 'medium credibility' per MBFC
space_exploration,neutral,mars colonization,3,9,https://www.vice.com/en/article/is-life-on-mars-really-possible-expert/,vice.com,We Asked an Expert: Are We Really Going to Colonize Mars?,2026-05-09 21:52:25,mixed,domain vice.com rated 'high credibility' per MBFC
immigration,neutral,poulation growth,2,2,https://worldpopulationreview.com/,worldpopulationreview.com,"Current World Population: 8,298,978,817",2026-05-09 21:58:20,mixed,domain worldpopulationreview.com rated 'high credibility' per MBFC
Job_security,neutral,unemployment rate data,3,2,https://www.investing.com/economic-calendar/unemployment-rate-300,investing.com,United States Unemployment Rate,2026-05-09 22:00:22,mixed,domain investing.com rated 'medium credibility' per MBFC
Job_security,slanted,Ai taking over jobs,1,4,https://futurism.com/artificial-intelligence/ai-automation-replacement,futurism.com,Research Finds That AI Has Already Replaced Work for 20 ...,2026-05-09 22:02:18,mixed,domain futurism.com rated 'high credibility' per MBFC
Job_security,slanted,Ai taking over jobs,3,4,https://www.cnbc.com/2025/10/22/ai-taking-white-collar-jobs-economists-warn-much-more-in-the-tank.html,cnbc.com,AI taking white-collar jobs. Economists warn 'much more in ...,2026-05-09 22:02:41,mixed,domain cnbc.com rated 'high credibility' per MBFC
