topic,query_type,query,page,position,url,domain,title,timestamp,source,wikipedia_page,domains,status,status_raw,summary,reason
vaccines,slanted,vaccine scam,2,9,https://theconversation.com/nabbing-osama-with-a-vaccine-scam-a-threat-to-global-health-7044,theconversation.com,Nabbing Osama with a vaccine scam a threat to global health,2026-05-09 15:44:15,The Conversation,The_Conversation_(website),theconversation.com;2201-5639,reliable,Generally reliable,The Conversationpublishes articles from academics who aresubject-matter experts. It is generally reliable for subjects in the authors'areas of expertise. Opinions published inThe Conversationshould be handled withWP:RSOPINION.,domain theconversation.com matches reliable domain from file raw_wikipedia_perennial_sources.csv
vaccines,slanted,vaccine scam,3,9,https://www.npr.org/2021/07/09/1014512227/thousands-given-fake-vaccines-through-scam-in-india,npr.org,Thousands Given Fake Vaccines Through Scam In India,2026-05-09 15:44:24,NPR(National Public Radio),NPR,npr.org,reliable,Generally reliable,"There is consensus that NPR, an American public service broadcaster, is generally reliable for news and statements of fact. NPR'sopinion piecesshould only be used withattribution.",domain npr.org matches reliable domain from file raw_wikipedia_perennial_sources.csv
vaccines,neutral,flu shot effectiveness,2,7,https://www.nbcnews.com/health/health-news/flu-vaccine-2026-effective-symptoms-new-research-rcna252659,nbcnews.com,How effective is the flu shot this year? New report shows ...,2026-05-09 15:48:11,NBC News,NBC_News,nbcnews.com,reliable,Generally reliable,There is consensus that NBC News is generally reliable for news.See also:MS NOW(formerly MSNBC),domain nbcnews.com matches reliable domain from file raw_wikipedia_perennial_sources.csv
vaccine_passports,neutral,vaccine passport impact,2,3,https://www.theguardian.com/society/2021/jan/15/covid-vaccine-passports-what-are-they-and-do-they-pose-a-danger-to-privacy,theguardian.com,Vaccine passports: what are they and do they pose a ...,2026-05-09 15:51:58,"The Guardian(TheGuardian.com,The Manchester Guardian,The Guardian Weekly,The Observer)",The_Guardian,0261-3077;1756-3224;theguardian.com,reliable,Generally reliable,There is consensus thatThe Guardianis generally reliable.The Guardian's op-eds should be handled withWP:RSOPINION. Some editors believeThe Guardianisbiased or opinionatedfor politics.See also:The Guardian blogs.Guardian Media soldThe ObservertoTortoise Mediawith effect from 22 April 2025.,domain theguardian.com matches reliable domain from file raw_wikipedia_perennial_sources.csv
vaccine_passports,neutral,vaccine passport impact,3,10,https://www.bbc.com/news/world-europe-56522408,bbc.com,Covid passports: How do they work around the world?,2026-05-09 15:52:08,BBC(British Broadcasting Corporation),BBC,bbc.com,reliable,Generally reliable,"BBC is a Britishpublicly funded broadcaster. It is considered generally reliable. This includesBBC News, BBC documentaries, and the BBC History site (onBBC Online). However, this excludes BBC projects that incorporateuser-generated content(such ash2g2and theBBC Domesday Project) and BBC publications with reduced editorial oversight (such asCollective).Statements of opinionshould conform to the corresponding guideline.",domain bbc.com matches reliable domain from file raw_wikipedia_perennial_sources.csv
vaccine_passports,slanted,immunity passport discrimination,1,9,https://theconversation.com/the-argument-in-favour-of-covid-19-immunity-passports-151627,theconversation.com,The argument in favour of COVID-19 immunity passports,2026-05-09 15:52:24,The Conversation,The_Conversation_(website),theconversation.com;2201-5639,reliable,Generally reliable,The Conversationpublishes articles from academics who aresubject-matter experts. It is generally reliable for subjects in the authors'areas of expertise. Opinions published inThe Conversationshould be handled withWP:RSOPINION.,domain theconversation.com matches reliable domain from file raw_wikipedia_perennial_sources.csv
vaccine_passports,slanted,immunity passport discrimination,2,8,https://theconversation.com/why-covid-19-immunity-passports-may-violate-us-law-138165,theconversation.com,Why COVID-19 immunity passports may violate US law,2026-05-09 15:52:38,The Conversation,The_Conversation_(website),theconversation.com;2201-5639,reliable,Generally reliable,The Conversationpublishes articles from academics who aresubject-matter experts. It is generally reliable for subjects in the authors'areas of expertise. Opinions published inThe Conversationshould be handled withWP:RSOPINION.,domain theconversation.com matches reliable domain from file raw_wikipedia_perennial_sources.csv
vaccine_passports,slanted,immunity passport discrimination,3,1,https://www.washingtonpost.com/outlook/2020/12/15/vaccine-cards-discrimination-immunity-passports/,washingtonpost.com,Proof of vaccination will be very valuable — and easy to ...,2026-05-09 15:52:44,"The Washington Post(The Post,WaPo,TWP)",The_Washington_Post,0190-8286;washingtonpost.com,reliable,Generally reliable,Most editors considerThe Washington Postgenerally reliable. Some editors note thatWP:NEWSBLOGshould be used to evaluate blog posts onThe Washington Post's website.,domain washingtonpost.com matches reliable domain from file raw_wikipedia_perennial_sources.csv
vaccine_passports,neutral,travel health certificate effectiveness,3,2,https://www.bbc.com/news/articles/cj6pz47n3d8o,bbc.com,"Pet travel changes hassle, say vets and owners",2026-05-09 15:54:45,BBC(British Broadcasting Corporation),BBC,bbc.com,reliable,Generally reliable,"BBC is a Britishpublicly funded broadcaster. It is considered generally reliable. This includesBBC News, BBC documentaries, and the BBC History site (onBBC Online). However, this excludes BBC projects that incorporateuser-generated content(such ash2g2and theBBC Domesday Project) and BBC publications with reduced editorial oversight (such asCollective).Statements of opinionshould conform to the corresponding guideline.",domain bbc.com matches reliable domain from file raw_wikipedia_perennial_sources.csv
covid19,neutral,COVID-19 vaccine efficacy,2,7,https://www.nytimes.com/2026/04/22/us/politics/cdc-covid-vaccine-study.html,nytimes.com,C.D.C. Cancels Publication of Study Showing Benefits ...,2026-05-09 15:57:15,The New York Times(NYT),The_New_York_Times,0362-4331;1553-8095;nytimes.com,reliable,Generally reliable,"There is consensus thatThe New York Timesis generally reliable.WP:RSOPINIONshould be used to evaluate opinion columns, whileWP:NEWSBLOGshould be used for the blogs onThe New York Times's website. The 2018 RfC citesWP:MEDPOPto establish that popular press sources such asThe New York Timesshould generally not be used to supportmedical claims.",domain nytimes.com matches reliable domain from file raw_wikipedia_perennial_sources.csv
covid19,neutral,coronavirus pandemic origin,2,9,https://www.bbc.com/news/articles/cy8095xjg4po,bbc.com,Genetic ghosts suggest Covid's market origins,2026-05-09 15:58:39,BBC(British Broadcasting Corporation),BBC,bbc.com,reliable,Generally reliable,"BBC is a Britishpublicly funded broadcaster. It is considered generally reliable. This includesBBC News, BBC documentaries, and the BBC History site (onBBC Online). However, this excludes BBC projects that incorporateuser-generated content(such ash2g2and theBBC Domesday Project) and BBC publications with reduced editorial oversight (such asCollective).Statements of opinionshould conform to the corresponding guideline.",domain bbc.com matches reliable domain from file raw_wikipedia_perennial_sources.csv
covid19,neutral,coronavirus pandemic origin,3,6,https://theconversation.com/the-lab-leak-origin-of-covid-19-fact-or-fiction-250462,theconversation.com,The 'lab-leak origin' of Covid-19. Fact or fiction?,2026-05-09 15:58:47,The Conversation,The_Conversation_(website),theconversation.com;2201-5639,reliable,Generally reliable,The Conversationpublishes articles from academics who aresubject-matter experts. It is generally reliable for subjects in the authors'areas of expertise. Opinions published inThe Conversationshould be handled withWP:RSOPINION.,domain theconversation.com matches reliable domain from file raw_wikipedia_perennial_sources.csv
covid19,neutral,coronavirus pandemic origin,3,7,https://www.pbs.org/newshour/tag/wuhan,pbs.org,wuhan | PBS News,2026-05-09 15:58:48,PBS(Public Broadcasting Service),PBS,pbs.org,reliable,Generally reliable,ThePublic Broadcasting Serviceis an American public broadcaster. It is considered generally reliable by editors.,domain pbs.org matches reliable domain from file raw_wikipedia_perennial_sources.csv
covid19,neutral,coronavirus pandemic origin,3,8,https://www.washingtonpost.com/science/2024/09/19/covid-origin-wuhan-market/,washingtonpost.com,Scientists again link covid origin to Wuhan market animals,2026-05-09 15:58:48,"The Washington Post(The Post,WaPo,TWP)",The_Washington_Post,0190-8286;washingtonpost.com,reliable,Generally reliable,Most editors considerThe Washington Postgenerally reliable. Some editors note thatWP:NEWSBLOGshould be used to evaluate blog posts onThe Washington Post's website.,domain washingtonpost.com matches reliable domain from file raw_wikipedia_perennial_sources.csv
covid19,slanted,coronavirus lab leak theory,1,5,https://www.theguardian.com/commentisfree/2025/jun/25/covid-lab-leak-theory-right-conspiracy-science,theguardian.com,The Covid 'lab leak' theory isn't just a rightwing conspiracy,2026-05-09 15:59:00,"The Guardian(TheGuardian.com,The Manchester Guardian,The Guardian Weekly,The Observer)",The_Guardian,0261-3077;1756-3224;theguardian.com,reliable,Generally reliable,There is consensus thatThe Guardianis generally reliable.The Guardian's op-eds should be handled withWP:RSOPINION. Some editors believeThe Guardianisbiased or opinionatedfor politics.See also:The Guardian blogs.Guardian Media soldThe ObservertoTortoise Mediawith effect from 22 April 2025.,domain theguardian.com matches reliable domain from file raw_wikipedia_perennial_sources.csv
covid19,slanted,coronavirus lab leak theory,1,7,https://www.bbc.com/news/articles/cd9qjjj4zy5o,bbc.com,CIA says lab leak most likely source of Covid outbreak,2026-05-09 15:59:01,BBC(British Broadcasting Corporation),BBC,bbc.com,reliable,Generally reliable,"BBC is a Britishpublicly funded broadcaster. It is considered generally reliable. This includesBBC News, BBC documentaries, and the BBC History site (onBBC Online). However, this excludes BBC projects that incorporateuser-generated content(such ash2g2and theBBC Domesday Project) and BBC publications with reduced editorial oversight (such asCollective).Statements of opinionshould conform to the corresponding guideline.",domain bbc.com matches reliable domain from file raw_wikipedia_perennial_sources.csv
covid19,slanted,coronavirus lab leak theory,2,6,https://theconversation.com/the-lab-leak-origin-of-covid-19-fact-or-fiction-250462,theconversation.com,The 'lab-leak origin' of Covid-19. Fact or fiction?,2026-05-09 15:59:11,The Conversation,The_Conversation_(website),theconversation.com;2201-5639,reliable,Generally reliable,The Conversationpublishes articles from academics who aresubject-matter experts. It is generally reliable for subjects in the authors'areas of expertise. Opinions published inThe Conversationshould be handled withWP:RSOPINION.,domain theconversation.com matches reliable domain from file raw_wikipedia_perennial_sources.csv
covid19,slanted,coronavirus lab leak theory,2,7,https://www.nytimes.com/2025/05/21/opinion/covid-lab-leak.html,nytimes.com,Why Are So Many People Sure Covid Leaked From a Lab?,2026-05-09 15:59:11,The New York Times(NYT),The_New_York_Times,0362-4331;1553-8095;nytimes.com,reliable,Generally reliable,"There is consensus thatThe New York Timesis generally reliable.WP:RSOPINIONshould be used to evaluate opinion columns, whileWP:NEWSBLOGshould be used for the blogs onThe New York Times's website. The 2018 RfC citesWP:MEDPOPto establish that popular press sources such asThe New York Timesshould generally not be used to supportmedical claims.",domain nytimes.com matches reliable domain from file raw_wikipedia_perennial_sources.csv
covid19,slanted,coronavirus lab leak theory,3,1,https://www.vanityfair.com/news/2021/06/the-lab-leak-theory-inside-the-fight-to-uncover-covid-19s-origins?srsltid=AfmBOopA7CwbkpWZxLJaGCDOu9oMfph2-eyFRirh8kC9gvok4TjxenNH,vanityfair.com,The Lab-Leak Theory: Inside the Fight to Uncover COVID- ...,2026-05-09 15:59:18,Vanity Fair,Vanity_Fair_(magazine),vanityfair.com;0733-8899,reliable,Generally reliable,"Vanity Fairis considered generally reliable, including forpopular culturetopics. Some editors say it isbiased or opinionated.",domain vanityfair.com matches reliable domain from file raw_wikipedia_perennial_sources.csv
covid19,slanted,coronavirus lab leak theory,3,2,https://www.cbsnews.com/boston/news/alina-chan-covid-lab-leak-theory/,cbsnews.com,Scientist who pushed for COVID lab leak theory ...,2026-05-09 15:59:18,CBS News,CBS_News,cbsnews.com,reliable,Generally reliable,"CBS News is the news division ofCBS. It is considered generally reliable. Some editors note, however, that its television content may include superficial coverage, which might not qualify underWP:MEDRS.",domain cbsnews.com matches reliable domain from file raw_wikipedia_perennial_sources.csv
covid19,slanted,coronavirus lab leak theory,3,4,https://www.npr.org/sections/goatsandsoda/2023/02/28/1160162845/what-does-the-science-say-about-the-origin-of-the-sars-cov-2-pandemic,npr.org,Lab leak theory of pandemic resurfaces but evidence ...,2026-05-09 15:59:19,NPR(National Public Radio),NPR,npr.org,reliable,Generally reliable,"There is consensus that NPR, an American public service broadcaster, is generally reliable for news and statements of fact. NPR'sopinion piecesshould only be used withattribution.",domain npr.org matches reliable domain from file raw_wikipedia_perennial_sources.csv
covid19,slanted,coronavirus lab leak theory,3,9,https://www.bbc.com/news/articles/cz7vypq31z7o,bbc.com,German spy agency 'believed Covid likely started in lab',2026-05-09 15:59:20,BBC(British Broadcasting Corporation),BBC,bbc.com,reliable,Generally reliable,"BBC is a Britishpublicly funded broadcaster. It is considered generally reliable. This includesBBC News, BBC documentaries, and the BBC History site (onBBC Online). However, this excludes BBC projects that incorporateuser-generated content(such ash2g2and theBBC Domesday Project) and BBC publications with reduced editorial oversight (such asCollective).Statements of opinionshould conform to the corresponding guideline.",domain bbc.com matches reliable domain from file raw_wikipedia_perennial_sources.csv
covid19,neutral,face masks effectiveness,3,1,https://www.bbc.com/news/articles/cly2jr0dppro,bbc.com,"High-grade masks evidence weak, Covid inquiry told",2026-05-09 16:00:09,BBC(British Broadcasting Corporation),BBC,bbc.com,reliable,Generally reliable,"BBC is a Britishpublicly funded broadcaster. It is considered generally reliable. This includesBBC News, BBC documentaries, and the BBC History site (onBBC Online). However, this excludes BBC projects that incorporateuser-generated content(such ash2g2and theBBC Domesday Project) and BBC publications with reduced editorial oversight (such asCollective).Statements of opinionshould conform to the corresponding guideline.",domain bbc.com matches reliable domain from file raw_wikipedia_perennial_sources.csv
covid19,neutral,face masks effectiveness,3,4,https://www.nytimes.com/wirecutter/reviews/best-red-light-therapy-skin-care-device/,nytimes.com,The Best Red-Light Therapy Device | Reviews by Wirecutter,2026-05-09 16:00:10,The New York Times(NYT),The_New_York_Times,0362-4331;1553-8095;nytimes.com,reliable,Generally reliable,"There is consensus thatThe New York Timesis generally reliable.WP:RSOPINIONshould be used to evaluate opinion columns, whileWP:NEWSBLOGshould be used for the blogs onThe New York Times's website. The 2018 RfC citesWP:MEDPOPto establish that popular press sources such asThe New York Timesshould generally not be used to supportmedical claims.",domain nytimes.com matches reliable domain from file raw_wikipedia_perennial_sources.csv
covid19,slanted,face masks health risks,1,6,https://www.theguardian.com/environment/2025/sep/08/disposable-face-masks-covid-chemical-timebomb,theguardian.com,Disposable face masks used during Covid have left ...,2026-05-09 16:00:34,"The Guardian(TheGuardian.com,The Manchester Guardian,The Guardian Weekly,The Observer)",The_Guardian,0261-3077;1756-3224;theguardian.com,reliable,Generally reliable,There is consensus thatThe Guardianis generally reliable.The Guardian's op-eds should be handled withWP:RSOPINION. Some editors believeThe Guardianisbiased or opinionatedfor politics.See also:The Guardian blogs.Guardian Media soldThe ObservertoTortoise Mediawith effect from 22 April 2025.,domain theguardian.com matches reliable domain from file raw_wikipedia_perennial_sources.csv
covid19,slanted,face masks health risks,3,6,https://www.bbc.com/news/53108405,bbc.com,Coronavirus: 'Deadly masks' claims debunked,2026-05-09 16:00:54,BBC(British Broadcasting Corporation),BBC,bbc.com,reliable,Generally reliable,"BBC is a Britishpublicly funded broadcaster. It is considered generally reliable. This includesBBC News, BBC documentaries, and the BBC History site (onBBC Online). However, this excludes BBC projects that incorporateuser-generated content(such ash2g2and theBBC Domesday Project) and BBC publications with reduced editorial oversight (such asCollective).Statements of opinionshould conform to the corresponding guideline.",domain bbc.com matches reliable domain from file raw_wikipedia_perennial_sources.csv
covid19,neutral,lockdown effectiveness,1,2,https://www.bbc.com/future/article/20250304-the-countries-that-never-locked-down-for-covid-19,bbc.com,The countries that never locked down for Covid-19,2026-05-09 16:01:12,BBC(British Broadcasting Corporation),BBC,bbc.com,reliable,Generally reliable,"BBC is a Britishpublicly funded broadcaster. It is considered generally reliable. This includesBBC News, BBC documentaries, and the BBC History site (onBBC Online). However, this excludes BBC projects that incorporateuser-generated content(such ash2g2and theBBC Domesday Project) and BBC publications with reduced editorial oversight (such asCollective).Statements of opinionshould conform to the corresponding guideline.",domain bbc.com matches reliable domain from file raw_wikipedia_perennial_sources.csv
covid19,neutral,lockdown effectiveness,2,5,https://www.nytimes.com/2025/03/20/podcasts/the-daily/were-the-covid-lockdowns-worth-it.html,nytimes.com,Were the Covid Lockdowns Worth It?,2026-05-09 16:01:24,The New York Times(NYT),The_New_York_Times,0362-4331;1553-8095;nytimes.com,reliable,Generally reliable,"There is consensus thatThe New York Timesis generally reliable.WP:RSOPINIONshould be used to evaluate opinion columns, whileWP:NEWSBLOGshould be used for the blogs onThe New York Times's website. The 2018 RfC citesWP:MEDPOPto establish that popular press sources such asThe New York Timesshould generally not be used to supportmedical claims.",domain nytimes.com matches reliable domain from file raw_wikipedia_perennial_sources.csv
covid19,neutral,lockdown effectiveness,3,9,https://nymag.com/intelligencer/article/covid-lockdowns-big-fail-joe-nocera-bethany-mclean-book-excerpt.html,nymag.com,COVID Lockdowns Were a Giant Experiment. It Was ...,2026-05-09 16:01:34,"New York(Vulture,The Cut,Grub Street,Daily Intelligencer)",New_York_(magazine),nymag.com;0028-7369,reliable,Generally reliable,"There is consensus thatNew Yorkmagazine, including its subsidiary websiteVulture, is generally reliable. There is no consensus on whether it is generally reliable for contentious statements.See also:Polygon (pre-2025),The Verge,Vox",domain nymag.com matches reliable domain from file raw_wikipedia_perennial_sources.csv
covid19,slanted,lockdown harms,1,3,https://www.bbc.com/future/article/20250605-the-pandemic-generation-how-covid-19-has-left-a-long-term-mark-on-children,bbc.com,The pandemic generation: How Covid-19 lockdowns is ...,2026-05-09 16:01:51,BBC(British Broadcasting Corporation),BBC,bbc.com,reliable,Generally reliable,"BBC is a Britishpublicly funded broadcaster. It is considered generally reliable. This includesBBC News, BBC documentaries, and the BBC History site (onBBC Online). However, this excludes BBC projects that incorporateuser-generated content(such ash2g2and theBBC Domesday Project) and BBC publications with reduced editorial oversight (such asCollective).Statements of opinionshould conform to the corresponding guideline.",domain bbc.com matches reliable domain from file raw_wikipedia_perennial_sources.csv
covid19,slanted,lockdown harms,1,10,https://www.theguardian.com/world/2022/jan/02/britain-got-it-wrong-on-covid-long-lockdown-did-more-harm-than-good-says-scientist,theguardian.com,Britain got it wrong on Covid: long lockdown did more harm ...,2026-05-09 16:01:56,"The Guardian(TheGuardian.com,The Manchester Guardian,The Guardian Weekly,The Observer)",The_Guardian,0261-3077;1756-3224;theguardian.com,reliable,Generally reliable,There is consensus thatThe Guardianis generally reliable.The Guardian's op-eds should be handled withWP:RSOPINION. Some editors believeThe Guardianisbiased or opinionatedfor politics.See also:The Guardian blogs.Guardian Media soldThe ObservertoTortoise Mediawith effect from 22 April 2025.,domain theguardian.com matches reliable domain from file raw_wikipedia_perennial_sources.csv
covid19,slanted,lockdown harms,2,2,https://theconversation.com/financial-strain-lockdowns-and-fear-of-infection-during-disease-outbreaks-magnify-violence-against-women-and-girls-new-research-280210,theconversation.com,"Financial strain, lockdowns and fear of infection during ...",2026-05-09 16:02:03,The Conversation,The_Conversation_(website),theconversation.com;2201-5639,reliable,Generally reliable,The Conversationpublishes articles from academics who aresubject-matter experts. It is generally reliable for subjects in the authors'areas of expertise. Opinions published inThe Conversationshould be handled withWP:RSOPINION.,domain theconversation.com matches reliable domain from file raw_wikipedia_perennial_sources.csv
covid19,slanted,lockdown harms,2,6,https://www.telegraph.co.uk/global-health/science-and-disease/how-covid-damaged-every-generation-from-babies-to-pensioner/,telegraph.co.uk,"How Covid destroyed our lives, from newborns to pensioners",2026-05-09 16:02:05,"The Daily Telegraph(UK) (excluding transgender topics)(The Telegraph,The Sunday Telegraph)",The_Daily_Telegraph,0307-1235;telegraph.co.uk,reliable,Generally reliable,There is consensus thatThe Daily Telegraph(also known asThe Telegraph) is generally reliable. Some editors believe thatThe Daily Telegraphisbiased or opinionatedfor politics. Unrelated toThe Daily Telegraph(Sydney).,domain telegraph.co.uk matches reliable domain from file raw_wikipedia_perennial_sources.csv
climate_change,slanted,climate change hoax,2,6,https://www.pbs.org/newshour/science/trump-calls-climate-change-threat-to-public-health-a-scam-but-scientific-findings-show-otherwise,pbs.org,Trump calls climate change threat to public health 'a scam ...,2026-05-09 16:03:48,PBS(Public Broadcasting Service),PBS,pbs.org,reliable,Generally reliable,ThePublic Broadcasting Serviceis an American public broadcaster. It is considered generally reliable by editors.,domain pbs.org matches reliable domain from file raw_wikipedia_perennial_sources.csv
climate_change,slanted,climate change hoax,3,7,https://www.theguardian.com/science/brain-flapping/2014/nov/25/climate-change-is-an-obvious-myth-how-much-more-evidence-do-you-need,theguardian.com,Climate change is an obvious myth – how much more ...,2026-05-09 16:03:58,"The Guardian(TheGuardian.com,The Manchester Guardian,The Guardian Weekly,The Observer)",The_Guardian,0261-3077;1756-3224;theguardian.com,reliable,Generally reliable,There is consensus thatThe Guardianis generally reliable.The Guardian's op-eds should be handled withWP:RSOPINION. Some editors believeThe Guardianisbiased or opinionatedfor politics.See also:The Guardian blogs.Guardian Media soldThe ObservertoTortoise Mediawith effect from 22 April 2025.,domain theguardian.com matches reliable domain from file raw_wikipedia_perennial_sources.csv
climate_change,slanted,climate change hoax,3,8,https://time.com/7319744/trump-un-speech-climate-change/,time.com,Trump Calls Climate Change 'Con Job' and 'Scam' in UN ...,2026-05-09 16:03:58,Time,Time_(magazine),time.com;0040-781x,reliable,Generally reliable,"There is consensus thatTimeis generally reliable.Time'smagazine blogs, including Techland, should be handled with the appropriate policy. Refer toWP:NEWSORGfor guidance onop-eds, which should only be used withattribution.",domain time.com matches reliable domain from file raw_wikipedia_perennial_sources.csv
climate_change,slanted,climate change hoax,3,10,https://www.bbc.com/news/science-environment-67483064,bbc.com,'I thought climate change was a hoax. Now I've ...,2026-05-09 16:03:59,BBC(British Broadcasting Corporation),BBC,bbc.com,reliable,Generally reliable,"BBC is a Britishpublicly funded broadcaster. It is considered generally reliable. This includesBBC News, BBC documentaries, and the BBC History site (onBBC Online). However, this excludes BBC projects that incorporateuser-generated content(such ash2g2and theBBC Domesday Project) and BBC publications with reduced editorial oversight (such asCollective).Statements of opinionshould conform to the corresponding guideline.",domain bbc.com matches reliable domain from file raw_wikipedia_perennial_sources.csv
climate_change,slanted,global warming myth,2,2,https://www.theguardian.com/science/brain-flapping/2014/nov/25/climate-change-is-an-obvious-myth-how-much-more-evidence-do-you-need,theguardian.com,Climate change is an obvious myth – how much more ...,2026-05-09 16:05:34,"The Guardian(TheGuardian.com,The Manchester Guardian,The Guardian Weekly,The Observer)",The_Guardian,0261-3077;1756-3224;theguardian.com,reliable,Generally reliable,There is consensus thatThe Guardianis generally reliable.The Guardian's op-eds should be handled withWP:RSOPINION. Some editors believeThe Guardianisbiased or opinionatedfor politics.See also:The Guardian blogs.Guardian Media soldThe ObservertoTortoise Mediawith effect from 22 April 2025.,domain theguardian.com matches reliable domain from file raw_wikipedia_perennial_sources.csv
climate_change,neutral,sea level rise research,2,10,https://www.npr.org/2026/03/09/nx-s1-5741796/rising-seas-climate-change-study,npr.org,Millions more people are in the path of rising seas than ...,2026-05-09 16:06:51,NPR(National Public Radio),NPR,npr.org,reliable,Generally reliable,"There is consensus that NPR, an American public service broadcaster, is generally reliable for news and statements of fact. NPR'sopinion piecesshould only be used withattribution.",domain npr.org matches reliable domain from file raw_wikipedia_perennial_sources.csv
climate_change,neutral,sea level rise research,3,5,https://www.theguardian.com/environment/2026/mar/04/global-sea-levels-underestimated-poor-modelling-research,theguardian.com,Global sea levels have been underestimated due to poor ...,2026-05-09 16:06:57,"The Guardian(TheGuardian.com,The Manchester Guardian,The Guardian Weekly,The Observer)",The_Guardian,0261-3077;1756-3224;theguardian.com,reliable,Generally reliable,There is consensus thatThe Guardianis generally reliable.The Guardian's op-eds should be handled withWP:RSOPINION. Some editors believeThe Guardianisbiased or opinionatedfor politics.See also:The Guardian blogs.Guardian Media soldThe ObservertoTortoise Mediawith effect from 22 April 2025.,domain theguardian.com matches reliable domain from file raw_wikipedia_perennial_sources.csv
climate_change,neutral,sea level rise research,3,7,https://www.nytimes.com/2026/03/04/climate/sea-level-underestimated.html,nytimes.com,Sea Levels Are Already Higher Than Many Scientists Think ...,2026-05-09 16:06:58,The New York Times(NYT),The_New_York_Times,0362-4331;1553-8095;nytimes.com,reliable,Generally reliable,"There is consensus thatThe New York Timesis generally reliable.WP:RSOPINIONshould be used to evaluate opinion columns, whileWP:NEWSBLOGshould be used for the blogs onThe New York Times's website. The 2018 RfC citesWP:MEDPOPto establish that popular press sources such asThe New York Timesshould generally not be used to supportmedical claims.",domain nytimes.com matches reliable domain from file raw_wikipedia_perennial_sources.csv
climate_change,slanted,sea level rise exaggerated,1,9,https://www.nytimes.com/2026/03/04/climate/sea-level-underestimated.html,nytimes.com,Sea Levels Are Already Higher Than Many Scientists Think ...,2026-05-09 16:07:18,The New York Times(NYT),The_New_York_Times,0362-4331;1553-8095;nytimes.com,reliable,Generally reliable,"There is consensus thatThe New York Timesis generally reliable.WP:RSOPINIONshould be used to evaluate opinion columns, whileWP:NEWSBLOGshould be used for the blogs onThe New York Times's website. The 2018 RfC citesWP:MEDPOPto establish that popular press sources such asThe New York Timesshould generally not be used to supportmedical claims.",domain nytimes.com matches reliable domain from file raw_wikipedia_perennial_sources.csv
climate_change,slanted,sea level rise exaggerated,2,8,https://www.theguardian.com/environment/2016/may/10/headlines-exaggerated-climate-link-to-sinking-of-pacific-islands,theguardian.com,Headlines 'exaggerated' climate link to sinking of Pacific ...,2026-05-09 16:07:27,"The Guardian(TheGuardian.com,The Manchester Guardian,The Guardian Weekly,The Observer)",The_Guardian,0261-3077;1756-3224;theguardian.com,reliable,Generally reliable,There is consensus thatThe Guardianis generally reliable.The Guardian's op-eds should be handled withWP:RSOPINION. Some editors believeThe Guardianisbiased or opinionatedfor politics.See also:The Guardian blogs.Guardian Media soldThe ObservertoTortoise Mediawith effect from 22 April 2025.,domain theguardian.com matches reliable domain from file raw_wikipedia_perennial_sources.csv
climate_change,slanted,sea level rise exaggerated,3,9,https://www.haaretz.com/science-and-health/nature-environment/2026-05-02/ty-article/the-strange-truth-about-sea-level-rise/0000019d-de48-d153-a3df-ffee9ca40000,haaretz.com,The Strange Truth About Sea-level Rise,2026-05-09 16:07:36,Haaretz(Ḥadashot Ha'aretz),Haaretz,haaretz.co.il;haaretz.com,reliable,Generally reliable,"Haaretzis considered generally reliable. Some editors believe thatHaaretzreports with a political slant, particularly with respect to theArab–Israeli conflict, which makes itbiased or opinionated. The publication's opinion pieces should be handled withthe appropriate guideline.",domain haaretz.com matches reliable domain from file raw_wikipedia_perennial_sources.csv
climate_change,slanted,carbon emissions scam,1,3,https://www.theguardian.com/news/article/2024/jun/04/the-warring-conmen-at-the-heart-of-a-5bn-carbon-credit-scam,theguardian.com,The warring conmen at the heart of a €5bn carbon trading ...,2026-05-09 16:08:41,"The Guardian(TheGuardian.com,The Manchester Guardian,The Guardian Weekly,The Observer)",The_Guardian,0261-3077;1756-3224;theguardian.com,reliable,Generally reliable,There is consensus thatThe Guardianis generally reliable.The Guardian's op-eds should be handled withWP:RSOPINION. Some editors believeThe Guardianisbiased or opinionatedfor politics.See also:The Guardian blogs.Guardian Media soldThe ObservertoTortoise Mediawith effect from 22 April 2025.,domain theguardian.com matches reliable domain from file raw_wikipedia_perennial_sources.csv
climate_change,slanted,carbon emissions scam,3,10,https://www.washingtonpost.com/opinions/2024/08/26/carbon-offsets-scam-climate/,washingtonpost.com,The next big climate target: Ending carbon offset scams,2026-05-09 16:09:08,"The Washington Post(The Post,WaPo,TWP)",The_Washington_Post,0190-8286;washingtonpost.com,reliable,Generally reliable,Most editors considerThe Washington Postgenerally reliable. Some editors note thatWP:NEWSBLOGshould be used to evaluate blog posts onThe Washington Post's website.,domain washingtonpost.com matches reliable domain from file raw_wikipedia_perennial_sources.csv
climate_change,slanted,renewable energy failures,1,1,https://www.theguardian.com/environment/2026/mar/23/europe-clean-energy-gains-failure-phase-out-fuel-burning,theguardian.com,Europe's 'staggering' clean power gains undermined by ...,2026-05-09 16:10:07,"The Guardian(TheGuardian.com,The Manchester Guardian,The Guardian Weekly,The Observer)",The_Guardian,0261-3077;1756-3224;theguardian.com,reliable,Generally reliable,There is consensus thatThe Guardianis generally reliable.The Guardian's op-eds should be handled withWP:RSOPINION. Some editors believeThe Guardianisbiased or opinionatedfor politics.See also:The Guardian blogs.Guardian Media soldThe ObservertoTortoise Mediawith effect from 22 April 2025.,domain theguardian.com matches reliable domain from file raw_wikipedia_perennial_sources.csv
fluoridation,slanted,water fluoridation dangers,1,9,https://www.bbc.com/future/article/20250528-why-some-countries-dont-fluoridate-their-water,bbc.com,These countries don't fluoridate their water – here's why,2026-05-09 16:12:55,BBC(British Broadcasting Corporation),BBC,bbc.com,reliable,Generally reliable,"BBC is a Britishpublicly funded broadcaster. It is considered generally reliable. This includesBBC News, BBC documentaries, and the BBC History site (onBBC Online). However, this excludes BBC projects that incorporateuser-generated content(such ash2g2and theBBC Domesday Project) and BBC publications with reduced editorial oversight (such asCollective).Statements of opinionshould conform to the corresponding guideline.",domain bbc.com matches reliable domain from file raw_wikipedia_perennial_sources.csv
fluoridation,slanted,water fluoridation dangers,3,9,https://www.nytimes.com/2024/12/12/well/fluoride-water-health-pregnancy-children.html,nytimes.com,"The Benefits and Risks of Fluoride, Explained",2026-05-09 16:13:14,The New York Times(NYT),The_New_York_Times,0362-4331;1553-8095;nytimes.com,reliable,Generally reliable,"There is consensus thatThe New York Timesis generally reliable.WP:RSOPINIONshould be used to evaluate opinion columns, whileWP:NEWSBLOGshould be used for the blogs onThe New York Times's website. The 2018 RfC citesWP:MEDPOPto establish that popular press sources such asThe New York Timesshould generally not be used to supportmedical claims.",domain nytimes.com matches reliable domain from file raw_wikipedia_perennial_sources.csv
5g,neutral,5g technology health,3,6,https://theconversation.com/5g-doesnt-affect-your-health-here-are-5-points-to-put-your-mind-at-ease-233947,theconversation.com,5G doesn't affect your health – here are 5 points to put ...,2026-05-09 16:17:27,The Conversation,The_Conversation_(website),theconversation.com;2201-5639,reliable,Generally reliable,The Conversationpublishes articles from academics who aresubject-matter experts. It is generally reliable for subjects in the authors'areas of expertise. Opinions published inThe Conversationshould be handled withWP:RSOPINION.,domain theconversation.com matches reliable domain from file raw_wikipedia_perennial_sources.csv
5g,slanted,5g dangers,3,8,https://www.bbc.com/news/world-europe-48616174,bbc.com,Does 5G pose health risks?,2026-05-09 16:19:38,BBC(British Broadcasting Corporation),BBC,bbc.com,reliable,Generally reliable,"BBC is a Britishpublicly funded broadcaster. It is considered generally reliable. This includesBBC News, BBC documentaries, and the BBC History site (onBBC Online). However, this excludes BBC projects that incorporateuser-generated content(such ash2g2and theBBC Domesday Project) and BBC publications with reduced editorial oversight (such asCollective).Statements of opinionshould conform to the corresponding guideline.",domain bbc.com matches reliable domain from file raw_wikipedia_perennial_sources.csv
5g,neutral,5g health studies,3,6,https://theconversation.com/5g-doesnt-affect-your-health-here-are-5-points-to-put-your-mind-at-ease-233947,theconversation.com,5G doesn't affect your health – here are 5 points to put ...,2026-05-09 16:20:28,The Conversation,The_Conversation_(website),theconversation.com;2201-5639,reliable,Generally reliable,The Conversationpublishes articles from academics who aresubject-matter experts. It is generally reliable for subjects in the authors'areas of expertise. Opinions published inThe Conversationshould be handled withWP:RSOPINION.,domain theconversation.com matches reliable domain from file raw_wikipedia_perennial_sources.csv
5g,slanted,5g electromagnetic hypersensitivity,3,5,https://www.bbc.com/news/av/stories-51281856,bbc.com,"Electrosensitivity: 'I didn't believe people had it, then it ...",2026-05-09 16:21:11,BBC(British Broadcasting Corporation),BBC,bbc.com,reliable,Generally reliable,"BBC is a Britishpublicly funded broadcaster. It is considered generally reliable. This includesBBC News, BBC documentaries, and the BBC History site (onBBC Online). However, this excludes BBC projects that incorporateuser-generated content(such ash2g2and theBBC Domesday Project) and BBC publications with reduced editorial oversight (such asCollective).Statements of opinionshould conform to the corresponding guideline.",domain bbc.com matches reliable domain from file raw_wikipedia_perennial_sources.csv
nuclear_power,neutral,nuclear waste management,3,7,https://www.telegraph.co.uk/business/2026/05/03/britain-creating-mountain-nuclear-waste-doesnt-know/,telegraph.co.uk,Britain is creating a mountain of nuclear waste it doesn't ...,2026-05-09 16:25:43,"The Daily Telegraph(UK) (excluding transgender topics)(The Telegraph,The Sunday Telegraph)",The_Daily_Telegraph,0307-1235;telegraph.co.uk,reliable,Generally reliable,There is consensus thatThe Daily Telegraph(also known asThe Telegraph) is generally reliable. Some editors believe thatThe Daily Telegraphisbiased or opinionatedfor politics. Unrelated toThe Daily Telegraph(Sydney).,domain telegraph.co.uk matches reliable domain from file raw_wikipedia_perennial_sources.csv
nuclear_power,slanted,nuclear waste danger,2,3,https://www.bbc.com/future/article/20200731-how-to-build-a-nuclear-warning-for-10000-years-time,bbc.com,How to build a nuclear warning for 10000 years' time,2026-05-09 16:27:28,BBC(British Broadcasting Corporation),BBC,bbc.com,reliable,Generally reliable,"BBC is a Britishpublicly funded broadcaster. It is considered generally reliable. This includesBBC News, BBC documentaries, and the BBC History site (onBBC Online). However, this excludes BBC projects that incorporateuser-generated content(such ash2g2and theBBC Domesday Project) and BBC publications with reduced editorial oversight (such asCollective).Statements of opinionshould conform to the corresponding guideline.",domain bbc.com matches reliable domain from file raw_wikipedia_perennial_sources.csv
nuclear_power,slanted,nuclear waste danger,3,8,https://theconversation.com/nuclear-energy-creates-the-most-dangerous-form-of-radioactive-waste-where-does-peter-dutton-plan-to-put-it-233213,theconversation.com,Nuclear energy creates the most dangerous form of ...,2026-05-09 16:27:38,The Conversation,The_Conversation_(website),theconversation.com;2201-5639,reliable,Generally reliable,The Conversationpublishes articles from academics who aresubject-matter experts. It is generally reliable for subjects in the authors'areas of expertise. Opinions published inThe Conversationshould be handled withWP:RSOPINION.,domain theconversation.com matches reliable domain from file raw_wikipedia_perennial_sources.csv
nuclear_power,slanted,nuclear accidents,3,1,https://www.pbs.org/wgbh/americanexperience/features/command-and-control-broken-arrows-how-many-nuclear-accidents-have-we-had/,pbs.org,Broken Arrows: How Many Nuclear Accidents Have We Had?,2026-05-09 16:29:03,PBS(Public Broadcasting Service),PBS,pbs.org,reliable,Generally reliable,ThePublic Broadcasting Serviceis an American public broadcaster. It is considered generally reliable by editors.,domain pbs.org matches reliable domain from file raw_wikipedia_perennial_sources.csv
nuclear_waste,slanted,nuclear waste leaks,1,6,https://www.theguardian.com/environment/2025/aug/09/radioactive-water-bomb-base-scotland-leak-sea-files,theguardian.com,Radioactive water from UK nuclear bomb base leaked into ...,2026-05-09 16:31:55,"The Guardian(TheGuardian.com,The Manchester Guardian,The Guardian Weekly,The Observer)",The_Guardian,0261-3077;1756-3224;theguardian.com,reliable,Generally reliable,There is consensus thatThe Guardianis generally reliable.The Guardian's op-eds should be handled withWP:RSOPINION. Some editors believeThe Guardianisbiased or opinionatedfor politics.See also:The Guardian blogs.Guardian Media soldThe ObservertoTortoise Mediawith effect from 22 April 2025.,domain theguardian.com matches reliable domain from file raw_wikipedia_perennial_sources.csv
nuclear_waste,slanted,nuclear waste leaks,1,8,https://www.bbc.com/news/articles/ce873653lv0o,bbc.com,Radioactive water 'leaked into loch' from nuclear base,2026-05-09 16:32:01,BBC(British Broadcasting Corporation),BBC,bbc.com,reliable,Generally reliable,"BBC is a Britishpublicly funded broadcaster. It is considered generally reliable. This includesBBC News, BBC documentaries, and the BBC History site (onBBC Online). However, this excludes BBC projects that incorporateuser-generated content(such ash2g2and theBBC Domesday Project) and BBC publications with reduced editorial oversight (such asCollective).Statements of opinionshould conform to the corresponding guideline.",domain bbc.com matches reliable domain from file raw_wikipedia_perennial_sources.csv
nuclear_waste,slanted,nuclear waste leaks,3,7,https://www.cbsnews.com/news/radioactive-leaks-found-at-75-of-us-nuke-sites/,cbsnews.com,Radioactive leaks found at 75% of US nuke sites,2026-05-09 16:32:21,CBS News,CBS_News,cbsnews.com,reliable,Generally reliable,"CBS News is the news division ofCBS. It is considered generally reliable. Some editors note, however, that its television content may include superficial coverage, which might not qualify underWP:MEDRS.",domain cbsnews.com matches reliable domain from file raw_wikipedia_perennial_sources.csv
artificial_sweeteners,slanted,aspartame dangers,3,1,https://www.theguardian.com/us-news/article/2024/jun/12/aspartame-health-effects-risks,theguardian.com,Is aspartame bad for you? What we know about the ...,2026-05-09 16:42:45,"The Guardian(TheGuardian.com,The Manchester Guardian,The Guardian Weekly,The Observer)",The_Guardian,0261-3077;1756-3224;theguardian.com,reliable,Generally reliable,There is consensus thatThe Guardianis generally reliable.The Guardian's op-eds should be handled withWP:RSOPINION. Some editors believeThe Guardianisbiased or opinionatedfor politics.See also:The Guardian blogs.Guardian Media soldThe ObservertoTortoise Mediawith effect from 22 April 2025.,domain theguardian.com matches reliable domain from file raw_wikipedia_perennial_sources.csv
artificial_sweeteners,neutral,diet soda health,1,3,https://www.pbs.org/newshour/health/diet-sodas-mixed-science-and-how-to-kick-the-habit,pbs.org,Diet soda's mixed science and how to kick the habit,2026-05-09 16:48:58,PBS(Public Broadcasting Service),PBS,pbs.org,reliable,Generally reliable,ThePublic Broadcasting Serviceis an American public broadcaster. It is considered generally reliable by editors.,domain pbs.org matches reliable domain from file raw_wikipedia_perennial_sources.csv
artificial_sweeteners,neutral,diet soda health,1,8,https://time.com/6964018/diet-soda-health-effects/,time.com,What Experts Really Think About Diet Soda,2026-05-09 16:49:17,Time,Time_(magazine),time.com;0040-781x,reliable,Generally reliable,"There is consensus thatTimeis generally reliable.Time'smagazine blogs, including Techland, should be handled with the appropriate policy. Refer toWP:NEWSORGfor guidance onop-eds, which should only be used withattribution.",domain time.com matches reliable domain from file raw_wikipedia_perennial_sources.csv
artificial_sweeteners,neutral,diet soda health,3,8,https://theconversation.com/cheeky-diet-soft-drink-getting-you-through-the-work-day-heres-what-that-may-mean-for-your-health-233438,theconversation.com,Cheeky diet soft drink getting you through the work day ...,2026-05-09 16:49:35,The Conversation,The_Conversation_(website),theconversation.com;2201-5639,reliable,Generally reliable,The Conversationpublishes articles from academics who aresubject-matter experts. It is generally reliable for subjects in the authors'areas of expertise. Opinions published inThe Conversationshould be handled withWP:RSOPINION.,domain theconversation.com matches reliable domain from file raw_wikipedia_perennial_sources.csv
artificial_sweeteners,slanted,diet soda cancer risk,3,8,https://www.theguardian.com/australia-news/commentisfree/2023/jul/06/does-diet-coke-cause-cancer-aspartame,theguardian.com,Should you kick your Diet Coke habit? As a public health ...,2026-05-09 16:50:23,"The Guardian(TheGuardian.com,The Manchester Guardian,The Guardian Weekly,The Observer)",The_Guardian,0261-3077;1756-3224;theguardian.com,reliable,Generally reliable,There is consensus thatThe Guardianis generally reliable.The Guardian's op-eds should be handled withWP:RSOPINION. Some editors believeThe Guardianisbiased or opinionatedfor politics.See also:The Guardian blogs.Guardian Media soldThe ObservertoTortoise Mediawith effect from 22 April 2025.,domain theguardian.com matches reliable domain from file raw_wikipedia_perennial_sources.csv
electromagnetic_fields,slanted,power lines cancer,3,6,https://www.theguardian.com/society/2005/jun/03/medicineandhealth.cancercare,theguardian.com,Q&A: power lines and cancer | Society,2026-05-09 16:53:30,"The Guardian(TheGuardian.com,The Manchester Guardian,The Guardian Weekly,The Observer)",The_Guardian,0261-3077;1756-3224;theguardian.com,reliable,Generally reliable,There is consensus thatThe Guardianis generally reliable.The Guardian's op-eds should be handled withWP:RSOPINION. Some editors believeThe Guardianisbiased or opinionatedfor politics.See also:The Guardian blogs.Guardian Media soldThe ObservertoTortoise Mediawith effect from 22 April 2025.,domain theguardian.com matches reliable domain from file raw_wikipedia_perennial_sources.csv
electromagnetic_fields,slanted,cell phone radiation brain tumors,3,6,https://www.theguardian.com/science/article/2024/sep/04/mobile-phones-not-linked-to-brain-cancer-biggest-study-to-date-finds,theguardian.com,"Mobile phones not linked to brain cancer, biggest study ...",2026-05-09 16:55:09,"The Guardian(TheGuardian.com,The Manchester Guardian,The Guardian Weekly,The Observer)",The_Guardian,0261-3077;1756-3224;theguardian.com,reliable,Generally reliable,There is consensus thatThe Guardianis generally reliable.The Guardian's op-eds should be handled withWP:RSOPINION. Some editors believeThe Guardianisbiased or opinionatedfor politics.See also:The Guardian blogs.Guardian Media soldThe ObservertoTortoise Mediawith effect from 22 April 2025.,domain theguardian.com matches reliable domain from file raw_wikipedia_perennial_sources.csv
essential_oils,neutral,tea tree oil safety,1,4,https://theconversation.com/tea-tree-oil-may-affect-fertility-the-eu-says-a-pharmacologist-explains-why-thats-so-misleading-281125,theconversation.com,"Tea tree oil may affect fertility, the EU says. A ...",2026-05-09 16:59:43,The Conversation,The_Conversation_(website),theconversation.com;2201-5639,reliable,Generally reliable,The Conversationpublishes articles from academics who aresubject-matter experts. It is generally reliable for subjects in the authors'areas of expertise. Opinions published inThe Conversationshould be handled withWP:RSOPINION.,domain theconversation.com matches reliable domain from file raw_wikipedia_perennial_sources.csv
essential_oils,neutral,tea tree oil safety,3,1,https://www.theguardian.com/science/2007/feb/18/medicineandhealth.health,theguardian.com,Tea tree oil faces ban over health fear | Science,2026-05-09 17:00:27,"The Guardian(TheGuardian.com,The Manchester Guardian,The Guardian Weekly,The Observer)",The_Guardian,0261-3077;1756-3224;theguardian.com,reliable,Generally reliable,There is consensus thatThe Guardianis generally reliable.The Guardian's op-eds should be handled withWP:RSOPINION. Some editors believeThe Guardianisbiased or opinionatedfor politics.See also:The Guardian blogs.Guardian Media soldThe ObservertoTortoise Mediawith effect from 22 April 2025.,domain theguardian.com matches reliable domain from file raw_wikipedia_perennial_sources.csv
aluminum,neutral,aluminum in vaccines safety,3,5,https://www.npr.org/2025/10/31/g-s1-95419/aluminum-salts-vaccines-safety-rfk-cdc,npr.org,CDC advisers study safety of aluminum additive in ...,2026-05-09 17:04:07,NPR(National Public Radio),NPR,npr.org,reliable,Generally reliable,"There is consensus that NPR, an American public service broadcaster, is generally reliable for news and statements of fact. NPR'sopinion piecesshould only be used withattribution.",domain npr.org matches reliable domain from file raw_wikipedia_perennial_sources.csv
aluminum,neutral,aluminum cookware safety,3,6,https://theconversation.com/youve-read-the-scary-headlines-but-rest-assured-your-cookware-is-safe-199967,theconversation.com,"but rest assured, your cookware is safe",2026-05-09 17:05:40,The Conversation,The_Conversation_(website),theconversation.com;2201-5639,reliable,Generally reliable,The Conversationpublishes articles from academics who aresubject-matter experts. It is generally reliable for subjects in the authors'areas of expertise. Opinions published inThe Conversationshould be handled withWP:RSOPINION.,domain theconversation.com matches reliable domain from file raw_wikipedia_perennial_sources.csv
aluminum,slanted,aluminum alzheimers link,3,6,https://www.usatoday.com/story/news/factcheck/2023/05/12/experts-dispute-attempt-to-link-alzheimers-aluminum-fact-check/70207832007/,usatoday.com,"Experts dispute attempt to link Alzheimer's, aluminum",2026-05-09 17:06:15,USA Today,USA_Today,0734-7456;usatoday.com,reliable,Generally reliable,"There is consensus that staff-written articles onUSA Todayare generally reliable. Editors note the publication's robust editorial process and itscentristalignment. Some content is written bycontributorswith minimal editorial oversight, and is generally unreliable.",domain usatoday.com matches reliable domain from file raw_wikipedia_perennial_sources.csv
aluminum,slanted,aluminum breast cancer,3,7,https://theconversation.com/does-aluminium-cause-alzheimers-and-breast-cancer-8799,theconversation.com,Does aluminium cause Alzheimer's and breast cancer?,2026-05-09 17:07:45,The Conversation,The_Conversation_(website),theconversation.com;2201-5639,reliable,Generally reliable,The Conversationpublishes articles from academics who aresubject-matter experts. It is generally reliable for subjects in the authors'areas of expertise. Opinions published inThe Conversationshould be handled withWP:RSOPINION.,domain theconversation.com matches reliable domain from file raw_wikipedia_perennial_sources.csv
cloning,neutral,animal cloning research,1,6,https://www.theatlantic.com/magazine/archive/2025/07/animal-cloning-industry/682892/,theatlantic.com,"Inside the Creepy, Surprisingly Routine Business of Animal ...",2026-05-09 17:21:32,The Atlantic(The Atlantic Monthly),The_Atlantic,theatlantic.com;1072-7825;2151-9463,reliable,Generally reliable,"The Atlanticis considered generally reliable. Editors should beware thatThe Atlanticdoes not always clearly delineate between reporting and opinion content; opinion pieces, including all articles in the ""Ideas"" column (theatlantic.com/ideas/), are governed byWP:RSOPINION.",domain theatlantic.com matches reliable domain from file raw_wikipedia_perennial_sources.csv
cloning,neutral,animal cloning research,3,4,https://www.bbc.com/future/article/20220322-why-dont-we-hear-about-cloning-anymore,bbc.com,The people cloning their pets,2026-05-09 17:22:15,BBC(British Broadcasting Corporation),BBC,bbc.com,reliable,Generally reliable,"BBC is a Britishpublicly funded broadcaster. It is considered generally reliable. This includesBBC News, BBC documentaries, and the BBC History site (onBBC Online). However, this excludes BBC projects that incorporateuser-generated content(such ash2g2and theBBC Domesday Project) and BBC publications with reduced editorial oversight (such asCollective).Statements of opinionshould conform to the corresponding guideline.",domain bbc.com matches reliable domain from file raw_wikipedia_perennial_sources.csv
cloning,slanted,cloning ethical concerns,2,8,http://www.nytimes.com/books/first/k/kass-cloning.html,nytimes.com,The Ethics of Human Cloning,2026-05-09 17:22:57,The New York Times(NYT),The_New_York_Times,0362-4331;1553-8095;nytimes.com,reliable,Generally reliable,"There is consensus thatThe New York Timesis generally reliable.WP:RSOPINIONshould be used to evaluate opinion columns, whileWP:NEWSBLOGshould be used for the blogs onThe New York Times's website. The 2018 RfC citesWP:MEDPOPto establish that popular press sources such asThe New York Timesshould generally not be used to supportmedical claims.",domain nytimes.com matches reliable domain from file raw_wikipedia_perennial_sources.csv
cloning,neutral,food cloning safety,2,2,https://www.bbc.com/news/science-environment-10841415,bbc.com,Are meat and milk from cloned cattle safe?,2026-05-09 17:23:57,BBC(British Broadcasting Corporation),BBC,bbc.com,reliable,Generally reliable,"BBC is a Britishpublicly funded broadcaster. It is considered generally reliable. This includesBBC News, BBC documentaries, and the BBC History site (onBBC Online). However, this excludes BBC projects that incorporateuser-generated content(such ash2g2and theBBC Domesday Project) and BBC publications with reduced editorial oversight (such asCollective).Statements of opinionshould conform to the corresponding guideline.",domain bbc.com matches reliable domain from file raw_wikipedia_perennial_sources.csv
cloning,slanted,cloned meat risks,2,4,https://www.bbc.com/news/science-environment-10841415,bbc.com,Are meat and milk from cloned cattle safe?,2026-05-09 17:24:56,BBC(British Broadcasting Corporation),BBC,bbc.com,reliable,Generally reliable,"BBC is a Britishpublicly funded broadcaster. It is considered generally reliable. This includesBBC News, BBC documentaries, and the BBC History site (onBBC Online). However, this excludes BBC projects that incorporateuser-generated content(such ash2g2and theBBC Domesday Project) and BBC publications with reduced editorial oversight (such asCollective).Statements of opinionshould conform to the corresponding guideline.",domain bbc.com matches reliable domain from file raw_wikipedia_perennial_sources.csv
coal,slanted,coal pollution deaths,1,6,https://www.theguardian.com/environment/2023/nov/23/coal-power-plants-deaths-pollution,theguardian.com,US coal power plants killed at least ...,2026-05-09 17:26:46,"The Guardian(TheGuardian.com,The Manchester Guardian,The Guardian Weekly,The Observer)",The_Guardian,0261-3077;1756-3224;theguardian.com,reliable,Generally reliable,There is consensus thatThe Guardianis generally reliable.The Guardian's op-eds should be handled withWP:RSOPINION. Some editors believeThe Guardianisbiased or opinionatedfor politics.See also:The Guardian blogs.Guardian Media soldThe ObservertoTortoise Mediawith effect from 22 April 2025.,domain theguardian.com matches reliable domain from file raw_wikipedia_perennial_sources.csv
coal,slanted,coal pollution deaths,3,2,https://www.nytimes.com/2023/11/23/climate/coal-exhaust-air-pollution-deaths.html,nytimes.com,"Deaths From Coal Pollution Have Dropped, but Emissions ...",2026-05-09 17:27:12,The New York Times(NYT),The_New_York_Times,0362-4331;1553-8095;nytimes.com,reliable,Generally reliable,"There is consensus thatThe New York Timesis generally reliable.WP:RSOPINIONshould be used to evaluate opinion columns, whileWP:NEWSBLOGshould be used for the blogs onThe New York Times's website. The 2018 RfC citesWP:MEDPOPto establish that popular press sources such asThe New York Timesshould generally not be used to supportmedical claims.",domain nytimes.com matches reliable domain from file raw_wikipedia_perennial_sources.csv
coal,neutral,coal ash disposal safety,2,7,https://www.theguardian.com/us-news/2026/apr/09/epa-toxic-coal-ash-rollback-trump,theguardian.com,US agency proposes rolling back rules for safe disposal ...,2026-05-09 17:30:05,"The Guardian(TheGuardian.com,The Manchester Guardian,The Guardian Weekly,The Observer)",The_Guardian,0261-3077;1756-3224;theguardian.com,reliable,Generally reliable,There is consensus thatThe Guardianis generally reliable.The Guardian's op-eds should be handled withWP:RSOPINION. Some editors believeThe Guardianisbiased or opinionatedfor politics.See also:The Guardian blogs.Guardian Media soldThe ObservertoTortoise Mediawith effect from 22 April 2025.,domain theguardian.com matches reliable domain from file raw_wikipedia_perennial_sources.csv
coal,slanted,coal ash toxic waste,1,5,https://www.pbs.org/newshour/politics/epa-proposes-gutting-rules-for-handling-toxic-coal-ash-a-move-that-threatens-groundwater,pbs.org,EPA proposes gutting rules for handling toxic coal ash ...,2026-05-09 17:30:45,PBS(Public Broadcasting Service),PBS,pbs.org,reliable,Generally reliable,ThePublic Broadcasting Serviceis an American public broadcaster. It is considered generally reliable by editors.,domain pbs.org matches reliable domain from file raw_wikipedia_perennial_sources.csv
coal,slanted,coal ash toxic waste,1,9,https://www.theguardian.com/us-news/2026/apr/09/epa-toxic-coal-ash-rollback-trump,theguardian.com,US agency proposes rolling back rules for safe disposal ...,2026-05-09 17:30:48,"The Guardian(TheGuardian.com,The Manchester Guardian,The Guardian Weekly,The Observer)",The_Guardian,0261-3077;1756-3224;theguardian.com,reliable,Generally reliable,There is consensus thatThe Guardianis generally reliable.The Guardian's op-eds should be handled withWP:RSOPINION. Some editors believeThe Guardianisbiased or opinionatedfor politics.See also:The Guardian blogs.Guardian Media soldThe ObservertoTortoise Mediawith effect from 22 April 2025.,domain theguardian.com matches reliable domain from file raw_wikipedia_perennial_sources.csv
plastic,neutral,plastic recycling impact,3,6,https://time.com/7337065/recycling-plastic-crisis-microplastics-body/,time.com,Recycling Can't Solve Our Plastic Crisis,2026-05-09 17:32:15,Time,Time_(magazine),time.com;0040-781x,reliable,Generally reliable,"There is consensus thatTimeis generally reliable.Time'smagazine blogs, including Techland, should be handled with the appropriate policy. Refer toWP:NEWSORGfor guidance onop-eds, which should only be used withattribution.",domain time.com matches reliable domain from file raw_wikipedia_perennial_sources.csv
plastic,slanted,plastic recycling scam,1,1,https://www.theguardian.com/us-news/2024/feb/15/recycling-plastics-producers-report,theguardian.com,'They lied': plastics producers deceived public about ...,2026-05-09 17:32:33,"The Guardian(TheGuardian.com,The Manchester Guardian,The Guardian Weekly,The Observer)",The_Guardian,0261-3077;1756-3224;theguardian.com,reliable,Generally reliable,There is consensus thatThe Guardianis generally reliable.The Guardian's op-eds should be handled withWP:RSOPINION. Some editors believeThe Guardianisbiased or opinionatedfor politics.See also:The Guardian blogs.Guardian Media soldThe ObservertoTortoise Mediawith effect from 22 April 2025.,domain theguardian.com matches reliable domain from file raw_wikipedia_perennial_sources.csv
plastic,slanted,plastic recycling scam,1,3,https://www.npr.org/2020/09/11/897692090/how-big-oil-misled-the-public-into-believing-plastic-would-be-recycled,npr.org,How Big Oil Misled The Public Into Believing Plastic Would ...,2026-05-09 17:32:35,NPR(National Public Radio),NPR,npr.org,reliable,Generally reliable,"There is consensus that NPR, an American public service broadcaster, is generally reliable for news and statements of fact. NPR'sopinion piecesshould only be used withattribution.",domain npr.org matches reliable domain from file raw_wikipedia_perennial_sources.csv
plastic,slanted,plastic recycling scam,1,4,https://www.cbsnews.com/news/critics-call-out-plastics-industry-over-fraud-of-plastic-recycling/,cbsnews.com,"Critics call out plastics industry over ""fraud of ...",2026-05-09 17:34:20,CBS News,CBS_News,cbsnews.com,reliable,Generally reliable,"CBS News is the news division ofCBS. It is considered generally reliable. Some editors note, however, that its television content may include superficial coverage, which might not qualify underWP:MEDRS.",domain cbsnews.com matches reliable domain from file raw_wikipedia_perennial_sources.csv
plastic,slanted,plastic recycling scam,2,9,https://www.bbc.com/news/business-45911794,bbc.com,Plastic recycling firms accused of abusing market,2026-05-09 17:34:39,BBC(British Broadcasting Corporation),BBC,bbc.com,reliable,Generally reliable,"BBC is a Britishpublicly funded broadcaster. It is considered generally reliable. This includesBBC News, BBC documentaries, and the BBC History site (onBBC Online). However, this excludes BBC projects that incorporateuser-generated content(such ash2g2and theBBC Domesday Project) and BBC publications with reduced editorial oversight (such asCollective).Statements of opinionshould conform to the corresponding guideline.",domain bbc.com matches reliable domain from file raw_wikipedia_perennial_sources.csv
plastic,neutral,microplastics health research,1,6,https://www.bbc.com/future/article/20250723-how-do-the-microplastics-in-our-bodies-affect-our-health,bbc.com,How do the microplastics in our bodies affect our health?,2026-05-09 17:38:16,BBC(British Broadcasting Corporation),BBC,bbc.com,reliable,Generally reliable,"BBC is a Britishpublicly funded broadcaster. It is considered generally reliable. This includesBBC News, BBC documentaries, and the BBC History site (onBBC Online). However, this excludes BBC projects that incorporateuser-generated content(such ash2g2and theBBC Domesday Project) and BBC publications with reduced editorial oversight (such asCollective).Statements of opinionshould conform to the corresponding guideline.",domain bbc.com matches reliable domain from file raw_wikipedia_perennial_sources.csv
plastic,neutral,microplastics health research,2,4,https://www.theguardian.com/environment/2026/jan/13/microplastics-human-body-doubt,theguardian.com,'A bombshell': doubt cast on discovery of microplastics ...,2026-05-09 17:38:37,"The Guardian(TheGuardian.com,The Manchester Guardian,The Guardian Weekly,The Observer)",The_Guardian,0261-3077;1756-3224;theguardian.com,reliable,Generally reliable,There is consensus thatThe Guardianis generally reliable.The Guardian's op-eds should be handled withWP:RSOPINION. Some editors believeThe Guardianisbiased or opinionatedfor politics.See also:The Guardian blogs.Guardian Media soldThe ObservertoTortoise Mediawith effect from 22 April 2025.,domain theguardian.com matches reliable domain from file raw_wikipedia_perennial_sources.csv
plastic,neutral,microplastics health research,3,1,https://time.com/article/2026/05/07/airborne-microplastics-climate-health-impact/,time.com,Do I Need to Worry About Airborne Microplastics?,2026-05-09 17:38:50,Time,Time_(magazine),time.com;0040-781x,reliable,Generally reliable,"There is consensus thatTimeis generally reliable.Time'smagazine blogs, including Techland, should be handled with the appropriate policy. Refer toWP:NEWSORGfor guidance onop-eds, which should only be used withattribution.",domain time.com matches reliable domain from file raw_wikipedia_perennial_sources.csv
plastic,slanted,microplastics human toxicity,1,7,https://www.bbc.com/future/article/20250723-how-do-the-microplastics-in-our-bodies-affect-our-health,bbc.com,How do the microplastics in our bodies affect our health?,2026-05-09 17:39:08,BBC(British Broadcasting Corporation),BBC,bbc.com,reliable,Generally reliable,"BBC is a Britishpublicly funded broadcaster. It is considered generally reliable. This includesBBC News, BBC documentaries, and the BBC History site (onBBC Online). However, this excludes BBC projects that incorporateuser-generated content(such ash2g2and theBBC Domesday Project) and BBC publications with reduced editorial oversight (such asCollective).Statements of opinionshould conform to the corresponding guideline.",domain bbc.com matches reliable domain from file raw_wikipedia_perennial_sources.csv
wind_energy,slanted,wind turbine syndrome,2,3,https://theconversation.com/new-study-wind-turbine-syndrome-is-spread-by-scaremongers-12834,theconversation.com,New study: wind turbine syndrome is spread by ...,2026-05-09 17:41:49,The Conversation,The_Conversation_(website),theconversation.com;2201-5639,reliable,Generally reliable,The Conversationpublishes articles from academics who aresubject-matter experts. It is generally reliable for subjects in the authors'areas of expertise. Opinions published inThe Conversationshould be handled withWP:RSOPINION.,domain theconversation.com matches reliable domain from file raw_wikipedia_perennial_sources.csv
wind_energy,slanted,wind turbine syndrome,3,1,https://www.theguardian.com/world/2021/nov/08/french-couple-wins-legal-fight-wind-turbine-syndrome-windfarm-health,theguardian.com,French couple who said windfarm affected health win legal ...,2026-05-09 17:42:03,"The Guardian(TheGuardian.com,The Manchester Guardian,The Guardian Weekly,The Observer)",The_Guardian,0261-3077;1756-3224;theguardian.com,reliable,Generally reliable,There is consensus thatThe Guardianis generally reliable.The Guardian's op-eds should be handled withWP:RSOPINION. Some editors believeThe Guardianisbiased or opinionatedfor politics.See also:The Guardian blogs.Guardian Media soldThe ObservertoTortoise Mediawith effect from 22 April 2025.,domain theguardian.com matches reliable domain from file raw_wikipedia_perennial_sources.csv
biodiesel,neutral,algae biofuel research,3,8,https://abcnews.com/Business/wireStory/planes-ships-run-kelp-someday-hurdles-132706682,abcnews.com,"Planes and ships could run on kelp someday, but there are ...",2026-05-09 17:49:15,ABC News (USA),ABC_News_(United_States),abcnews.com,reliable,Generally reliable,"There is consensus that ABC News, the news division of theAmerican Broadcasting Company, is generally reliable. It is not to be confused withother publications of the same name.",domain abcnews.com matches reliable domain from file raw_wikipedia_perennial_sources.csv
artificial_intelligence,slanted,ai existential risk,1,2,https://theconversation.com/does-ai-pose-an-existential-risk-we-asked-5-experts-266345,theconversation.com,Does AI pose an existential risk? We asked 5 experts,2026-05-09 17:51:26,The Conversation,The_Conversation_(website),theconversation.com;2201-5639,reliable,Generally reliable,The Conversationpublishes articles from academics who aresubject-matter experts. It is generally reliable for subjects in the authors'areas of expertise. Opinions published inThe Conversationshould be handled withWP:RSOPINION.,domain theconversation.com matches reliable domain from file raw_wikipedia_perennial_sources.csv
artificial_intelligence,slanted,ai existential risk,3,3,https://time.com/7171432/conditional-ai-safety-treaty-trump/,time.com,There Is a Solution to AI's Existential Risk Problem,2026-05-09 17:52:06,Time,Time_(magazine),time.com;0040-781x,reliable,Generally reliable,"There is consensus thatTimeis generally reliable.Time'smagazine blogs, including Techland, should be handled with the appropriate policy. Refer toWP:NEWSORGfor guidance onop-eds, which should only be used withattribution.",domain time.com matches reliable domain from file raw_wikipedia_perennial_sources.csv
artificial_intelligence,slanted,ai existential risk,3,8,https://thehill.com/policy/technology/5866949-sanders-ai-risks-china-cooperation/,thehill.com,"Bernie Sanders warns of AI's existential risk, calls for US- ...",2026-05-09 17:52:08,The Hill,The_Hill_(newspaper),1521-1568;thehill.com,reliable,Generally reliable,"The Hillis considered generally reliable for American politics. The publication'sopinion piecesshould be handled with the appropriate guideline. The publication'scontributorpieces, labeled in theirbylines, receive minimal editorial oversight and should be treated as equivalent toself-published sources. Some editors have expressed concerns about the reliability ofRising, a talk show produced byThe Hill.",domain thehill.com matches reliable domain from file raw_wikipedia_perennial_sources.csv
artificial_intelligence,slanted,ai existential risk,3,9,https://www.theglobeandmail.com/business/article-why-one-researcher-still-views-ai-as-an-existential-threat-to-humanity/,theglobeandmail.com,Why one researcher still views AI as an existential threat to ...,2026-05-09 17:52:08,The Globe and Mail,The_Globe_and_Mail,0319-0714;theglobeandmail.com,reliable,Generally reliable,"In a 2021 RfC, editors found a strong consensus thatThe Globe and Mailis generally reliable for news coverage and is considered anewspaper of record.",domain theglobeandmail.com matches reliable domain from file raw_wikipedia_perennial_sources.csv
artificial_intelligence,slanted,ai uncontrolled intelligence,1,9,https://time.com/6258483/uncontrollable-ai-agi-risks/,time.com,Why Uncontrollable AI Looks More Likely Than Ever,2026-05-09 17:53:24,Time,Time_(magazine),time.com;0040-781x,reliable,Generally reliable,"There is consensus thatTimeis generally reliable.Time'smagazine blogs, including Techland, should be handled with the appropriate policy. Refer toWP:NEWSORGfor guidance onop-eds, which should only be used withattribution.",domain time.com matches reliable domain from file raw_wikipedia_perennial_sources.csv
artificial_intelligence,slanted,ai uncontrolled intelligence,2,9,https://www.nbcnews.com/tech/tech-news/far-will-ai-go-defend-survival-rcna209609,nbcnews.com,How far will AI go to defend its own survival?,2026-05-09 17:53:38,NBC News,NBC_News,nbcnews.com,reliable,Generally reliable,There is consensus that NBC News is generally reliable for news.See also:MS NOW(formerly MSNBC),domain nbcnews.com matches reliable domain from file raw_wikipedia_perennial_sources.csv
artificial_intelligence,slanted,ai uncontrolled intelligence,3,5,https://theconversation.com/ai-isnt-what-we-should-be-worried-about-its-the-humans-controlling-it-251119,theconversation.com,AI isn't what we should be worried about – it's the humans ...,2026-05-09 17:53:50,The Conversation,The_Conversation_(website),theconversation.com;2201-5639,reliable,Generally reliable,The Conversationpublishes articles from academics who aresubject-matter experts. It is generally reliable for subjects in the authors'areas of expertise. Opinions published inThe Conversationshould be handled withWP:RSOPINION.,domain theconversation.com matches reliable domain from file raw_wikipedia_perennial_sources.csv
gene_drives,neutral,gene drive malaria control,2,10,https://www.theguardian.com/global-development/2024/dec/11/what-is-gene-drive-and-how-could-it-help-in-the-fight-against-malaria,theguardian.com,What is gene drive and how could it help in the fight ...,2026-05-09 17:56:57,"The Guardian(TheGuardian.com,The Manchester Guardian,The Guardian Weekly,The Observer)",The_Guardian,0261-3077;1756-3224;theguardian.com,reliable,Generally reliable,There is consensus thatThe Guardianis generally reliable.The Guardian's op-eds should be handled withWP:RSOPINION. Some editors believeThe Guardianisbiased or opinionatedfor politics.See also:The Guardian blogs.Guardian Media soldThe ObservertoTortoise Mediawith effect from 22 April 2025.,domain theguardian.com matches reliable domain from file raw_wikipedia_perennial_sources.csv
gene_drives,neutral,gene drive malaria control,3,1,https://www.theguardian.com/global-development/2024/dec/11/what-is-gene-drive-and-how-could-it-help-in-the-fight-against-malaria,theguardian.com,What is gene drive and how could it help in the fight ...,2026-05-09 17:57:09,"The Guardian(TheGuardian.com,The Manchester Guardian,The Guardian Weekly,The Observer)",The_Guardian,0261-3077;1756-3224;theguardian.com,reliable,Generally reliable,There is consensus thatThe Guardianis generally reliable.The Guardian's op-eds should be handled withWP:RSOPINION. Some editors believeThe Guardianisbiased or opinionatedfor politics.See also:The Guardian blogs.Guardian Media soldThe ObservertoTortoise Mediawith effect from 22 April 2025.,domain theguardian.com matches reliable domain from file raw_wikipedia_perennial_sources.csv
gene_drives,neutral,gene drive malaria control,3,9,https://www.thehindu.com/sci-tech/science/gene-drives-and-malaria-how-altered-mosquitoes-could-reshape-disease-control/article70880179.ece,thehindu.com,Gene drives and malaria: how altered mosquitoes could ...,2026-05-09 17:57:12,The Hindu,The_Hindu,0971-751x;thehindu.com,reliable,Generally reliable,There is consensus thatThe Hinduis generally reliable and should be treated as anewspaper of record. The publication'sopinion piecesshould be handled with the appropriate guideline.,domain thehindu.com matches reliable domain from file raw_wikipedia_perennial_sources.csv
gene_drives,slanted,gene drive extinction threat,3,9,https://www.nytimes.com/2017/11/16/science/gene-drives-crispr.html,nytimes.com,"'Gene Drives' Are Too Risky for Field Trials, Scientists Say",2026-05-09 18:00:04,The New York Times(NYT),The_New_York_Times,0362-4331;1553-8095;nytimes.com,reliable,Generally reliable,"There is consensus thatThe New York Timesis generally reliable.WP:RSOPINIONshould be used to evaluate opinion columns, whileWP:NEWSBLOGshould be used for the blogs onThe New York Times's website. The 2018 RfC citesWP:MEDPOPto establish that popular press sources such asThe New York Timesshould generally not be used to supportmedical claims.",domain nytimes.com matches reliable domain from file raw_wikipedia_perennial_sources.csv
synthetic_biology,slanted,synthetic biology bioweapons,1,5,https://www.nytimes.com/2026/04/29/us/ai-chatbots-biological-weapons.html,nytimes.com,A.I. Bots Told Scientists How to Make Biological Weapons,2026-05-09 18:03:20,The New York Times(NYT),The_New_York_Times,0362-4331;1553-8095;nytimes.com,reliable,Generally reliable,"There is consensus thatThe New York Timesis generally reliable.WP:RSOPINIONshould be used to evaluate opinion columns, whileWP:NEWSBLOGshould be used for the blogs onThe New York Times's website. The 2018 RfC citesWP:MEDPOPto establish that popular press sources such asThe New York Timesshould generally not be used to supportmedical claims.",domain nytimes.com matches reliable domain from file raw_wikipedia_perennial_sources.csv
synthetic_biology,slanted,synthetic biology bioweapons,3,4,https://www.theguardian.com/science/2018/jun/19/urgent-need-to-prepare-for-manmade-virus-attacks-says-us-government-report,theguardian.com,"Synthetic biology raises risk of new bioweapons, US report ...",2026-05-09 18:03:49,"The Guardian(TheGuardian.com,The Manchester Guardian,The Guardian Weekly,The Observer)",The_Guardian,0261-3077;1756-3224;theguardian.com,reliable,Generally reliable,There is consensus thatThe Guardianis generally reliable.The Guardian's op-eds should be handled withWP:RSOPINION. Some editors believeThe Guardianisbiased or opinionatedfor politics.See also:The Guardian blogs.Guardian Media soldThe ObservertoTortoise Mediawith effect from 22 April 2025.,domain theguardian.com matches reliable domain from file raw_wikipedia_perennial_sources.csv
synthetic_biology,neutral,genetic engineering research,3,2,https://theconversation.com/topics/genetic-engineering-10096,theconversation.com,"Genetic engineering – News, Research and Analysis",2026-05-09 18:04:44,The Conversation,The_Conversation_(website),theconversation.com;2201-5639,reliable,Generally reliable,The Conversationpublishes articles from academics who aresubject-matter experts. It is generally reliable for subjects in the authors'areas of expertise. Opinions published inThe Conversationshould be handled withWP:RSOPINION.,domain theconversation.com matches reliable domain from file raw_wikipedia_perennial_sources.csv
synthetic_biology,slanted,designer babies ethics,3,9,https://www.theguardian.com/science/2018/jul/17/genetically-modified-babies-given-go-ahead-by-uk-ethics-body,theguardian.com,Genetically modified babies given go ahead by UK ethics ...,2026-05-09 18:05:53,"The Guardian(TheGuardian.com,The Manchester Guardian,The Guardian Weekly,The Observer)",The_Guardian,0261-3077;1756-3224;theguardian.com,reliable,Generally reliable,There is consensus thatThe Guardianis generally reliable.The Guardian's op-eds should be handled withWP:RSOPINION. Some editors believeThe Guardianisbiased or opinionatedfor politics.See also:The Guardian blogs.Guardian Media soldThe ObservertoTortoise Mediawith effect from 22 April 2025.,domain theguardian.com matches reliable domain from file raw_wikipedia_perennial_sources.csv
synthetic_biology,neutral,biohacking safety,1,2,https://theconversation.com/the-dangers-of-biohacking-experiments-and-how-it-could-harm-your-health-100542,theconversation.com,The dangers of biohacking 'experiments'– and how it could ...,2026-05-09 18:06:16,The Conversation,The_Conversation_(website),theconversation.com;2201-5639,reliable,Generally reliable,The Conversationpublishes articles from academics who aresubject-matter experts. It is generally reliable for subjects in the authors'areas of expertise. Opinions published inThe Conversationshould be handled withWP:RSOPINION.,domain theconversation.com matches reliable domain from file raw_wikipedia_perennial_sources.csv
synthetic_biology,slanted,garage biology risks,1,6,https://www.theguardian.com/science/2016/sep/30/experts-warn-home-gene-editing-kits-pose-risk-to-society,theguardian.com,Experts warn home 'gene editing' kits pose risk to society,2026-05-09 18:07:20,"The Guardian(TheGuardian.com,The Manchester Guardian,The Guardian Weekly,The Observer)",The_Guardian,0261-3077;1756-3224;theguardian.com,reliable,Generally reliable,There is consensus thatThe Guardianis generally reliable.The Guardian's op-eds should be handled withWP:RSOPINION. Some editors believeThe Guardianisbiased or opinionatedfor politics.See also:The Guardian blogs.Guardian Media soldThe ObservertoTortoise Mediawith effect from 22 April 2025.,domain theguardian.com matches reliable domain from file raw_wikipedia_perennial_sources.csv
synthetic_biology,slanted,garage biology risks,1,8,https://theconversation.com/an-illegal-bioweapons-lab-was-found-in-a-las-vegas-garage-its-a-warning-for-australia-275564,theconversation.com,An illegal bioweapons lab was found in a Las Vegas ...,2026-05-09 18:07:22,The Conversation,The_Conversation_(website),theconversation.com;2201-5639,reliable,Generally reliable,The Conversationpublishes articles from academics who aresubject-matter experts. It is generally reliable for subjects in the authors'areas of expertise. Opinions published inThe Conversationshould be handled withWP:RSOPINION.,domain theconversation.com matches reliable domain from file raw_wikipedia_perennial_sources.csv
quantum_computing,slanted,quantum decryption threats,1,3,https://www.theguardian.com/technology/2026/mar/26/google-quantum-computers-crack-encryption-2029,theguardian.com,Google warns quantum computers could hack encrypted ...,2026-05-09 18:17:26,"The Guardian(TheGuardian.com,The Manchester Guardian,The Guardian Weekly,The Observer)",The_Guardian,0261-3077;1756-3224;theguardian.com,reliable,Generally reliable,There is consensus thatThe Guardianis generally reliable.The Guardian's op-eds should be handled withWP:RSOPINION. Some editors believeThe Guardianisbiased or opinionatedfor politics.See also:The Guardian blogs.Guardian Media soldThe ObservertoTortoise Mediawith effect from 22 April 2025.,domain theguardian.com matches reliable domain from file raw_wikipedia_perennial_sources.csv
lab_grown_meat,slanted,lab meat health risks,1,10,https://www.telegraph.co.uk/health-fitness/diet/nutrition/pros-and-cons-of-lab-grown-meat/,telegraph.co.uk,The pros and cons of lab-grown meat,2026-05-09 18:21:56,"The Daily Telegraph(UK) (excluding transgender topics)(The Telegraph,The Sunday Telegraph)",The_Daily_Telegraph,0307-1235;telegraph.co.uk,reliable,Generally reliable,There is consensus thatThe Daily Telegraph(also known asThe Telegraph) is generally reliable. Some editors believe thatThe Daily Telegraphisbiased or opinionatedfor politics. Unrelated toThe Daily Telegraph(Sydney).,domain telegraph.co.uk matches reliable domain from file raw_wikipedia_perennial_sources.csv
lab_grown_meat,slanted,test tube meat dangers,1,7,https://www.telegraph.co.uk/health-fitness/diet/nutrition/pros-and-cons-of-lab-grown-meat/,telegraph.co.uk,The pros and cons of lab-grown meat,2026-05-09 18:23:45,"The Daily Telegraph(UK) (excluding transgender topics)(The Telegraph,The Sunday Telegraph)",The_Daily_Telegraph,0307-1235;telegraph.co.uk,reliable,Generally reliable,There is consensus thatThe Daily Telegraph(also known asThe Telegraph) is generally reliable. Some editors believe thatThe Daily Telegraphisbiased or opinionatedfor politics. Unrelated toThe Daily Telegraph(Sydney).,domain telegraph.co.uk matches reliable domain from file raw_wikipedia_perennial_sources.csv
lab_grown_meat,slanted,test tube meat dangers,3,5,https://theconversation.com/cultured-meat-could-create-more-problems-than-it-solves-127702,theconversation.com,'Cultured' meat could create more problems than it solves,2026-05-09 18:24:12,The Conversation,The_Conversation_(website),theconversation.com;2201-5639,reliable,Generally reliable,The Conversationpublishes articles from academics who aresubject-matter experts. It is generally reliable for subjects in the authors'areas of expertise. Opinions published inThe Conversationshould be handled withWP:RSOPINION.,domain theconversation.com matches reliable domain from file raw_wikipedia_perennial_sources.csv
lab_grown_meat,neutral,clean meat environmental impact,3,5,https://theconversation.com/cultured-meat-could-create-more-problems-than-it-solves-127702,theconversation.com,'Cultured' meat could create more problems than it solves,2026-05-09 18:25:10,The Conversation,The_Conversation_(website),theconversation.com;2201-5639,reliable,Generally reliable,The Conversationpublishes articles from academics who aresubject-matter experts. It is generally reliable for subjects in the authors'areas of expertise. Opinions published inThe Conversationshould be handled withWP:RSOPINION.,domain theconversation.com matches reliable domain from file raw_wikipedia_perennial_sources.csv
lab_grown_meat,slanted,fake meat processing risks,1,4,https://www.nytimes.com/2025/02/17/well/eat/is-fake-meat-healthy.html,nytimes.com,Is Fake Meat Better for You Than Real Meat?,2026-05-09 18:25:25,The New York Times(NYT),The_New_York_Times,0362-4331;1553-8095;nytimes.com,reliable,Generally reliable,"There is consensus thatThe New York Timesis generally reliable.WP:RSOPINIONshould be used to evaluate opinion columns, whileWP:NEWSBLOGshould be used for the blogs onThe New York Times's website. The 2018 RfC citesWP:MEDPOPto establish that popular press sources such asThe New York Timesshould generally not be used to supportmedical claims.",domain nytimes.com matches reliable domain from file raw_wikipedia_perennial_sources.csv
lab_grown_meat,slanted,fake meat processing risks,3,3,https://www.bbc.com/future/article/20241011-what-explains-increasing-anxiety-about-ultra-processed-plant-based-foods,bbc.com,Should we be worried about vegan ultra-processed foods?,2026-05-09 18:26:04,BBC(British Broadcasting Corporation),BBC,bbc.com,reliable,Generally reliable,"BBC is a Britishpublicly funded broadcaster. It is considered generally reliable. This includesBBC News, BBC documentaries, and the BBC History site (onBBC Online). However, this excludes BBC projects that incorporateuser-generated content(such ash2g2and theBBC Domesday Project) and BBC publications with reduced editorial oversight (such asCollective).Statements of opinionshould conform to the corresponding guideline.",domain bbc.com matches reliable domain from file raw_wikipedia_perennial_sources.csv
3d_printing,neutral,3d printed organs facts,3,10,https://www.space.com/astronomy/earth/scientists-3d-printed-muscle-tissue-in-microgravity-the-goal-is-to-make-human-organs-from-scratch,space.com,Scientists 3D printed muscle tissue in microgravity. The ...,2026-05-09 18:27:15,Space.com,Space.com,space.com,reliable,Generally reliable,"Space.com may be reliable for astronomy and spaceflight news, and has a reputation for being generally accurate. Space.com articles often have a sensational tone, which might degrade their quality, so it is necessary to check the author's qualification below the article. Care should also be taken as the site publishes a lot of syndicated material and is prone to occasionalchurnalism.",domain space.com matches reliable domain from file raw_wikipedia_perennial_sources.csv
3d_printing,slanted,3d printed gun dangers,1,6,https://www.bbc.com/news/articles/cvg84rke4ejo,bbc.com,Print and shoot: How 3D-printed guns are spreading online,2026-05-09 18:30:24,BBC(British Broadcasting Corporation),BBC,bbc.com,reliable,Generally reliable,"BBC is a Britishpublicly funded broadcaster. It is considered generally reliable. This includesBBC News, BBC documentaries, and the BBC History site (onBBC Online). However, this excludes BBC projects that incorporateuser-generated content(such ash2g2and theBBC Domesday Project) and BBC publications with reduced editorial oversight (such asCollective).Statements of opinionshould conform to the corresponding guideline.",domain bbc.com matches reliable domain from file raw_wikipedia_perennial_sources.csv
3d_printing,slanted,3d printed gun dangers,2,8,https://www.theguardian.com/australia-news/2025/sep/01/australia-gun-control-laws-3d-printed-firearms-ntwnfb,theguardian.com,Illicit and 3D-printed firearms are a growing problem. ...,2026-05-09 18:30:40,"The Guardian(TheGuardian.com,The Manchester Guardian,The Guardian Weekly,The Observer)",The_Guardian,0261-3077;1756-3224;theguardian.com,reliable,Generally reliable,There is consensus thatThe Guardianis generally reliable.The Guardian's op-eds should be handled withWP:RSOPINION. Some editors believeThe Guardianisbiased or opinionatedfor politics.See also:The Guardian blogs.Guardian Media soldThe ObservertoTortoise Mediawith effect from 22 April 2025.,domain theguardian.com matches reliable domain from file raw_wikipedia_perennial_sources.csv
3d_printing,slanted,3d printed gun dangers,2,10,https://theconversation.com/3d-printed-ghost-guns-are-not-as-untraceable-as-criminals-think-new-study-275566,theconversation.com,3D-printed 'ghost guns' are not as untraceable as criminals ...,2026-05-09 18:30:41,The Conversation,The_Conversation_(website),theconversation.com;2201-5639,reliable,Generally reliable,The Conversationpublishes articles from academics who aresubject-matter experts. It is generally reliable for subjects in the authors'areas of expertise. Opinions published inThe Conversationshould be handled withWP:RSOPINION.,domain theconversation.com matches reliable domain from file raw_wikipedia_perennial_sources.csv
3d_printing,slanted,3d printed gun dangers,3,9,https://thediplomat.com/2026/05/3d-printed-weapons-an-emerging-problem-in-southeast-asia/,thediplomat.com,3D-Printed Weapons: An Emerging Problem in Southeast ...,2026-05-09 18:30:55,The Diplomat,The_Diplomat_(magazine),1446-697x;thediplomat.com,reliable,Generally reliable,There is consensus thatThe Diplomatis generally reliable. Opinion pieces should be evaluated byWP:RSOPINIONandWP:NEWSBLOG. Some editors have expressed concern on their reliability for North Korea-related topics.,domain thediplomat.com matches reliable domain from file raw_wikipedia_perennial_sources.csv
3d_printing,slanted,3d printing toxic emissions,3,4,https://gizmodo.com/new-study-details-all-the-toxic-shit-spewed-out-by-3d-p-1830379464,gizmodo.com,New Study Details Toxic Particles Spewed by 3D Printers,2026-05-09 18:33:13,Gizmodo,Gizmodo,gizmodo.com,reliable,Generally reliable,"There is consensus thatGizmodois generally reliable for technology, popular culture, and entertainment. There is no consensus on whether it is generally reliable for controversial statements. There is consensus that AI-generated articles are generallyunreliable;Gizmodo'sparent company, G/O Media, began releasing such pieces in July 2023, usually under the byline ""Gizmodo Bot"".[16]",domain gizmodo.com matches reliable domain from file raw_wikipedia_perennial_sources.csv
autonomous_vehicles,neutral,self driving car safety,1,1,https://www.nytimes.com/2025/12/02/opinion/self-driving-cars.html,nytimes.com,Opinion | The Medical Case for Self-Driving Cars,2026-05-09 18:33:36,The New York Times(NYT),The_New_York_Times,0362-4331;1553-8095;nytimes.com,reliable,Generally reliable,"There is consensus thatThe New York Timesis generally reliable.WP:RSOPINIONshould be used to evaluate opinion columns, whileWP:NEWSBLOGshould be used for the blogs onThe New York Times's website. The 2018 RfC citesWP:MEDPOPto establish that popular press sources such asThe New York Timesshould generally not be used to supportmedical claims.",domain nytimes.com matches reliable domain from file raw_wikipedia_perennial_sources.csv
autonomous_vehicles,neutral,self driving car safety,1,8,https://news.sky.com/story/self-driving-cars-found-to-be-safer-except-at-dawn-dusk-or-when-turning-according-to-study-13155011,news.sky.com,"Self-driving cars found to be safer - except at dawn, dusk, ...",2026-05-09 18:33:42,Sky News(UK),Sky_News,news.sky.com,reliable,Generally reliable,Sky News (UK) is considered an ordinaryWP:NEWSORGand is thus presumed generally reliable. Sky News UK is unaffiliated with Sky News Australia. Sky News UK has partial ownership of Sky News Arabia.,domain news.sky.com matches reliable domain from file raw_wikipedia_perennial_sources.csv
autonomous_vehicles,neutral,self driving car safety,2,2,https://www.vox.com/future-perfect/411522/self-driving-car-artificial-intelligence-autonomous-vehicle-safety-waymo-google,vox.com,The life-or-death case for self-driving cars - Vox,2026-05-09 18:33:59,Vox(Recode),Vox_(website),vox.com,reliable,Generally reliable,"Voxis considered generally reliable. Some editors say thatVoxis apartisan sourcein the field of politics or that it does not always clearly delineate reporting and opinion content.See also:Polygon (pre-2025),The Verge,New York",domain vox.com matches reliable domain from file raw_wikipedia_perennial_sources.csv
autonomous_vehicles,neutral,self driving car safety,3,2,https://www.bloomberg.com/news/features/2026-01-06/are-autonomous-vehicles-safer-than-human-drivers-we-don-t-know-yet,bloomberg.com,We Still Don't Know if Robotaxis Are Safer Than Human ...,2026-05-09 18:34:13,"Bloomberg(Bloomberg News,Bloomberg Businessweek)",Bloomberg_L.P.,bloomberg.com,reliable,Generally reliable,"Bloomberg publications, includingBloomberg NewsandBloomberg Businessweek, are considered generally reliable for news and business topics.See also:Bloomberg profiles.",domain bloomberg.com matches reliable domain from file raw_wikipedia_perennial_sources.csv
autonomous_vehicles,neutral,self driving car safety,3,10,https://www.theverge.com/transportation/922900/tesla-10-billion-miles-unsupervised-fsd-robotaxi-elon-musk,theverge.com,Tesla hits Musk's threshold for 'safe unsupervised' driving,2026-05-09 18:34:17,The Verge,The_Verge,theverge.com,reliable,Generally reliable,"There is broad consensus thatThe Vergeis areliable sourcefor use in articles relating to technology, science, and automobiles. Some editors question the quality ofThe Verge's instructional content oncomputer hardware.See also:Vox,Polygon (pre-May 2025),New York",domain theverge.com matches reliable domain from file raw_wikipedia_perennial_sources.csv
autonomous_vehicles,slanted,autonomous vehicle accidents,2,4,https://www.nytimes.com/2025/12/02/opinion/self-driving-cars.html,nytimes.com,Opinion | The Medical Case for Self-Driving Cars,2026-05-09 18:34:57,The New York Times(NYT),The_New_York_Times,0362-4331;1553-8095;nytimes.com,reliable,Generally reliable,"There is consensus thatThe New York Timesis generally reliable.WP:RSOPINIONshould be used to evaluate opinion columns, whileWP:NEWSBLOGshould be used for the blogs onThe New York Times's website. The 2018 RfC citesWP:MEDPOPto establish that popular press sources such asThe New York Timesshould generally not be used to supportmedical claims.",domain nytimes.com matches reliable domain from file raw_wikipedia_perennial_sources.csv
autonomous_vehicles,neutral,autonomous trucking impact,1,5,https://www.axios.com/sponsored/the-link-between-autonomous-trucks-and-your-grocery-bill,axios.com,The link between autonomous trucks and your grocery bill,2026-05-09 18:35:37,Axios,Axios_(website),axios.com,reliable,Generally reliable,There is consensus thatAxiosis generally reliable. Some editors considerAxiosto be abiased or opinionated source.Statements of opinionshould beattributedand evaluated fordue weight.,domain axios.com matches reliable domain from file raw_wikipedia_perennial_sources.csv
autonomous_vehicles,slanted,self driving truck dangers,3,5,https://www.axios.com/sponsored/the-link-between-autonomous-trucks-and-your-grocery-bill,axios.com,The link between autonomous trucks and your grocery bill,2026-05-09 18:36:59,Axios,Axios_(website),axios.com,reliable,Generally reliable,There is consensus thatAxiosis generally reliable. Some editors considerAxiosto be abiased or opinionated source.Statements of opinionshould beattributedand evaluated fordue weight.,domain axios.com matches reliable domain from file raw_wikipedia_perennial_sources.csv
cryptocurrency,slanted,cryptocurrency environmental damage,2,7,https://www.theatlantic.com/ideas/archive/2022/12/cryptocurrency-mining-environmental-impact-solution/672360/,theatlantic.com,How to Reduce the Environmental Impact of Crypto,2026-05-09 18:42:18,The Atlantic(The Atlantic Monthly),The_Atlantic,theatlantic.com;1072-7825;2151-9463,reliable,Generally reliable,"The Atlanticis considered generally reliable. Editors should beware thatThe Atlanticdoes not always clearly delineate between reporting and opinion content; opinion pieces, including all articles in the ""Ideas"" column (theatlantic.com/ideas/), are governed byWP:RSOPINION.",domain theatlantic.com matches reliable domain from file raw_wikipedia_perennial_sources.csv
blockchain,slanted,defi hacking risks,3,5,https://theconversation.com/decentralized-finance-is-booming-and-so-are-the-security-risks-my-team-surveyed-nearly-500-crypto-investors-and-uncovered-the-most-common-mistakes-251305,theconversation.com,Decentralized finance is booming − and so are the security ...,2026-05-09 18:50:12,The Conversation,The_Conversation_(website),theconversation.com;2201-5639,reliable,Generally reliable,The Conversationpublishes articles from academics who aresubject-matter experts. It is generally reliable for subjects in the authors'areas of expertise. Opinions published inThe Conversationshould be handled withWP:RSOPINION.,domain theconversation.com matches reliable domain from file raw_wikipedia_perennial_sources.csv
social_media,neutral,instagram mental health research,1,1,https://www.theguardian.com/media/2026/mar/19/instagram-worse-mental-health-whatsapp-global-study-finds,theguardian.com,"Instagram worse for mental health than WhatsApp, global ...",2026-05-09 18:50:30,"The Guardian(TheGuardian.com,The Manchester Guardian,The Guardian Weekly,The Observer)",The_Guardian,0261-3077;1756-3224;theguardian.com,reliable,Generally reliable,There is consensus thatThe Guardianis generally reliable.The Guardian's op-eds should be handled withWP:RSOPINION. Some editors believeThe Guardianisbiased or opinionatedfor politics.See also:The Guardian blogs.Guardian Media soldThe ObservertoTortoise Mediawith effect from 22 April 2025.,domain theguardian.com matches reliable domain from file raw_wikipedia_perennial_sources.csv
social_media,neutral,instagram mental health research,2,3,https://time.com/4793331/instagram-social-media-mental-health/,time.com,Why Instagram Is the Worst Social Media for Mental Health,2026-05-09 18:50:47,Time,Time_(magazine),time.com;0040-781x,reliable,Generally reliable,"There is consensus thatTimeis generally reliable.Time'smagazine blogs, including Techland, should be handled with the appropriate policy. Refer toWP:NEWSORGfor guidance onop-eds, which should only be used withattribution.",domain time.com matches reliable domain from file raw_wikipedia_perennial_sources.csv
social_media,slanted,social media depression link,1,3,https://www.theguardian.com/media/2026/mar/22/study-children-social-media-anxiety-depression,theguardian.com,Study links children's social media use with anxiety and ...,2026-05-09 18:51:12,"The Guardian(TheGuardian.com,The Manchester Guardian,The Guardian Weekly,The Observer)",The_Guardian,0261-3077;1756-3224;theguardian.com,reliable,Generally reliable,There is consensus thatThe Guardianis generally reliable.The Guardian's op-eds should be handled withWP:RSOPINION. Some editors believeThe Guardianisbiased or opinionatedfor politics.See also:The Guardian blogs.Guardian Media soldThe ObservertoTortoise Mediawith effect from 22 April 2025.,domain theguardian.com matches reliable domain from file raw_wikipedia_perennial_sources.csv
social_media,slanted,social media depression link,2,9,https://www.pbs.org/newshour/show/new-study-finds-link-between-pre-teen-use-of-social-media-and-depression,pbs.org,New study finds link between pre-teen use of social media ...,2026-05-09 18:51:28,PBS(Public Broadcasting Service),PBS,pbs.org,reliable,Generally reliable,ThePublic Broadcasting Serviceis an American public broadcaster. It is considered generally reliable by editors.,domain pbs.org matches reliable domain from file raw_wikipedia_perennial_sources.csv
social_media,neutral,tiktok algorithm study,1,1,https://www.theguardian.com/technology/2026/may/06/tiktok-pro-republican-algorithm-2024-election,theguardian.com,TikTok's algorithm favored Republican content in 2024 US ...,2026-05-09 18:51:53,"The Guardian(TheGuardian.com,The Manchester Guardian,The Guardian Weekly,The Observer)",The_Guardian,0261-3077;1756-3224;theguardian.com,reliable,Generally reliable,There is consensus thatThe Guardianis generally reliable.The Guardian's op-eds should be handled withWP:RSOPINION. Some editors believeThe Guardianisbiased or opinionatedfor politics.See also:The Guardian blogs.Guardian Media soldThe ObservertoTortoise Mediawith effect from 22 April 2025.,domain theguardian.com matches reliable domain from file raw_wikipedia_perennial_sources.csv
social_media,neutral,tiktok algorithm study,3,7,https://www.washingtonpost.com/technology/interactive/2025/tiktok-algorithm-mental-health/,washingtonpost.com,TikTok's mental health 'rabbit hole'? It's not in your head.,2026-05-09 18:52:17,"The Washington Post(The Post,WaPo,TWP)",The_Washington_Post,0190-8286;washingtonpost.com,reliable,Generally reliable,Most editors considerThe Washington Postgenerally reliable. Some editors note thatWP:NEWSBLOGshould be used to evaluate blog posts onThe Washington Post's website.,domain washingtonpost.com matches reliable domain from file raw_wikipedia_perennial_sources.csv
social_media,slanted,tiktok addiction risks,3,6,https://www.bbc.com/news/articles/cr7j7n315lmo,bbc.com,TikTok told by EU to change 'addictive design' or face fines,2026-05-09 18:52:51,BBC(British Broadcasting Corporation),BBC,bbc.com,reliable,Generally reliable,"BBC is a Britishpublicly funded broadcaster. It is considered generally reliable. This includesBBC News, BBC documentaries, and the BBC History site (onBBC Online). However, this excludes BBC projects that incorporateuser-generated content(such ash2g2and theBBC Domesday Project) and BBC publications with reduced editorial oversight (such asCollective).Statements of opinionshould conform to the corresponding guideline.",domain bbc.com matches reliable domain from file raw_wikipedia_perennial_sources.csv
social_media,neutral,facebook misinformation research,1,1,https://theconversation.com/facebook-data-reveal-the-devastating-real-world-harms-caused-by-the-spread-of-misinformation-265742,theconversation.com,Facebook data reveal the devastating real-world harms ...,2026-05-09 18:53:09,The Conversation,The_Conversation_(website),theconversation.com;2201-5639,reliable,Generally reliable,The Conversationpublishes articles from academics who aresubject-matter experts. It is generally reliable for subjects in the authors'areas of expertise. Opinions published inThe Conversationshould be handled withWP:RSOPINION.,domain theconversation.com matches reliable domain from file raw_wikipedia_perennial_sources.csv
social_media,neutral,facebook misinformation research,1,8,https://www.theguardian.com/world/ng-interactive/2025/sep/28/inside-the-everyday-facebook-networks-where-far-right-ideas-grow,theguardian.com,Inside the everyday Facebook networks where far-right ...,2026-05-09 18:53:14,"The Guardian(TheGuardian.com,The Manchester Guardian,The Guardian Weekly,The Observer)",The_Guardian,0261-3077;1756-3224;theguardian.com,reliable,Generally reliable,There is consensus thatThe Guardianis generally reliable.The Guardian's op-eds should be handled withWP:RSOPINION. Some editors believeThe Guardianisbiased or opinionatedfor politics.See also:The Guardian blogs.Guardian Media soldThe ObservertoTortoise Mediawith effect from 22 April 2025.,domain theguardian.com matches reliable domain from file raw_wikipedia_perennial_sources.csv
social_media,slanted,facebook polarizing effects,1,1,https://arstechnica.com/science/2026/05/rip-social-media-what-comes-next-is-messy/,arstechnica.com,RIP social media. What comes next is messy.,2026-05-09 18:53:45,Ars Technica,Ars_Technica,arstechnica.com,reliable,Generally reliable,Ars Technicais considered generally reliable for science- and technology-related articles.,domain arstechnica.com matches reliable domain from file raw_wikipedia_perennial_sources.csv
social_media,slanted,facebook polarizing effects,2,6,https://www.npr.org/2023/07/27/1190383104/new-study-shows-just-how-facebooks-algorithm-shapes-conservative-and-liberal-bub,npr.org,New study shows just how Facebook's algorithm shapes ...,2026-05-09 18:54:07,NPR(National Public Radio),NPR,npr.org,reliable,Generally reliable,"There is consensus that NPR, an American public service broadcaster, is generally reliable for news and statements of fact. NPR'sopinion piecesshould only be used withattribution.",domain npr.org matches reliable domain from file raw_wikipedia_perennial_sources.csv
social_media,slanted,facebook polarizing effects,3,3,https://www.washingtonpost.com/technology/2023/07/27/social-media-research-meta-political-views/,washingtonpost.com,"Changing Facebook's algorithm won't fix polarization, new ...",2026-05-09 18:54:16,"The Washington Post(The Post,WaPo,TWP)",The_Washington_Post,0190-8286;washingtonpost.com,reliable,Generally reliable,Most editors considerThe Washington Postgenerally reliable. Some editors note thatWP:NEWSBLOGshould be used to evaluate blog posts onThe Washington Post's website.,domain washingtonpost.com matches reliable domain from file raw_wikipedia_perennial_sources.csv
social_media,slanted,facebook polarizing effects,3,6,https://theconversation.com/is-social-media-fuelling-political-polarisation-232749,theconversation.com,Is social media fuelling political polarisation?,2026-05-09 18:54:17,The Conversation,The_Conversation_(website),theconversation.com;2201-5639,reliable,Generally reliable,The Conversationpublishes articles from academics who aresubject-matter experts. It is generally reliable for subjects in the authors'areas of expertise. Opinions published inThe Conversationshould be handled withWP:RSOPINION.,domain theconversation.com matches reliable domain from file raw_wikipedia_perennial_sources.csv
social_media,slanted,facebook polarizing effects,3,7,https://www.theguardian.com/technology/2023/jul/27/meta-facebook-algorithm-2020-election,theguardian.com,Changing Meta's algorithms did not help US political ...,2026-05-09 18:54:17,"The Guardian(TheGuardian.com,The Manchester Guardian,The Guardian Weekly,The Observer)",The_Guardian,0261-3077;1756-3224;theguardian.com,reliable,Generally reliable,There is consensus thatThe Guardianis generally reliable.The Guardian's op-eds should be handled withWP:RSOPINION. Some editors believeThe Guardianisbiased or opinionatedfor politics.See also:The Guardian blogs.Guardian Media soldThe ObservertoTortoise Mediawith effect from 22 April 2025.,domain theguardian.com matches reliable domain from file raw_wikipedia_perennial_sources.csv
social_media,neutral,twitter echo chamber,1,5,https://www.theguardian.com/politics/2017/feb/04/twitter-accounts-really-are-echo-chambers-study-finds,theguardian.com,"Twitter accounts really are echo chambers, study finds",2026-05-09 18:54:40,"The Guardian(TheGuardian.com,The Manchester Guardian,The Guardian Weekly,The Observer)",The_Guardian,0261-3077;1756-3224;theguardian.com,reliable,Generally reliable,There is consensus thatThe Guardianis generally reliable.The Guardian's op-eds should be handled withWP:RSOPINION. Some editors believeThe Guardianisbiased or opinionatedfor politics.See also:The Guardian blogs.Guardian Media soldThe ObservertoTortoise Mediawith effect from 22 April 2025.,domain theguardian.com matches reliable domain from file raw_wikipedia_perennial_sources.csv
social_media,neutral,twitter echo chamber,2,1,https://theconversation.com/online-platforms-risk-becoming-ideological-echo-chambers-that-undermine-meaningful-dialogue-247982,theconversation.com,Online platforms risk becoming ideological echo chambers ...,2026-05-09 18:54:50,The Conversation,The_Conversation_(website),theconversation.com;2201-5639,reliable,Generally reliable,The Conversationpublishes articles from academics who aresubject-matter experts. It is generally reliable for subjects in the authors'areas of expertise. Opinions published inThe Conversationshould be handled withWP:RSOPINION.,domain theconversation.com matches reliable domain from file raw_wikipedia_perennial_sources.csv
social_media,neutral,twitter echo chamber,3,1,https://arstechnica.com/science/2026/05/rip-social-media-what-comes-next-is-messy/,arstechnica.com,RIP social media. What comes next is messy.,2026-05-09 18:54:58,Ars Technica,Ars_Technica,arstechnica.com,reliable,Generally reliable,Ars Technicais considered generally reliable for science- and technology-related articles.,domain arstechnica.com matches reliable domain from file raw_wikipedia_perennial_sources.csv
online_privacy,slanted,government backdoor dangers,3,4,https://www.bbc.com/news/articles/cgj54eq4vejo,bbc.com,Apple pulls data protection tool after UK government ...,2026-05-09 18:59:58,BBC(British Broadcasting Corporation),BBC,bbc.com,reliable,Generally reliable,"BBC is a Britishpublicly funded broadcaster. It is considered generally reliable. This includesBBC News, BBC documentaries, and the BBC History site (onBBC Online). However, this excludes BBC projects that incorporateuser-generated content(such ash2g2and theBBC Domesday Project) and BBC publications with reduced editorial oversight (such asCollective).Statements of opinionshould conform to the corresponding guideline.",domain bbc.com matches reliable domain from file raw_wikipedia_perennial_sources.csv
online_privacy,slanted,government backdoor dangers,3,8,https://www.theglobeandmail.com/politics/article-us-congress-lawful-access-bill-c-22-hackers/,theglobeandmail.com,U.S. Congress warns Ottawa's lawful-access bill could ...,2026-05-09 19:00:00,The Globe and Mail,The_Globe_and_Mail,0319-0714;theglobeandmail.com,reliable,Generally reliable,"In a 2021 RfC, editors found a strong consensus thatThe Globe and Mailis generally reliable for news coverage and is considered anewspaper of record.",domain theglobeandmail.com matches reliable domain from file raw_wikipedia_perennial_sources.csv
online_privacy,neutral,facial recognition benefits,2,9,https://theconversation.com/how-safe-is-your-face-the-pros-and-cons-of-having-facial-recognition-everywhere-265753,theconversation.com,How safe is your face? The pros and cons of having facial ...,2026-05-09 19:00:37,The Conversation,The_Conversation_(website),theconversation.com;2201-5639,reliable,Generally reliable,The Conversationpublishes articles from academics who aresubject-matter experts. It is generally reliable for subjects in the authors'areas of expertise. Opinions published inThe Conversationshould be handled withWP:RSOPINION.,domain theconversation.com matches reliable domain from file raw_wikipedia_perennial_sources.csv
online_privacy,slanted,facial recognition surveillance,1,2,https://www.theguardian.com/technology/ng-interactive/2026/may/03/ai-facial-recognition-oversight-lagging-far-behind-technology-watchdogs-warn,theguardian.com,AI facial recognition oversight lagging far behind ...,2026-05-09 19:00:58,"The Guardian(TheGuardian.com,The Manchester Guardian,The Guardian Weekly,The Observer)",The_Guardian,0261-3077;1756-3224;theguardian.com,reliable,Generally reliable,There is consensus thatThe Guardianis generally reliable.The Guardian's op-eds should be handled withWP:RSOPINION. Some editors believeThe Guardianisbiased or opinionatedfor politics.See also:The Guardian blogs.Guardian Media soldThe ObservertoTortoise Mediawith effect from 22 April 2025.,domain theguardian.com matches reliable domain from file raw_wikipedia_perennial_sources.csv
online_privacy,slanted,facial recognition surveillance,3,3,https://www.bbc.com/news/articles/c3r7pwpgeweo,bbc.com,Facial recognition could be used more by police under plans,2026-05-09 19:01:23,BBC(British Broadcasting Corporation),BBC,bbc.com,reliable,Generally reliable,"BBC is a Britishpublicly funded broadcaster. It is considered generally reliable. This includesBBC News, BBC documentaries, and the BBC History site (onBBC Online). However, this excludes BBC projects that incorporateuser-generated content(such ash2g2and theBBC Domesday Project) and BBC publications with reduced editorial oversight (such asCollective).Statements of opinionshould conform to the corresponding guideline.",domain bbc.com matches reliable domain from file raw_wikipedia_perennial_sources.csv
electronic_cigarettes,slanted,vaping popcorn lung,1,6,https://theconversation.com/popcorn-lung-how-vaping-could-scar-your-lungs-for-life-254414,theconversation.com,Popcorn lung: how vaping could scar your lungs for life,2026-05-09 19:04:12,The Conversation,The_Conversation_(website),theconversation.com;2201-5639,reliable,Generally reliable,The Conversationpublishes articles from academics who aresubject-matter experts. It is generally reliable for subjects in the authors'areas of expertise. Opinions published inThe Conversationshould be handled withWP:RSOPINION.,domain theconversation.com matches reliable domain from file raw_wikipedia_perennial_sources.csv
electronic_cigarettes,slanted,vaping popcorn lung,3,4,https://www.bbc.com/news/world-us-canada-50494871,bbc.com,Vaping linked to teen's 'popcorn lung' type injury,2026-05-09 19:04:33,BBC(British Broadcasting Corporation),BBC,bbc.com,reliable,Generally reliable,"BBC is a Britishpublicly funded broadcaster. It is considered generally reliable. This includesBBC News, BBC documentaries, and the BBC History site (onBBC Online). However, this excludes BBC projects that incorporateuser-generated content(such ash2g2and theBBC Domesday Project) and BBC publications with reduced editorial oversight (such asCollective).Statements of opinionshould conform to the corresponding guideline.",domain bbc.com matches reliable domain from file raw_wikipedia_perennial_sources.csv
electronic_cigarettes,neutral,juul harm reduction,1,8,https://theconversation.com/juul-why-a-trendy-e-cig-is-causing-a-social-and-public-health-commotion-90985,theconversation.com,Juul: Why a trendy e-cig is causing a social – and public ...,2026-05-09 19:05:03,The Conversation,The_Conversation_(website),theconversation.com;2201-5639,reliable,Generally reliable,The Conversationpublishes articles from academics who aresubject-matter experts. It is generally reliable for subjects in the authors'areas of expertise. Opinions published inThe Conversationshould be handled withWP:RSOPINION.,domain theconversation.com matches reliable domain from file raw_wikipedia_perennial_sources.csv
electronic_cigarettes,slanted,teen vaping epidemic,1,5,https://www.theguardian.com/society/2023/mar/18/uk-health-expert-raises-alarm-at-epidemic-of-vaping-among-teenagers,theguardian.com,UK health expert raises alarm at vaping 'epidemic' among ...,2026-05-09 19:06:21,"The Guardian(TheGuardian.com,The Manchester Guardian,The Guardian Weekly,The Observer)",The_Guardian,0261-3077;1756-3224;theguardian.com,reliable,Generally reliable,There is consensus thatThe Guardianis generally reliable.The Guardian's op-eds should be handled withWP:RSOPINION. Some editors believeThe Guardianisbiased or opinionatedfor politics.See also:The Guardian blogs.Guardian Media soldThe ObservertoTortoise Mediawith effect from 22 April 2025.,domain theguardian.com matches reliable domain from file raw_wikipedia_perennial_sources.csv
electronic_cigarettes,slanted,teen vaping epidemic,3,10,https://time.com/5680988/juul-vaping-health-crisis/,time.com,How Juul Hooked Kids and Ignited a Public Health Crisis,2026-05-09 19:06:53,Time,Time_(magazine),time.com;0040-781x,reliable,Generally reliable,"There is consensus thatTimeis generally reliable.Time'smagazine blogs, including Techland, should be handled with the appropriate policy. Refer toWP:NEWSORGfor guidance onop-eds, which should only be used withattribution.",domain time.com matches reliable domain from file raw_wikipedia_perennial_sources.csv
obesity,neutral,healthy diet research,2,3,https://www.theguardian.com/commentisfree/2026/may/05/game-changer-good-health-scientists-we-are-when-we-eat,theguardian.com,A game-changer for good health? Scientists believe 'we ...,2026-05-09 19:10:24,"The Guardian(TheGuardian.com,The Manchester Guardian,The Guardian Weekly,The Observer)",The_Guardian,0261-3077;1756-3224;theguardian.com,reliable,Generally reliable,There is consensus thatThe Guardianis generally reliable.The Guardian's op-eds should be handled withWP:RSOPINION. Some editors believeThe Guardianisbiased or opinionatedfor politics.See also:The Guardian blogs.Guardian Media soldThe ObservertoTortoise Mediawith effect from 22 April 2025.,domain theguardian.com matches reliable domain from file raw_wikipedia_perennial_sources.csv
obesity,neutral,healthy diet research,3,5,https://www.jpost.com/health-and-wellness/health-and-wellness-around-the-world/article-895179,jpost.com,The surprising link between a healthy diet and the serious ...,2026-05-09 19:10:32,The Jerusalem Post,The_Jerusalem_Post,0792-822x;jpost.com,reliable,Generally reliable,The Jerusalem Postis generally reliable but should be treated with caution when making extraordinary claims regarding the Israeli–Palestinian conflict. It should be used as a source for the Israeli–Palestinian conflict only to cite basic facts or if its reporting is validated by additional reporting from another source not similarly limited.,domain jpost.com matches reliable domain from file raw_wikipedia_perennial_sources.csv
obesity,slanted,processed food dangers,1,1,https://www.bbc.com/news/articles/cy4pjjzd784o,bbc.com,"Ultra-processed food is global health threat, experts warn",2026-05-09 19:10:45,BBC(British Broadcasting Corporation),BBC,bbc.com,reliable,Generally reliable,"BBC is a Britishpublicly funded broadcaster. It is considered generally reliable. This includesBBC News, BBC documentaries, and the BBC History site (onBBC Online). However, this excludes BBC projects that incorporateuser-generated content(such ash2g2and theBBC Domesday Project) and BBC publications with reduced editorial oversight (such asCollective).Statements of opinionshould conform to the corresponding guideline.",domain bbc.com matches reliable domain from file raw_wikipedia_perennial_sources.csv
obesity,slanted,processed food dangers,1,7,https://www.theguardian.com/society/2024/feb/28/ultra-processed-food-32-harmful-effects-health-review,theguardian.com,Ultra-processed food linked to 32 harmful effects to health ...,2026-05-09 19:10:55,"The Guardian(TheGuardian.com,The Manchester Guardian,The Guardian Weekly,The Observer)",The_Guardian,0261-3077;1756-3224;theguardian.com,reliable,Generally reliable,There is consensus thatThe Guardianis generally reliable.The Guardian's op-eds should be handled withWP:RSOPINION. Some editors believeThe Guardianisbiased or opinionatedfor politics.See also:The Guardian blogs.Guardian Media soldThe ObservertoTortoise Mediawith effect from 22 April 2025.,domain theguardian.com matches reliable domain from file raw_wikipedia_perennial_sources.csv
obesity,slanted,processed food dangers,3,5,https://www.reuters.com/business/healthcare-pharmaceuticals/ultra-processed-foods-are-danger-global-public-health-experts-warn-2025-11-18/,reuters.com,"Ultra-processed foods are danger to global public health, ...",2026-05-09 19:11:19,Reuters,Reuters,reuters.com,reliable,Generally reliable,Reuters is anews agency. There is consensus that Reuters is generally reliable.Syndicatedreports from Reuters that are published in other sources are also considered generally reliable.Press releasespublished by Reuters are not automatically reliable.,domain reuters.com matches reliable domain from file raw_wikipedia_perennial_sources.csv
obesity,neutral,exercise impact,2,1,https://www.bbc.com/news/articles/cn0y9pqe2zro,bbc.com,Why doing a mix of exercise could be the key to longer life,2026-05-09 19:12:17,BBC(British Broadcasting Corporation),BBC,bbc.com,reliable,Generally reliable,"BBC is a Britishpublicly funded broadcaster. It is considered generally reliable. This includesBBC News, BBC documentaries, and the BBC History site (onBBC Online). However, this excludes BBC projects that incorporateuser-generated content(such ash2g2and theBBC Domesday Project) and BBC publications with reduced editorial oversight (such asCollective).Statements of opinionshould conform to the corresponding guideline.",domain bbc.com matches reliable domain from file raw_wikipedia_perennial_sources.csv
obesity,neutral,exercise impact,2,5,https://theconversation.com/you-know-exercise-is-good-for-you-so-why-is-it-so-hard-to-put-it-into-practice-274493,theconversation.com,You know exercise is good for you – so why is it so hard to ...,2026-05-09 19:12:18,The Conversation,The_Conversation_(website),theconversation.com;2201-5639,reliable,Generally reliable,The Conversationpublishes articles from academics who aresubject-matter experts. It is generally reliable for subjects in the authors'areas of expertise. Opinions published inThe Conversationshould be handled withWP:RSOPINION.,domain theconversation.com matches reliable domain from file raw_wikipedia_perennial_sources.csv
obesity,slanted,obesity treatment failures,1,6,https://www.bbc.com/news/articles/c0edn8v8yl3o,bbc.com,Obesity drug semaglutide fails to slow Alzheimer's,2026-05-09 19:12:43,BBC(British Broadcasting Corporation),BBC,bbc.com,reliable,Generally reliable,"BBC is a Britishpublicly funded broadcaster. It is considered generally reliable. This includesBBC News, BBC documentaries, and the BBC History site (onBBC Online). However, this excludes BBC projects that incorporateuser-generated content(such ash2g2and theBBC Domesday Project) and BBC publications with reduced editorial oversight (such asCollective).Statements of opinionshould conform to the corresponding guideline.",domain bbc.com matches reliable domain from file raw_wikipedia_perennial_sources.csv
obesity,slanted,obesity treatment failures,3,3,https://theconversation.com/obesity-care-why-eat-less-move-more-advice-is-failing-254628,theconversation.com,"Obesity care: why “eat less, move more” advice is failing",2026-05-09 19:13:06,The Conversation,The_Conversation_(website),theconversation.com;2201-5639,reliable,Generally reliable,The Conversationpublishes articles from academics who aresubject-matter experts. It is generally reliable for subjects in the authors'areas of expertise. Opinions published inThe Conversationshould be handled withWP:RSOPINION.,domain theconversation.com matches reliable domain from file raw_wikipedia_perennial_sources.csv
plant_based_diet,neutral,vegan health impact,3,1,https://theconversation.com/vegan-diet-how-your-body-changes-from-day-one-100413,theconversation.com,Vegan diet: how your body changes from day one,2026-05-09 19:13:51,The Conversation,The_Conversation_(website),theconversation.com;2201-5639,reliable,Generally reliable,The Conversationpublishes articles from academics who aresubject-matter experts. It is generally reliable for subjects in the authors'areas of expertise. Opinions published inThe Conversationshould be handled withWP:RSOPINION.,domain theconversation.com matches reliable domain from file raw_wikipedia_perennial_sources.csv
plant_based_diet,neutral,vegan health impact,3,2,https://www.bbc.com/future/article/20250627-10-things-to-know-about-veganism-in-childhood,bbc.com,Ten things to know about veganism in childhood,2026-05-09 19:13:51,BBC(British Broadcasting Corporation),BBC,bbc.com,reliable,Generally reliable,"BBC is a Britishpublicly funded broadcaster. It is considered generally reliable. This includesBBC News, BBC documentaries, and the BBC History site (onBBC Online). However, this excludes BBC projects that incorporateuser-generated content(such ash2g2and theBBC Domesday Project) and BBC publications with reduced editorial oversight (such asCollective).Statements of opinionshould conform to the corresponding guideline.",domain bbc.com matches reliable domain from file raw_wikipedia_perennial_sources.csv
plant_based_diet,neutral,vegan health impact,3,8,https://www.theguardian.com/environment/2023/jul/20/vegan-diet-cuts-environmental-damage-climate-heating-emissions-study,theguardian.com,"Vegan diet massively cuts environmental damage, study ...",2026-05-09 19:13:54,"The Guardian(TheGuardian.com,The Manchester Guardian,The Guardian Weekly,The Observer)",The_Guardian,0261-3077;1756-3224;theguardian.com,reliable,Generally reliable,There is consensus thatThe Guardianis generally reliable.The Guardian's op-eds should be handled withWP:RSOPINION. Some editors believeThe Guardianisbiased or opinionatedfor politics.See also:The Guardian blogs.Guardian Media soldThe ObservertoTortoise Mediawith effect from 22 April 2025.,domain theguardian.com matches reliable domain from file raw_wikipedia_perennial_sources.csv
plant_based_diet,slanted,soy estrogen concerns,1,4,https://www.bbc.com/future/article/20190816-is-soy-bad-for-womens-health,bbc.com,Is soya bad for women's health?,2026-05-09 19:16:02,BBC(British Broadcasting Corporation),BBC,bbc.com,reliable,Generally reliable,"BBC is a Britishpublicly funded broadcaster. It is considered generally reliable. This includesBBC News, BBC documentaries, and the BBC History site (onBBC Online). However, this excludes BBC projects that incorporateuser-generated content(such ash2g2and theBBC Domesday Project) and BBC publications with reduced editorial oversight (such asCollective).Statements of opinionshould conform to the corresponding guideline.",domain bbc.com matches reliable domain from file raw_wikipedia_perennial_sources.csv
plant_based_diet,neutral,meat substitutes safety,1,7,https://www.independent.co.uk/news/health/mycotoxins-vegetarian-plant-based-oat-milk-b2971725.html,independent.co.uk,Low levels of poisonous toxins found in 'almost all' plant- ...,2026-05-09 19:16:59,The Independent,The_Independent,1741-9743;independent.co.uk;the-independent.com,reliable,Generally reliable,"The Independent, a British newspaper, is considered a reliable source for non-specialist information. In March 2016, the publication discontinued its print edition to become anonline newspaper; some editors advise caution for articles published after this date.",domain independent.co.uk matches reliable domain from file raw_wikipedia_perennial_sources.csv
plant_based_diet,neutral,meat substitutes safety,3,8,https://www.theguardian.com/business/article/2024/aug/28/plant-based-meat-alternatives-environment-nutrition,theguardian.com,Plant-based meat alternatives are eco-friendlier and mostly ...,2026-05-09 19:17:24,"The Guardian(TheGuardian.com,The Manchester Guardian,The Guardian Weekly,The Observer)",The_Guardian,0261-3077;1756-3224;theguardian.com,reliable,Generally reliable,There is consensus thatThe Guardianis generally reliable.The Guardian's op-eds should be handled withWP:RSOPINION. Some editors believeThe Guardianisbiased or opinionatedfor politics.See also:The Guardian blogs.Guardian Media soldThe ObservertoTortoise Mediawith effect from 22 April 2025.,domain theguardian.com matches reliable domain from file raw_wikipedia_perennial_sources.csv
plant_based_diet,slanted,processed vegan food risks,1,1,https://www.bbc.com/future/article/20241011-what-explains-increasing-anxiety-about-ultra-processed-plant-based-foods,bbc.com,Should we be worried about vegan ultra-processed foods?,2026-05-09 19:17:37,BBC(British Broadcasting Corporation),BBC,bbc.com,reliable,Generally reliable,"BBC is a Britishpublicly funded broadcaster. It is considered generally reliable. This includesBBC News, BBC documentaries, and the BBC History site (onBBC Online). However, this excludes BBC projects that incorporateuser-generated content(such ash2g2and theBBC Domesday Project) and BBC publications with reduced editorial oversight (such asCollective).Statements of opinionshould conform to the corresponding guideline.",domain bbc.com matches reliable domain from file raw_wikipedia_perennial_sources.csv
plant_based_diet,slanted,processed vegan food risks,3,1,https://www.vox.com/future-perfect/391795/ultra-processed-foods-science-vegan-meat-rfk-maha,vox.com,You're being lied to about “ultra-processed” foods - Vox,2026-05-09 19:18:09,Vox(Recode),Vox_(website),vox.com,reliable,Generally reliable,"Voxis considered generally reliable. Some editors say thatVoxis apartisan sourcein the field of politics or that it does not always clearly delineate reporting and opinion content.See also:Polygon (pre-2025),The Verge,New York",domain vox.com matches reliable domain from file raw_wikipedia_perennial_sources.csv
raw_milk,neutral,raw milk impact,2,2,https://www.nbcnews.com/health/health-news/push-raw-milk-intensifies-despite-outbreaks-warnings-rcna342797,nbcnews.com,"Push for raw milk intensifies, despite illness outbreaks and ...",2026-05-09 19:18:50,NBC News,NBC_News,nbcnews.com,reliable,Generally reliable,There is consensus that NBC News is generally reliable for news.See also:MS NOW(formerly MSNBC),domain nbcnews.com matches reliable domain from file raw_wikipedia_perennial_sources.csv
raw_milk,neutral,raw milk impact,3,10,https://www.theguardian.com/wellness/2024/nov/26/what-is-unpasteurized-raw-milk,theguardian.com,The truth about raw milk and why experts are 'absolutely ...,2026-05-09 19:19:02,"The Guardian(TheGuardian.com,The Manchester Guardian,The Guardian Weekly,The Observer)",The_Guardian,0261-3077;1756-3224;theguardian.com,reliable,Generally reliable,There is consensus thatThe Guardianis generally reliable.The Guardian's op-eds should be handled withWP:RSOPINION. Some editors believeThe Guardianisbiased or opinionatedfor politics.See also:The Guardian blogs.Guardian Media soldThe ObservertoTortoise Mediawith effect from 22 April 2025.,domain theguardian.com matches reliable domain from file raw_wikipedia_perennial_sources.csv
raw_milk,slanted,raw milk bacteria dangers,3,8,https://www.theguardian.com/wellness/2024/nov/26/what-is-unpasteurized-raw-milk,theguardian.com,The truth about raw milk and why experts are 'absolutely ...,2026-05-09 19:19:50,"The Guardian(TheGuardian.com,The Manchester Guardian,The Guardian Weekly,The Observer)",The_Guardian,0261-3077;1756-3224;theguardian.com,reliable,Generally reliable,There is consensus thatThe Guardianis generally reliable.The Guardian's op-eds should be handled withWP:RSOPINION. Some editors believeThe Guardianisbiased or opinionatedfor politics.See also:The Guardian blogs.Guardian Media soldThe ObservertoTortoise Mediawith effect from 22 April 2025.,domain theguardian.com matches reliable domain from file raw_wikipedia_perennial_sources.csv
raw_milk,neutral,unpasteurized milk research,3,1,https://www.theguardian.com/wellness/2024/nov/26/what-is-unpasteurized-raw-milk,theguardian.com,The truth about raw milk and why experts are 'absolutely ...,2026-05-09 19:20:27,"The Guardian(TheGuardian.com,The Manchester Guardian,The Guardian Weekly,The Observer)",The_Guardian,0261-3077;1756-3224;theguardian.com,reliable,Generally reliable,There is consensus thatThe Guardianis generally reliable.The Guardian's op-eds should be handled withWP:RSOPINION. Some editors believeThe Guardianisbiased or opinionatedfor politics.See also:The Guardian blogs.Guardian Media soldThe ObservertoTortoise Mediawith effect from 22 April 2025.,domain theguardian.com matches reliable domain from file raw_wikipedia_perennial_sources.csv
raw_milk,neutral,unpasteurized milk research,3,5,https://www.nytimes.com/2025/01/13/magazine/raw-milk-danger-benefits.html,nytimes.com,Some Raw Truths About Raw Milk,2026-05-09 19:20:29,The New York Times(NYT),The_New_York_Times,0362-4331;1553-8095;nytimes.com,reliable,Generally reliable,"There is consensus thatThe New York Timesis generally reliable.WP:RSOPINIONshould be used to evaluate opinion columns, whileWP:NEWSBLOGshould be used for the blogs onThe New York Times's website. The 2018 RfC citesWP:MEDPOPto establish that popular press sources such asThe New York Timesshould generally not be used to supportmedical claims.",domain nytimes.com matches reliable domain from file raw_wikipedia_perennial_sources.csv
raw_milk,slanted,raw milk food poisoning,3,6,https://www.pbs.org/newshour/health/7-people-in-the-u-s-sickened-by-e-coli-linked-to-cheese-made-from-raw-milk-fda-says,pbs.org,7 people in the U.S. sickened by E. coli linked to cheese ...,2026-05-09 19:21:19,PBS(Public Broadcasting Service),PBS,pbs.org,reliable,Generally reliable,ThePublic Broadcasting Serviceis an American public broadcaster. It is considered generally reliable by editors.,domain pbs.org matches reliable domain from file raw_wikipedia_perennial_sources.csv
soy,slanted,soy estrogen effects,3,9,https://www.bbc.com/future/article/20190816-is-soy-bad-for-womens-health,bbc.com,Is soya bad for women's health?,2026-05-09 19:25:11,BBC(British Broadcasting Corporation),BBC,bbc.com,reliable,Generally reliable,"BBC is a Britishpublicly funded broadcaster. It is considered generally reliable. This includesBBC News, BBC documentaries, and the BBC History site (onBBC Online). However, this excludes BBC projects that incorporateuser-generated content(such ash2g2and theBBC Domesday Project) and BBC publications with reduced editorial oversight (such asCollective).Statements of opinionshould conform to the corresponding guideline.",domain bbc.com matches reliable domain from file raw_wikipedia_perennial_sources.csv
soy,neutral,tofu nutrition research,1,10,https://www.nytimes.com/2023/04/04/well/eat/tofu-health-benefits.html,nytimes.com,How Healthy Is Tofu?,2026-05-09 19:25:35,The New York Times(NYT),The_New_York_Times,0362-4331;1553-8095;nytimes.com,reliable,Generally reliable,"There is consensus thatThe New York Timesis generally reliable.WP:RSOPINIONshould be used to evaluate opinion columns, whileWP:NEWSBLOGshould be used for the blogs onThe New York Times's website. The 2018 RfC citesWP:MEDPOPto establish that popular press sources such asThe New York Timesshould generally not be used to supportmedical claims.",domain nytimes.com matches reliable domain from file raw_wikipedia_perennial_sources.csv
soy,neutral,tofu nutrition research,2,8,https://www.nytimes.com/2023/04/04/well/eat/tofu-health-benefits.html,nytimes.com,How Healthy Is Tofu?,2026-05-09 19:25:44,The New York Times(NYT),The_New_York_Times,0362-4331;1553-8095;nytimes.com,reliable,Generally reliable,"There is consensus thatThe New York Timesis generally reliable.WP:RSOPINIONshould be used to evaluate opinion columns, whileWP:NEWSBLOGshould be used for the blogs onThe New York Times's website. The 2018 RfC citesWP:MEDPOPto establish that popular press sources such asThe New York Timesshould generally not be used to supportmedical claims.",domain nytimes.com matches reliable domain from file raw_wikipedia_perennial_sources.csv
dairy,neutral,yogurt probiotic health impact,3,4,https://www.npr.org/2011/10/28/141800414/does-probiotic-yogurt-really-affect-digestion,npr.org,Does Probiotic Yogurt Really Affect Digestion?,2026-05-09 19:31:52,NPR(National Public Radio),NPR,npr.org,reliable,Generally reliable,"There is consensus that NPR, an American public service broadcaster, is generally reliable for news and statements of fact. NPR'sopinion piecesshould only be used withattribution.",domain npr.org matches reliable domain from file raw_wikipedia_perennial_sources.csv
dairy,slanted,raw dairy risks,3,6,https://www.theguardian.com/wellness/2024/nov/26/what-is-unpasteurized-raw-milk,theguardian.com,The truth about raw milk and why experts are 'absolutely ...,2026-05-09 19:32:34,"The Guardian(TheGuardian.com,The Manchester Guardian,The Guardian Weekly,The Observer)",The_Guardian,0261-3077;1756-3224;theguardian.com,reliable,Generally reliable,There is consensus thatThe Guardianis generally reliable.The Guardian's op-eds should be handled withWP:RSOPINION. Some editors believeThe Guardianisbiased or opinionatedfor politics.See also:The Guardian blogs.Guardian Media soldThe ObservertoTortoise Mediawith effect from 22 April 2025.,domain theguardian.com matches reliable domain from file raw_wikipedia_perennial_sources.csv
dairy,slanted,raw dairy risks,3,9,https://www.nytimes.com/2025/01/13/magazine/raw-milk-danger-benefits.html,nytimes.com,Some Raw Truths About Raw Milk,2026-05-09 19:32:35,The New York Times(NYT),The_New_York_Times,0362-4331;1553-8095;nytimes.com,reliable,Generally reliable,"There is consensus thatThe New York Timesis generally reliable.WP:RSOPINIONshould be used to evaluate opinion columns, whileWP:NEWSBLOGshould be used for the blogs onThe New York Times's website. The 2018 RfC citesWP:MEDPOPto establish that popular press sources such asThe New York Timesshould generally not be used to supportmedical claims.",domain nytimes.com matches reliable domain from file raw_wikipedia_perennial_sources.csv
eggs,neutral,egg cholesterol safety,2,8,https://www.bbc.com/future/article/20190916-are-eggs-good-for-you,bbc.com,The truth about eating eggs,2026-05-09 19:33:11,BBC(British Broadcasting Corporation),BBC,bbc.com,reliable,Generally reliable,"BBC is a Britishpublicly funded broadcaster. It is considered generally reliable. This includesBBC News, BBC documentaries, and the BBC History site (onBBC Online). However, this excludes BBC projects that incorporateuser-generated content(such ash2g2and theBBC Domesday Project) and BBC publications with reduced editorial oversight (such asCollective).Statements of opinionshould conform to the corresponding guideline.",domain bbc.com matches reliable domain from file raw_wikipedia_perennial_sources.csv
eggs,slanted,egg heart disease risk,3,5,https://www.bbc.com/future/article/20190916-are-eggs-good-for-you,bbc.com,The truth about eating eggs,2026-05-09 19:34:02,BBC(British Broadcasting Corporation),BBC,bbc.com,reliable,Generally reliable,"BBC is a Britishpublicly funded broadcaster. It is considered generally reliable. This includesBBC News, BBC documentaries, and the BBC History site (onBBC Online). However, this excludes BBC projects that incorporateuser-generated content(such ash2g2and theBBC Domesday Project) and BBC publications with reduced editorial oversight (such asCollective).Statements of opinionshould conform to the corresponding guideline.",domain bbc.com matches reliable domain from file raw_wikipedia_perennial_sources.csv
eggs,slanted,raw egg safety,2,7,https://people.com/experts-raise-health-concerns-over-viral-egg-coffee-11951993,people.com,Experts Raise Health Concerns Over Viral Egg Coffee,2026-05-09 19:37:04,People,People_(magazine),people.com;0093-7673,reliable,Generally reliable,"There is consensus thatPeoplemagazine can be a reliable source inbiographies of living persons, but the magazine should not be used for contentious claims unless supplemented with a stronger source.",domain people.com matches reliable domain from file raw_wikipedia_perennial_sources.csv
sugar,neutral,sugar consumption effects,3,2,https://www.nytimes.com/interactive/2024/10/30/well/eat/sugar-health-effects-risks.html,nytimes.com,This Is Your Body on Sugar,2026-05-09 19:38:01,The New York Times(NYT),The_New_York_Times,0362-4331;1553-8095;nytimes.com,reliable,Generally reliable,"There is consensus thatThe New York Timesis generally reliable.WP:RSOPINIONshould be used to evaluate opinion columns, whileWP:NEWSBLOGshould be used for the blogs onThe New York Times's website. The 2018 RfC citesWP:MEDPOPto establish that popular press sources such asThe New York Timesshould generally not be used to supportmedical claims.",domain nytimes.com matches reliable domain from file raw_wikipedia_perennial_sources.csv
sugar,slanted,sugar addiction risks,2,9,https://www.nytimes.com/interactive/2024/10/30/well/eat/sugar-health-effects-risks.html,nytimes.com,This Is Your Body on Sugar,2026-05-09 19:38:35,The New York Times(NYT),The_New_York_Times,0362-4331;1553-8095;nytimes.com,reliable,Generally reliable,"There is consensus thatThe New York Timesis generally reliable.WP:RSOPINIONshould be used to evaluate opinion columns, whileWP:NEWSBLOGshould be used for the blogs onThe New York Times's website. The 2018 RfC citesWP:MEDPOPto establish that popular press sources such asThe New York Timesshould generally not be used to supportmedical claims.",domain nytimes.com matches reliable domain from file raw_wikipedia_perennial_sources.csv
sugar,slanted,sugar addiction risks,3,4,https://www.bbc.com/future/article/20180918-is-sugar-really-bad-for-you,bbc.com,Is sugar really bad for you?,2026-05-09 19:38:44,BBC(British Broadcasting Corporation),BBC,bbc.com,reliable,Generally reliable,"BBC is a Britishpublicly funded broadcaster. It is considered generally reliable. This includesBBC News, BBC documentaries, and the BBC History site (onBBC Online). However, this excludes BBC projects that incorporateuser-generated content(such ash2g2and theBBC Domesday Project) and BBC publications with reduced editorial oversight (such asCollective).Statements of opinionshould conform to the corresponding guideline.",domain bbc.com matches reliable domain from file raw_wikipedia_perennial_sources.csv
salt,neutral,low sodium diet research,1,4,https://www.bbc.com/future/article/20181029-eating-less-salt-benefits,bbc.com,Is a low-salt diet as unhealthy as having too much?,2026-05-09 19:47:21,BBC(British Broadcasting Corporation),BBC,bbc.com,reliable,Generally reliable,"BBC is a Britishpublicly funded broadcaster. It is considered generally reliable. This includesBBC News, BBC documentaries, and the BBC History site (onBBC Online). However, this excludes BBC projects that incorporateuser-generated content(such ash2g2and theBBC Domesday Project) and BBC publications with reduced editorial oversight (such asCollective).Statements of opinionshould conform to the corresponding guideline.",domain bbc.com matches reliable domain from file raw_wikipedia_perennial_sources.csv
salt,slanted,salt heart disease,3,7,https://www.bbc.com/future/article/20181029-eating-less-salt-benefits,bbc.com,Is a low-salt diet as unhealthy as having too much?,2026-05-09 19:48:28,BBC(British Broadcasting Corporation),BBC,bbc.com,reliable,Generally reliable,"BBC is a Britishpublicly funded broadcaster. It is considered generally reliable. This includesBBC News, BBC documentaries, and the BBC History site (onBBC Online). However, this excludes BBC projects that incorporateuser-generated content(such ash2g2and theBBC Domesday Project) and BBC publications with reduced editorial oversight (such asCollective).Statements of opinionshould conform to the corresponding guideline.",domain bbc.com matches reliable domain from file raw_wikipedia_perennial_sources.csv
caffeine,slanted,caffeine anxiety risks,3,4,https://time.com/7331760/why-does-coffee-give-me-anxiety/,time.com,Why You Feel Anxious After Drinking Coffee,2026-05-09 19:49:57,Time,Time_(magazine),time.com;0040-781x,reliable,Generally reliable,"There is consensus thatTimeis generally reliable.Time'smagazine blogs, including Techland, should be handled with the appropriate policy. Refer toWP:NEWSORGfor guidance onop-eds, which should only be used withattribution.",domain time.com matches reliable domain from file raw_wikipedia_perennial_sources.csv
caffeine,neutral,coffee antioxidant research,1,3,https://www.independent.co.uk/news/science/coffee-health-benefits-explained-study-b2971206.html,independent.co.uk,Scientists may have just found the key reason why coffee is ...,2026-05-09 19:51:24,The Independent,The_Independent,1741-9743;independent.co.uk;the-independent.com,reliable,Generally reliable,"The Independent, a British newspaper, is considered a reliable source for non-specialist information. In March 2016, the publication discontinued its print edition to become anonline newspaper; some editors advise caution for articles published after this date.",domain independent.co.uk matches reliable domain from file raw_wikipedia_perennial_sources.csv
caffeine,neutral,coffee antioxidant research,2,2,https://www.vox.com/future-perfect/488262/coffee-health-heart-disease-cancer-nutrition,vox.com,Coffee is good for you. Science keeps making the case stronger,2026-05-09 19:51:38,Vox(Recode),Vox_(website),vox.com,reliable,Generally reliable,"Voxis considered generally reliable. Some editors say thatVoxis apartisan sourcein the field of politics or that it does not always clearly delineate reporting and opinion content.See also:Polygon (pre-2025),The Verge,New York",domain vox.com matches reliable domain from file raw_wikipedia_perennial_sources.csv
caffeine,slanted,energy drink dangers,2,4,https://www.theguardian.com/society/2025/dec/09/energy-drinks-heart-disease-stroke-risk-doctors,theguardian.com,Consuming lots of energy drinks may raise heart disease ...,2026-05-09 19:52:46,"The Guardian(TheGuardian.com,The Manchester Guardian,The Guardian Weekly,The Observer)",The_Guardian,0261-3077;1756-3224;theguardian.com,reliable,Generally reliable,There is consensus thatThe Guardianis generally reliable.The Guardian's op-eds should be handled withWP:RSOPINION. Some editors believeThe Guardianisbiased or opinionatedfor politics.See also:The Guardian blogs.Guardian Media soldThe ObservertoTortoise Mediawith effect from 22 April 2025.,domain theguardian.com matches reliable domain from file raw_wikipedia_perennial_sources.csv
caffeine,slanted,caffeine addiction,2,8,https://www.theguardian.com/food/2021/jul/06/caffeine-coffee-tea-invisible-addiction-is-it-time-to-give-up,theguardian.com,The invisible addiction: is it time to give up caffeine? | Coffee,2026-05-09 19:54:22,"The Guardian(TheGuardian.com,The Manchester Guardian,The Guardian Weekly,The Observer)",The_Guardian,0261-3077;1756-3224;theguardian.com,reliable,Generally reliable,There is consensus thatThe Guardianis generally reliable.The Guardian's op-eds should be handled withWP:RSOPINION. Some editors believeThe Guardianisbiased or opinionatedfor politics.See also:The Guardian blogs.Guardian Media soldThe ObservertoTortoise Mediawith effect from 22 April 2025.,domain theguardian.com matches reliable domain from file raw_wikipedia_perennial_sources.csv
caffeine,slanted,caffeine addiction,3,6,https://www.npr.org/2023/03/06/1161394509/the-truth-about-caffeine,npr.org,How to have a healthy relationship with caffeine : Life Kit,2026-05-09 19:54:31,NPR(National Public Radio),NPR,npr.org,reliable,Generally reliable,"There is consensus that NPR, an American public service broadcaster, is generally reliable for news and statements of fact. NPR'sopinion piecesshould only be used withattribution.",domain npr.org matches reliable domain from file raw_wikipedia_perennial_sources.csv
alcohol,neutral,moderate alcohol consumption health impact,3,6,https://www.theguardian.com/commentisfree/2019/may/06/heres-why-moderate-drinking-is-probably-not-good-for-you,theguardian.com,Here's why moderate drinking is probably not good for you,2026-05-09 19:55:15,"The Guardian(TheGuardian.com,The Manchester Guardian,The Guardian Weekly,The Observer)",The_Guardian,0261-3077;1756-3224;theguardian.com,reliable,Generally reliable,There is consensus thatThe Guardianis generally reliable.The Guardian's op-eds should be handled withWP:RSOPINION. Some editors believeThe Guardianisbiased or opinionatedfor politics.See also:The Guardian blogs.Guardian Media soldThe ObservertoTortoise Mediawith effect from 22 April 2025.,domain theguardian.com matches reliable domain from file raw_wikipedia_perennial_sources.csv
alcohol,neutral,moderate alcohol consumption health impact,3,8,https://www.nbcnews.com/health/health-news/moderate-drinking-linked-lower-risk-death-major-catch-rcna184948,nbcnews.com,Is alcohol good for you? A new report adds to the confusion,2026-05-09 19:55:16,NBC News,NBC_News,nbcnews.com,reliable,Generally reliable,There is consensus that NBC News is generally reliable for news.See also:MS NOW(formerly MSNBC),domain nbcnews.com matches reliable domain from file raw_wikipedia_perennial_sources.csv
alcohol,neutral,wine heart health,1,5,https://www.theguardian.com/lifeandstyle/2025/dec/01/is-it-true-that-a-glass-of-wine-a-day-is-good-for-your-heart,theguardian.com,Is it true that … a glass of wine a day is good for your heart?,2026-05-09 19:56:36,"The Guardian(TheGuardian.com,The Manchester Guardian,The Guardian Weekly,The Observer)",The_Guardian,0261-3077;1756-3224;theguardian.com,reliable,Generally reliable,There is consensus thatThe Guardianis generally reliable.The Guardian's op-eds should be handled withWP:RSOPINION. Some editors believeThe Guardianisbiased or opinionatedfor politics.See also:The Guardian blogs.Guardian Media soldThe ObservertoTortoise Mediawith effect from 22 April 2025.,domain theguardian.com matches reliable domain from file raw_wikipedia_perennial_sources.csv
alcohol,neutral,beer nutrition research,1,2,https://www.bbc.com/news/articles/cvglqw709k1o,bbc.com,Your pint could come with a surprising health benefit,2026-05-09 19:58:07,BBC(British Broadcasting Corporation),BBC,bbc.com,reliable,Generally reliable,"BBC is a Britishpublicly funded broadcaster. It is considered generally reliable. This includesBBC News, BBC documentaries, and the BBC History site (onBBC Online). However, this excludes BBC projects that incorporateuser-generated content(such ash2g2and theBBC Domesday Project) and BBC publications with reduced editorial oversight (such asCollective).Statements of opinionshould conform to the corresponding guideline.",domain bbc.com matches reliable domain from file raw_wikipedia_perennial_sources.csv
alcohol,slanted,alcohol cancer risk,2,4,https://www.npr.org/2026/05/07/nx-s1-5807961/alcohol-warning-labels-drinking-cancer-study,npr.org,"Cancer warnings on alcohol may deter drinking, study says",2026-05-09 19:59:02,NPR(National Public Radio),NPR,npr.org,reliable,Generally reliable,"There is consensus that NPR, an American public service broadcaster, is generally reliable for news and statements of fact. NPR'sopinion piecesshould only be used withattribution.",domain npr.org matches reliable domain from file raw_wikipedia_perennial_sources.csv
alcohol,slanted,alcohol cancer risk,2,8,https://time.com/7364435/alcohol-cancer-risk-carcinogens/,time.com,Why Alcohol Raises the Risk of Cancer,2026-05-09 19:59:02,Time,Time_(magazine),time.com;0040-781x,reliable,Generally reliable,"There is consensus thatTimeis generally reliable.Time'smagazine blogs, including Techland, should be handled with the appropriate policy. Refer toWP:NEWSORGfor guidance onop-eds, which should only be used withattribution.",domain time.com matches reliable domain from file raw_wikipedia_perennial_sources.csv
alcohol,slanted,alcohol cancer risk,3,6,https://theconversation.com/alcohol-causes-cancer-and-less-than-1-drink-can-increase-your-risk-a-cancer-biologist-explains-how-245528,theconversation.com,"Alcohol causes cancer, and less than 1 drink can increase ...",2026-05-09 19:59:12,The Conversation,The_Conversation_(website),theconversation.com;2201-5639,reliable,Generally reliable,The Conversationpublishes articles from academics who aresubject-matter experts. It is generally reliable for subjects in the authors'areas of expertise. Opinions published inThe Conversationshould be handled withWP:RSOPINION.,domain theconversation.com matches reliable domain from file raw_wikipedia_perennial_sources.csv
fast_food,slanted,food additive dangers,2,6,https://www.washingtonpost.com/wellness/2025/08/20/food-additives-harmful-health-risks/,washingtonpost.com,Avoid these 5 food additives that may harm your health,2026-05-09 20:03:39,"The Washington Post(The Post,WaPo,TWP)",The_Washington_Post,0190-8286;washingtonpost.com,reliable,Generally reliable,Most editors considerThe Washington Postgenerally reliable. Some editors note thatWP:NEWSBLOGshould be used to evaluate blog posts onThe Washington Post's website.,domain washingtonpost.com matches reliable domain from file raw_wikipedia_perennial_sources.csv
fast_food,slanted,food additive dangers,3,6,https://time.com/7272178/are-food-chemicals-dangerous/,time.com,Why Food Chemicals Are a Problem—And How to Reduce ...,2026-05-09 20:03:47,Time,Time_(magazine),time.com;0040-781x,reliable,Generally reliable,"There is consensus thatTimeis generally reliable.Time'smagazine blogs, including Techland, should be handled with the appropriate policy. Refer toWP:NEWSORGfor guidance onop-eds, which should only be used withattribution.",domain time.com matches reliable domain from file raw_wikipedia_perennial_sources.csv
fast_food,slanted,food additive dangers,3,10,https://theconversation.com/busting-the-myth-that-all-food-additives-are-bad-a-quick-guide-for-label-readers-82883,theconversation.com,Busting the myth that all food additives are bad,2026-05-09 20:03:48,The Conversation,The_Conversation_(website),theconversation.com;2201-5639,reliable,Generally reliable,The Conversationpublishes articles from academics who aresubject-matter experts. It is generally reliable for subjects in the authors'areas of expertise. Opinions published inThe Conversationshould be handled withWP:RSOPINION.,domain theconversation.com matches reliable domain from file raw_wikipedia_perennial_sources.csv
fast_food,neutral,food processing research,3,5,https://theconversation.com/how-unhealthy-ultra-processed-foods-are-designed-and-marketed-to-make-us-crave-them-281217,theconversation.com,How unhealthy ultra-processed foods are designed and ...,2026-05-09 20:04:25,The Conversation,The_Conversation_(website),theconversation.com;2201-5639,reliable,Generally reliable,The Conversationpublishes articles from academics who aresubject-matter experts. It is generally reliable for subjects in the authors'areas of expertise. Opinions published inThe Conversationshould be handled withWP:RSOPINION.,domain theconversation.com matches reliable domain from file raw_wikipedia_perennial_sources.csv
fast_food,slanted,fast food antibiotic meat,1,5,https://time.com/4033496/fast-food-antibiotics/,time.com,How Fast Food Restaurants Rank on Antibiotics Usage,2026-05-09 20:04:45,Time,Time_(magazine),time.com;0040-781x,reliable,Generally reliable,"There is consensus thatTimeis generally reliable.Time'smagazine blogs, including Techland, should be handled with the appropriate policy. Refer toWP:NEWSORGfor guidance onop-eds, which should only be used withattribution.",domain time.com matches reliable domain from file raw_wikipedia_perennial_sources.csv
fast_food,slanted,fast food antibiotic meat,3,3,https://www.theguardian.com/sustainable-business/2016/sep/20/burger-king-kfc-mcdonalds-antibiotic-free-meat,theguardian.com,Burger King and KFC called out for lagging behind on ...,2026-05-09 20:05:07,"The Guardian(TheGuardian.com,The Manchester Guardian,The Guardian Weekly,The Observer)",The_Guardian,0261-3077;1756-3224;theguardian.com,reliable,Generally reliable,There is consensus thatThe Guardianis generally reliable.The Guardian's op-eds should be handled withWP:RSOPINION. Some editors believeThe Guardianisbiased or opinionatedfor politics.See also:The Guardian blogs.Guardian Media soldThe ObservertoTortoise Mediawith effect from 22 April 2025.,domain theguardian.com matches reliable domain from file raw_wikipedia_perennial_sources.csv
organic_food,neutral,organic food diet facts,1,4,https://www.bbc.com/articles/c24rm0d3993o,bbc.com,Is Organic Food Better For You?,2026-05-09 20:05:32,BBC(British Broadcasting Corporation),BBC,bbc.com,reliable,Generally reliable,"BBC is a Britishpublicly funded broadcaster. It is considered generally reliable. This includesBBC News, BBC documentaries, and the BBC History site (onBBC Online). However, this excludes BBC projects that incorporateuser-generated content(such ash2g2and theBBC Domesday Project) and BBC publications with reduced editorial oversight (such asCollective).Statements of opinionshould conform to the corresponding guideline.",domain bbc.com matches reliable domain from file raw_wikipedia_perennial_sources.csv
organic_food,slanted,organic food scam,2,2,https://www.theguardian.com/uk/2005/aug/21/foodanddrink.organics1,theguardian.com,Britain's organic food scam exposed | UK news,2026-05-09 20:06:44,"The Guardian(TheGuardian.com,The Manchester Guardian,The Guardian Weekly,The Observer)",The_Guardian,0261-3077;1756-3224;theguardian.com,reliable,Generally reliable,There is consensus thatThe Guardianis generally reliable.The Guardian's op-eds should be handled withWP:RSOPINION. Some editors believeThe Guardianisbiased or opinionatedfor politics.See also:The Guardian blogs.Guardian Media soldThe ObservertoTortoise Mediawith effect from 22 April 2025.,domain theguardian.com matches reliable domain from file raw_wikipedia_perennial_sources.csv
tap_water,neutral,tap water safety,3,8,https://www.theguardian.com/lifeandstyle/2023/sep/17/should-i-worry-about-drinking-tap-water,theguardian.com,Should I worry about drinking tap water?,2026-05-09 20:09:33,"The Guardian(TheGuardian.com,The Manchester Guardian,The Guardian Weekly,The Observer)",The_Guardian,0261-3077;1756-3224;theguardian.com,reliable,Generally reliable,There is consensus thatThe Guardianis generally reliable.The Guardian's op-eds should be handled withWP:RSOPINION. Some editors believeThe Guardianisbiased or opinionatedfor politics.See also:The Guardian blogs.Guardian Media soldThe ObservertoTortoise Mediawith effect from 22 April 2025.,domain theguardian.com matches reliable domain from file raw_wikipedia_perennial_sources.csv
tap_water,slanted,chlorine water dangers,2,3,https://www.theguardian.com/us-news/2025/feb/17/water-chlorination-cancer-risk-us-eu,theguardian.com,Water chlorination levels in US and EU likely increase ...,2026-05-09 20:16:06,"The Guardian(TheGuardian.com,The Manchester Guardian,The Guardian Weekly,The Observer)",The_Guardian,0261-3077;1756-3224;theguardian.com,reliable,Generally reliable,There is consensus thatThe Guardianis generally reliable.The Guardian's op-eds should be handled withWP:RSOPINION. Some editors believeThe Guardianisbiased or opinionatedfor politics.See also:The Guardian blogs.Guardian Media soldThe ObservertoTortoise Mediawith effect from 22 April 2025.,domain theguardian.com matches reliable domain from file raw_wikipedia_perennial_sources.csv
tap_water,slanted,chlorine water dangers,3,4,https://theconversation.com/chlorine-is-a-highly-useful-chemical-thats-also-extremely-dangerous-heres-what-to-know-about-staying-safe-around-it-213998,theconversation.com,Chlorine is a highly useful chemical that's also extremely ...,2026-05-09 20:16:21,The Conversation,The_Conversation_(website),theconversation.com;2201-5639,reliable,Generally reliable,The Conversationpublishes articles from academics who aresubject-matter experts. It is generally reliable for subjects in the authors'areas of expertise. Opinions published inThe Conversationshould be handled withWP:RSOPINION.,domain theconversation.com matches reliable domain from file raw_wikipedia_perennial_sources.csv
tap_water,neutral,fluoridated water consumption,3,5,https://www.nytimes.com/2024/12/12/well/fluoride-water-health-pregnancy-children.html,nytimes.com,"The Benefits and Risks of Fluoride, Explained",2026-05-09 20:17:17,The New York Times(NYT),The_New_York_Times,0362-4331;1553-8095;nytimes.com,reliable,Generally reliable,"There is consensus thatThe New York Timesis generally reliable.WP:RSOPINIONshould be used to evaluate opinion columns, whileWP:NEWSBLOGshould be used for the blogs onThe New York Times's website. The 2018 RfC citesWP:MEDPOPto establish that popular press sources such asThe New York Timesshould generally not be used to supportmedical claims.",domain nytimes.com matches reliable domain from file raw_wikipedia_perennial_sources.csv
tap_water,neutral,fluoridated water consumption,3,10,https://www.npr.org/sections/shots-health-news/2025/01/09/nx-s1-5252874/fluoride-drinking-water-iq-analysis-safe,npr.org,Fluoride analysis triggers renewed debate over what levels ...,2026-05-09 20:17:18,NPR(National Public Radio),NPR,npr.org,reliable,Generally reliable,"There is consensus that NPR, an American public service broadcaster, is generally reliable for news and statements of fact. NPR'sopinion piecesshould only be used withattribution.",domain npr.org matches reliable domain from file raw_wikipedia_perennial_sources.csv
bottled_water,slanted,bottled water bacteria,1,3,https://theconversation.com/bottled-water-is-not-always-what-it-may-seem-and-in-many-countries-is-no-purer-than-tap-268513,theconversation.com,Bottled water is not always what it may seem,2026-05-09 20:23:29,The Conversation,The_Conversation_(website),theconversation.com;2201-5639,reliable,Generally reliable,The Conversationpublishes articles from academics who aresubject-matter experts. It is generally reliable for subjects in the authors'areas of expertise. Opinions published inThe Conversationshould be handled withWP:RSOPINION.,domain theconversation.com matches reliable domain from file raw_wikipedia_perennial_sources.csv
mining,slanted,mountaintop removal dangers,3,8,https://www.washingtonpost.com/opinions/the-dirty-effects-of-mountaintop-removal-mining/2014/10/21/851c4236-58a2-11e4-bd61-346aee66ba29_story.html,washingtonpost.com,Opinion | The dirty effects of mountaintop removal mining,2026-05-09 20:31:51,"The Washington Post(The Post,WaPo,TWP)",The_Washington_Post,0190-8286;washingtonpost.com,reliable,Generally reliable,Most editors considerThe Washington Postgenerally reliable. Some editors note thatWP:NEWSBLOGshould be used to evaluate blog posts onThe Washington Post's website.,domain washingtonpost.com matches reliable domain from file raw_wikipedia_perennial_sources.csv
mining,slanted,mercury pollution gold mining,2,8,https://theconversation.com/gold-rush-mercury-legacy-small-scale-mining-for-gold-has-produced-long-lasting-toxic-pollution-from-1860s-california-to-modern-peru-133324,theconversation.com,"Gold rush, mercury legacy: Small-scale mining for gold has ...",2026-05-09 20:33:21,The Conversation,The_Conversation_(website),theconversation.com;2201-5639,reliable,Generally reliable,The Conversationpublishes articles from academics who aresubject-matter experts. It is generally reliable for subjects in the authors'areas of expertise. Opinions published inThe Conversationshould be handled withWP:RSOPINION.,domain theconversation.com matches reliable domain from file raw_wikipedia_perennial_sources.csv
mining,slanted,mercury pollution gold mining,3,9,https://www.bbc.com/news/magazine-24127661,bbc.com,How mercury poisons gold miners and enters the food chain,2026-05-09 20:33:35,BBC(British Broadcasting Corporation),BBC,bbc.com,reliable,Generally reliable,"BBC is a Britishpublicly funded broadcaster. It is considered generally reliable. This includesBBC News, BBC documentaries, and the BBC History site (onBBC Online). However, this excludes BBC projects that incorporateuser-generated content(such ash2g2and theBBC Domesday Project) and BBC publications with reduced editorial oversight (such asCollective).Statements of opinionshould conform to the corresponding guideline.",domain bbc.com matches reliable domain from file raw_wikipedia_perennial_sources.csv
deforestation,slanted,deforestation climate impact,2,2,https://www.nytimes.com/2026/05/06/climate/amazon-rain-forest-deforestation-climate.html,nytimes.com,New Study Shows Risks of Amazon Deforestation. And ...,2026-05-09 20:35:21,The New York Times(NYT),The_New_York_Times,0362-4331;1553-8095;nytimes.com,reliable,Generally reliable,"There is consensus thatThe New York Timesis generally reliable.WP:RSOPINIONshould be used to evaluate opinion columns, whileWP:NEWSBLOGshould be used for the blogs onThe New York Times's website. The 2018 RfC citesWP:MEDPOPto establish that popular press sources such asThe New York Timesshould generally not be used to supportmedical claims.",domain nytimes.com matches reliable domain from file raw_wikipedia_perennial_sources.csv
deforestation,neutral,rainforest protection research,1,5,https://www.nytimes.com/2026/05/06/climate/amazon-rain-forest-deforestation-climate.html,nytimes.com,New Study Shows Risks of Amazon Deforestation. And ...,2026-05-09 20:36:00,The New York Times(NYT),The_New_York_Times,0362-4331;1553-8095;nytimes.com,reliable,Generally reliable,"There is consensus thatThe New York Timesis generally reliable.WP:RSOPINIONshould be used to evaluate opinion columns, whileWP:NEWSBLOGshould be used for the blogs onThe New York Times's website. The 2018 RfC citesWP:MEDPOPto establish that popular press sources such asThe New York Timesshould generally not be used to supportmedical claims.",domain nytimes.com matches reliable domain from file raw_wikipedia_perennial_sources.csv
deforestation,slanted,palm oil deforestation,3,8,https://www.nytimes.com/2024/03/26/climate/why-palm-oil-is-still-a-big-problem.html,nytimes.com,Why Palm Oil Is Still a Big Problem,2026-05-09 20:37:33,The New York Times(NYT),The_New_York_Times,0362-4331;1553-8095;nytimes.com,reliable,Generally reliable,"There is consensus thatThe New York Timesis generally reliable.WP:RSOPINIONshould be used to evaluate opinion columns, whileWP:NEWSBLOGshould be used for the blogs onThe New York Times's website. The 2018 RfC citesWP:MEDPOPto establish that popular press sources such asThe New York Timesshould generally not be used to supportmedical claims.",domain nytimes.com matches reliable domain from file raw_wikipedia_perennial_sources.csv
overfishing,slanted,overfishing ocean collapse,1,7,https://theconversation.com/investigation-reveals-global-fisheries-are-in-far-worse-shape-than-we-thought-and-many-have-already-collapsed-237306,theconversation.com,Investigation reveals global fisheries are in far worse ...,2026-05-09 20:43:55,The Conversation,The_Conversation_(website),theconversation.com;2201-5639,reliable,Generally reliable,The Conversationpublishes articles from academics who aresubject-matter experts. It is generally reliable for subjects in the authors'areas of expertise. Opinions published inThe Conversationshould be handled withWP:RSOPINION.,domain theconversation.com matches reliable domain from file raw_wikipedia_perennial_sources.csv
overfishing,neutral,fisheries management research,2,9,https://theconversation.com/recreational-fishing-in-the-us-catches-far-more-fish-than-previously-estimated-276812,theconversation.com,Recreational fishing in the US catches far more fish than ...,2026-05-09 20:45:07,The Conversation,The_Conversation_(website),theconversation.com;2201-5639,reliable,Generally reliable,The Conversationpublishes articles from academics who aresubject-matter experts. It is generally reliable for subjects in the authors'areas of expertise. Opinions published inThe Conversationshould be handled withWP:RSOPINION.,domain theconversation.com matches reliable domain from file raw_wikipedia_perennial_sources.csv
overfishing,neutral,fisheries management research,3,6,https://theconversation.com/recreational-fishing-in-the-us-catches-far-more-fish-than-previously-estimated-276812,theconversation.com,Recreational fishing in the US catches far more fish than ...,2026-05-09 20:45:19,The Conversation,The_Conversation_(website),theconversation.com;2201-5639,reliable,Generally reliable,The Conversationpublishes articles from academics who aresubject-matter experts. It is generally reliable for subjects in the authors'areas of expertise. Opinions published inThe Conversationshould be handled withWP:RSOPINION.,domain theconversation.com matches reliable domain from file raw_wikipedia_perennial_sources.csv
overfishing,slanted,bycatch dolphin deaths,3,8,https://www.bbc.com/future/article/20180515-the-crime-scene-detectives-solving-dolphin-deaths,bbc.com,The crime scene investigators solving dolphin deaths,2026-05-09 20:46:05,BBC(British Broadcasting Corporation),BBC,bbc.com,reliable,Generally reliable,"BBC is a Britishpublicly funded broadcaster. It is considered generally reliable. This includesBBC News, BBC documentaries, and the BBC History site (onBBC Online). However, this excludes BBC projects that incorporateuser-generated content(such ash2g2and theBBC Domesday Project) and BBC publications with reduced editorial oversight (such asCollective).Statements of opinionshould conform to the corresponding guideline.",domain bbc.com matches reliable domain from file raw_wikipedia_perennial_sources.csv
overfishing,slanted,fish farm pollution,1,1,https://www.theguardian.com/world/2026/may/04/norwegian-fish-farms-polluting-fjords-with-waste-likened-to-raw-sewage-of-millions-of-people,theguardian.com,Norwegian fish farms polluting fjords with waste likened to ' ...,2026-05-09 20:47:07,"The Guardian(TheGuardian.com,The Manchester Guardian,The Guardian Weekly,The Observer)",The_Guardian,0261-3077;1756-3224;theguardian.com,reliable,Generally reliable,There is consensus thatThe Guardianis generally reliable.The Guardian's op-eds should be handled withWP:RSOPINION. Some editors believeThe Guardianisbiased or opinionatedfor politics.See also:The Guardian blogs.Guardian Media soldThe ObservertoTortoise Mediawith effect from 22 April 2025.,domain theguardian.com matches reliable domain from file raw_wikipedia_perennial_sources.csv
overfishing,slanted,fish farm pollution,3,3,https://theconversation.com/fish-farming-is-booming-in-lake-victoria-but-pollution-and-disease-are-wiping-out-millions-how-to-reduce-losses-266073,theconversation.com,"Fish farming is booming in Lake Victoria, but pollution and ...",2026-05-09 20:47:45,The Conversation,The_Conversation_(website),theconversation.com;2201-5639,reliable,Generally reliable,The Conversationpublishes articles from academics who aresubject-matter experts. It is generally reliable for subjects in the authors'areas of expertise. Opinions published inThe Conversationshould be handled withWP:RSOPINION.,domain theconversation.com matches reliable domain from file raw_wikipedia_perennial_sources.csv
poverty,neutral,welfare program effectiveness,1,6,https://www.npr.org/2014/11/11/363214520/study-shows-long-term-benefits-of-welfare-program,npr.org,Study Shows Long-Term Benefits Of Welfare Program,2026-05-09 20:48:11,NPR(National Public Radio),NPR,npr.org,reliable,Generally reliable,"There is consensus that NPR, an American public service broadcaster, is generally reliable for news and statements of fact. NPR'sopinion piecesshould only be used withattribution.",domain npr.org matches reliable domain from file raw_wikipedia_perennial_sources.csv
poverty,slanted,poverty traps,3,2,https://www.theatlantic.com/podcasts/archive/2025/05/the-myth-of-the-poverty-trap/682786/,theatlantic.com,The Myth of the Poverty Trap,2026-05-09 20:56:00,The Atlantic(The Atlantic Monthly),The_Atlantic,theatlantic.com;1072-7825;2151-9463,reliable,Generally reliable,"The Atlanticis considered generally reliable. Editors should beware thatThe Atlanticdoes not always clearly delineate between reporting and opinion content; opinion pieces, including all articles in the ""Ideas"" column (theatlantic.com/ideas/), are governed byWP:RSOPINION.",domain theatlantic.com matches reliable domain from file raw_wikipedia_perennial_sources.csv
education,neutral,public school data,1,8,https://www.nytimes.com/2026/05/08/upshot/public-schools-enrollment-crisis.html,nytimes.com,U.S. Schools Face a Crisis as the Number of Children Drops,2026-05-09 20:57:34,The New York Times(NYT),The_New_York_Times,0362-4331;1553-8095;nytimes.com,reliable,Generally reliable,"There is consensus thatThe New York Timesis generally reliable.WP:RSOPINIONshould be used to evaluate opinion columns, whileWP:NEWSBLOGshould be used for the blogs onThe New York Times's website. The 2018 RfC citesWP:MEDPOPto establish that popular press sources such asThe New York Timesshould generally not be used to supportmedical claims.",domain nytimes.com matches reliable domain from file raw_wikipedia_perennial_sources.csv
education,slanted,common core failures,3,4,https://www.nytimes.com/2019/12/06/us/common-core.html,nytimes.com,"After 10 Years of Hopes and Setbacks, What Happened to ...",2026-05-09 21:00:01,The New York Times(NYT),The_New_York_Times,0362-4331;1553-8095;nytimes.com,reliable,Generally reliable,"There is consensus thatThe New York Timesis generally reliable.WP:RSOPINIONshould be used to evaluate opinion columns, whileWP:NEWSBLOGshould be used for the blogs onThe New York Times's website. The 2018 RfC citesWP:MEDPOPto establish that popular press sources such asThe New York Timesshould generally not be used to supportmedical claims.",domain nytimes.com matches reliable domain from file raw_wikipedia_perennial_sources.csv
education,slanted,common core failures,3,6,https://www.washingtonpost.com/education/2021/04/05/common-core-failed-school-reform/,washingtonpost.com,Why the Common Core standards failed — and what it ...,2026-05-09 21:00:02,"The Washington Post(The Post,WaPo,TWP)",The_Washington_Post,0190-8286;washingtonpost.com,reliable,Generally reliable,Most editors considerThe Washington Postgenerally reliable. Some editors note thatWP:NEWSBLOGshould be used to evaluate blog posts onThe Washington Post's website.,domain washingtonpost.com matches reliable domain from file raw_wikipedia_perennial_sources.csv
education,slanted,school voucher controversy,3,3,https://time.com/6272666/school-voucher-programs-hurt-students/,time.com,How School Voucher Programs Hurt Students,2026-05-09 21:02:59,Time,Time_(magazine),time.com;0040-781x,reliable,Generally reliable,"There is consensus thatTimeis generally reliable.Time'smagazine blogs, including Techland, should be handled with the appropriate policy. Refer toWP:NEWSORGfor guidance onop-eds, which should only be used withattribution.",domain time.com matches reliable domain from file raw_wikipedia_perennial_sources.csv
education,slanted,school voucher controversy,3,5,https://ballotpedia.org/The_nation%27s_broadest_school_voucher_program_upheld_in_the_Indiana_Supreme_Court_amid_controversy,ballotpedia.org,The nation's broadest school voucher program upheld in ...,2026-05-09 21:03:00,Ballotpedia,Ballotpedia,ballotpedia.org,reliable,Generally reliable,"There is a consensus that Ballotpedia is generally reliable. It has a professional editorial staff, corrections policy, and significantWP:USEBYOTHERS.",domain ballotpedia.org matches reliable domain from file raw_wikipedia_perennial_sources.csv
education,slanted,school voucher controversy,3,10,https://nymag.com/intelligencer/article/texas-private-school-vouchers-josh-cowen-research.html,nymag.com,Why Texas Private-School Vouchers Are Bad for Children,2026-05-09 21:03:01,"New York(Vulture,The Cut,Grub Street,Daily Intelligencer)",New_York_(magazine),nymag.com;0028-7369,reliable,Generally reliable,"There is consensus thatNew Yorkmagazine, including its subsidiary websiteVulture, is generally reliable. There is no consensus on whether it is generally reliable for contentious statements.See also:Polygon (pre-2025),The Verge,Vox",domain nymag.com matches reliable domain from file raw_wikipedia_perennial_sources.csv
education,neutral,online learning effectiveness,1,6,https://www.nytimes.com/2023/09/08/learning/is-online-learning-effective.html,nytimes.com,Is Online Learning Effective?,2026-05-09 21:03:23,The New York Times(NYT),The_New_York_Times,0362-4331;1553-8095;nytimes.com,reliable,Generally reliable,"There is consensus thatThe New York Timesis generally reliable.WP:RSOPINIONshould be used to evaluate opinion columns, whileWP:NEWSBLOGshould be used for the blogs onThe New York Times's website. The 2018 RfC citesWP:MEDPOPto establish that popular press sources such asThe New York Timesshould generally not be used to supportmedical claims.",domain nytimes.com matches reliable domain from file raw_wikipedia_perennial_sources.csv
education,slanted,student loan debt crisis,1,7,https://www.thetimes.com/money/family-finances/article/worst-salary-with-student-loan-mz5cs8b62,thetimes.com,Why £47000 is a danger salary for a graduate with ...,2026-05-09 21:05:40,"The Times(The Times of London,The London Times,The Sunday Times)",The_Times,0140-0460;thetimes.com,reliable,Generally reliable,"The Times, including its sister paperThe Sunday Times, is considered generally reliable.",domain thetimes.com matches reliable domain from file raw_wikipedia_perennial_sources.csv
education,slanted,student loan debt crisis,2,4,https://www.npr.org/2026/02/10/nx-s1-5690186/student-loan-default-repayment,npr.org,"Student loan defaults are up, as borrowers fail to make ...",2026-05-09 21:05:53,NPR(National Public Radio),NPR,npr.org,reliable,Generally reliable,"There is consensus that NPR, an American public service broadcaster, is generally reliable for news and statements of fact. NPR'sopinion piecesshould only be used withattribution.",domain npr.org matches reliable domain from file raw_wikipedia_perennial_sources.csv
education,slanted,student loan debt crisis,3,6,https://www.csmonitor.com/USA/Education/2026/0502/trump-student-loan-debt,csmonitor.com,Student loan payments to rise for millions,2026-05-09 21:06:08,"The Christian Science Monitor(CSM,CS Monitor)",The_Christian_Science_Monitor,0882-7729;csmonitor.com,reliable,Generally reliable,The Christian Science Monitoris considered generally reliable for news.,domain csmonitor.com matches reliable domain from file raw_wikipedia_perennial_sources.csv
healthcare,slanted,medicare for all costs,1,5,https://www.npr.org/2019/11/01/775339519/heres-how-warren-finds-20-5-trillion-to-pay-for-medicare-for-all,npr.org,Here's How Warren Finds $20.5 Trillion To Pay For ' ...,2026-05-09 21:07:20,NPR(National Public Radio),NPR,npr.org,reliable,Generally reliable,"There is consensus that NPR, an American public service broadcaster, is generally reliable for news and statements of fact. NPR'sopinion piecesshould only be used withattribution.",domain npr.org matches reliable domain from file raw_wikipedia_perennial_sources.csv
healthcare,slanted,medicare for all costs,3,5,https://www.nytimes.com/interactive/2019/04/10/upshot/medicare-for-all-bernie-sanders-cost-estimates.html,nytimes.com,Would 'Medicare for All' Save Billions or Cost Billions?,2026-05-09 21:07:54,The New York Times(NYT),The_New_York_Times,0362-4331;1553-8095;nytimes.com,reliable,Generally reliable,"There is consensus thatThe New York Timesis generally reliable.WP:RSOPINIONshould be used to evaluate opinion columns, whileWP:NEWSBLOGshould be used for the blogs onThe New York Times's website. The 2018 RfC citesWP:MEDPOPto establish that popular press sources such asThe New York Timesshould generally not be used to supportmedical claims.",domain nytimes.com matches reliable domain from file raw_wikipedia_perennial_sources.csv
healthcare,slanted,medicare for all costs,3,8,https://thehill.com/policy/healthcare/465894-new-study-full-scale-medicare-for-all-costs-32-trillion-over-10-years/,thehill.com,New study: Full-scale 'Medicare for All' costs $32 trillion ...,2026-05-09 21:07:55,The Hill,The_Hill_(newspaper),1521-1568;thehill.com,reliable,Generally reliable,"The Hillis considered generally reliable for American politics. The publication'sopinion piecesshould be handled with the appropriate guideline. The publication'scontributorpieces, labeled in theirbylines, receive minimal editorial oversight and should be treated as equivalent toself-published sources. Some editors have expressed concerns about the reliability ofRising, a talk show produced byThe Hill.",domain thehill.com matches reliable domain from file raw_wikipedia_perennial_sources.csv
healthcare,slanted,medicare for all costs,3,10,https://time.com/5586744/medicare-for-all-history/,time.com,Medicare for All's Surprising Origins in Health Care,2026-05-09 21:07:56,Time,Time_(magazine),time.com;0040-781x,reliable,Generally reliable,"There is consensus thatTimeis generally reliable.Time'smagazine blogs, including Techland, should be handled with the appropriate policy. Refer toWP:NEWSORGfor guidance onop-eds, which should only be used withattribution.",domain time.com matches reliable domain from file raw_wikipedia_perennial_sources.csv
healthcare,slanted,obamacare failures,1,7,https://thehill.com/opinion/columnists/5542167-obamacare-death-spiral-subsidies/,thehill.com,What Democrats never understood about ObamaCare,2026-05-09 21:09:15,The Hill,The_Hill_(newspaper),1521-1568;thehill.com,reliable,Generally reliable,"The Hillis considered generally reliable for American politics. The publication'sopinion piecesshould be handled with the appropriate guideline. The publication'scontributorpieces, labeled in theirbylines, receive minimal editorial oversight and should be treated as equivalent toself-published sources. Some editors have expressed concerns about the reliability ofRising, a talk show produced byThe Hill.",domain thehill.com matches reliable domain from file raw_wikipedia_perennial_sources.csv
healthcare,slanted,obamacare failures,2,6,https://www.nytimes.com/2026/05/01/business/obamacare-enrollment-decline.html,nytimes.com,Obamacare Enrollment Drops Sharply as Costs Rise,2026-05-09 21:09:29,The New York Times(NYT),The_New_York_Times,0362-4331;1553-8095;nytimes.com,reliable,Generally reliable,"There is consensus thatThe New York Timesis generally reliable.WP:RSOPINIONshould be used to evaluate opinion columns, whileWP:NEWSBLOGshould be used for the blogs onThe New York Times's website. The 2018 RfC citesWP:MEDPOPto establish that popular press sources such asThe New York Timesshould generally not be used to supportmedical claims.",domain nytimes.com matches reliable domain from file raw_wikipedia_perennial_sources.csv
healthcare,slanted,obamacare failures,3,2,https://reason.com/2025/10/01/democrats-shut-down-the-government-to-obscure-obamacares-failures/,reason.com,Democrats shut down the government to obscure ...,2026-05-09 21:09:42,Reason,Reason_(magazine),reason.com;0048-6906,reliable,Generally reliable,"There is consensus thatReasonis generally reliable for news and facts. Editors considerReasonto be abiased or opinionated sourcethat primarily publishes commentary, analysis, and opinion articles.Statements of opinionshould beattributedand evaluated fordue weight.",domain reason.com matches reliable domain from file raw_wikipedia_perennial_sources.csv
cloning,slanted,human cloning ethics,3,8,http://www.nytimes.com/books/first/k/kass-cloning.html,nytimes.com,The Ethics of Human Cloning,2026-05-09 21:13:48,The New York Times(NYT),The_New_York_Times,0362-4331;1553-8095;nytimes.com,reliable,Generally reliable,"There is consensus thatThe New York Timesis generally reliable.WP:RSOPINIONshould be used to evaluate opinion columns, whileWP:NEWSBLOGshould be used for the blogs onThe New York Times's website. The 2018 RfC citesWP:MEDPOPto establish that popular press sources such asThe New York Timesshould generally not be used to supportmedical claims.",domain nytimes.com matches reliable domain from file raw_wikipedia_perennial_sources.csv
cloning,slanted,therapeutic cloning debate,1,5,https://theconversation.com/dolly-the-sheep-and-the-human-cloning-debate-twenty-years-later-63712,theconversation.com,Dolly the Sheep and the human cloning debate,2026-05-09 21:15:01,The Conversation,The_Conversation_(website),theconversation.com;2201-5639,reliable,Generally reliable,The Conversationpublishes articles from academics who aresubject-matter experts. It is generally reliable for subjects in the authors'areas of expertise. Opinions published inThe Conversationshould be handled withWP:RSOPINION.,domain theconversation.com matches reliable domain from file raw_wikipedia_perennial_sources.csv
cloning,slanted,clone farming,2,4,https://www.reuters.com/article/lifestyle/science/welcome-to-the-clone-farm-idUSTRE5AC07V/,reuters.com,Welcome to the Clone Farm,2026-05-09 21:19:18,Reuters,Reuters,reuters.com,reliable,Generally reliable,Reuters is anews agency. There is consensus that Reuters is generally reliable.Syndicatedreports from Reuters that are published in other sources are also considered generally reliable.Press releasespublished by Reuters are not automatically reliable.,domain reuters.com matches reliable domain from file raw_wikipedia_perennial_sources.csv
cloning,slanted,clone farming,3,7,https://www.theatlantic.com/magazine/archive/2025/07/animal-cloning-industry/682892/,theatlantic.com,"Inside the Creepy, Surprisingly Routine Business of Animal ...",2026-05-09 21:19:35,The Atlantic(The Atlantic Monthly),The_Atlantic,theatlantic.com;1072-7825;2151-9463,reliable,Generally reliable,"The Atlanticis considered generally reliable. Editors should beware thatThe Atlanticdoes not always clearly delineate between reporting and opinion content; opinion pieces, including all articles in the ""Ideas"" column (theatlantic.com/ideas/), are governed byWP:RSOPINION.",domain theatlantic.com matches reliable domain from file raw_wikipedia_perennial_sources.csv
gene_editing,slanted,gene editing ethics,1,7,https://www.bbc.com/news/articles/c74j2lz88pwo,bbc.com,The great gene editing debate: can it be safe and ethical?,2026-05-09 21:22:29,BBC(British Broadcasting Corporation),BBC,bbc.com,reliable,Generally reliable,"BBC is a Britishpublicly funded broadcaster. It is considered generally reliable. This includesBBC News, BBC documentaries, and the BBC History site (onBBC Online). However, this excludes BBC projects that incorporateuser-generated content(such ash2g2and theBBC Domesday Project) and BBC publications with reduced editorial oversight (such asCollective).Statements of opinionshould conform to the corresponding guideline.",domain bbc.com matches reliable domain from file raw_wikipedia_perennial_sources.csv
gene_editing,slanted,gene editing ethics,3,5,https://theconversation.com/editing-fetal-genomes-is-on-the-horizon-a-medical-anthropologist-explains-why-ethical-discussions-with-the-target-communities-should-happen-sooner-rather-than-later-229257,theconversation.com,Editing fetal genomes is on the horizon,2026-05-09 21:22:58,The Conversation,The_Conversation_(website),theconversation.com;2201-5639,reliable,Generally reliable,The Conversationpublishes articles from academics who aresubject-matter experts. It is generally reliable for subjects in the authors'areas of expertise. Opinions published inThe Conversationshould be handled withWP:RSOPINION.,domain theconversation.com matches reliable domain from file raw_wikipedia_perennial_sources.csv
gene_editing,slanted,genetic modification dangers,1,3,https://www.bbc.com/news/articles/c74j2lz88pwo,bbc.com,The great gene editing debate: can it be safe and ethical?,2026-05-09 21:24:15,BBC(British Broadcasting Corporation),BBC,bbc.com,reliable,Generally reliable,"BBC is a Britishpublicly funded broadcaster. It is considered generally reliable. This includesBBC News, BBC documentaries, and the BBC History site (onBBC Online). However, this excludes BBC projects that incorporateuser-generated content(such ash2g2and theBBC Domesday Project) and BBC publications with reduced editorial oversight (such asCollective).Statements of opinionshould conform to the corresponding guideline.",domain bbc.com matches reliable domain from file raw_wikipedia_perennial_sources.csv
gene_editing,neutral,gene drive technology,3,7,https://www.theguardian.com/global-development/2024/dec/11/what-is-gene-drive-and-how-could-it-help-in-the-fight-against-malaria,theguardian.com,What is gene drive and how could it help in the fight ...,2026-05-09 21:26:00,"The Guardian(TheGuardian.com,The Manchester Guardian,The Guardian Weekly,The Observer)",The_Guardian,0261-3077;1756-3224;theguardian.com,reliable,Generally reliable,There is consensus thatThe Guardianis generally reliable.The Guardian's op-eds should be handled withWP:RSOPINION. Some editors believeThe Guardianisbiased or opinionatedfor politics.See also:The Guardian blogs.Guardian Media soldThe ObservertoTortoise Mediawith effect from 22 April 2025.,domain theguardian.com matches reliable domain from file raw_wikipedia_perennial_sources.csv
gene_editing,slanted,designer babies,2,2,https://www.npr.org/sections/shots-health-news/2025/08/06/nx-s1-5493448/gene-editing-human-embryos-designer-babies,npr.org,The quest to create gene-edited babies gets a reboot,2026-05-09 21:26:57,NPR(National Public Radio),NPR,npr.org,reliable,Generally reliable,"There is consensus that NPR, an American public service broadcaster, is generally reliable for news and statements of fact. NPR'sopinion piecesshould only be used withattribution.",domain npr.org matches reliable domain from file raw_wikipedia_perennial_sources.csv
gene_editing,slanted,designer babies,3,3,https://www.theguardian.com/science/2017/jan/08/designer-babies-ethical-horror-waiting-to-happen,theguardian.com,Designer babies: an ethical horror waiting to happen?,2026-05-09 21:27:22,"The Guardian(TheGuardian.com,The Manchester Guardian,The Guardian Weekly,The Observer)",The_Guardian,0261-3077;1756-3224;theguardian.com,reliable,Generally reliable,There is consensus thatThe Guardianis generally reliable.The Guardian's op-eds should be handled withWP:RSOPINION. Some editors believeThe Guardianisbiased or opinionatedfor politics.See also:The Guardian blogs.Guardian Media soldThe ObservertoTortoise Mediawith effect from 22 April 2025.,domain theguardian.com matches reliable domain from file raw_wikipedia_perennial_sources.csv
gene_editing,slanted,designer babies,3,5,https://www.bbc.com/news/health-30742774,bbc.com,"'Designer babies' debate should start, scientists say",2026-05-09 21:27:22,BBC(British Broadcasting Corporation),BBC,bbc.com,reliable,Generally reliable,"BBC is a Britishpublicly funded broadcaster. It is considered generally reliable. This includesBBC News, BBC documentaries, and the BBC History site (onBBC Online). However, this excludes BBC projects that incorporateuser-generated content(such ash2g2and theBBC Domesday Project) and BBC publications with reduced editorial oversight (such asCollective).Statements of opinionshould conform to the corresponding guideline.",domain bbc.com matches reliable domain from file raw_wikipedia_perennial_sources.csv
gene_editing,slanted,designer babies,3,9,https://time.com/archive/6734369/designer-babies/,time.com,Designer Babies,2026-05-09 21:27:24,Time,Time_(magazine),time.com;0040-781x,reliable,Generally reliable,"There is consensus thatTimeis generally reliable.Time'smagazine blogs, including Techland, should be handled with the appropriate policy. Refer toWP:NEWSORGfor guidance onop-eds, which should only be used withattribution.",domain time.com matches reliable domain from file raw_wikipedia_perennial_sources.csv
cybersecurity,slanted,government backdoors,3,9,https://www.theglobeandmail.com/politics/article-us-congress-lawful-access-bill-c-22-hackers/,theglobeandmail.com,U.S. Congress warns Ottawa's lawful-access bill could ...,2026-05-09 21:29:31,The Globe and Mail,The_Globe_and_Mail,0319-0714;theglobeandmail.com,reliable,Generally reliable,"In a 2021 RfC, editors found a strong consensus thatThe Globe and Mailis generally reliable for news coverage and is considered anewspaper of record.",domain theglobeandmail.com matches reliable domain from file raw_wikipedia_perennial_sources.csv
social_credit,neutral,citizen scoring research,2,7,https://time.com/collections/davos-2019/5502592/china-social-credit-score/,time.com,How China Is Using Big Data to Create a Social Credit Score,2026-05-09 21:36:37,Time,Time_(magazine),time.com;0040-781x,reliable,Generally reliable,"There is consensus thatTimeis generally reliable.Time'smagazine blogs, including Techland, should be handled with the appropriate policy. Refer toWP:NEWSORGfor guidance onop-eds, which should only be used withattribution.",domain time.com matches reliable domain from file raw_wikipedia_perennial_sources.csv
social_credit,slanted,government surveillance,1,3,https://theconversation.com/us-government-ramps-up-mass-surveillance-with-help-of-ai-tech-data-brokers-and-your-apps-and-devices-277440,theconversation.com,US government ramps up mass surveillance with help of AI ...,2026-05-09 21:37:14,The Conversation,The_Conversation_(website),theconversation.com;2201-5639,reliable,Generally reliable,The Conversationpublishes articles from academics who aresubject-matter experts. It is generally reliable for subjects in the authors'areas of expertise. Opinions published inThe Conversationshould be handled withWP:RSOPINION.,domain theconversation.com matches reliable domain from file raw_wikipedia_perennial_sources.csv
social_credit,slanted,government surveillance,2,5,https://www.theguardian.com/technology/2026/mar/21/fbi-mass-surveillance-data-artificial-intelligence,theguardian.com,How the FBI can conduct mass surveillance – even without AI,2026-05-09 21:37:32,"The Guardian(TheGuardian.com,The Manchester Guardian,The Guardian Weekly,The Observer)",The_Guardian,0261-3077;1756-3224;theguardian.com,reliable,Generally reliable,There is consensus thatThe Guardianis generally reliable.The Guardian's op-eds should be handled withWP:RSOPINION. Some editors believeThe Guardianisbiased or opinionatedfor politics.See also:The Guardian blogs.Guardian Media soldThe ObservertoTortoise Mediawith effect from 22 April 2025.,domain theguardian.com matches reliable domain from file raw_wikipedia_perennial_sources.csv
social_credit,neutral,trustworthiness rating,3,5,https://www.bbc.com/news/technology-45257894,bbc.com,Facebook gives users trustworthiness score,2026-05-09 21:38:44,BBC(British Broadcasting Corporation),BBC,bbc.com,reliable,Generally reliable,"BBC is a Britishpublicly funded broadcaster. It is considered generally reliable. This includesBBC News, BBC documentaries, and the BBC History site (onBBC Online). However, this excludes BBC projects that incorporateuser-generated content(such ash2g2and theBBC Domesday Project) and BBC publications with reduced editorial oversight (such asCollective).Statements of opinionshould conform to the corresponding guideline.",domain bbc.com matches reliable domain from file raw_wikipedia_perennial_sources.csv
quantum_computing,slanted,quantum decryption threat,1,2,https://www.theguardian.com/technology/2026/mar/26/google-quantum-computers-crack-encryption-2029,theguardian.com,Google warns quantum computers could hack encrypted ...,2026-05-09 21:42:52,"The Guardian(TheGuardian.com,The Manchester Guardian,The Guardian Weekly,The Observer)",The_Guardian,0261-3077;1756-3224;theguardian.com,reliable,Generally reliable,There is consensus thatThe Guardianis generally reliable.The Guardian's op-eds should be handled withWP:RSOPINION. Some editors believeThe Guardianisbiased or opinionatedfor politics.See also:The Guardian blogs.Guardian Media soldThe ObservertoTortoise Mediawith effect from 22 April 2025.,domain theguardian.com matches reliable domain from file raw_wikipedia_perennial_sources.csv
quantum_computing,slanted,quantum computer hacking,1,2,https://www.theguardian.com/technology/2026/mar/26/google-quantum-computers-crack-encryption-2029,theguardian.com,Google warns quantum computers could hack encrypted ...,2026-05-09 21:46:03,"The Guardian(TheGuardian.com,The Manchester Guardian,The Guardian Weekly,The Observer)",The_Guardian,0261-3077;1756-3224;theguardian.com,reliable,Generally reliable,There is consensus thatThe Guardianis generally reliable.The Guardian's op-eds should be handled withWP:RSOPINION. Some editors believeThe Guardianisbiased or opinionatedfor politics.See also:The Guardian blogs.Guardian Media soldThe ObservertoTortoise Mediawith effect from 22 April 2025.,domain theguardian.com matches reliable domain from file raw_wikipedia_perennial_sources.csv
quantum_computing,slanted,quantum computer hacking,3,3,https://theconversation.com/quantum-computers-could-crack-the-security-codes-used-by-satellites-256167,theconversation.com,Quantum computers could crack the security codes used ...,2026-05-09 21:46:46,The Conversation,The_Conversation_(website),theconversation.com;2201-5639,reliable,Generally reliable,The Conversationpublishes articles from academics who aresubject-matter experts. It is generally reliable for subjects in the authors'areas of expertise. Opinions published inThe Conversationshould be handled withWP:RSOPINION.,domain theconversation.com matches reliable domain from file raw_wikipedia_perennial_sources.csv
quantum_computing,slanted,quantum supremacy,2,4,https://www.rottentomatoes.com/m/quantum_supremacy,rottentomatoes.com,Quantum Supremacy,2026-05-09 21:48:25,Rotten Tomatoes,Rotten_Tomatoes,rottentomatoes.com,reliable,Generally reliable,"Rotten Tomatoes is considered generally reliable for its review aggregation and its news articles on film and TV. There is no consensus on whether its blog articles and critic opinion pages are generally reliable for facts. There is consensus that user reviews on Rotten Tomatoes are generally unreliable, as they areself-published sources. Reviewers tracked by Rotten Tomatoes are not automatically reliable for their reviews, while there is no consensus on whether their ""Top Critics"" are generally reliable. There is consensus that Rotten Tomatoes should not be used for biographical information, cast and crew data, or other film and television data, as it is sourced from user-generated and user-provided content with a lack of oversight and verification.",domain rottentomatoes.com matches reliable domain from file raw_wikipedia_perennial_sources.csv
space_exploration,slanted,space junk,1,7,https://www.space.com/space-exploration/satellites/solar-activity-space-junk-crash-earth-faster,space.com,Solar activity makes space junk crash to Earth faster,2026-05-09 21:50:26,Space.com,Space.com,space.com,reliable,Generally reliable,"Space.com may be reliable for astronomy and spaceflight news, and has a reputation for being generally accurate. Space.com articles often have a sensational tone, which might degrade their quality, so it is necessary to check the author's qualification below the article. Care should also be taken as the site publishes a lot of syndicated material and is prone to occasionalchurnalism.",domain space.com matches reliable domain from file raw_wikipedia_perennial_sources.csv
space_exploration,slanted,space junk,3,1,https://time.com/article/2026/04/16/space-debris-satellites-growing-risk/,time.com,The Looming Risk of Too Many Satellites and Debris in ...,2026-05-09 21:50:53,Time,Time_(magazine),time.com;0040-781x,reliable,Generally reliable,"There is consensus thatTimeis generally reliable.Time'smagazine blogs, including Techland, should be handled with the appropriate policy. Refer toWP:NEWSORGfor guidance onop-eds, which should only be used withattribution.",domain time.com matches reliable domain from file raw_wikipedia_perennial_sources.csv
space_exploration,neutral,mars colonization,2,7,https://www.reuters.com/sustainability/boards-policy-regulation/musk-wanted-80-billion-colonize-mars-openai-president-testifies-trial-2026-05-05/,reuters.com,"Musk wanted $80 billion to colonize Mars, OpenAI ...",2026-05-09 21:52:16,Reuters,Reuters,reuters.com,reliable,Generally reliable,Reuters is anews agency. There is consensus that Reuters is generally reliable.Syndicatedreports from Reuters that are published in other sources are also considered generally reliable.Press releasespublished by Reuters are not automatically reliable.,domain reuters.com matches reliable domain from file raw_wikipedia_perennial_sources.csv
space_exploration,neutral,mars colonization,3,8,https://www.bbc.com/future/article/20141030-five-steps-to-colonising-mars,bbc.com,Five steps to colonising Mars,2026-05-09 21:52:25,BBC(British Broadcasting Corporation),BBC,bbc.com,reliable,Generally reliable,"BBC is a Britishpublicly funded broadcaster. It is considered generally reliable. This includesBBC News, BBC documentaries, and the BBC History site (onBBC Online). However, this excludes BBC projects that incorporateuser-generated content(such ash2g2and theBBC Domesday Project) and BBC publications with reduced editorial oversight (such asCollective).Statements of opinionshould conform to the corresponding guideline.",domain bbc.com matches reliable domain from file raw_wikipedia_perennial_sources.csv
space_exploration,slanted,space tourism risks,1,1,https://theconversation.com/space-tourists-and-crew-suffer-high-radiation-risks-regulation-is-needed-to-protect-them-225693,theconversation.com,Space tourists and crew suffer high radiation risks,2026-05-09 21:52:38,The Conversation,The_Conversation_(website),theconversation.com;2201-5639,reliable,Generally reliable,The Conversationpublishes articles from academics who aresubject-matter experts. It is generally reliable for subjects in the authors'areas of expertise. Opinions published inThe Conversationshould be handled withWP:RSOPINION.,domain theconversation.com matches reliable domain from file raw_wikipedia_perennial_sources.csv
space_exploration,slanted,space tourism risks,2,10,https://www.space.com/space-tourism-pros-cons,space.com,Space tourism: What are the pros and cons?,2026-05-09 21:52:54,Space.com,Space.com,space.com,reliable,Generally reliable,"Space.com may be reliable for astronomy and spaceflight news, and has a reputation for being generally accurate. Space.com articles often have a sensational tone, which might degrade their quality, so it is necessary to check the author's qualification below the article. Care should also be taken as the site publishes a lot of syndicated material and is prone to occasionalchurnalism.",domain space.com matches reliable domain from file raw_wikipedia_perennial_sources.csv
space_exploration,neutral,international space station,1,6,https://www.space.com/16748-international-space-station.html,space.com,International Space Station — Everything you need to know,2026-05-09 21:53:53,Space.com,Space.com,space.com,reliable,Generally reliable,"Space.com may be reliable for astronomy and spaceflight news, and has a reputation for being generally accurate. Space.com articles often have a sensational tone, which might degrade their quality, so it is necessary to check the author's qualification below the article. Care should also be taken as the site publishes a lot of syndicated material and is prone to occasionalchurnalism.",domain space.com matches reliable domain from file raw_wikipedia_perennial_sources.csv
space_exploration,neutral,international space station,3,3,https://www.bbc.com/future/article/20251223-25-years-of-the-international-space-station-in-numbers,bbc.com,All you need to know about the International Space ... - BBC,2026-05-09 21:54:12,BBC(British Broadcasting Corporation),BBC,bbc.com,reliable,Generally reliable,"BBC is a Britishpublicly funded broadcaster. It is considered generally reliable. This includesBBC News, BBC documentaries, and the BBC History site (onBBC Online). However, this excludes BBC projects that incorporateuser-generated content(such ash2g2and theBBC Domesday Project) and BBC publications with reduced editorial oversight (such asCollective).Statements of opinionshould conform to the corresponding guideline.",domain bbc.com matches reliable domain from file raw_wikipedia_perennial_sources.csv
immigration,slanted,immigration threath,3,4,https://www.washingtonpost.com/national/2026/05/07/ice-homan-trump-new-york-hochul/12f08d3e-4a5d-11f1-a119-857cd2bf4fd4_story.html,washingtonpost.com,New York to restrict ICE despite threat from Trump's border ...,2026-05-09 21:57:38,"The Washington Post(The Post,WaPo,TWP)",The_Washington_Post,0190-8286;washingtonpost.com,reliable,Generally reliable,Most editors considerThe Washington Postgenerally reliable. Some editors note thatWP:NEWSBLOGshould be used to evaluate blog posts onThe Washington Post's website.,domain washingtonpost.com matches reliable domain from file raw_wikipedia_perennial_sources.csv
immigration,slanted,immigration threath,3,6,https://www.theguardian.com/australia-news/2026/may/07/morning-mail-thursday-ntwnfb,theguardian.com,Morning Mail: Coalition's 'roadmap' to slash immigration ...,2026-05-09 21:57:38,"The Guardian(TheGuardian.com,The Manchester Guardian,The Guardian Weekly,The Observer)",The_Guardian,0261-3077;1756-3224;theguardian.com,reliable,Generally reliable,There is consensus thatThe Guardianis generally reliable.The Guardian's op-eds should be handled withWP:RSOPINION. Some editors believeThe Guardianisbiased or opinionatedfor politics.See also:The Guardian blogs.Guardian Media soldThe ObservertoTortoise Mediawith effect from 22 April 2025.,domain theguardian.com matches reliable domain from file raw_wikipedia_perennial_sources.csv
immigration,neutral,poulation growth,2,9,https://www.bbc.com/news/topics/c34jj3xmn41t,bbc.com,Population growth - BBC News,2026-05-09 21:58:24,BBC(British Broadcasting Corporation),BBC,bbc.com,reliable,Generally reliable,"BBC is a Britishpublicly funded broadcaster. It is considered generally reliable. This includesBBC News, BBC documentaries, and the BBC History site (onBBC Online). However, this excludes BBC projects that incorporateuser-generated content(such ash2g2and theBBC Domesday Project) and BBC publications with reduced editorial oversight (such asCollective).Statements of opinionshould conform to the corresponding guideline.",domain bbc.com matches reliable domain from file raw_wikipedia_perennial_sources.csv
immigration,neutral,poulation growth,3,6,https://time.com/article/2026/04/30/switzerland-population-cap-immigration-referendum-european-union/,time.com,What to Know About Switzerland's Proposal to Cap Its ...,2026-05-09 21:58:32,Time,Time_(magazine),time.com;0040-781x,reliable,Generally reliable,"There is consensus thatTimeis generally reliable.Time'smagazine blogs, including Techland, should be handled with the appropriate policy. Refer toWP:NEWSORGfor guidance onop-eds, which should only be used withattribution.",domain time.com matches reliable domain from file raw_wikipedia_perennial_sources.csv
Job_security,neutral,unemployment rate data,2,9,https://www.bbc.com/news/articles/cx21664lp32o,bbc.com,US jobs data beats expectations for second month in a row,2026-05-09 22:00:15,BBC(British Broadcasting Corporation),BBC,bbc.com,reliable,Generally reliable,"BBC is a Britishpublicly funded broadcaster. It is considered generally reliable. This includesBBC News, BBC documentaries, and the BBC History site (onBBC Online). However, this excludes BBC projects that incorporateuser-generated content(such ash2g2and theBBC Domesday Project) and BBC publications with reduced editorial oversight (such asCollective).Statements of opinionshould conform to the corresponding guideline.",domain bbc.com matches reliable domain from file raw_wikipedia_perennial_sources.csv
Job_security,slanted,unemployment rise,2,2,https://www.reuters.com/world/us/us-job-growth-beats-expectations-april-unemployment-rate-steady-43-2026-05-08/,reuters.com,US economy posts second straight month of strong job ...,2026-05-09 22:01:01,Reuters,Reuters,reuters.com,reliable,Generally reliable,Reuters is anews agency. There is consensus that Reuters is generally reliable.Syndicatedreports from Reuters that are published in other sources are also considered generally reliable.Press releasespublished by Reuters are not automatically reliable.,domain reuters.com matches reliable domain from file raw_wikipedia_perennial_sources.csv
Job_security,slanted,unemployment rise,2,7,https://www.bbc.com/news/articles/cjd84pkkjgpo,bbc.com,Unemployment rate unexpectedly falls as fewer students ...,2026-05-09 22:01:03,BBC(British Broadcasting Corporation),BBC,bbc.com,reliable,Generally reliable,"BBC is a Britishpublicly funded broadcaster. It is considered generally reliable. This includesBBC News, BBC documentaries, and the BBC History site (onBBC Online). However, this excludes BBC projects that incorporateuser-generated content(such ash2g2and theBBC Domesday Project) and BBC publications with reduced editorial oversight (such asCollective).Statements of opinionshould conform to the corresponding guideline.",domain bbc.com matches reliable domain from file raw_wikipedia_perennial_sources.csv
Job_security,slanted,unemployment rise,2,8,https://www.theguardian.com/society/2026/mar/03/obr-raises-uk-unemployment-estimates-amid-worrying-increase-in-young-people-out-of-work,theguardian.com,Unemployment set to hit 5.3% this year amid 'worrying' rise ...,2026-05-09 22:01:03,"The Guardian(TheGuardian.com,The Manchester Guardian,The Guardian Weekly,The Observer)",The_Guardian,0261-3077;1756-3224;theguardian.com,reliable,Generally reliable,There is consensus thatThe Guardianis generally reliable.The Guardian's op-eds should be handled withWP:RSOPINION. Some editors believeThe Guardianisbiased or opinionatedfor politics.See also:The Guardian blogs.Guardian Media soldThe ObservertoTortoise Mediawith effect from 22 April 2025.,domain theguardian.com matches reliable domain from file raw_wikipedia_perennial_sources.csv
Job_security,slanted,unemployment rise,3,1,https://www.wsj.com/economy/jobs/canada-unemployment-rate-rises-to-six-month-high-in-april-b15eec6c,wsj.com,Canada Unemployment Rate Rises to Six-Month High in ...,2026-05-09 22:01:09,The Wall Street Journal(WSJ),The_Wall_Street_Journal,0099-9660;1042-9840;wsj.com,reliable,Generally reliable,"Most editors considerThe Wall Street Journalgenerally reliable for news. UseWP:NEWSBLOGto evaluate the newspaper's blogs, including Washington Wire. UseWP:RSOPINIONfor opinion pieces.",domain wsj.com matches reliable domain from file raw_wikipedia_perennial_sources.csv
Job_security,slanted,unemployment rise,3,8,https://time.com/7341141/unemployment-report-trump-economy/,time.com,Unemployment Rises to Four-Year High in the U.S.,2026-05-09 22:01:11,Time,Time_(magazine),time.com;0040-781x,reliable,Generally reliable,"There is consensus thatTimeis generally reliable.Time'smagazine blogs, including Techland, should be handled with the appropriate policy. Refer toWP:NEWSORGfor guidance onop-eds, which should only be used withattribution.",domain time.com matches reliable domain from file raw_wikipedia_perennial_sources.csv
Job_security,neutral,unemployment projection related to Ai data,2,10,https://www.theatlantic.com/economy/2026/04/job-market-artificial-intelligence/686659/,theatlantic.com,"Young People Are Falling Behind, but Not Because of AI",2026-05-09 22:01:43,The Atlantic(The Atlantic Monthly),The_Atlantic,theatlantic.com;1072-7825;2151-9463,reliable,Generally reliable,"The Atlanticis considered generally reliable. Editors should beware thatThe Atlanticdoes not always clearly delineate between reporting and opinion content; opinion pieces, including all articles in the ""Ideas"" column (theatlantic.com/ideas/), are governed byWP:RSOPINION.",domain theatlantic.com matches reliable domain from file raw_wikipedia_perennial_sources.csv
Job_security,neutral,unemployment projection related to Ai data,3,1,https://theconversation.com/employment-data-shows-the-early-signs-of-ai-job-disruption-are-already-here-280273,theconversation.com,Employment data shows the early signs of AI job disruption ...,2026-05-09 22:01:50,The Conversation,The_Conversation_(website),theconversation.com;2201-5639,reliable,Generally reliable,The Conversationpublishes articles from academics who aresubject-matter experts. It is generally reliable for subjects in the authors'areas of expertise. Opinions published inThe Conversationshould be handled withWP:RSOPINION.,domain theconversation.com matches reliable domain from file raw_wikipedia_perennial_sources.csv
Job_security,neutral,unemployment projection related to Ai data,3,7,https://www.wsj.com/cio-journal/tech-unemployment-ticks-up-to-3-8-in-april-amid-ai-driven-layoffs-214b0ca4,wsj.com,Tech Unemployment Ticks Up to 3.8% in April Amid AI- ...,2026-05-09 22:01:52,The Wall Street Journal(WSJ),The_Wall_Street_Journal,0099-9660;1042-9840;wsj.com,reliable,Generally reliable,"Most editors considerThe Wall Street Journalgenerally reliable for news. UseWP:NEWSBLOGto evaluate the newspaper's blogs, including Washington Wire. UseWP:RSOPINIONfor opinion pieces.",domain wsj.com matches reliable domain from file raw_wikipedia_perennial_sources.csv
Job_security,slanted,Ai taking over jobs,2,4,https://www.theguardian.com/technology/2026/feb/11/big-ai-job-swap-white-collar-workers-ditching-their-careers,theguardian.com,The big AI job swap: why white-collar workers are ditching ...,2026-05-09 22:02:32,"The Guardian(TheGuardian.com,The Manchester Guardian,The Guardian Weekly,The Observer)",The_Guardian,0261-3077;1756-3224;theguardian.com,reliable,Generally reliable,There is consensus thatThe Guardianis generally reliable.The Guardian's op-eds should be handled withWP:RSOPINION. Some editors believeThe Guardianisbiased or opinionatedfor politics.See also:The Guardian blogs.Guardian Media soldThe ObservertoTortoise Mediawith effect from 22 April 2025.,domain theguardian.com matches reliable domain from file raw_wikipedia_perennial_sources.csv
Job_security,slanted,Ai taking over jobs,2,6,https://theconversation.com/fears-about-ai-taking-our-jobs-are-understandable-but-harmful-276245,theconversation.com,Fears about AI taking our jobs are understandable,2026-05-09 22:02:32,The Conversation,The_Conversation_(website),theconversation.com;2201-5639,reliable,Generally reliable,The Conversationpublishes articles from academics who aresubject-matter experts. It is generally reliable for subjects in the authors'areas of expertise. Opinions published inThe Conversationshould be handled withWP:RSOPINION.,domain theconversation.com matches reliable domain from file raw_wikipedia_perennial_sources.csv
vaccines,neutral,vaccine information,2,9,https://www.chop.edu/vaccine-education-center,chop.edu,Vaccine Education Center,2026-05-09 15:40:58,reliable,"domain chop.edu has .edu or .ac, indicating an academic institution"
vaccines,slanted,vaccine dangers,2,5,https://www.chop.edu/sites/default/files/2024-10/vaccine-education-center-vaccine-safety-eng.pdf,chop.edu,Vaccine Safety and Your Family,2026-05-09 15:41:41,reliable,"domain chop.edu has .edu or .ac, indicating an academic institution"
vaccines,slanted,vaccine dangers,3,4,https://www.vaccinesafety.edu/do-combination-vaccines-or-simultaneous-vaccination-increase-the-risk-of-adverse-events/,vaccinesafety.edu,Do Combination Vaccines or Simultaneous ...,2026-05-09 15:41:50,reliable,"domain vaccinesafety.edu has .edu or .ac, indicating an academic institution"
vaccines,neutral,vaccine facts,1,7,https://www.chop.edu/sites/default/files/vaccine-education-center-vaccines-fact.pdf,chop.edu,The Facts about Vaccine Safety: What You Should Know,2026-05-09 15:43:29,reliable,"domain chop.edu has .edu or .ac, indicating an academic institution"
vaccines,neutral,vaccine facts,2,9,https://www.canr.msu.edu/vaccineeducation/Vaccine-Facts-and-Resources,canr.msu.edu,Vaccine Facts and Resources,2026-05-09 15:43:41,reliable,"domain canr.msu.edu has .edu or .ac, indicating an academic institution"
vaccines,neutral,childhood vaccination benefits,2,1,https://ysph.yale.edu/research/information-sheets/childhood-vaccinations/,ysph.yale.edu,Childhood Vaccinations Information Sheet,2026-05-09 15:44:51,reliable,"domain ysph.yale.edu has .edu or .ac, indicating an academic institution"
vaccines,neutral,childhood vaccination benefits,3,5,https://publichealth.jhu.edu/2025/understanding-childrens-vaccines,publichealth.jhu.edu,Understanding Children's Vaccines |,2026-05-09 15:45:02,reliable,"domain publichealth.jhu.edu has .edu or .ac, indicating an academic institution"
vaccines,slanted,childhood vaccination risks,1,9,https://www.chop.edu/sites/default/files/2024-10/vaccine-education-center-vaccine-safety-eng.pdf,chop.edu,Vaccine Safety and Your Family,2026-05-09 15:47:10,reliable,"domain chop.edu has .edu or .ac, indicating an academic institution"
vaccines,slanted,childhood vaccination risks,2,4,https://med.stanford.edu/news/insights/2025/12/childhood-vaccines--five-things-parents-should-know.html,med.stanford.edu,Childhood vaccines: Five things parents should know,2026-05-09 15:47:19,reliable,"domain med.stanford.edu has .edu or .ac, indicating an academic institution"
vaccines,slanted,childhood vaccination risks,3,2,https://www.vaccinesafety.edu/do-combination-vaccines-or-simultaneous-vaccination-increase-the-risk-of-adverse-events/,vaccinesafety.edu,Do Combination Vaccines or Simultaneous ...,2026-05-09 15:47:27,reliable,"domain vaccinesafety.edu has .edu or .ac, indicating an academic institution"
vaccines,slanted,childhood vaccination risks,3,7,https://ysph.yale.edu/research/information-sheets/childhood-vaccinations/,ysph.yale.edu,Childhood Vaccinations Information Sheet,2026-05-09 15:47:29,reliable,"domain ysph.yale.edu has .edu or .ac, indicating an academic institution"
vaccines,neutral,flu shot effectiveness,1,4,https://hsph.harvard.edu/news/flu-shot-more-than-good-enough-says-expert/,hsph.harvard.edu,"Flu shot 'more than good enough,' says expert",2026-05-09 15:47:59,reliable,"domain hsph.harvard.edu has .edu or .ac, indicating an academic institution"
vaccines,neutral,flu shot effectiveness,2,3,https://www.cidrap.umn.edu/influenza-vaccines/flu-vaccine-efficacy-41-overall-and-26-older-adults-2023-24-estimates,cidrap.umn.edu,Flu vaccine efficacy 41% overall and 26% in older adults ...,2026-05-09 15:48:10,reliable,"domain cidrap.umn.edu has .edu or .ac, indicating an academic institution"
vaccines,slanted,flu shot side effects,3,2,https://health.ucsd.edu/news/features/flu-shots-what-to-know-before-you-roll-up-your-sleeve/,health.ucsd.edu,Flu Shots: What to Know Before You Roll Up Your Sleeve,2026-05-09 15:49:02,reliable,"domain health.ucsd.edu has .edu or .ac, indicating an academic institution"
vaccines,neutral,hpv vaccine effects,3,8,https://www.cidrap.umn.edu/human-papillomavirus-hpv/evidence-review-finds-hpv-vaccines-be-safe-extremely-effective,cidrap.umn.edu,"Evidence review finds HPV vaccines to be safe, extremely ...",2026-05-09 15:49:53,reliable,"domain cidrap.umn.edu has .edu or .ac, indicating an academic institution"
vaccines,slanted,hpv vaccine dangers,3,8,https://www.cidrap.umn.edu/human-papillomavirus-hpv/evidence-review-finds-hpv-vaccines-be-safe-extremely-effective,cidrap.umn.edu,"Evidence review finds HPV vaccines to be safe, extremely ...",2026-05-09 15:51:15,reliable,"domain cidrap.umn.edu has .edu or .ac, indicating an academic institution"
vaccine_passports,slanted,immunity passport discrimination,1,7,https://publications.lawschool.cornell.edu/jlpp/2021/03/19/immunity-passports-a-silver-bullet-or-a-security-blanket/,publications.lawschool.cornell.edu,Immunity Passports: A Silver Bullet or a Security Blanket?,2026-05-09 15:52:23,reliable,"domain publications.lawschool.cornell.edu has .edu or .ac, indicating an academic institution"
vaccine_passports,slanted,immunity passport discrimination,2,1,https://www.bu.edu/articles/2021/vaccine-passports-covid-19-protection-or-discrimination/,bu.edu,“Vaccine Passports”: COVID-19 Protection or ...,2026-05-09 15:52:36,reliable,"domain bu.edu has .edu or .ac, indicating an academic institution"
vaccine_passports,slanted,digital health pass privacy,3,3,https://bioethics.jhu.edu/wp-content/uploads/2021/10/jama_gostin_2021_vp_210047_1621281373.26705-2.pdf,bioethics.jhu.edu,Digital Health Passes in the Age of COVID-19: Are “Vaccine ...,2026-05-09 15:53:59,reliable,"domain bioethics.jhu.edu has .edu or .ac, indicating an academic institution"
covid19,neutral,COVID-19 vaccine efficacy,1,6,https://www.cidrap.umn.edu/covid-19/cidrap-op-ed-vaccine-effectiveness-and-safety-what-numbers-truly-mean-2025,cidrap.umn.edu,CIDRAP Op-Ed: Vaccine effectiveness and safety,2026-05-09 15:57:03,reliable,"domain cidrap.umn.edu has .edu or .ac, indicating an academic institution"
covid19,neutral,COVID-19 vaccine efficacy,3,6,https://sph.unc.edu/sph-news/new-2025-data-shows-covid-19-vaccines-provide-effective-durable-protection/,sph.unc.edu,New 2025 data shows COVID-19 vaccines provide ...,2026-05-09 15:57:24,reliable,"domain sph.unc.edu has .edu or .ac, indicating an academic institution"
covid19,neutral,coronavirus pandemic origin,2,1,https://www.bu.edu/neidl/2021/01/where-did-covid-19-come-from/,bu.edu,Where did COVID-19 come from?,2026-05-09 15:58:36,reliable,"domain bu.edu has .edu or .ac, indicating an academic institution"
covid19,neutral,coronavirus pandemic origin,2,4,https://publichealth.jhu.edu/2022/origins-of-sars-cov-2,publichealth.jhu.edu,Origins of SARS-CoV-2 | Johns Hopkins,2026-05-09 15:58:38,reliable,"domain publichealth.jhu.edu has .edu or .ac, indicating an academic institution"
covid19,neutral,coronavirus pandemic origin,2,7,https://www.unmc.edu/healthsecurity/transmission/2023/04/11/what-we-know-about-the-origin-of-covid-19-and-what-remains-a-mystery/,unmc.edu,"What we know about the origin of covid-19, and what ...",2026-05-09 15:58:39,reliable,"domain unmc.edu has .edu or .ac, indicating an academic institution"
covid19,neutral,face masks effectiveness,3,9,https://www.ucsf.edu/news/2020/06/417906/still-confused-about-masks-heres-science-behind-how-face-masks-prevent,ucsf.edu,Still Confused About Masks? Here's the Science Behind ...,2026-05-09 16:00:12,reliable,"domain ucsf.edu has .edu or .ac, indicating an academic institution"
covid19,neutral,lockdown effectiveness,3,4,https://insights.som.yale.edu/insights/did-lockdown-fatigue-diminish-the-effectiveness-of-covid-19-restrictions,insights.som.yale.edu,Did 'Lockdown Fatigue' Diminish the Effectiveness of COVID ...,2026-05-09 16:01:33,reliable,"domain insights.som.yale.edu has .edu or .ac, indicating an academic institution"
covid19,slanted,lockdown harms,1,5,https://administrativestate.gmu.edu/wp-content/uploads/2021/02/Williams-Ghani-the-Unintended-Health-Consequences-of-Lockdown.pdf,administrativestate.gmu.edu,The Unintended Health Consequences of Lockdown,2026-05-09 16:01:53,reliable,"domain administrativestate.gmu.edu has .edu or .ac, indicating an academic institution"
covid19,slanted,lockdown harms,3,4,https://news.umich.edu/americans-prioritized-preventing-lockdown-harms-over-covid-19-deaths/,news.umich.edu,Americans prioritized preventing lockdown harms over COVID ...,2026-05-09 16:02:12,reliable,"domain news.umich.edu has .edu or .ac, indicating an academic institution"
climate_change,neutral,climate change evidence,1,3,https://scienceexchange.caltech.edu/topics/sustainability/evidence-climate-change,scienceexchange.caltech.edu,What Is the Evidence for Human-Caused Climate Change?,2026-05-09 16:02:33,reliable,"domain scienceexchange.caltech.edu has .edu or .ac, indicating an academic institution"
climate_change,slanted,climate change hoax,1,6,https://misinforeview.hks.harvard.edu/article/understanding-climate-change-conspiracy-beliefs-a-comparative-outlook/,misinforeview.hks.harvard.edu,Understanding climate change conspiracy beliefs,2026-05-09 16:03:39,reliable,"domain misinforeview.hks.harvard.edu has .edu or .ac, indicating an academic institution"
climate_change,slanted,climate change hoax,3,5,https://climate.law.columbia.edu/content/climate-change-described-hoax-louisiana-attorney-general-0,climate.law.columbia.edu,Climate Change Described as “Hoax” by Louisiana Attorney ...,2026-05-09 16:03:57,reliable,"domain climate.law.columbia.edu has .edu or .ac, indicating an academic institution"
climate_change,neutral,global warming science,2,8,https://press.princeton.edu/books/paperback/9780691228792/global-warming-science?srsltid=AfmBOooorGFeynVmrL2OUTSsFJDkKksENfCHg4FUJZPVEgWd0UP9qaBM,press.princeton.edu,Global Warming Science,2026-05-09 16:04:43,reliable,"domain press.princeton.edu has .edu or .ac, indicating an academic institution"
climate_change,neutral,global warming science,3,2,https://climate.envsci.rutgers.edu/robock/glwarm/housescience.html,climate.envsci.rutgers.edu,Global Warming: What is the Science,2026-05-09 16:04:50,reliable,"domain climate.envsci.rutgers.edu has .edu or .ac, indicating an academic institution"
climate_change,slanted,global warming myth,1,3,https://stephenschneider.stanford.edu/Publications/PDF_Papers/RobinsonAndRobinson.pdf,stephenschneider.stanford.edu,Science Has Spoken: Global Warming Is a Myth,2026-05-09 16:05:17,reliable,"domain stephenschneider.stanford.edu has .edu or .ac, indicating an academic institution"
climate_change,slanted,global warming myth,2,7,https://climateprimer.mit.edu/dispelling-myths/,climateprimer.mit.edu,"Dispelling Myths - Climate Science, Risk & Solutions",2026-05-09 16:05:37,reliable,"domain climateprimer.mit.edu has .edu or .ac, indicating an academic institution"
climate_change,neutral,sea level rise research,2,4,https://www.whoi.edu/ocean-learning-hub/ocean-topics/climate-weather/sea-level-rise/,whoi.edu,Sea Level Rise,2026-05-09 16:06:49,reliable,"domain whoi.edu has .edu or .ac, indicating an academic institution"
climate_change,neutral,sea level rise research,2,6,https://e360.yale.edu/features/sea-level-rise-land-subsidence,e360.yale.edu,A More Troubling Picture of Sea Level Rise Is Coming into ...,2026-05-09 16:06:49,reliable,"domain e360.yale.edu has .edu or .ac, indicating an academic institution"
climate_change,neutral,sea level rise research,3,4,https://serc.si.edu/research/research-topics/global-change/sea-level-rise,serc.si.edu,Sea-Level Rise,2026-05-09 16:06:57,reliable,"domain serc.si.edu has .edu or .ac, indicating an academic institution"
climate_change,slanted,sea level rise exaggerated,1,1,https://www.whoi.edu/ocean-learning-hub/ocean-facts/is-sea-level-rise-exaggerated/,whoi.edu,Is sea-level rise exaggerated?,2026-05-09 16:07:13,reliable,"domain whoi.edu has .edu or .ac, indicating an academic institution"
climate_change,slanted,sea level rise exaggerated,1,7,https://e360.yale.edu/features/sea-level-rise-land-subsidence,e360.yale.edu,A More Troubling Picture of Sea Level Rise Is Coming into ...,2026-05-09 16:07:17,reliable,"domain e360.yale.edu has .edu or .ac, indicating an academic institution"
climate_change,neutral,carbon emissions impact,2,7,https://css.umich.edu/publications/factsheets/sustainability-indicators/carbon-footprint-factsheet,css.umich.edu,Carbon Footprint Factsheet | Center for Sustainable Systems,2026-05-09 16:08:15,reliable,"domain css.umich.edu has .edu or .ac, indicating an academic institution"
climate_change,slanted,carbon emissions scam,1,5,https://pelr.blogs.pace.edu/2025/08/10/the-shady-side-of-carbon-credits/,pelr.blogs.pace.edu,The Shady Side of Carbon Credits,2026-05-09 16:08:42,reliable,"domain pelr.blogs.pace.edu has .edu or .ac, indicating an academic institution"
climate_change,neutral,renewable energy facts,1,8,https://www.evergladesuniversity.edu/blog/10-interesting-facts-about-renewable-energy/,evergladesuniversity.edu,10 Stunning Renewable Energy Facts,2026-05-09 16:09:37,reliable,"domain evergladesuniversity.edu has .edu or .ac, indicating an academic institution"
climate_change,neutral,renewable energy facts,2,5,https://eri.iu.edu/resources/fact-sheets/renewable-energy.html,eri.iu.edu,Renewable Energy: Fact Sheets: Resources,2026-05-09 16:09:45,reliable,"domain eri.iu.edu has .edu or .ac, indicating an academic institution"
climate_change,neutral,renewable energy facts,3,8,https://css.umich.edu/publications/factsheets/energy/us-renewable-energy-factsheet,css.umich.edu,U.S. Renewable Energy Factsheet,2026-05-09 16:09:56,reliable,"domain css.umich.edu has .edu or .ac, indicating an academic institution"
climate_change,slanted,renewable energy failures,2,2,https://iee.psu.edu/news/blog/transitioning-renewable-energy-challenges-and-opportunities,iee.psu.edu,Transitioning to renewable energy: Challenges and ...,2026-05-09 16:10:30,reliable,"domain iee.psu.edu has .edu or .ac, indicating an academic institution"
climate_change,slanted,renewable energy failures,2,3,https://digitalrepository.unm.edu/cgi/viewcontent.cgi?article=4133&context=nrj,digitalrepository.unm.edu,The Scapegoating of Renewables After Grid Failures,2026-05-09 16:10:30,reliable,"domain digitalrepository.unm.edu has .edu or .ac, indicating an academic institution"
climate_change,slanted,renewable energy failures,3,5,https://news.climate.columbia.edu/2024/10/31/how-climate-change-impacts-affect-renewable-energy/,news.climate.columbia.edu,How Climate Change Impacts Renewable Energy,2026-05-09 16:10:41,reliable,"domain news.climate.columbia.edu has .edu or .ac, indicating an academic institution"
fluoridation,neutral,water fluoridation information,1,5,https://publichealth.jhu.edu/2024/why-is-fluoride-in-our-water,publichealth.jhu.edu,Why Is Fluoride in Our Water? | Johns Hopkins,2026-05-09 16:11:01,reliable,"domain publichealth.jhu.edu has .edu or .ac, indicating an academic institution"
fluoridation,neutral,water fluoridation information,2,3,https://ysph.yale.edu/research/information-sheets/fluoride/,ysph.yale.edu,Fluoride's Impact on Health - Yale School of Public Health,2026-05-09 16:11:11,reliable,"domain ysph.yale.edu has .edu or .ac, indicating an academic institution"
fluoridation,slanted,water fluoridation dangers,1,4,https://ysph.yale.edu/research/information-sheets/fluoride/,ysph.yale.edu,Fluoride's Impact on Health - Yale School of Public Health,2026-05-09 16:12:41,reliable,"domain ysph.yale.edu has .edu or .ac, indicating an academic institution"
fluoridation,slanted,water fluoridation dangers,3,5,https://hsph.harvard.edu/news/fluoride-childrens-health-grandjean-choi/,hsph.harvard.edu,Impact of fluoride on neurological development in children,2026-05-09 16:13:13,reliable,"domain hsph.harvard.edu has .edu or .ac, indicating an academic institution"
fluoridation,neutral,fluoride dental health,1,6,https://ysph.yale.edu/research/information-sheets/fluoride/,ysph.yale.edu,Fluoride's Impact on Health - Yale School of Public Health,2026-05-09 16:13:38,reliable,"domain ysph.yale.edu has .edu or .ac, indicating an academic institution"
fluoridation,neutral,fluoride dental health,2,1,https://healthcare.utah.edu/healthfeed/2025/01/why-fluoride-essential-your-dental-health,healthcare.utah.edu,Why Fluoride Is Essential for Your Dental Health,2026-05-09 16:13:46,reliable,"domain healthcare.utah.edu has .edu or .ac, indicating an academic institution"
fluoridation,neutral,fluoride dental health,3,7,https://www.urmc.rochester.edu/news/publications/health-matters/is-fluoride-bad-for-you,urmc.rochester.edu,Is Fluoride Bad for You? | University of Rochester Medicine,2026-05-09 16:13:59,reliable,"domain urmc.rochester.edu has .edu or .ac, indicating an academic institution"
fluoridation,slanted,fluoride toxicity,1,7,https://hsph.harvard.edu/news/fluoride-childrens-health-grandjean-choi/,hsph.harvard.edu,Impact of fluoride on neurological development in children,2026-05-09 16:14:49,reliable,"domain hsph.harvard.edu has .edu or .ac, indicating an academic institution"
fluoridation,slanted,fluoride toxicity,2,3,https://ysph.yale.edu/research/information-sheets/fluoride/,ysph.yale.edu,Fluoride's Impact on Health - Yale School of Public Health,2026-05-09 16:14:58,reliable,"domain ysph.yale.edu has .edu or .ac, indicating an academic institution"
fluoridation,slanted,fluoride toxicity,2,8,https://www.canr.msu.edu/news/fluoride_toxicity_in_plants_irrigated_with_city_water,canr.msu.edu,Fluoride toxicity in plants irrigated with city water,2026-05-09 16:15:10,reliable,"domain canr.msu.edu has .edu or .ac, indicating an academic institution"
fluoridation,neutral,community water fluoridation safety,2,5,https://english.umd.edu/research-innovation/journals/interpolations/fall-2016/assessment-community-water-fluoridation,english.umd.edu,An Assessment of Community Water Fluoridation,2026-05-09 16:15:50,reliable,"domain english.umd.edu has .edu or .ac, indicating an academic institution"
fluoridation,slanted,fluoride neurotoxicity,1,2,https://hsph.harvard.edu/news/fluoride-childrens-health-grandjean-choi/,hsph.harvard.edu,Impact of fluoride on neurological development in children,2026-05-09 16:16:16,reliable,"domain hsph.harvard.edu has .edu or .ac, indicating an academic institution"
5g,neutral,5g technology health,3,2,https://www.wtamu.edu/~cbaird/sq/2022/08/18/how-do-5g-cell-phone-signals-harm-humans/,wtamu.edu,How do 5G cell phone signals harm humans?,2026-05-09 16:17:27,reliable,"domain wtamu.edu has .edu or .ac, indicating an academic institution"
5g,slanted,5g radiation risks,2,2,https://www.wtamu.edu/~cbaird/sq/2022/08/18/how-do-5g-cell-phone-signals-harm-humans/,wtamu.edu,How do 5G cell phone signals harm humans?,2026-05-09 16:17:57,reliable,"domain wtamu.edu has .edu or .ac, indicating an academic institution"
5g,slanted,5g dangers,2,4,https://www.wtamu.edu/~cbaird/sq/2022/08/18/how-do-5g-cell-phone-signals-harm-humans/,wtamu.edu,How do 5G cell phone signals harm humans?,2026-05-09 16:19:27,reliable,"domain wtamu.edu has .edu or .ac, indicating an academic institution"
nuclear_power,neutral,nuclear power safety,2,6,https://www.excelsior.edu/article/nuclear-safety-power-plant/,excelsior.edu,The Importance of Nuclear Safety,2026-05-09 16:23:36,reliable,"domain excelsior.edu has .edu or .ac, indicating an academic institution"
nuclear_power,neutral,nuclear power safety,3,1,https://professional.mit.edu/course-catalog/nuclear-plant-safety,professional.mit.edu,Nuclear Plant Safety,2026-05-09 16:23:44,reliable,"domain professional.mit.edu has .edu or .ac, indicating an academic institution"
nuclear_power,slanted,nuclear power risks,1,5,https://ncdp.columbia.edu/nuclear-power-plants-earthquake-risk/,ncdp.columbia.edu,Nuclear Power Plants and Earthquake Risk,2026-05-09 16:24:15,reliable,"domain ncdp.columbia.edu has .edu or .ac, indicating an academic institution"
nuclear_power,slanted,nuclear power risks,2,5,https://www.brookings.edu/articles/terrorism-and-nuclear-energy-understanding-the-risks/,brookings.edu,Terrorism and Nuclear Energy: Understanding the Risks,2026-05-09 16:24:23,reliable,"domain brookings.edu has .edu or .ac, indicating an academic institution"
nuclear_power,neutral,nuclear waste management,2,1,https://research.gatech.edu/feature/nuclear-waste,research.gatech.edu,Nuclear Waste: What It Is — and What It Isn't,2026-05-09 16:25:31,reliable,"domain research.gatech.edu has .edu or .ac, indicating an academic institution"
nuclear_power,neutral,nuclear waste management,2,6,https://news.mit.edu/2025/what-should-countries-do-with-their-nuclear-waste-1105,news.mit.edu,What should countries do with their nuclear waste?,2026-05-09 16:25:33,reliable,"domain news.mit.edu has .edu or .ac, indicating an academic institution"
nuclear_power,slanted,nuclear waste danger,1,5,https://e360.yale.edu/features/nuclear-waste-recycling,e360.yale.edu,Recycling Nuclear Waste: A Win-Win or a Dangerous ...,2026-05-09 16:27:04,reliable,"domain e360.yale.edu has .edu or .ac, indicating an academic institution"
nuclear_power,slanted,nuclear waste danger,2,1,https://research.gatech.edu/feature/nuclear-waste,research.gatech.edu,Nuclear Waste: What It Is — and What It Isn't,2026-05-09 16:27:27,reliable,"domain research.gatech.edu has .edu or .ac, indicating an academic institution"
nuclear_power,slanted,nuclear waste danger,2,5,https://ir.lawnet.fordham.edu/cgi/viewcontent.cgi?article=1433&context=elr,ir.lawnet.fordham.edu,Nuclear Waste: The Most Compelling Environmental Issue ...,2026-05-09 16:27:28,reliable,"domain ir.lawnet.fordham.edu has .edu or .ac, indicating an academic institution"
nuclear_power,slanted,nuclear waste danger,2,6,https://crownschool.uchicago.edu/student-life/advocates-forum/our-silent-zombie-commercial-nuclear-waste-storage-united-states,crownschool.uchicago.edu,Our Silent Zombie: Commercial Nuclear Waste Storage in the ...,2026-05-09 16:27:28,reliable,"domain crownschool.uchicago.edu has .edu or .ac, indicating an academic institution"
nuclear_power,slanted,nuclear waste danger,3,9,http://large.stanford.edu/courses/2015/ph240/sherman2/,large.stanford.edu,Radioactive Waste Dangers - Stanford,2026-05-09 16:27:39,reliable,"domain large.stanford.edu has .edu or .ac, indicating an academic institution"
nuclear_power,neutral,nuclear energy carbon emissions,1,10,https://climate.mit.edu/explainers/nuclear-energy,climate.mit.edu,Nuclear Energy,2026-05-09 16:28:09,reliable,"domain climate.mit.edu has .edu or .ac, indicating an academic institution"
nuclear_power,neutral,nuclear fusion research,1,5,https://understand-energy.stanford.edu/energy-resources/nuclear-energy/fusion,understand-energy.stanford.edu,Fusion - Understand Energy Learning Hub - Stanford University,2026-05-09 16:29:46,reliable,"domain understand-energy.stanford.edu has .edu or .ac, indicating an academic institution"
nuclear_power,neutral,nuclear fusion research,2,9,https://nse.mit.edu/research/fusion-and-plasmas/,nse.mit.edu,Fusion And Plasmas,2026-05-09 16:29:57,reliable,"domain nse.mit.edu has .edu or .ac, indicating an academic institution"
nuclear_power,neutral,nuclear fusion research,3,4,https://nuc.berkeley.edu/fusion-energy/,nuc.berkeley.edu,Fusion Energy - UC Berkeley Nuclear Engineering,2026-05-09 16:30:05,reliable,"domain nuc.berkeley.edu has .edu or .ac, indicating an academic institution"
nuclear_power,slanted,nuclear proliferation risks,1,6,https://digitalcommons.ndu.edu/wmd-proceedings/7/,digitalcommons.ndu.edu,Proliferation Risks of Civilian Nuclear Power Programs,2026-05-09 16:30:21,reliable,"domain digitalcommons.ndu.edu has .edu or .ac, indicating an academic institution"
nuclear_power,slanted,nuclear proliferation risks,2,4,https://cisac.fsi.stanford.edu/research/preventing_nuclear_proliferation_and_terrorism,cisac.fsi.stanford.edu,Preventing Nuclear Proliferation and Terrorism | FSI,2026-05-09 16:30:31,reliable,"domain cisac.fsi.stanford.edu has .edu or .ac, indicating an academic institution"
nuclear_power,slanted,nuclear proliferation risks,2,7,https://matthewbunn.scholars.harvard.edu/sites/g/files/omnuum3466/files/2025-08/Nuclear%20Linkages.pdf,matthewbunn.scholars.harvard.edu,"Nuclear energy, nuclear proliferation, and nuclear terrorism",2026-05-09 16:30:32,reliable,"domain matthewbunn.scholars.harvard.edu has .edu or .ac, indicating an academic institution"
nuclear_power,slanted,nuclear proliferation risks,3,1,https://cissm.umd.edu/research-impact/publications/address-threat-nuclear-proliferation-cascades,cissm.umd.edu,Address the threat of nuclear proliferation cascades,2026-05-09 16:30:39,reliable,"domain cissm.umd.edu has .edu or .ac, indicating an academic institution"
nuclear_power,slanted,nuclear proliferation risks,3,6,https://pdxscholar.library.pdx.edu/open_access_etds/5239/,pdxscholar.library.pdx.edu,The Dangers of Nuclear Proliferation: Five Reasons More May ...,2026-05-09 16:30:42,reliable,"domain pdxscholar.library.pdx.edu has .edu or .ac, indicating an academic institution"
nuclear_waste,neutral,radioactive waste disposal research,2,3,https://news.mit.edu/2025/model-predicts-long-term-effects-nuclear-waste-underground-disposal-systems-0718,news.mit.edu,Model predicts long-term effects of nuclear waste ...,2026-05-09 16:31:18,reliable,"domain news.mit.edu has .edu or .ac, indicating an academic institution"
nuclear_waste,slanted,nuclear waste leaks,2,3,http://large.stanford.edu/courses/2015/ph241/khalaf2/,large.stanford.edu,Nuclear Waste Leaks and Remediation Strategies - Stanford,2026-05-09 16:32:10,reliable,"domain large.stanford.edu has .edu or .ac, indicating an academic institution"
nuclear_waste,slanted,radioactive waste transportation risks,3,2,https://digital.library.unt.edu/ark:/67531/metadc719525/,digital.library.unt.edu,Assessment of risks to individuals from the transportation of ...,2026-05-09 16:34:55,reliable,"domain digital.library.unt.edu has .edu or .ac, indicating an academic institution"
pesticides,neutral,pesticide regulation science,2,2,https://www.brookings.edu/articles/how-the-epas-lax-regulation-of-dangerous-pesticides-is-hurting-public-health-and-the-us-economy/,brookings.edu,How the EPA's lax regulation of dangerous pesticides is ...,2026-05-09 16:35:26,reliable,"domain brookings.edu has .edu or .ac, indicating an academic institution"
pesticides,slanted,pesticide health hazards,2,8,https://extension.psu.edu/potential-health-effects-of-pesticides/,extension.psu.edu,Potential Health Effects of Pesticides,2026-05-09 16:36:05,reliable,"domain extension.psu.edu has .edu or .ac, indicating an academic institution"
pesticides,slanted,pesticide health hazards,3,1,https://npic.orst.edu/health/risk.html,npic.orst.edu,Understanding Pesticide Risks,2026-05-09 16:36:12,reliable,"domain npic.orst.edu has .edu or .ac, indicating an academic institution"
pesticides,neutral,organic farming pesticide use,1,4,https://www.johnson.k-state.edu/programs/lawn-garden/agent-articles-fact-sheets-and-more/agent-articles/environment/organic-does-not-mean-pesticide-free.html,johnson.k-state.edu,Organic Does Not Mean Pesticide Free,2026-05-09 16:36:38,reliable,"domain johnson.k-state.edu has .edu or .ac, indicating an academic institution"
pesticides,neutral,organic farming pesticide use,2,2,https://npic.orst.edu/ingred/organic.html,npic.orst.edu,Pesticide Ingredients Used in Organic Agriculture,2026-05-09 16:36:55,reliable,"domain npic.orst.edu has .edu or .ac, indicating an academic institution"
pesticides,neutral,organic farming pesticide use,2,3,https://bren.ucsb.edu/news/organic-farms-can-have-mixed-effects-pesticide-use-depending-their-neighbor,bren.ucsb.edu,Organic farms can have mixed effects on pesticide use ...,2026-05-09 16:36:55,reliable,"domain bren.ucsb.edu has .edu or .ac, indicating an academic institution"
pesticides,slanted,conventional pesticide dangers,2,6,https://extension.psu.edu/potential-health-effects-of-pesticides/,extension.psu.edu,Potential Health Effects of Pesticides,2026-05-09 16:37:37,reliable,"domain extension.psu.edu has .edu or .ac, indicating an academic institution"
pesticides,slanted,conventional pesticide dangers,3,4,https://extension.msstate.edu/publications/pesticides-benefits-and-risks,extension.msstate.edu,Pesticides: Benefits and Risks,2026-05-09 16:37:45,reliable,"domain extension.msstate.edu has .edu or .ac, indicating an academic institution"
artificial_sweeteners,neutral,aspartame safety,1,7,https://sph.umich.edu/news/2023posts/aspartame-and-cancer-a-toxicologists-take.html,sph.umich.edu,Aspartame and cancer: A toxicologist's take |,2026-05-09 16:39:43,reliable,"domain sph.umich.edu has .edu or .ac, indicating an academic institution"
artificial_sweeteners,neutral,aspartame safety,3,5,https://www.unr.edu/nevada-today/news/2024/atp-aspartame,unr.edu,Aspartame: Is it safe for kids?,2026-05-09 16:40:02,reliable,"domain unr.edu has .edu or .ac, indicating an academic institution"
artificial_sweeteners,slanted,aspartame dangers,2,2,https://sph.umich.edu/news/2023posts/aspartame-and-cancer-a-toxicologists-take.html,sph.umich.edu,Aspartame and cancer: A toxicologist's take |,2026-05-09 16:42:35,reliable,"domain sph.umich.edu has .edu or .ac, indicating an academic institution"
artificial_sweeteners,neutral,diet soda health,1,1,https://health.osu.edu/wellness/exercise-and-nutrition/diet-soda-bad-for-you,health.osu.edu,Is diet soda bad for you? | Ohio State Health & Discovery,2026-05-09 16:48:56,reliable,"domain health.osu.edu has .edu or .ac, indicating an academic institution"
artificial_sweeteners,neutral,diet soda health,3,5,https://www.chhs.colostate.edu/krnc/monthly-blog/the-low-down-on-diet-drinks-how-much-is-okay/,chhs.colostate.edu,The Low Down on Diet Drinks - How Much is Okay?,2026-05-09 16:49:34,reliable,"domain chhs.colostate.edu has .edu or .ac, indicating an academic institution"
artificial_sweeteners,neutral,diet soda health,3,9,https://www.health.harvard.edu/blog/drinking-diet-soda-raise-risk-stroke-2017073112109,health.harvard.edu,Does drinking diet soda raise the risk of a stroke?,2026-05-09 16:49:35,reliable,"domain health.harvard.edu has .edu or .ac, indicating an academic institution"
artificial_sweeteners,slanted,diet soda cancer risk,2,4,https://sph.umich.edu/news/2023posts/aspartame-and-cancer-a-toxicologists-take.html,sph.umich.edu,Aspartame and cancer: A toxicologist's take |,2026-05-09 16:50:13,reliable,"domain sph.umich.edu has .edu or .ac, indicating an academic institution"
artificial_sweeteners,slanted,diet soda cancer risk,3,4,https://news.yale.edu/2018/07/19/low-or-no-calorie-soft-drinks-linked-improved-outcomes-colon-cancer,news.yale.edu,Low- or no-calorie soft drinks linked to improved outcomes in ...,2026-05-09 16:50:22,reliable,"domain news.yale.edu has .edu or .ac, indicating an academic institution"
artificial_sweeteners,slanted,diet soda cancer risk,3,6,https://www.buffalo.edu/news/releases/2021/03/009.html,buffalo.edu,Study finds increased risk of death among breast cancer ...,2026-05-09 16:50:22,reliable,"domain buffalo.edu has .edu or .ac, indicating an academic institution"
electromagnetic_fields,neutral,emf safety research,3,6,https://ehs.unc.edu/topics/electromagnetic-field-radiation/,ehs.unc.edu,Electromagnetic Field Radiation,2026-05-09 16:50:59,reliable,"domain ehs.unc.edu has .edu or .ac, indicating an academic institution"
electromagnetic_fields,slanted,emf health risks,2,1,https://ehs.unc.edu/topics/electromagnetic-field-radiation/,ehs.unc.edu,Electromagnetic Field Radiation,2026-05-09 16:51:35,reliable,"domain ehs.unc.edu has .edu or .ac, indicating an academic institution"
electromagnetic_fields,neutral,cell phone radiation safety,2,5,https://msutoday.msu.edu/news/2023/10/ask-the-expert-how-harmful-is-radiation-risk-from-mobile-phones,msutoday.msu.edu,Ask the expert: How harmful is radiation risk from mobile ...,2026-05-09 16:54:10,reliable,"domain msutoday.msu.edu has .edu or .ac, indicating an academic institution"
electromagnetic_fields,slanted,cell phone radiation brain tumors,1,5,https://hsph.harvard.edu/news/cell-phones-dont-cause-brain-cancer-study/,hsph.harvard.edu,Cell phones don't cause brain cancer: study,2026-05-09 16:54:40,reliable,"domain hsph.harvard.edu has .edu or .ac, indicating an academic institution"
electromagnetic_fields,neutral,wi-fi health effects,1,9,http://ui.adsabs.harvard.edu/abs/2021JPhCS1804a2001H/abstract,ui.adsabs.harvard.edu,Evaluation of Health Hazards Due to The Wi-Fi Router On ...,2026-05-09 16:55:37,reliable,"domain ui.adsabs.harvard.edu has .edu or .ac, indicating an academic institution"
electromagnetic_fields,slanted,wi-fi radiation dangers,1,8,https://www.safety.rochester.edu/ih/pdf/WiFi_Exposure.pdf,safety.rochester.edu,Radiation Safety Review of Hazards Associated with WiFi ...,2026-05-09 16:56:39,reliable,"domain safety.rochester.edu has .edu or .ac, indicating an academic institution"
electromagnetic_fields,slanted,wi-fi radiation dangers,2,10,http://ui.adsabs.harvard.edu/abs/2021JPhCS1804a2001H/abstract,ui.adsabs.harvard.edu,Evaluation of Health Hazards Due to The Wi-Fi Router On ...,2026-05-09 16:56:48,reliable,"domain ui.adsabs.harvard.edu has .edu or .ac, indicating an academic institution"
electromagnetic_fields,slanted,wi-fi radiation dangers,3,5,https://environmentalhealth.buffalostate.edu/sites/environmentalhealth/files/documents/wifi%20statement%20%281%29.pdf,environmentalhealth.buffalostate.edu,Position Statement on Wi-Fi Radiation Concerns,2026-05-09 16:56:56,reliable,"domain environmentalhealth.buffalostate.edu has .edu or .ac, indicating an academic institution"
essential_oils,neutral,essential oils therapeutic facts,2,6,https://cris.msu.edu/news/essential-oils/essential-oils-an-overview/,cris.msu.edu,Essential Oils – An Overview - CRIS@msu.edu,2026-05-09 16:57:33,reliable,"domain cris.msu.edu has .edu or .ac, indicating an academic institution"
essential_oils,neutral,essential oils therapeutic facts,3,1,https://health.osu.edu/wellness/integrative-healing/essential-oils,health.osu.edu,How and why to use essential oils | Ohio State Health ...,2026-05-09 16:57:58,reliable,"domain health.osu.edu has .edu or .ac, indicating an academic institution"
essential_oils,neutral,lavender oil research,1,7,https://cris.msu.edu/news/essential-oils/essential-oils-digging-deeper-lavender-oil/,cris.msu.edu,Essential Oils – Digging Deeper Lavender Oil - CRIS@msu.edu,2026-05-09 17:01:59,reliable,"domain cris.msu.edu has .edu or .ac, indicating an academic institution"
aluminum,neutral,aluminum in vaccines safety,1,2,https://www.chop.edu/vaccine-education-center/vaccine-safety/vaccine-ingredients/aluminum,chop.edu,Vaccine ingredients: Aluminum,2026-05-09 17:03:39,reliable,"domain chop.edu has .edu or .ac, indicating an academic institution"
aluminum,neutral,aluminum in vaccines safety,2,1,https://www.cidrap.umn.edu/anti-science/aluminum-vaccines-not-linked-autism-other-health-problems-study-finds,cidrap.umn.edu,"Aluminum in vaccines not linked to autism, other health ...",2026-05-09 17:03:57,reliable,"domain cidrap.umn.edu has .edu or .ac, indicating an academic institution"
aluminum,neutral,aluminum in vaccines safety,3,8,https://publichealth.jhu.edu/2026/a-guide-to-vaccine-ingredients,publichealth.jhu.edu,A Guide to Vaccine Ingredients | Johns Hopkins,2026-05-09 17:04:08,reliable,"domain publichealth.jhu.edu has .edu or .ac, indicating an academic institution"
aluminum,slanted,aluminum vaccine toxicity,1,2,https://www.chop.edu/vaccine-education-center/vaccine-safety/vaccine-ingredients/aluminum,chop.edu,Vaccine ingredients: Aluminum,2026-05-09 17:04:20,reliable,"domain chop.edu has .edu or .ac, indicating an academic institution"
aluminum,slanted,aluminum vaccine toxicity,1,7,https://www.cidrap.umn.edu/anti-science/aluminum-vaccines-not-linked-autism-other-health-problems-study-finds,cidrap.umn.edu,"Aluminum in vaccines not linked to autism, other health ...",2026-05-09 17:04:24,reliable,"domain cidrap.umn.edu has .edu or .ac, indicating an academic institution"
aluminum,slanted,aluminum vaccine toxicity,2,7,https://www.cidrap.umn.edu/public-health/aluminum-our-diets-far-exceeds-vaccines-researchers-note,cidrap.umn.edu,Aluminum in our diets far exceeds that from vaccines ...,2026-05-09 17:04:35,reliable,"domain cidrap.umn.edu has .edu or .ac, indicating an academic institution"
aluminum,neutral,aluminum antiperspirants cancer research,1,7,https://health.osu.edu/health/skin-and-body/aluminum-in-antiperspirant,health.osu.edu,Should you worry about aluminum in your antiperspirant?,2026-05-09 17:06:37,reliable,"domain health.osu.edu has .edu or .ac, indicating an academic institution"
aluminum,neutral,aluminum antiperspirants cancer research,3,6,https://ui.adsabs.harvard.edu/abs/2023JTEMB..7927247M/abstract,ui.adsabs.harvard.edu,Correlation between daily life aluminium exposure and ...,2026-05-09 17:06:56,reliable,"domain ui.adsabs.harvard.edu has .edu or .ac, indicating an academic institution"
mercury,neutral,mercury in fish guidelines,2,2,https://www.stonybrook.edu/commcms/gelfond/_pdf/guide_to_mercury_levels_in_seafood.pdf,stonybrook.edu,Guide to mercury levels in,2026-05-09 17:20:03,reliable,"domain stonybrook.edu has .edu or .ac, indicating an academic institution"
mercury,neutral,mercury in fish guidelines,2,10,https://hsph.harvard.edu/advanced-learning-academy/news/the-mercury-question-how-to-understand-risk-vs-reward-when-eating-fish/,hsph.harvard.edu,How to Understand Risk vs. Reward When Eating Fish,2026-05-09 17:20:05,reliable,"domain hsph.harvard.edu has .edu or .ac, indicating an academic institution"
mercury,slanted,mercury seafood dangers,1,7,https://www.urmc.rochester.edu/news/publications/health-matters/is-mercury-in-fish-bad-for-you,urmc.rochester.edu,Is Mercury in Fish Bad for You? - URMC.Rochester.edu,2026-05-09 17:20:40,reliable,"domain urmc.rochester.edu has .edu or .ac, indicating an academic institution"
mercury,slanted,mercury seafood dangers,2,2,https://hsph.harvard.edu/advanced-learning-academy/news/the-mercury-question-how-to-understand-risk-vs-reward-when-eating-fish/,hsph.harvard.edu,How to Understand Risk vs. Reward When Eating Fish,2026-05-09 17:20:53,reliable,"domain hsph.harvard.edu has .edu or .ac, indicating an academic institution"
mercury,slanted,mercury seafood dangers,3,3,https://extension.wsu.edu/foodsafety/2016/04/28/risks-of-mercury-in-fish/,extension.wsu.edu,Risks of Mercury in Fish | Consumer Food Safety | Washington ...,2026-05-09 17:21:08,reliable,"domain extension.wsu.edu has .edu or .ac, indicating an academic institution"
cloning,neutral,animal cloning research,1,4,https://learn.genetics.utah.edu/content/cloning/clonezone/,learn.genetics.utah.edu,The History of Cloning,2026-05-09 17:21:30,reliable,"domain learn.genetics.utah.edu has .edu or .ac, indicating an academic institution"
cloning,neutral,animal cloning research,2,9,https://hms.harvard.edu/news/improving-cloning-efficiency,hms.harvard.edu,Improving Cloning Efficiency,2026-05-09 17:22:02,reliable,"domain hms.harvard.edu has .edu or .ac, indicating an academic institution"
cloning,neutral,animal cloning research,3,2,https://animalbiotech.ucdavis.edu/cloning,animalbiotech.ucdavis.edu,Cloning | animalbiotech,2026-05-09 17:22:14,reliable,"domain animalbiotech.ucdavis.edu has .edu or .ac, indicating an academic institution"
cloning,neutral,animal cloning research,3,9,https://repository.upenn.edu/bitstreams/03b6b4f3-e742-44ea-bc34-8e5509bf6f0f/download,repository.upenn.edu,Ethical Issues in Animal Cloning,2026-05-09 17:22:16,reliable,"domain repository.upenn.edu has .edu or .ac, indicating an academic institution"
cloning,slanted,cloning ethical concerns,1,6,https://digitalcommons.liberty.edu/cgi/viewcontent.cgi?article=1009&context=nexus,digitalcommons.liberty.edu,Bioethics of Human Cloning: Are We Playing God?,2026-05-09 17:22:41,reliable,"domain digitalcommons.liberty.edu has .edu or .ac, indicating an academic institution"
cloning,slanted,cloning ethical concerns,1,7,https://repository.upenn.edu/bitstreams/03b6b4f3-e742-44ea-bc34-8e5509bf6f0f/download,repository.upenn.edu,Ethical Issues in Animal Cloning,2026-05-09 17:22:42,reliable,"domain repository.upenn.edu has .edu or .ac, indicating an academic institution"
cloning,slanted,cloning ethical concerns,1,8,https://funginstitute.berkeley.edu/news/op-ed-the-dangers-of-cloning/,funginstitute.berkeley.edu,Op-ed: The dangers of cloning,2026-05-09 17:22:42,reliable,"domain funginstitute.berkeley.edu has .edu or .ac, indicating an academic institution"
cloning,slanted,cloning ethical concerns,2,3,https://hrlibrary.umn.edu/instree/cloningopinion.html,hrlibrary.umn.edu,"Opinion on Ethical Aspects of Cloning Techniques, Group ...",2026-05-09 17:22:54,reliable,"domain hrlibrary.umn.edu has .edu or .ac, indicating an academic institution"
cloning,slanted,cloning ethical concerns,2,9,https://www.scu.edu/ethics/focus-areas/bioethics/resources/the-ethics-of-human-cloning-and-stem-cell-research/,scu.edu,The Ethics of Human Cloning and Stem Cell Research,2026-05-09 17:22:57,reliable,"domain scu.edu has .edu or .ac, indicating an academic institution"
cloning,slanted,cloning ethical concerns,3,3,https://digitalcommons.fairfield.edu/cgi/viewcontent.cgi?article=1214&context=nealsb,digitalcommons.fairfield.edu,Cloning Humans: Legal and Ethical Considerations,2026-05-09 17:23:10,reliable,"domain digitalcommons.fairfield.edu has .edu or .ac, indicating an academic institution"
cloning,slanted,cloning ethical concerns,3,7,https://www.scu.edu/ethics/focus-areas/bioethics/resources/the-ethics-of-human-cloning-and-stem-cell-research/,scu.edu,The Ethics of Human Cloning and Stem Cell Research,2026-05-09 17:23:11,reliable,"domain scu.edu has .edu or .ac, indicating an academic institution"
cloning,slanted,cloned meat risks,3,6,https://www.psu.edu/news/research/story/probing-question-cloned-meat-safe-eat,psu.edu,Probing Question: Is cloned meat safe to eat?,2026-05-09 17:25:10,reliable,"domain psu.edu has .edu or .ac, indicating an academic institution"
coal,neutral,clean coal technology,1,9,https://www.purdue.edu/discoverypark/sufg/wp-content/uploads/2025/04/SUFG-CleanCoalTechnologiesReport.pdf,purdue.edu,Clean Coal Technologies,2026-05-09 17:25:46,reliable,"domain purdue.edu has .edu or .ac, indicating an academic institution"
coal,neutral,clean coal technology,3,4,https://engineering.mit.edu/ask-an-engineer/what-is-clean-coal,engineering.mit.edu,What is “clean” coal?,2026-05-09 17:26:25,reliable,"domain engineering.mit.edu has .edu or .ac, indicating an academic institution"
coal,slanted,coal pollution deaths,1,5,https://hsph.harvard.edu/news/particulate-pollution-from-coal-associated-with-double-the-risk-of-mortality-than-pm2-5-from-other-sources/,hsph.harvard.edu,Particulate pollution from coal associated with double the ...,2026-05-09 17:26:45,reliable,"domain hsph.harvard.edu has .edu or .ac, indicating an academic institution"
coal,slanted,coal pollution deaths,2,10,https://cns.utexas.edu/news/research/coal-power-killed-half-million-people-us-over-two-decades,cns.utexas.edu,Coal Power Killed Half a Million People in U.S. over Two ...,2026-05-09 17:27:02,reliable,"domain cns.utexas.edu has .edu or .ac, indicating an academic institution"
coal,neutral,carbon capture research,2,5,https://news.mit.edu/2025/new-approach-carbon-capture-could-slash-costs-1211,news.mit.edu,A new approach to carbon capture could slash costs,2026-05-09 17:28:05,reliable,"domain news.mit.edu has .edu or .ac, indicating an academic institution"
coal,neutral,carbon capture research,3,1,https://energy.stanford.edu/research/research-areas/carbon-removal/co2-capture-sequestration,energy.stanford.edu,CO2 Capture & Sequestration - Stanford Energy,2026-05-09 17:28:17,reliable,"domain energy.stanford.edu has .edu or .ac, indicating an academic institution"
coal,neutral,carbon capture research,3,4,https://naturalcarboncapture.yale.edu/,naturalcarboncapture.yale.edu,Yale Center for Natural Carbon Capture: Welcome,2026-05-09 17:28:18,reliable,"domain naturalcarboncapture.yale.edu has .edu or .ac, indicating an academic institution"
coal,slanted,coal mining dangers,2,9,https://www.iup.edu/library/departments/archives/coal/a-dangerous-life/index.html,iup.edu,A Dangerous Life,2026-05-09 17:29:09,reliable,"domain iup.edu has .edu or .ac, indicating an academic institution"
coal,neutral,coal ash disposal safety,2,3,https://sites.uab.edu/humanrights/2026/03/30/capping-still-contaminates-the-human-rights-risks-of-improper-coal-ash-disposal/,sites.uab.edu,The Human Rights Risks of Improper Coal Ash Disposal,2026-05-09 17:30:03,reliable,"domain sites.uab.edu has .edu or .ac, indicating an academic institution"
coal,neutral,coal ash disposal safety,2,10,https://eelp.law.harvard.edu/tracker/coal-ash-rule/,eelp.law.harvard.edu,Coal Ash Rule,2026-05-09 17:30:06,reliable,"domain eelp.law.harvard.edu has .edu or .ac, indicating an academic institution"
coal,neutral,coal ash disposal safety,3,2,https://eelp.law.harvard.edu/tracker/coal-ash-rule/,eelp.law.harvard.edu,Coal Ash Rule,2026-05-09 17:30:17,reliable,"domain eelp.law.harvard.edu has .edu or .ac, indicating an academic institution"
coal,slanted,coal ash toxic waste,3,6,https://e360.yale.edu/features/coal-ash-united-states-epa-rule,e360.yale.edu,"As Enforcement Lags, Toxic Coal Ash Keeps Polluting U.S. ...",2026-05-09 17:31:15,reliable,"domain e360.yale.edu has .edu or .ac, indicating an academic institution"
plastic,neutral,biodegradable plastics research,1,4,https://environment.yale.edu/news/article/environmental-trade-offs-biodegradable-plastics,environment.yale.edu,The Environmental Trade-offs of Biodegradable Plastics,2026-05-09 17:36:15,reliable,"domain environment.yale.edu has .edu or .ac, indicating an academic institution"
plastic,neutral,biodegradable plastics research,1,6,https://wyss.harvard.edu/technology/bioplastic/,wyss.harvard.edu,Bioplastics - Wyss Institute,2026-05-09 17:36:16,reliable,"domain wyss.harvard.edu has .edu or .ac, indicating an academic institution"
plastic,neutral,biodegradable plastics research,2,2,https://www.binghamton.edu/news/story/5671/binghamton-university-researchers-develop-process-to-turn-food-waste-into-biodegradable-plastic,binghamton.edu,Researchers turn food waste into biodegradable plastic,2026-05-09 17:36:34,reliable,"domain binghamton.edu has .edu or .ac, indicating an academic institution"
plastic,neutral,biodegradable plastics research,2,9,https://sites.dartmouth.edu/dujs/2013/03/02/biodegradable-plastic-its-promises-and-consequences/,sites.dartmouth.edu,Biodegradable Plastic: Its Promises and Consequences,2026-05-09 17:36:36,reliable,"domain sites.dartmouth.edu has .edu or .ac, indicating an academic institution"
plastic,neutral,biodegradable plastics research,3,8,https://news.berkeley.edu/2021/04/21/new-process-makes-biodegradable-plastics-truly-compostable/,news.berkeley.edu,New process makes 'biodegradable' plastics truly compostable,2026-05-09 17:36:50,reliable,"domain news.berkeley.edu has .edu or .ac, indicating an academic institution"
plastic,slanted,bioplastics environmental impact,1,9,https://www.colorado.edu/ecenter/2021/03/10/bioplastics-are-they-good-they-seem,colorado.edu,Bioplastics: are they as good as they seem?,2026-05-09 17:37:19,reliable,"domain colorado.edu has .edu or .ac, indicating an academic institution"
plastic,neutral,microplastics health research,1,1,https://med.stanford.edu/news/insights/2025/01/microplastics-in-body-polluted-tiny-plastic-fragments.html,med.stanford.edu,Microplastics and our health: What the science says,2026-05-09 17:38:06,reliable,"domain med.stanford.edu has .edu or .ac, indicating an academic institution"
plastic,neutral,microplastics health research,1,3,https://magazine.hms.harvard.edu/articles/microplastics-everywhere,magazine.hms.harvard.edu,Microplastics Everywhere | Harvard Medicine Magazine,2026-05-09 17:38:07,reliable,"domain magazine.hms.harvard.edu has .edu or .ac, indicating an academic institution"
plastic,neutral,microplastics health research,2,7,https://iee.psu.edu/news/blog/microplastics-sources-health-risks-and-how-protect-yourself,iee.psu.edu,"Microplastics: Sources, health risks, and how to protect yourself",2026-05-09 17:38:38,reliable,"domain iee.psu.edu has .edu or .ac, indicating an academic institution"
plastic,neutral,microplastics health research,3,2,https://today.duke.edu/2025/06/microplastics-are-everywhere-heres-what-duke-research-doing-about-health-concerns,today.duke.edu,Microplastics Are Everywhere. Here's What Duke Research Is ...,2026-05-09 17:38:51,reliable,"domain today.duke.edu has .edu or .ac, indicating an academic institution"
plastic,neutral,microplastics health research,3,6,https://hsph.harvard.edu/department/environmental-health/research/microplastics/,hsph.harvard.edu,Microplastics | Research,2026-05-09 17:38:52,reliable,"domain hsph.harvard.edu has .edu or .ac, indicating an academic institution"
plastic,slanted,microplastics human toxicity,1,2,https://med.stanford.edu/news/insights/2025/01/microplastics-in-body-polluted-tiny-plastic-fragments.html,med.stanford.edu,Microplastics and our health: What the science says,2026-05-09 17:39:06,reliable,"domain med.stanford.edu has .edu or .ac, indicating an academic institution"
plastic,slanted,microplastics human toxicity,1,8,https://magazine.hms.harvard.edu/articles/microplastics-everywhere,magazine.hms.harvard.edu,Microplastics Everywhere | Harvard Medicine Magazine,2026-05-09 17:39:11,reliable,"domain magazine.hms.harvard.edu has .edu or .ac, indicating an academic institution"
wind_energy,neutral,wind turbine safety,3,4,https://www.depts.ttu.edu/opmanual/OP60.14.pdf,depts.ttu.edu,OP 60.14: Wind Turbine Safety,2026-05-09 17:40:58,reliable,"domain depts.ttu.edu has .edu or .ac, indicating an academic institution"
wind_energy,neutral,offshore wind farm research,3,7,https://marine.unh.edu/center-ocean-renewable-energy/projects/offshore-wind-energy,marine.unh.edu,Offshore Wind Energy | Center for Ocean Renewable Energy,2026-05-09 17:43:17,reliable,"domain marine.unh.edu has .edu or .ac, indicating an academic institution"
wind_energy,slanted,wind energy bird deaths,1,1,https://climate.mit.edu/ask-mit/do-wind-turbines-kill-birds,climate.mit.edu,Do wind turbines kill birds?,2026-05-09 17:43:30,reliable,"domain climate.mit.edu has .edu or .ac, indicating an academic institution"
wind_energy,slanted,wind energy bird deaths,1,2,https://e360.yale.edu/features/wind-turbine-bird-collision-solutions,e360.yale.edu,Birds vs. Wind Turbines: New Research Aims to Prevent ...,2026-05-09 17:43:31,reliable,"domain e360.yale.edu has .edu or .ac, indicating an academic institution"
wind_energy,slanted,wind energy bird deaths,3,7,https://thereader.mitpress.mit.edu/do-wind-turbines-kill-birds-and-other-climate-questions/,thereader.mitpress.mit.edu,Do Wind Turbines Kill Birds? (And Other Climate Questions),2026-05-09 17:44:24,reliable,"domain thereader.mitpress.mit.edu has .edu or .ac, indicating an academic institution"
wind_energy,neutral,wind power health effects,1,8,https://ehsrc.public-health.uiowa.edu/wp-content/uploads/2019/01/IEC_Wind_Health_Paper_2019_FINAL.pdf,ehsrc.public-health.uiowa.edu,WIND TURBINES AND HEALTH,2026-05-09 17:44:54,reliable,"domain ehsrc.public-health.uiowa.edu has .edu or .ac, indicating an academic institution"
wind_energy,slanted,wind turbine noise complaints,2,10,https://ui.adsabs.harvard.edu/abs/2013WiEng..37...97D/abstract,ui.adsabs.harvard.edu,"A Review of Wind Turbine Noise Perception, Annoyance ...",2026-05-09 17:46:14,reliable,"domain ui.adsabs.harvard.edu has .edu or .ac, indicating an academic institution"
biodiesel,slanted,biodiesel land use change,2,7,https://its.ucdavis.edu/blog/making-policy-absence-certainty-biofuels-and-land-use-change,its.ucdavis.edu,Making Policy in the Absence of Certainty: Biofuels and ...,2026-05-09 17:48:10,reliable,"domain its.ucdavis.edu has .edu or .ac, indicating an academic institution"
biodiesel,neutral,algae biofuel research,1,7,https://sites.nicholas.duke.edu/johnson/research/algal-biofuels/,sites.nicholas.duke.edu,MAGIC – Algal biofuels and food – Johnson Lab,2026-05-09 17:48:47,reliable,"domain sites.nicholas.duke.edu has .edu or .ac, indicating an academic institution"
biodiesel,neutral,algae biofuel research,2,5,https://wrrc.arizona.edu/arizona-algae,wrrc.arizona.edu,Arizona's Algae Biofuel Research Advances Understanding ...,2026-05-09 17:49:01,reliable,"domain wrrc.arizona.edu has .edu or .ac, indicating an academic institution"
biodiesel,neutral,algae biofuel research,2,10,https://ee.calpoly.edu/projects/algae-biofuel-interdisciplinary,ee.calpoly.edu,Algae Biofuel - Electrical Engineering - Cal Poly,2026-05-09 17:49:02,reliable,"domain ee.calpoly.edu has .edu or .ac, indicating an academic institution"
biodiesel,neutral,algae biofuel research,3,4,https://e360.yale.edu/digest/algae-biofuel-carbon-footprint,e360.yale.edu,Algae-Based Biofuel May Have Bigger Carbon Footprint ...,2026-05-09 17:49:14,reliable,"domain e360.yale.edu has .edu or .ac, indicating an academic institution"
artificial_intelligence,neutral,ai safety research,1,6,https://aisafety.stanford.edu/,aisafety.stanford.edu,Stanford Center for AI Safety,2026-05-09 17:50:45,reliable,"domain aisafety.stanford.edu has .edu or .ac, indicating an academic institution"
artificial_intelligence,slanted,ai existential risk,1,3,https://www.brookings.edu/articles/are-ai-existential-risks-real-and-what-should-we-do-about-them/,brookings.edu,Are AI existential risks real—and what should we do about ...,2026-05-09 17:51:26,reliable,"domain brookings.edu has .edu or .ac, indicating an academic institution"
artificial_intelligence,slanted,ai existential risk,1,7,https://web.stanford.edu/~chadj/existentialrisk.pdf,web.stanford.edu,The AI Dilemma: Growth versus Existential Risk,2026-05-09 17:51:29,reliable,"domain web.stanford.edu has .edu or .ac, indicating an academic institution"
artificial_intelligence,slanted,ai existential risk,2,9,https://www.itas.kit.edu/english/projects_heil24_seri2.php,itas.kit.edu,Uncontrollable artificial intelligence: An existential risk?,2026-05-09 17:51:54,reliable,"domain itas.kit.edu has .edu or .ac, indicating an academic institution"
artificial_intelligence,neutral,ai alignment effects,1,7,https://www.brookings.edu/articles/hype-and-harm-why-we-must-ask-harder-questions-about-ai-and-its-alignment-with-human-values/,brookings.edu,Hype and harm: Why we must ask harder questions about ...,2026-05-09 17:52:33,reliable,"domain brookings.edu has .edu or .ac, indicating an academic institution"
artificial_intelligence,neutral,ai alignment effects,2,9,https://hai.stanford.edu/news/challenge-aligning-ai-chatbots,hai.stanford.edu,The Challenge of Aligning AI ChatBots | Stanford HAI,2026-05-09 17:52:52,reliable,"domain hai.stanford.edu has .edu or .ac, indicating an academic institution"
artificial_intelligence,neutral,ai alignment effects,3,9,https://www.scu.edu/ethics/focus-areas/technology-ethics/resources/a-multilevel-framework-for-the-ai-alignment-problem/,scu.edu,A Multilevel Framework for the AI Alignment Problem,2026-05-09 17:53:06,reliable,"domain scu.edu has .edu or .ac, indicating an academic institution"
artificial_intelligence,slanted,ai uncontrolled intelligence,1,3,https://www.itas.kit.edu/english/rg_digit_heil24_seri2.php,itas.kit.edu,Uncontrollable artificial intelligence: An existential risk?,2026-05-09 17:53:19,reliable,"domain itas.kit.edu has .edu or .ac, indicating an academic institution"
artificial_intelligence,slanted,ai uncontrolled intelligence,3,2,https://www.hbs.edu/bigs/insights-ai-wealth-gap,hbs.edu,Unchecked Power of Big Tech Poses Risks as AI ...,2026-05-09 17:53:49,reliable,"domain hbs.edu has .edu or .ac, indicating an academic institution"
artificial_intelligence,neutral,ai ethics guidelines,1,7,https://library.educause.edu/resources/2025/6/ai-ethical-guidelines,library.educause.edu,AI Ethical Guidelines,2026-05-09 17:54:50,reliable,"domain library.educause.edu has .edu or .ac, indicating an academic institution"
artificial_intelligence,slanted,ai bias dangers,1,4,https://hai.stanford.edu/news/how-harmful-are-ais-biases-on-diverse-student-populations,hai.stanford.edu,How Harmful Are AI's Biases on Diverse Student Populations?,2026-05-09 17:55:40,reliable,"domain hai.stanford.edu has .edu or .ac, indicating an academic institution"
artificial_intelligence,slanted,ai bias dangers,2,1,https://mitsloanedtech.mit.edu/ai/basics/addressing-ai-hallucinations-and-bias/,mitsloanedtech.mit.edu,When AI Gets It Wrong: Addressing AI Hallucinations and ...,2026-05-09 17:55:55,reliable,"domain mitsloanedtech.mit.edu has .edu or .ac, indicating an academic institution"
artificial_intelligence,slanted,ai bias dangers,2,3,https://www.chapman.edu/ai/bias-in-ai.aspx,chapman.edu,Bias in AI,2026-05-09 17:55:56,reliable,"domain chapman.edu has .edu or .ac, indicating an academic institution"
gene_drives,slanted,gene drive ecological risks,2,6,https://digitalcommons.unl.edu/cgi/viewcontent.cgi?article=3659&context=icwdm_usdanwrc,digitalcommons.unl.edu,Leveraging eco-evolutionary models for gene drive risk ...,2026-05-09 17:57:49,reliable,"domain digitalcommons.unl.edu has .edu or .ac, indicating an academic institution"
gene_drives,neutral,crispr gene drive research,1,8,https://naes.unr.edu/research/project.aspx?GrantID=841,naes.unr.edu,Developing CRISPR-based gene drives for Lyme disease ...,2026-05-09 17:58:40,reliable,"domain naes.unr.edu has .edu or .ac, indicating an academic institution"
gene_drives,neutral,crispr gene drive research,2,2,https://www.media.mit.edu/articles/crispr-gene-drives-and-the-future-of-evolution/,media.mit.edu,CRISPR gene drives and the future of evolution,2026-05-09 17:58:53,reliable,"domain media.mit.edu has .edu or .ac, indicating an academic institution"
gene_drives,neutral,crispr gene drive research,2,3,https://wyss.harvard.edu/technology/gene-drives/,wyss.harvard.edu,Gene Drives - Wyss Institute,2026-05-09 17:58:54,reliable,"domain wyss.harvard.edu has .edu or .ac, indicating an academic institution"
gene_drives,neutral,crispr gene drive research,2,5,https://www.caltech.edu/about/news/a-new-crispr-driven-technology-for-gene-drive-in-plants,caltech.edu,A New CRISPR-Driven Technology for Gene Drive in Plants,2026-05-09 17:58:54,reliable,"domain caltech.edu has .edu or .ac, indicating an academic institution"
gene_drives,neutral,crispr gene drive research,3,6,https://healthcare.utah.edu/newsroom/news/2026/05/new-kind-of-crispr-could-treat-viral-infection-and-cancer-shredding-sick,healthcare.utah.edu,New Kind of CRISPR Could Treat Viral Infection and ...,2026-05-09 17:59:08,reliable,"domain healthcare.utah.edu has .edu or .ac, indicating an academic institution"
gene_drives,neutral,crispr gene drive research,3,10,https://news.cornell.edu/stories/2020/03/improved-crispr-gene-drive-solves-problems-old-tech,news.cornell.edu,Improved CRISPR gene drive solves problems of old tech,2026-05-09 17:59:10,reliable,"domain news.cornell.edu has .edu or .ac, indicating an academic institution"
gene_drives,slanted,gene drive extinction threat,1,7,https://www.brookings.edu/articles/rna-guided-gene-drives-guiding-us-towards-extinction-or-a-better-public-dialogue-around-science/,brookings.edu,RNA Guided Gene Drives: Guiding us Towards Extinction ...,2026-05-09 17:59:30,reliable,"domain brookings.edu has .edu or .ac, indicating an academic institution"
gene_drives,slanted,gene drive extinction threat,2,5,https://scholarship.law.unc.edu/cgi/viewcontent.cgi?article=6741&context=nclr,scholarship.law.unc.edu,Governing Extinction in the Era of Gene Editing,2026-05-09 17:59:50,reliable,"domain scholarship.law.unc.edu has .edu or .ac, indicating an academic institution"
gene_drives,slanted,gene drive extinction threat,3,8,https://cnr.ncsu.edu/news/2019/06/could-genetic-engineering-help-save-endangered-species/,cnr.ncsu.edu,Could Genetic Engineering Help Save Endangered Species?,2026-05-09 18:00:04,reliable,"domain cnr.ncsu.edu has .edu or .ac, indicating an academic institution"
gene_drives,slanted,selfish genetic elements danger,1,7,https://news.ucsc.edu/2025/05/selfish-genintroners-proven-major-source-of-genetic-complexity/,news.ucsc.edu,'Selfish' genes called introners proven to be a major source ...,2026-05-09 18:01:32,reliable,"domain news.ucsc.edu has .edu or .ac, indicating an academic institution"
gene_drives,slanted,selfish genetic elements danger,2,8,https://www.rochester.edu/newscenter/selfish-genetic-element-segregation-distorter-supergene-525992/,rochester.edu,'Supergene' wreaks havoc in a genome,2026-05-09 18:01:48,reliable,"domain rochester.edu has .edu or .ac, indicating an academic institution"
gene_drives,slanted,selfish genetic elements danger,3,10,https://read.dukeupress.edu/environmental-humanities/article/13/2/348/235001/The-Less-Selfish-GeneForest-Altruism-Neoliberalism,read.dukeupress.edu,The Less Selfish Gene | Environmental Humanities,2026-05-09 18:02:03,reliable,"domain read.dukeupress.edu has .edu or .ac, indicating an academic institution"
synthetic_biology,neutral,synthetic biology facts,2,1,https://syntheticbiology.northwestern.edu/about-us/synthetic-biology-101/,syntheticbiology.northwestern.edu,Synthetic Biology 101,2026-05-09 18:02:48,reliable,"domain syntheticbiology.northwestern.edu has .edu or .ac, indicating an academic institution"
synthetic_biology,slanted,synthetic biology bioweapons,1,10,https://inss.ndu.edu/Media/News/Article/4250380/bold-new-bioweapons-part-1-the-burdens-of-detection-and-attribution/,inss.ndu.edu,Bold New Bioweapons: Part 1 — The Burdens of Detection ...,2026-05-09 18:03:23,reliable,"domain inss.ndu.edu has .edu or .ac, indicating an academic institution"
synthetic_biology,slanted,synthetic biology bioweapons,2,2,https://law.stanford.edu/wp-content/uploads/2021/12/FINAL-ROUND_Leach-1.pdf,law.stanford.edu,Synthetic Biology & the Biological Weapons Convention,2026-05-09 18:03:35,reliable,"domain law.stanford.edu has .edu or .ac, indicating an academic institution"
synthetic_biology,slanted,synthetic biology bioweapons,2,5,https://ctc.westpoint.edu/engineered-pathogens-and-unnatural-biological-weapons-the-future-threat-of-synthetic-biology/,ctc.westpoint.edu,Engineered Pathogens and Unnatural Biological Weapons,2026-05-09 18:03:36,reliable,"domain ctc.westpoint.edu has .edu or .ac, indicating an academic institution"
synthetic_biology,slanted,synthetic biology bioweapons,2,7,https://gjia.georgetown.edu/science-technology/deterrence-in-the-age-of-weaponizable-biotechnology/,gjia.georgetown.edu,Deterrence in the Age of Weaponizable Biotechnology,2026-05-09 18:03:37,reliable,"domain gjia.georgetown.edu has .edu or .ac, indicating an academic institution"
synthetic_biology,slanted,synthetic biology bioweapons,3,3,https://cjil.uchicago.edu/print-archive/two-terribles-day-without-space-and-ai-enabled-synthetic-biological-weapons,cjil.uchicago.edu,A Day Without Space and AI Enabled Synthetic Biological ...,2026-05-09 18:03:49,reliable,"domain cjil.uchicago.edu has .edu or .ac, indicating an academic institution"
synthetic_biology,neutral,genetic engineering research,2,10,https://libguides.northwestern.edu/geneng,libguides.northwestern.edu,Resources - Genetic Engineering,2026-05-09 18:04:33,reliable,"domain libguides.northwestern.edu has .edu or .ac, indicating an academic institution"
synthetic_biology,neutral,genetic engineering research,3,8,https://ai.umich.edu/blog-posts/genetic-engineering-how-crispr-is-revolutionizing-medicine-conservation-and-research/,ai.umich.edu,Genetic Engineering: How CRISPR is revolutionizing ...,2026-05-09 18:04:46,reliable,"domain ai.umich.edu has .edu or .ac, indicating an academic institution"
synthetic_biology,neutral,genetic engineering research,3,10,https://news.mit.edu/topic/genetic-engineering,news.mit.edu,Genetic engineering,2026-05-09 18:04:48,reliable,"domain news.mit.edu has .edu or .ac, indicating an academic institution"
synthetic_biology,slanted,designer babies ethics,1,1,https://petrieflom.law.harvard.edu/2024/03/11/designer-babies-the-ethical-and-regulatory-implications-of-polygenic-embryo-screening/,petrieflom.law.harvard.edu,Designer Babies? The Ethical and Regulatory Implications ...,2026-05-09 18:05:04,reliable,"domain petrieflom.law.harvard.edu has .edu or .ac, indicating an academic institution"
synthetic_biology,slanted,designer babies ethics,1,3,https://embryo.asu.edu/pages/ethics-designer-babies,embryo.asu.edu,Ethics of Designer Babies | Embryo Project Encyclopedia,2026-05-09 18:05:06,reliable,"domain embryo.asu.edu has .edu or .ac, indicating an academic institution"
synthetic_biology,slanted,designer babies ethics,1,8,https://digitalcommons.augustana.edu/cgi/viewcontent.cgi?article=1032&context=ethicscontest,digitalcommons.augustana.edu,The Ethicality of Gene Alteration In Human Embryos,2026-05-09 18:05:24,reliable,"domain digitalcommons.augustana.edu has .edu or .ac, indicating an academic institution"
synthetic_biology,slanted,designer babies ethics,2,6,https://med.nyu.edu/departments-institutes/population-health/divisions-sections-centers/medical-ethics/sites/default/files/medical-ethics-sex-selection-genetic-analysis.pdf,med.nyu.edu,"Sex Selection, Genetic Analysis, and Designer Babies",2026-05-09 18:05:37,reliable,"domain med.nyu.edu has .edu or .ac, indicating an academic institution"
synthetic_biology,slanted,designer babies ethics,2,8,https://morgantonscientific.ncssm.edu/articles/xgky2283,morgantonscientific.ncssm.edu,Designer Babies A Tale of Horrific Immoralities,2026-05-09 18:05:38,reliable,"domain morgantonscientific.ncssm.edu has .edu or .ac, indicating an academic institution"
synthetic_biology,slanted,designer babies ethics,2,9,https://journals.tulane.edu/ncs/article/view/3785,journals.tulane.edu,Evaluating the Ethics of Human Gene Editing,2026-05-09 18:05:38,reliable,"domain journals.tulane.edu has .edu or .ac, indicating an academic institution"
synthetic_biology,slanted,designer babies ethics,3,1,https://journals.tulane.edu/ncs/article/view/3785,journals.tulane.edu,Evaluating the Ethics of Human Gene Editing,2026-05-09 18:05:49,reliable,"domain journals.tulane.edu has .edu or .ac, indicating an academic institution"
synthetic_biology,neutral,biohacking safety,1,7,https://www.brookings.edu/articles/do-it-yourself-biology-shows-safety-risks-of-an-open-innovation-movement/,brookings.edu,Do-it-yourself biology shows safety risks of an open ...,2026-05-09 18:06:37,reliable,"domain brookings.edu has .edu or .ac, indicating an academic institution"
synthetic_biology,neutral,biohacking safety,2,5,https://vce.usc.edu/volume-5-issue-2/biohacking-the-ethical-implications-of-democratizing-biotechnology/,vce.usc.edu,Biohacking: The Ethical Implications of Democratizing ...,2026-05-09 18:06:51,reliable,"domain vce.usc.edu has .edu or .ac, indicating an academic institution"
synthetic_biology,neutral,biohacking safety,3,3,https://www.eccu.edu/blog/biohacking-implant-security-medical-devices-hacking/,eccu.edu,Biohacking & Implant Security: Medical Device Hacking,2026-05-09 18:07:04,reliable,"domain eccu.edu has .edu or .ac, indicating an academic institution"
synthetic_biology,neutral,biohacking safety,3,6,https://ctc.westpoint.edu/the-biohacker-a-threat-to-national-security/,ctc.westpoint.edu,The Biohacker: A Threat to National Security,2026-05-09 18:07:05,reliable,"domain ctc.westpoint.edu has .edu or .ac, indicating an academic institution"
synthetic_biology,slanted,garage biology risks,1,5,https://www.brookings.edu/articles/do-it-yourself-biology-shows-safety-risks-of-an-open-innovation-movement/,brookings.edu,Do-it-yourself biology shows safety risks of an open ...,2026-05-09 18:07:20,reliable,"domain brookings.edu has .edu or .ac, indicating an academic institution"
synthetic_biology,slanted,garage biology risks,3,3,https://alumni.berkeley.edu/california-magazine/online/do-it-yourself-biology-messing-around-dna-increasingly-garage/,alumni.berkeley.edu,Do-It-Yourself Biology? Messing Around with DNA ...,2026-05-09 18:07:54,reliable,"domain alumni.berkeley.edu has .edu or .ac, indicating an academic institution"
synthetic_biology,slanted,garage biology risks,3,10,https://publikationen.bibliothek.kit.edu/1000179263/157141898,publikationen.bibliothek.kit.edu,DIY bio(techno)logy - actors and perspektives. Chapter VI. ...,2026-05-09 18:07:56,reliable,"domain publikationen.bibliothek.kit.edu has .edu or .ac, indicating an academic institution"
nanotechnology,neutral,nanotechnology medical impact,3,2,https://engineeringonline.ucr.edu/blog/nanotechnology-in-medicine/,engineeringonline.ucr.edu,Major Nanomaterials Use Cases in Medicine,2026-05-09 18:08:48,reliable,"domain engineeringonline.ucr.edu has .edu or .ac, indicating an academic institution"
nanotechnology,neutral,nanomaterials safety research,1,6,https://ehs.cornell.edu/research-safety/chemical-safety/specific-chemical-hazards/nanomaterials,ehs.cornell.edu,"Nanomaterials | Environment, Health and Safety - Cornell EHS",2026-05-09 18:10:05,reliable,"domain ehs.cornell.edu has .edu or .ac, indicating an academic institution"
nanotechnology,neutral,nanomaterials safety research,2,4,https://drs.illinois.edu/Page/SafetyLibrary/Nanomaterials,drs.illinois.edu,Nanomaterials | Division of Research Safety,2026-05-09 18:10:19,reliable,"domain drs.illinois.edu has .edu or .ac, indicating an academic institution"
nanotechnology,neutral,nanomaterials safety research,2,8,https://ehs.msu.edu/lab-clinic/chem/nanomaterials.html,ehs.msu.edu,Nanomaterials - Environmental Health & Safety,2026-05-09 18:10:20,reliable,"domain ehs.msu.edu has .edu or .ac, indicating an academic institution"
nanotechnology,neutral,nanomaterials safety research,3,3,https://www.academia.edu/29014919/Working_safely_with_nanomaterials_in_research_and_development,academia.edu,(PDF) Working safely with nanomaterials in research & ...,2026-05-09 18:10:32,reliable,"domain academia.edu has .edu or .ac, indicating an academic institution"
nanotechnology,neutral,nanomaterials safety research,3,6,https://ehs.brown.edu/laboratory-safety/nanomaterials-safety,ehs.brown.edu,Nanomaterials Safety,2026-05-09 18:10:33,reliable,"domain ehs.brown.edu has .edu or .ac, indicating an academic institution"
nanotechnology,neutral,nanomaterials safety research,3,10,https://ehs.ua.edu/compliance__trashed/chemical-safety/engineered-nanomaterials-safety-guidance-for-research/,ehs.ua.edu,Engineered Nanomaterials: Safety Guidance for Research | EHS,2026-05-09 18:10:34,reliable,"domain ehs.ua.edu has .edu or .ac, indicating an academic institution"
nanotechnology,slanted,nanotech environmental impact,1,4,https://ceint.duke.edu/index.html,ceint.duke.edu,Center for the Environmental Implications of NanoTechnology,2026-05-09 18:10:53,reliable,"domain ceint.duke.edu has .edu or .ac, indicating an academic institution"
nanotechnology,slanted,nanotech environmental impact,2,10,https://e360.yale.edu/features/nanotech_the_unknown_risks,e360.yale.edu,Nanotech: The Unknown Risks,2026-05-09 18:11:23,reliable,"domain e360.yale.edu has .edu or .ac, indicating an academic institution"
nanotechnology,slanted,nanotech environmental impact,3,4,https://news.wisc.edu/nanotechs-health-environment-impacts-worry-scientists/,news.wisc.edu,"Nanotech's health, environment impacts worry scientists",2026-05-09 18:11:34,reliable,"domain news.wisc.edu has .edu or .ac, indicating an academic institution"
nanotechnology,slanted,nanotech environmental impact,3,7,https://www.academia.edu/78799636/Impact_of_Nanotechnology_on_Environment,academia.edu,(PDF) Impact of Nanotechnology on Environment,2026-05-09 18:11:35,reliable,"domain academia.edu has .edu or .ac, indicating an academic institution"
nanotechnology,slanted,nanoparticle lung disease,2,7,https://ui.adsabs.harvard.edu/abs/2021Toxic...9..204F/abstract,ui.adsabs.harvard.edu,Relationship between Occupational Exposure to Airborne ...,2026-05-09 18:13:26,reliable,"domain ui.adsabs.harvard.edu has .edu or .ac, indicating an academic institution"
quantum_computing,neutral,quantum computing cryptography,1,5,https://cs.stanford.edu/people/eroberts/courses/soco/projects/2004-05/cryptography/quantum.html,cs.stanford.edu,Quantum cryptography,2026-05-09 18:14:06,reliable,"domain cs.stanford.edu has .edu or .ac, indicating an academic institution"
quantum_computing,neutral,quantum computing cryptography,2,10,https://it.umd.edu/security-privacy-audit-risk-and-compliance-services-sparcs/topic-week/quantum-computing-how-it-changes-encryption-we-know-it,it.umd.edu,Quantum Computing - How it Changes Encryption as We ...,2026-05-09 18:14:38,reliable,"domain it.umd.edu has .edu or .ac, indicating an academic institution"
quantum_computing,neutral,quantum computing cryptography,3,2,https://scienceexchange.caltech.edu/topics/quantum-science-explained/quantum-cryptography,scienceexchange.caltech.edu,How Will Quantum Technologies Change Cryptography?,2026-05-09 18:14:49,reliable,"domain scienceexchange.caltech.edu has .edu or .ac, indicating an academic institution"
quantum_computing,neutral,quantum ai research,3,6,https://researchimpact.caltech.edu/ai-quantum-computing,researchimpact.caltech.edu,AI and Quantum Computing - Research Impact - Caltech,2026-05-09 18:19:02,reliable,"domain researchimpact.caltech.edu has .edu or .ac, indicating an academic institution"
quantum_computing,slanted,quantum computing dangers,2,7,https://www.american.edu/sis/centers/security-technology/quantum-computers.cfm,american.edu,"Quantum Computers: Opportunities, Risks, and Challenges ...",2026-05-09 18:20:03,reliable,"domain american.edu has .edu or .ac, indicating an academic institution"
lab_grown_meat,neutral,cultured meat safety,3,1,https://thewell.northwell.edu/culturally-relevant-stories/synthetic-meat-safety,thewell.northwell.edu,Lab-Grown Meat: Is It Safe To Eat? - The Well by Northwell,2026-05-09 18:21:29,reliable,"domain thewell.northwell.edu has .edu or .ac, indicating an academic institution"
lab_grown_meat,slanted,lab meat health risks,2,3,https://thewell.northwell.edu/culturally-relevant-stories/synthetic-meat-safety,thewell.northwell.edu,Lab-Grown Meat: Is It Safe To Eat? - The Well by Northwell,2026-05-09 18:22:09,reliable,"domain thewell.northwell.edu has .edu or .ac, indicating an academic institution"
lab_grown_meat,neutral,cellular agriculture research,1,5,https://cellularagriculture.tufts.edu/research,cellularagriculture.tufts.edu,Research | Tufts University Center for Cellular Agriculture,2026-05-09 18:22:42,reliable,"domain cellularagriculture.tufts.edu has .edu or .ac, indicating an academic institution"
lab_grown_meat,slanted,test tube meat dangers,2,1,https://thewell.northwell.edu/culturally-relevant-stories/synthetic-meat-safety,thewell.northwell.edu,Lab-Grown Meat: Is It Safe To Eat? - The Well by Northwell,2026-05-09 18:23:57,reliable,"domain thewell.northwell.edu has .edu or .ac, indicating an academic institution"
lab_grown_meat,slanted,test tube meat dangers,2,4,https://www.ucdavis.edu/food/news/lab-grown-meat-carbon-footprint-worse-beef,ucdavis.edu,Lab-Grown Meat Potentially Worse For The Climate Than ...,2026-05-09 18:23:58,reliable,"domain ucdavis.edu has .edu or .ac, indicating an academic institution"
lab_grown_meat,neutral,clean meat environmental impact,3,9,https://woods.stanford.edu/news/meats-environmental-impact,woods.stanford.edu,Meat's Environmental Impact,2026-05-09 18:25:11,reliable,"domain woods.stanford.edu has .edu or .ac, indicating an academic institution"
lab_grown_meat,slanted,fake meat processing risks,1,2,https://hsph.harvard.edu/news/the-bottom-line-on-fake-meat-and-health/,hsph.harvard.edu,The bottom line on fake meat and health,2026-05-09 18:25:24,reliable,"domain hsph.harvard.edu has .edu or .ac, indicating an academic institution"
3d_printing,neutral,3d printed organs facts,1,2,https://seas.harvard.edu/news/3d-printed-blood-vessels-bring-artificial-organs-closer-reality,seas.harvard.edu,3D-printed blood vessels bring artificial organs closer to reality,2026-05-09 18:26:30,reliable,"domain seas.harvard.edu has .edu or .ac, indicating an academic institution"
3d_printing,neutral,3d printed organs facts,2,2,https://news.stanford.edu/stories/2025/06/blood-vessels-3d-printed-heart-organs,news.stanford.edu,Designing blood vessels for 3D printed hearts - Stanford Report,2026-05-09 18:26:58,reliable,"domain news.stanford.edu has .edu or .ac, indicating an academic institution"
3d_printing,neutral,3d printed organs facts,2,3,https://www.psu.edu/impact/story/3d-bioprinting-revolutionizing-healthcare/,psu.edu,3D Bioprinting: Revolutionizing Healthcare,2026-05-09 18:26:58,reliable,"domain psu.edu has .edu or .ac, indicating an academic institution"
3d_printing,neutral,3d printed organs facts,2,10,https://illumin.usc.edu/3d-printed-organs/,illumin.usc.edu,3D Printed Organs,2026-05-09 18:27:00,reliable,"domain illumin.usc.edu has .edu or .ac, indicating an academic institution"
3d_printing,neutral,3d printed organs facts,3,8,https://wyss.harvard.edu/technology/3d-bioprinting/,wyss.harvard.edu,3D Bioprinting of Living Tissues - Wyss Institute,2026-05-09 18:27:14,reliable,"domain wyss.harvard.edu has .edu or .ac, indicating an academic institution"
3d_printing,slanted,3d printing bioprinting risks,1,8,https://bioprinting.psu.edu/resources/legal-and-regulatory-considerations-for-3d-bioprinting,bioprinting.psu.edu,Legal and Regulatory Considerations for 3D Bioprinting,2026-05-09 18:28:48,reliable,"domain bioprinting.psu.edu has .edu or .ac, indicating an academic institution"
3d_printing,neutral,additive manufacturing research,3,9,https://engineering.cmu.edu/mfi/research/additive-manufacturing.html,engineering.cmu.edu,Additive manufacturing,2026-05-09 18:30:06,reliable,"domain engineering.cmu.edu has .edu or .ac, indicating an academic institution"
3d_printing,slanted,3d printed gun dangers,1,3,https://law.yale.edu/sites/default/files/area/center/justice/yale_regulate-3dguns_infographic_v4_08.13.21.pdf,law.yale.edu,Dangers of 3D-printed ghost guns,2026-05-09 18:30:23,reliable,"domain law.yale.edu has .edu or .ac, indicating an academic institution"
3d_printing,slanted,3d printed gun dangers,1,4,https://www.middlebury.edu/institute/academics/centers-initiatives/ctec/ctec-publications/3d-printed-guns-and-school-safety-evolution,middlebury.edu,3D-Printed Guns and School Safety: The Evolution of a ...,2026-05-09 18:30:23,reliable,"domain middlebury.edu has .edu or .ac, indicating an academic institution"
3d_printing,slanted,3d printed gun dangers,3,10,https://wvutoday.wvu.edu/media-center-blog/2018/08/01/expert-pitch-wvu-expert-says-people-3d-printing-guns-put-themselves-at-risk,wvutoday.wvu.edu,WVU expert says people 3D-printing guns put themselves at risk,2026-05-09 18:30:54,reliable,"domain wvutoday.wvu.edu has .edu or .ac, indicating an academic institution"
3d_printing,neutral,metal 3d printing safety,1,6,https://ehs.msu.edu/_assets/docs/chem/3d-printing-safety.pdf,ehs.msu.edu,3D printing/additive manufacturing safety,2026-05-09 18:31:14,reliable,"domain ehs.msu.edu has .edu or .ac, indicating an academic institution"
3d_printing,neutral,metal 3d printing safety,2,2,https://ehs.yale.edu/sites/default/files/files/3D-printer.pdf,ehs.yale.edu,3D PRINTER SAFETY,2026-05-09 18:31:27,reliable,"domain ehs.yale.edu has .edu or .ac, indicating an academic institution"
3d_printing,neutral,metal 3d printing safety,2,10,https://ehs.stanford.edu/wp-content/uploads/3D-Printing-Guidance_2023.pdf,ehs.stanford.edu,3D Printing Guidance,2026-05-09 18:31:34,reliable,"domain ehs.stanford.edu has .edu or .ac, indicating an academic institution"
3d_printing,neutral,metal 3d printing safety,3,4,https://ehs.vt.edu/programs/occupational-safety/3dprinting.html,ehs.vt.edu,3D Printing Safety,2026-05-09 18:32:01,reliable,"domain ehs.vt.edu has .edu or .ac, indicating an academic institution"
3d_printing,neutral,metal 3d printing safety,3,10,https://research.wayne.edu/oehs/lab-safety/3d-printing,research.wayne.edu,3D Printing / Additive Manufacturing Safety,2026-05-09 18:32:04,reliable,"domain research.wayne.edu has .edu or .ac, indicating an academic institution"
3d_printing,slanted,3d printing toxic emissions,2,4,https://ehs.osu.edu/kb/3d-printer-safety,ehs.osu.edu,3D Printer Safety,2026-05-09 18:33:00,reliable,"domain ehs.osu.edu has .edu or .ac, indicating an academic institution"
3d_printing,slanted,3d printing toxic emissions,2,8,https://cos.gatech.edu/news/particles-emitted-consumer-3d-printers-could-hurt-indoor-air-quality,cos.gatech.edu,Particles Emitted by Consumer 3D Printers Could Hurt ...,2026-05-09 18:33:00,reliable,"domain cos.gatech.edu has .edu or .ac, indicating an academic institution"
autonomous_vehicles,neutral,self driving car safety,1,2,https://www.brookings.edu/articles/the-evolving-safety-and-policy-challenges-of-self-driving-cars/,brookings.edu,The evolving safety and policy challenges of self-driving cars,2026-05-09 18:33:37,reliable,"domain brookings.edu has .edu or .ac, indicating an academic institution"
autonomous_vehicles,neutral,self driving car safety,3,5,https://css.umich.edu/publications/factsheets/mobility/autonomous-vehicles-factsheet,css.umich.edu,Autonomous Vehicles Factsheet,2026-05-09 18:34:15,reliable,"domain css.umich.edu has .edu or .ac, indicating an academic institution"
autonomous_vehicles,slanted,autonomous vehicle accidents,2,2,https://www.brookings.edu/articles/setting-the-standard-of-liability-for-self-driving-cars/,brookings.edu,Setting the standard of liability for self-driving cars,2026-05-09 18:34:56,reliable,"domain brookings.edu has .edu or .ac, indicating an academic institution"
autonomous_vehicles,slanted,autonomous vehicle accidents,2,8,https://www.library.hbs.edu/working-knowledge/why-people-blame-self-driving-cars-more-than-human-drivers,library.hbs.edu,Why People Blame Self-Driving Cars More Than Human Drivers,2026-05-09 18:34:58,reliable,"domain library.hbs.edu has .edu or .ac, indicating an academic institution"
autonomous_vehicles,neutral,autonomous trucking impact,2,7,https://laborcenter.berkeley.edu/driverless/,laborcenter.berkeley.edu,Driverless? Autonomous Trucks and the Future of the ...,2026-05-09 18:35:55,reliable,"domain laborcenter.berkeley.edu has .edu or .ac, indicating an academic institution"
autonomous_vehicles,slanted,self driving truck dangers,3,7,https://www.brookings.edu/articles/the-evolving-safety-and-policy-challenges-of-self-driving-cars/,brookings.edu,The evolving safety and policy challenges of self-driving cars,2026-05-09 18:36:59,reliable,"domain brookings.edu has .edu or .ac, indicating an academic institution"
autonomous_vehicles,slanted,driverless car hacking risks,1,1,https://cse.engin.umich.edu/stories/protecting-connected-self-driving-vehicles-from-hackers,cse.engin.umich.edu,"Protecting connected, self-driving vehicles from hackers",2026-05-09 18:38:12,reliable,"domain cse.engin.umich.edu has .edu or .ac, indicating an academic institution"
autonomous_vehicles,slanted,driverless car hacking risks,1,4,https://www.tesu.edu/about/blog/2020/should-we-be-worried-about-the-hacking-of-autonomous-vehicles.php,tesu.edu,Should We Be Worried About the Hacking of Autonomous ...,2026-05-09 18:38:13,reliable,"domain tesu.edu has .edu or .ac, indicating an academic institution"
autonomous_vehicles,slanted,driverless car hacking risks,3,4,https://news.fiu.edu/2023/how-ai-will-protect-your-car-and-your-privacy,news.fiu.edu,Protecting your self-driving car - and your privacy,2026-05-09 18:38:54,reliable,"domain news.fiu.edu has .edu or .ac, indicating an academic institution"
autonomous_vehicles,slanted,driverless car hacking risks,3,9,https://news.northeastern.edu/2026/02/18/connected-cars-hacking-research/,news.northeastern.edu,"Connected cars can be hacked, research finds",2026-05-09 18:38:55,reliable,"domain news.northeastern.edu has .edu or .ac, indicating an academic institution"
cryptocurrency,neutral,bitcoin blockchain security,2,4,https://www.egr.msu.edu/~renjian/pubs/Blockchain-IoT.pdf,egr.msu.edu,Bitcoin and Blockchain: Security and Privacy,2026-05-09 18:39:41,reliable,"domain egr.msu.edu has .edu or .ac, indicating an academic institution"
cryptocurrency,neutral,bitcoin blockchain security,3,9,https://cyberir.mit.edu/site/bitcoin-and-blockchain-security-and-privacy/,cyberir.mit.edu,Bitcoin and Blockchain: Security and Privacy,2026-05-09 18:39:56,reliable,"domain cyberir.mit.edu has .edu or .ac, indicating an academic institution"
cryptocurrency,slanted,cryptocurrency environmental damage,1,6,https://hsph.harvard.edu/news/bitcoin-mining-increases-levels-of-air-pollution-harmful-to-human-health/,hsph.harvard.edu,Bitcoin mining increases levels of air pollution harmful to ...,2026-05-09 18:40:22,reliable,"domain hsph.harvard.edu has .edu or .ac, indicating an academic institution"
cryptocurrency,slanted,cryptocurrency environmental damage,3,1,https://unu.edu/press-release/un-study-reveals-hidden-environmental-impacts-bitcoin-carbon-not-only-harmful-product,unu.edu,UN Study Reveals the Hidden Environmental Impacts of ...,2026-05-09 18:42:24,reliable,"domain unu.edu has .edu or .ac, indicating an academic institution"
cryptocurrency,slanted,cryptocurrency environmental damage,3,4,https://grc.berkeley.edu/the-sustainability-of-bitcoin-and-its-impact-on-the-environment/,grc.berkeley.edu,The Sustainability of Bitcoin and its Impact on ...,2026-05-09 18:42:25,reliable,"domain grc.berkeley.edu has .edu or .ac, indicating an academic institution"
cryptocurrency,neutral,crypto mining energy use,2,8,https://bfi.uchicago.edu/insight/research-summary/when-cryptomining-comes-to-town-high-electricity-use-spillovers-to-the-local-economy/,bfi.uchicago.edu,When Cryptomining Comes to Town: High Electricity-Use ...,2026-05-09 18:43:07,reliable,"domain bfi.uchicago.edu has .edu or .ac, indicating an academic institution"
cryptocurrency,neutral,crypto mining energy use,3,8,https://unu.edu/press-release/un-study-reveals-hidden-environmental-impacts-bitcoin-carbon-not-only-harmful-product,unu.edu,UN Study Reveals the Hidden Environmental Impacts of ...,2026-05-09 18:43:17,reliable,"domain unu.edu has .edu or .ac, indicating an academic institution"
cryptocurrency,slanted,bitcoin carbon footprint,1,2,https://ceepr.mit.edu/wp-content/uploads/2021/09/2018-018.pdf,ceepr.mit.edu,The Carbon Footprint of Bitcoin,2026-05-09 18:43:28,reliable,"domain ceepr.mit.edu has .edu or .ac, indicating an academic institution"
cryptocurrency,slanted,bitcoin carbon footprint,1,9,https://unu.edu/press-release/un-study-reveals-hidden-environmental-impacts-bitcoin-carbon-not-only-harmful-product,unu.edu,UN Study Reveals the Hidden Environmental Impacts of ...,2026-05-09 18:43:42,reliable,"domain unu.edu has .edu or .ac, indicating an academic institution"
cryptocurrency,slanted,bitcoin carbon footprint,3,1,https://ceepr.mit.edu/workingpaper/the-carbon-footprint-of-bitcoin/,ceepr.mit.edu,The Carbon Footprint of Bitcoin,2026-05-09 18:43:57,reliable,"domain ceepr.mit.edu has .edu or .ac, indicating an academic institution"
cryptocurrency,neutral,cryptocurrency financial inclusion,1,4,https://www.brookings.edu/articles/debunking-the-narratives-about-cryptocurrency-and-financial-inclusion/,brookings.edu,Debunking the narratives about cryptocurrency and ...,2026-05-09 18:44:18,reliable,"domain brookings.edu has .edu or .ac, indicating an academic institution"
cryptocurrency,neutral,cryptocurrency financial inclusion,1,7,https://www.sipa.columbia.edu/sipa-education/capstone-workshops/cryptocurrency-and-unbankedunderbanked-world,sipa.columbia.edu,Cryptocurrency and the Unbanked/Underbanked in the World,2026-05-09 18:44:20,reliable,"domain sipa.columbia.edu has .edu or .ac, indicating an academic institution"
cryptocurrency,neutral,cryptocurrency financial inclusion,2,6,https://msb.georgetown.edu/news-story/research-and-insights/the-edge-from-bitcoin-to-banking-the-rise-of-crypto/,msb.georgetown.edu,The Edge: From Bitcoin to Banking: The Rise of Crypto,2026-05-09 18:44:37,reliable,"domain msb.georgetown.edu has .edu or .ac, indicating an academic institution"
blockchain,neutral,decentralized finance research,2,7,https://www.gatech.edu/news/2025/05/08/decentralized-finance-booming-so-are-security-risks,gatech.edu,Decentralized Finance is Booming — So Are the Security ...,2026-05-09 18:49:18,reliable,"domain gatech.edu has .edu or .ac, indicating an academic institution"
blockchain,slanted,defi hacking risks,3,8,https://www.gatech.edu/news/2025/05/08/decentralized-finance-booming-so-are-security-risks,gatech.edu,Decentralized Finance is Booming — So Are the Security ...,2026-05-09 18:50:13,reliable,"domain gatech.edu has .edu or .ac, indicating an academic institution"
social_media,neutral,instagram mental health research,2,10,https://health.ucdavis.edu/blog/cultivating-health/social-medias-impact-our-mental-health-and-tips-to-use-it-safely/2024/05,health.ucdavis.edu,Social media's impact on our mental health and tips to use ...,2026-05-09 18:50:49,reliable,"domain health.ucdavis.edu has .edu or .ac, indicating an academic institution"
social_media,neutral,instagram mental health research,3,8,https://digitalcommons.unf.edu/cgi/viewcontent.cgi?article=1026&context=pandion_unf,digitalcommons.unf.edu,#selfcare on Instagram: Proactive Mental Health Has Its Moment,2026-05-09 18:50:58,reliable,"domain digitalcommons.unf.edu has .edu or .ac, indicating an academic institution"
social_media,slanted,social media depression link,1,4,https://law.stanford.edu/2024/05/20/social-media-addiction-and-mental-health-the-growing-concern-for-youth-well-being/,law.stanford.edu,Social Media Addiction and Mental Health: The Growing ...,2026-05-09 18:51:12,reliable,"domain law.stanford.edu has .edu or .ac, indicating an academic institution"
social_media,slanted,social media depression link,2,8,https://www.ucsf.edu/news/2025/05/430011/yes-social-media-might-be-making-kids-depressed,ucsf.edu,"Yes, Social Media Might Be Making Kids Depressed",2026-05-09 18:51:28,reliable,"domain ucsf.edu has .edu or .ac, indicating an academic institution"
social_media,slanted,social media depression link,3,1,https://www.utsouthwestern.edu/newsroom/articles/year-2025/march-social-media-youth-depression.html,utsouthwestern.edu,Social media may heighten depression severity in youth,2026-05-09 18:51:35,reliable,"domain utsouthwestern.edu has .edu or .ac, indicating an academic institution"
social_media,slanted,social media depression link,3,3,https://health.ucdavis.edu/blog/cultivating-health/social-medias-impact-our-mental-health-and-tips-to-use-it-safely/2024/05,health.ucdavis.edu,Social media's impact on our mental health and tips to use ...,2026-05-09 18:51:35,reliable,"domain health.ucdavis.edu has .edu or .ac, indicating an academic institution"
social_media,slanted,social media depression link,3,5,https://mitsloan.mit.edu/ideas-made-to-matter/study-social-media-use-linked-to-decline-mental-health,mitsloan.mit.edu,Study: Social media use linked to decline in mental health,2026-05-09 18:51:36,reliable,"domain mitsloan.mit.edu has .edu or .ac, indicating an academic institution"
social_media,neutral,tiktok algorithm study,1,3,https://research.gatech.edu/new-study-could-show-how-tiktoks-algorithm-affects-youth-mental-health,research.gatech.edu,New Study Could Show How TikTok's Algorithm Affects ...,2026-05-09 18:51:54,reliable,"domain research.gatech.edu has .edu or .ac, indicating an academic institution"
social_media,neutral,tiktok algorithm study,1,6,https://www.hbs.edu/faculty/Pages/item.aspx?num=64984,hbs.edu,TikTok: The Algorithm Will See You Now - Case,2026-05-09 18:52:00,reliable,"domain hbs.edu has .edu or .ac, indicating an academic institution"
social_media,neutral,tiktok algorithm study,2,6,https://digitalcommons.lib.uconn.edu/cgi/viewcontent.cgi?article=2104&context=srhonors_theses,digitalcommons.lib.uconn.edu,The Mathematics Behind TikTok's Short-Form Content ...,2026-05-09 18:52:09,reliable,"domain digitalcommons.lib.uconn.edu has .edu or .ac, indicating an academic institution"
social_media,neutral,tiktok algorithm study,2,9,https://news.web.baylor.edu/news/story/2025/why-tiktok-keeps-you-scrolling-baylor-research-explains-science-behind-social-media,news.web.baylor.edu,Why TikTok Keeps You Scrolling: Baylor Research ...,2026-05-09 18:52:10,reliable,"domain news.web.baylor.edu has .edu or .ac, indicating an academic institution"
social_media,neutral,tiktok algorithm study,3,2,https://www.washington.edu/news/2024/04/24/tiktok-black-box-algorithm-and-design-user-behavior-recommendation/,washington.edu,Q&A: How TikTok's 'black box' algorithm and design shape ...,2026-05-09 18:52:16,reliable,"domain washington.edu has .edu or .ac, indicating an academic institution"
social_media,slanted,tiktok addiction risks,1,8,https://petrieflom.law.harvard.edu/2024/10/30/tiktok-tobacco-and-addiction-oh-my/,petrieflom.law.harvard.edu,"TikTok, Tobacco, and Addiction, Oh My!",2026-05-09 18:52:35,reliable,"domain petrieflom.law.harvard.edu has .edu or .ac, indicating an academic institution"
social_media,slanted,tiktok addiction risks,3,7,https://sites.brown.edu/publichealthjournal/2021/12/13/tiktok/,sites.brown.edu,What Makes TikTok so Addictive?: An Analysis of the ...,2026-05-09 18:52:52,reliable,"domain sites.brown.edu has .edu or .ac, indicating an academic institution"
social_media,neutral,facebook misinformation research,1,3,https://www.jou.ufl.edu/insights/spreading-misinformation-with-careless-sharing/,jou.ufl.edu,Spreading Misinformation with Careless Sharing,2026-05-09 18:53:10,reliable,"domain jou.ufl.edu has .edu or .ac, indicating an academic institution"
social_media,neutral,facebook misinformation research,1,4,https://www.uoc.edu/en/news/2025/fake-news-and-polarization-on-facebook,uoc.edu,Fake news on Facebook on the rise,2026-05-09 18:53:11,reliable,"domain uoc.edu has .edu or .ac, indicating an academic institution"
social_media,neutral,facebook misinformation research,1,9,https://insights.som.yale.edu/insights/how-social-media-rewards-misinformation,insights.som.yale.edu,How Social Media Rewards Misinformation | Yale Insights,2026-05-09 18:53:14,reliable,"domain insights.som.yale.edu has .edu or .ac, indicating an academic institution"
social_media,neutral,facebook misinformation research,2,3,https://mitsloan.mit.edu/ideas-made-to-matter/mit-sloan-research-about-social-media-misinformation-and-elections,mitsloan.mit.edu,"MIT Sloan research about social media, misinformation, ...",2026-05-09 18:53:21,reliable,"domain mitsloan.mit.edu has .edu or .ac, indicating an academic institution"
social_media,neutral,facebook misinformation research,2,5,https://www.hbs.edu/faculty/Pages/item.aspx?num=57026,hbs.edu,"Fixing Facebook: Fake News, Privacy, and Platform ...",2026-05-09 18:53:22,reliable,"domain hbs.edu has .edu or .ac, indicating an academic institution"
social_media,neutral,facebook misinformation research,2,7,https://www.asc.upenn.edu/news-events/news/new-study-uncovers-how-information-spread-facebook-lead-and-after-2020-election,asc.upenn.edu,A New Study Uncovers How Information Spread on Facebook ...,2026-05-09 18:53:22,reliable,"domain asc.upenn.edu has .edu or .ac, indicating an academic institution"
social_media,neutral,facebook misinformation research,2,8,https://stories.tamu.edu/news/2023/06/30/visual-misinformation-is-widespread-on-facebook-and-often-undercounted-by-researchers/,stories.tamu.edu,Visual Misinformation Is Widespread On Facebook,2026-05-09 18:53:23,reliable,"domain stories.tamu.edu has .edu or .ac, indicating an academic institution"
social_media,neutral,facebook misinformation research,2,10,https://www.trails.umd.edu/news/new-research-reveals-weakness-in-facebooks-fake-news-policies,trails.umd.edu,New Research Reveals Weakness In Facebook's Fake News ...,2026-05-09 18:53:23,reliable,"domain trails.umd.edu has .edu or .ac, indicating an academic institution"
social_media,neutral,facebook misinformation research,3,1,https://www.trails.umd.edu/news/new-research-reveals-weakness-in-facebooks-fake-news-policies,trails.umd.edu,New Research Reveals Weakness In Facebook's Fake News ...,2026-05-09 18:53:30,reliable,"domain trails.umd.edu has .edu or .ac, indicating an academic institution"
social_media,neutral,facebook misinformation research,3,2,https://today.usc.edu/usc-study-reveals-the-key-reason-why-fake-news-spreads-on-social-media/,today.usc.edu,Study reveals key reason why fake news spreads on social ...,2026-05-09 18:53:30,reliable,"domain today.usc.edu has .edu or .ac, indicating an academic institution"
social_media,neutral,facebook misinformation research,3,3,https://engineering.nyu.edu/news/we-research-misinformation-facebook-it-just-disabled-our-accounts,engineering.nyu.edu,"We research misinformation on Facebook, it just disabled our ...",2026-05-09 18:53:30,reliable,"domain engineering.nyu.edu has .edu or .ac, indicating an academic institution"
social_media,neutral,facebook misinformation research,3,8,https://news.northeastern.edu/2024/12/11/facebook-misinformation-2020-election/,news.northeastern.edu,How Misinformation Spread on Facebook During the 2020 ...,2026-05-09 18:53:32,reliable,"domain news.northeastern.edu has .edu or .ac, indicating an academic institution"
social_media,slanted,facebook polarizing effects,1,3,https://www.gsb.stanford.edu/insights/surprising-discovery-about-facebooks-role-driving-polarization,gsb.stanford.edu,A Surprising Discovery About Facebook's Role in Driving ...,2026-05-09 18:53:49,reliable,"domain gsb.stanford.edu has .edu or .ac, indicating an academic institution"
social_media,slanted,facebook polarizing effects,1,7,https://bhr.stern.nyu.edu/publication/fueling-the-fire-how-social-media-intensifies-u-s-political-polarization-and-what-can-be-done-about-it/,bhr.stern.nyu.edu,How Social Media Intensifies U.S. Political Polarization – ...,2026-05-09 18:53:52,reliable,"domain bhr.stern.nyu.edu has .edu or .ac, indicating an academic institution"
social_media,slanted,facebook polarizing effects,2,2,https://www.brookings.edu/articles/how-tech-platforms-fuel-u-s-political-polarization-and-what-government-can-do-about-it/,brookings.edu,How tech platforms fuel U.S. political polarization and what ...,2026-05-09 18:54:05,reliable,"domain brookings.edu has .edu or .ac, indicating an academic institution"
social_media,slanted,facebook polarizing effects,2,3,https://faculty.washington.edu/hemay/Socialmedia_polarization.pdf,faculty.washington.edu,A Comparative Study of Polarization in Facebook and Email ...,2026-05-09 18:54:06,reliable,"domain faculty.washington.edu has .edu or .ac, indicating an academic institution"
social_media,slanted,facebook polarizing effects,2,7,https://news.northeastern.edu/2025/11/27/social-media-political-polarization-research/,news.northeastern.edu,New research reveals algorithms' hidden political power,2026-05-09 18:54:07,reliable,"domain news.northeastern.edu has .edu or .ac, indicating an academic institution"
social_media,slanted,facebook polarizing effects,3,8,https://news.virginia.edu/content/study-how-facebook-pushes-users-especially-conservative-users-echo-chambers,news.virginia.edu,"Study: How Facebook Pushes Users, Especially Conservative ...",2026-05-09 18:54:17,reliable,"domain news.virginia.edu has .edu or .ac, indicating an academic institution"
social_media,neutral,twitter echo chamber,1,6,https://www.hbs.edu/faculty/Pages/item.aspx?num=61509,hbs.edu,Does Social Media Cause Polarization? Evidence ...,2026-05-09 18:54:40,reliable,"domain hbs.edu has .edu or .ac, indicating an academic institution"
social_media,neutral,twitter echo chamber,1,10,https://ui.adsabs.harvard.edu/abs/arXiv:1403.7102,ui.adsabs.harvard.edu,Echo chamber amplification and disagreement effects in ...,2026-05-09 18:54:43,reliable,"domain ui.adsabs.harvard.edu has .edu or .ac, indicating an academic institution"
social_media,neutral,twitter echo chamber,3,2,https://sloanreview.mit.edu/article/twitter-is-not-the-echo-chamber-we-think-it-is/,sloanreview.mit.edu,Twitter Is Not the Echo Chamber We Think It Is,2026-05-09 18:54:59,reliable,"domain sloanreview.mit.edu has .edu or .ac, indicating an academic institution"
social_media,slanted,online radicalization,1,3,https://extremism.gwu.edu/third-generation-online-radicalization,extremism.gwu.edu,The Third Generation of Online Radicalization,2026-05-09 18:55:19,reliable,"domain extremism.gwu.edu has .edu or .ac, indicating an academic institution"
social_media,slanted,online radicalization,1,7,https://iq.qu.edu/experiential-learning/course-projects-and-capstones/student-projects/political-extremism-and-online-radicalization/,iq.qu.edu,How Misinformation and Disinformation Fuel Online ...,2026-05-09 18:55:22,reliable,"domain iq.qu.edu has .edu or .ac, indicating an academic institution"
social_media,slanted,online radicalization,2,8,https://ctc.westpoint.edu/from-tiktok-to-terrorism-the-online-radicalization-of-european-lone-attackers-since-october-7-2023/,ctc.westpoint.edu,From TikTok to Terrorism? The Online Radicalization of ...,2026-05-09 18:55:32,reliable,"domain ctc.westpoint.edu has .edu or .ac, indicating an academic institution"
social_media,slanted,online radicalization,3,3,https://vptm.ehps.ncsu.edu/2025/07/15/staying-safe-online-what-you-need-to-know-about-radicalization-and-harmful-content/,vptm.ehps.ncsu.edu,The Basics of Online Radicalization,2026-05-09 18:55:39,reliable,"domain vptm.ehps.ncsu.edu has .edu or .ac, indicating an academic institution"
social_media,slanted,online radicalization,3,4,https://d.lib.msu.edu/etd/48077,d.lib.msu.edu,Understanding radicalization process in online far-right ...,2026-05-09 18:55:40,reliable,"domain d.lib.msu.edu has .edu or .ac, indicating an academic institution"
social_media,slanted,online radicalization,3,6,https://citap.unc.edu/publications/far-right-online-radicalization-a-review-of-the-literature/,citap.unc.edu,Far-Right Online Radicalization: A Review of the Literature,2026-05-09 18:55:40,reliable,"domain citap.unc.edu has .edu or .ac, indicating an academic institution"
online_privacy,neutral,gdpr effectiveness,2,1,https://lawreview.gmu.edu/forum/a-report-card-on-the-impact-of-europes-privacy-regulation-gdpr-on-digital-markets/,lawreview.gmu.edu,A Report Card on the Impact of Europe's Privacy ...,2026-05-09 18:57:44,reliable,"domain lawreview.gmu.edu has .edu or .ac, indicating an academic institution"
online_privacy,neutral,gdpr effectiveness,2,2,https://regulatorystudies.columbian.gwu.edu/unintended-consequences-gdpr,regulatorystudies.columbian.gwu.edu,Unintended Consequences of GDPR,2026-05-09 18:57:44,reliable,"domain regulatorystudies.columbian.gwu.edu has .edu or .ac, indicating an academic institution"
online_privacy,neutral,gdpr effectiveness,3,3,https://jolt.law.harvard.edu/digest/innovating-in-uncertainty-effective-compliance-and-the-gdpr,jolt.law.harvard.edu,Innovating in Uncertainty: Effective Compliance and the ...,2026-05-09 18:57:54,reliable,"domain jolt.law.harvard.edu has .edu or .ac, indicating an academic institution"
online_privacy,slanted,data collection privacy risks,2,10,https://hai.stanford.edu/news/privacy-ai-era-how-do-we-protect-our-personal-information,hai.stanford.edu,Privacy in an AI Era: How Do We Protect Our Personal ...,2026-05-09 18:58:22,reliable,"domain hai.stanford.edu has .edu or .ac, indicating an academic institution"
online_privacy,neutral,encryption security research,1,9,https://www.security.uci.edu/how-to/encryption/,security.uci.edu,Protect Data with Encryption - UCI Information Security,2026-05-09 18:58:57,reliable,"domain security.uci.edu has .edu or .ac, indicating an academic institution"
online_privacy,neutral,encryption security research,3,6,https://www.brookings.edu/articles/why-encryption-and-online-safety-go-hand-in-hand/,brookings.edu,Why encryption and online safety go hand-in-hand,2026-05-09 18:59:13,reliable,"domain brookings.edu has .edu or .ac, indicating an academic institution"
online_privacy,neutral,encryption security research,3,9,https://www.bu.edu/articles/2025/our-online-world-relies-on-encryption-what-happens-if-it-fails/,bu.edu,Our Online World Relies on Encryption. What Happens If It ...,2026-05-09 18:59:14,reliable,"domain bu.edu has .edu or .ac, indicating an academic institution"
online_privacy,slanted,government backdoor dangers,1,2,https://www.bu.edu/riscs/2021/05/03/abuse-resistant-government-backdoors/,bu.edu,Abuse-Resistant Government Backdoors,2026-05-09 18:59:27,reliable,"domain bu.edu has .edu or .ac, indicating an academic institution"
online_privacy,slanted,government backdoor dangers,1,5,https://cyberlaw.stanford.edu/blog/2025/05/governments-continue-losing-efforts-to-gain-backdoor-access-to-secure-communications/,cyberlaw.stanford.edu,Governments continue losing efforts to gain backdoor ...,2026-05-09 18:59:39,reliable,"domain cyberlaw.stanford.edu has .edu or .ac, indicating an academic institution"
online_privacy,slanted,government backdoor dangers,1,7,https://engineering.jhu.edu/magazine-archive/2016/01/back-talk/,engineering.jhu.edu,Why 'Back Doors' Are a Bad Idea - JHU Engineering Magazine,2026-05-09 18:59:40,reliable,"domain engineering.jhu.edu has .edu or .ac, indicating an academic institution"
online_privacy,slanted,government backdoor dangers,2,8,https://www.unav.edu/web/global-affairs/encryption-shield-of-privacy-or-gateway-to-abuse,unav.edu,Encryption: Shield of privacy or gateway to abuse?,2026-05-09 18:59:50,reliable,"domain unav.edu has .edu or .ac, indicating an academic institution"
online_privacy,slanted,government backdoor dangers,3,2,https://www.brookings.edu/articles/the-backdoor-threat-to-encryption/,brookings.edu,The backdoor threat to encryption,2026-05-09 18:59:58,reliable,"domain brookings.edu has .edu or .ac, indicating an academic institution"
online_privacy,slanted,facial recognition surveillance,3,5,https://www.hks.harvard.edu/centers/wiener/programs/criminaljustice/news-events/surveillance-facial-recognition-policing,hks.harvard.edu,"Facial Recognition, Video Surveillance, and Policing (2/14/ ...",2026-05-09 19:01:24,reliable,"domain hks.harvard.edu has .edu or .ac, indicating an academic institution"
electronic_cigarettes,neutral,vaping smoking cessation,1,9,https://today.ucsd.edu/story/study-vaping-does-not-help-u.s-tobacco-smokers-quit,today.ucsd.edu,Study: Vaping Does Not Help U.S. Tobacco Smokers Quit,2026-05-09 19:01:49,reliable,"domain today.ucsd.edu has .edu or .ac, indicating an academic institution"
electronic_cigarettes,slanted,e cigarette lung disease,2,4,https://healthcare.utah.edu/healthfeed/2019/07/vaping-and-pneumonia,healthcare.utah.edu,What Vaping Really Does to Your Lungs,2026-05-09 19:02:51,reliable,"domain healthcare.utah.edu has .edu or .ac, indicating an academic institution"
electronic_cigarettes,slanted,e cigarette lung disease,3,7,https://news.harvard.edu/gazette/story/2022/09/study-links-chronic-vaping-to-progressive-lung-damage/,news.harvard.edu,Study links chronic vaping to progressive lung damage,2026-05-09 19:03:01,reliable,"domain news.harvard.edu has .edu or .ac, indicating an academic institution"
electronic_cigarettes,slanted,vaping popcorn lung,2,6,https://www.health.harvard.edu/diseases-and-conditions/popcorn-lung-what-is-it-and-who-is-at-risk,health.harvard.edu,"Popcorn lung: What is it, and who is at risk?",2026-05-09 19:04:24,reliable,"domain health.harvard.edu has .edu or .ac, indicating an academic institution"
electronic_cigarettes,neutral,juul harm reduction,2,8,https://www.repository.law.indiana.edu/ilj/vol96/iss2/7/,repository.law.indiana.edu,"Generation Juul's Case for Harm Reduction"" by Liz Emanuel",2026-05-09 19:05:13,reliable,"domain repository.law.indiana.edu has .edu or .ac, indicating an academic institution"
electronic_cigarettes,slanted,teen vaping epidemic,2,1,https://knowledge.e.southern.edu/cgi/viewcontent.cgi?article=1094&context=gradnursing,knowledge.e.southern.edu,The Vaping Epidemic Among the Adolescent Population,2026-05-09 19:06:42,reliable,"domain knowledge.e.southern.edu has .edu or .ac, indicating an academic institution"
electronic_cigarettes,slanted,teen vaping epidemic,2,6,https://www.brookings.edu/articles/the-youth-vaping-epidemic-addressing-the-rise-of-e-cigarettes-in-schools/,brookings.edu,The youth vaping epidemic: Addressing the rise of e ...,2026-05-09 19:06:43,reliable,"domain brookings.edu has .edu or .ac, indicating an academic institution"
electronic_cigarettes,slanted,teen vaping epidemic,2,10,https://www.aau.edu/research-scholarship/featured-research-topics/usc-study-implicates-flavored-e-cigs-teen-vaping,aau.edu,USC study implicates flavored e-cigs in teen vaping epidemic,2026-05-09 19:06:45,reliable,"domain aau.edu has .edu or .ac, indicating an academic institution"
electronic_cigarettes,slanted,teen vaping epidemic,3,5,https://medicine.yale.edu/news-article/how-vaping-social-media-promotion-target-teens/,medicine.yale.edu,How Social Media Promotion of Vaping Targets Teens,2026-05-09 19:06:51,reliable,"domain medicine.yale.edu has .edu or .ac, indicating an academic institution"
obesity,slanted,obesity health risks,1,6,https://generalsurgery.ucsf.edu/condition/health-risks-being-overweight,generalsurgery.ucsf.edu,Health Risks of Being Overweight,2026-05-09 19:08:18,reliable,"domain generalsurgery.ucsf.edu has .edu or .ac, indicating an academic institution"
obesity,slanted,obesity health risks,2,3,https://nutritionsource.hsph.harvard.edu/obesity/,nutritionsource.hsph.harvard.edu,Obesity - The Nutrition Source,2026-05-09 19:08:26,reliable,"domain nutritionsource.hsph.harvard.edu has .edu or .ac, indicating an academic institution"
obesity,neutral,healthy diet research,1,4,https://www.health.harvard.edu/diet-and-nutrition/harvard-study-six-healthy-diets-linked-with-better-long-term-brain-health,health.harvard.edu,Harvard study: Six healthy diets linked with better long-term ...,2026-05-09 19:10:10,reliable,"domain health.harvard.edu has .edu or .ac, indicating an academic institution"
obesity,neutral,healthy diet research,1,5,https://longevity.stanford.edu/research-update-on-diet/,longevity.stanford.edu,Research Update on Diet - Stanford Center on Longevity,2026-05-09 19:10:11,reliable,"domain longevity.stanford.edu has .edu or .ac, indicating an academic institution"
obesity,neutral,healthy diet research,2,6,https://nutritionsource.hsph.harvard.edu/healthy-eating-plate/,nutritionsource.hsph.harvard.edu,Healthy Eating Plate - The Nutrition Source,2026-05-09 19:10:24,reliable,"domain nutritionsource.hsph.harvard.edu has .edu or .ac, indicating an academic institution"
obesity,slanted,processed food dangers,1,6,https://hsph.harvard.edu/news/the-dangers-of-ultra-processed-foods/,hsph.harvard.edu,The dangers of ultra-processed foods,2026-05-09 19:10:54,reliable,"domain hsph.harvard.edu has .edu or .ac, indicating an academic institution"
obesity,slanted,processed food dangers,1,8,https://ysph.yale.edu/research/information-sheets/ultra-processed-foods/,ysph.yale.edu,Ultra-Processed Foods Information Sheet,2026-05-09 19:11:00,reliable,"domain ysph.yale.edu has .edu or .ac, indicating an academic institution"
obesity,slanted,processed food dangers,2,10,https://siteman.wustl.edu/for-your-health-ultra-processed-foods-and-health-risks/,siteman.wustl.edu,For Your Health – Ultra-Processed Foods and Health Risks,2026-05-09 19:11:10,reliable,"domain siteman.wustl.edu has .edu or .ac, indicating an academic institution"
obesity,slanted,processed food dangers,3,3,https://med.stanford.edu/news/insights/2025/07/ultra-processed-food--five-things-to-know.html,med.stanford.edu,Ultra-processed food: Five things to know - Stanford Medicine,2026-05-09 19:11:18,reliable,"domain med.stanford.edu has .edu or .ac, indicating an academic institution"
obesity,slanted,processed food dangers,3,6,https://publichealth.jhu.edu/2025/what-are-ultra-processed-foods,publichealth.jhu.edu,What Are Ultra-Processed Foods? | Johns Hopkins,2026-05-09 19:11:19,reliable,"domain publichealth.jhu.edu has .edu or .ac, indicating an academic institution"
obesity,slanted,processed food dangers,3,9,https://solutions.tufts.edu/expertise/food-nutrition/more-ultra-processed-foods-you-eat-higher-your-health-risks,solutions.tufts.edu,Ultra-processed Foods and Your Health Risks - Tufts Solutions,2026-05-09 19:11:21,reliable,"domain solutions.tufts.edu has .edu or .ac, indicating an academic institution"
obesity,neutral,exercise impact,1,4,https://www.health.harvard.edu/mind-and-mood/exercise-can-boost-your-memory-and-thinking-skills,health.harvard.edu,Exercise can boost your memory and thinking skills,2026-05-09 19:11:59,reliable,"domain health.harvard.edu has .edu or .ac, indicating an academic institution"
obesity,neutral,exercise impact,2,9,https://www.fau.edu/thrive/students/thrive-thursdays/physicalheallth/,fau.edu,The Transformative Impact of Exercise on Self-Esteem,2026-05-09 19:12:19,reliable,"domain fau.edu has .edu or .ac, indicating an academic institution"
obesity,neutral,exercise impact,3,7,https://lifesciences.byu.edu/how-exercise-affects-your-brain,lifesciences.byu.edu,How exercise affects the brain,2026-05-09 19:12:28,reliable,"domain lifesciences.byu.edu has .edu or .ac, indicating an academic institution"
obesity,neutral,exercise impact,3,9,https://www.health.harvard.edu/diseases-and-conditions/how-does-exercise-affect-blood-pressure,health.harvard.edu,How does exercise affect blood pressure?,2026-05-09 19:12:28,reliable,"domain health.harvard.edu has .edu or .ac, indicating an academic institution"
obesity,slanted,obesity treatment failures,2,3,https://magazine.ucsf.edu/weight-loss-drugs-too-good-to-be-true,magazine.ucsf.edu,Are the New Weight Loss Drugs Too Good to Be True?,2026-05-09 19:12:58,reliable,"domain magazine.ucsf.edu has .edu or .ac, indicating an academic institution"
plant_based_diet,neutral,vegan health impact,2,6,https://www.health.harvard.edu/blog/plant-based-diets-are-best-or-are-they-2019103118122,health.harvard.edu,Plant-based diets are best… or are they?,2026-05-09 19:13:43,reliable,"domain health.harvard.edu has .edu or .ac, indicating an academic institution"
plant_based_diet,neutral,vegan health impact,3,10,https://www.rush.edu/news/health-benefits-vegan-diet,rush.edu,Health Benefits of a Vegan Diet,2026-05-09 19:13:55,reliable,"domain rush.edu has .edu or .ac, indicating an academic institution"
plant_based_diet,slanted,plant based nutrient deficiencies,1,8,https://www.health.harvard.edu/healthbeat/meeting-nutrient-needs-on-a-plant-based-diet,health.harvard.edu,Meeting nutrient needs on a plant-based diet,2026-05-09 19:14:10,reliable,"domain health.harvard.edu has .edu or .ac, indicating an academic institution"
plant_based_diet,slanted,plant based nutrient deficiencies,1,10,https://sph.umich.edu/pursuit/2020posts/thriving-on-a-plant-based-diet.html,sph.umich.edu,Thriving on a Plant-Based Diet | The Pursuit,2026-05-09 19:14:11,reliable,"domain sph.umich.edu has .edu or .ac, indicating an academic institution"
plant_based_diet,slanted,plant based nutrient deficiencies,3,6,https://nutrition.ucdavis.edu/outreach/nutr-health-info-sheets/pro-vegetarian,nutrition.ucdavis.edu,Nutrition & Health Info Sheets for Health Professionals,2026-05-09 19:14:29,reliable,"domain nutrition.ucdavis.edu has .edu or .ac, indicating an academic institution"
plant_based_diet,neutral,vegetarian protein sources,2,6,https://students.dartmouth.edu/health-service/sites/students_health_service.prod/files/students_health_service/wysiwyg/protein_vegetarian_nutrition.pdf,students.dartmouth.edu,Protein in Vegetarian and Vegan Diets,2026-05-09 19:15:34,reliable,"domain students.dartmouth.edu has .edu or .ac, indicating an academic institution"
plant_based_diet,slanted,soy estrogen concerns,1,1,https://nutritionsource.hsph.harvard.edu/soy/,nutritionsource.hsph.harvard.edu,Straight Talk About Soy - The Nutrition Source,2026-05-09 19:15:55,reliable,"domain nutritionsource.hsph.harvard.edu has .edu or .ac, indicating an academic institution"
plant_based_diet,slanted,soy estrogen concerns,2,1,https://bastyr.edu/about/news/debunking-three-myths-about-soy,bastyr.edu,Debunking Three Myths about Soy,2026-05-09 19:16:18,reliable,"domain bastyr.edu has .edu or .ac, indicating an academic institution"
plant_based_diet,slanted,soy estrogen concerns,2,6,https://www.montana.edu/fsnk/graduate/dietetics/blog_posts/Soy_hormonal_health.html,montana.edu,Soy Intake and Hormonal Health Complications - FSNK,2026-05-09 19:16:19,reliable,"domain montana.edu has .edu or .ac, indicating an academic institution"
plant_based_diet,slanted,soy estrogen concerns,3,3,https://www.health.harvard.edu/healthy-aging-and-longevity/confused-about-eating-soy,health.harvard.edu,Confused about eating soy?,2026-05-09 19:16:27,reliable,"domain health.harvard.edu has .edu or .ac, indicating an academic institution"
plant_based_diet,neutral,meat substitutes safety,1,3,https://hsph.harvard.edu/news/the-bottom-line-on-fake-meat-and-health/,hsph.harvard.edu,The bottom line on fake meat and health,2026-05-09 19:16:47,reliable,"domain hsph.harvard.edu has .edu or .ac, indicating an academic institution"
plant_based_diet,neutral,meat substitutes safety,3,1,https://www.canr.msu.edu/news/food-safety-for-plant-based-proteins,canr.msu.edu,Food safety for plant-based proteins,2026-05-09 19:17:22,reliable,"domain canr.msu.edu has .edu or .ac, indicating an academic institution"
plant_based_diet,slanted,processed vegan food risks,3,8,https://www.health.harvard.edu/diet-and-nutrition/the-hidden-dangers-of-protein-powders,health.harvard.edu,The hidden dangers of protein powders,2026-05-09 19:18:12,reliable,"domain health.harvard.edu has .edu or .ac, indicating an academic institution"
raw_milk,neutral,raw milk impact,2,4,https://med.stanford.edu/nutrition/research/completed-studies/raw-milk-study.html,med.stanford.edu,Raw Milk Study | Nutrition - Stanford Medicine,2026-05-09 19:18:50,reliable,"domain med.stanford.edu has .edu or .ac, indicating an academic institution"
raw_milk,neutral,raw milk impact,3,3,https://www.health.harvard.edu/healthy-aging-and-longevity/why-drinking-raw-milk-can-be-dangerous,health.harvard.edu,Why drinking raw milk can be dangerous,2026-05-09 19:18:59,reliable,"domain health.harvard.edu has .edu or .ac, indicating an academic institution"
raw_milk,neutral,raw milk impact,3,5,https://www.pubs.ext.vt.edu/content/pubs_ext_vt_edu/en/FST/FST-139/FST-139.html,pubs.ext.vt.edu,Is Raw Milk Safe? Health Risks and Legal Facts Explained,2026-05-09 19:19:00,reliable,"domain pubs.ext.vt.edu has .edu or .ac, indicating an academic institution"
raw_milk,neutral,raw milk impact,3,9,https://cdr.wisc.edu/cdr-raw-milk-factsheet,cdr.wisc.edu,CDR Raw Milk Fact Sheet,2026-05-09 19:19:01,reliable,"domain cdr.wisc.edu has .edu or .ac, indicating an academic institution"
raw_milk,slanted,raw milk bacteria dangers,2,5,https://ucanr.edu/sites/default/files/2020-09/335712.pdf,ucanr.edu,Unpasteurized Milk Can Pose a Serious Health Risk,2026-05-09 19:19:41,reliable,"domain ucanr.edu has .edu or .ac, indicating an academic institution"
raw_milk,slanted,raw milk bacteria dangers,2,9,https://utia.tennessee.edu/publications/wp-content/uploads/sites/269/2023/10/D28.pdf,utia.tennessee.edu,Food Safety Risks Associated with Consumption of Raw Milk,2026-05-09 19:19:42,reliable,"domain utia.tennessee.edu has .edu or .ac, indicating an academic institution"
raw_milk,slanted,raw milk bacteria dangers,3,4,https://www.pubs.ext.vt.edu/content/pubs_ext_vt_edu/en/FST/FST-139/FST-139.html,pubs.ext.vt.edu,Is Raw Milk Safe? Health Risks and Legal Facts Explained,2026-05-09 19:19:48,reliable,"domain pubs.ext.vt.edu has .edu or .ac, indicating an academic institution"
raw_milk,slanted,raw milk bacteria dangers,3,7,https://med.stanford.edu/news/insights/2025/02/milk-disease-risk-bird-flu-pasteurization.html,med.stanford.edu,Understanding raw milk's disease risk - Stanford Medicine,2026-05-09 19:19:49,reliable,"domain med.stanford.edu has .edu or .ac, indicating an academic institution"
raw_milk,neutral,unpasteurized milk research,1,4,https://med.stanford.edu/nutrition/research/completed-studies/raw-milk-study.html,med.stanford.edu,Raw Milk Study | Nutrition - Stanford Medicine,2026-05-09 19:20:09,reliable,"domain med.stanford.edu has .edu or .ac, indicating an academic institution"
raw_milk,neutral,unpasteurized milk research,2,9,https://cdr.wisc.edu/cdr-raw-milk-factsheet,cdr.wisc.edu,CDR Raw Milk Fact Sheet,2026-05-09 19:20:20,reliable,"domain cdr.wisc.edu has .edu or .ac, indicating an academic institution"
raw_milk,neutral,unpasteurized milk research,3,6,https://www.health.harvard.edu/healthy-aging-and-longevity/why-drinking-raw-milk-can-be-dangerous,health.harvard.edu,Why drinking raw milk can be dangerous,2026-05-09 19:20:29,reliable,"domain health.harvard.edu has .edu or .ac, indicating an academic institution"
raw_milk,neutral,unpasteurized milk research,3,7,https://med.stanford.edu/news/insights/2025/02/milk-disease-risk-bird-flu-pasteurization.html,med.stanford.edu,Understanding raw milk's disease risk - Stanford Medicine,2026-05-09 19:20:30,reliable,"domain med.stanford.edu has .edu or .ac, indicating an academic institution"
raw_milk,slanted,raw milk food poisoning,3,7,https://www.health.harvard.edu/healthy-aging-and-longevity/why-drinking-raw-milk-can-be-dangerous,health.harvard.edu,Why drinking raw milk can be dangerous,2026-05-09 19:21:19,reliable,"domain health.harvard.edu has .edu or .ac, indicating an academic institution"
soy,neutral,soy health effects,1,3,https://nutritionsource.hsph.harvard.edu/soy/,nutritionsource.hsph.harvard.edu,Straight Talk About Soy - The Nutrition Source,2026-05-09 19:21:43,reliable,"domain nutritionsource.hsph.harvard.edu has .edu or .ac, indicating an academic institution"
soy,neutral,soy health effects,2,7,https://www.montana.edu/fsnk/graduate/dietetics/blog_posts/Soy_hormonal_health.html,montana.edu,Soy Intake and Hormonal Health Complications - FSNK,2026-05-09 19:22:11,reliable,"domain montana.edu has .edu or .ac, indicating an academic institution"
soy,neutral,soy health effects,3,3,https://nutrition.ucdavis.edu/sites/g/files/dgvnsk426/files/content/infosheets/factsheets/fact-pro-soy.pdf,nutrition.ucdavis.edu,Nutrition and Health Info Sheet: Soy,2026-05-09 19:22:19,reliable,"domain nutrition.ucdavis.edu has .edu or .ac, indicating an academic institution"
soy,slanted,soy estrogen effects,1,2,https://nutritionsource.hsph.harvard.edu/soy/,nutritionsource.hsph.harvard.edu,Straight Talk About Soy - The Nutrition Source,2026-05-09 19:24:11,reliable,"domain nutritionsource.hsph.harvard.edu has .edu or .ac, indicating an academic institution"
soy,slanted,soy estrogen effects,2,2,https://www.montana.edu/fsnk/graduate/dietetics/blog_posts/Soy_hormonal_health.html,montana.edu,Soy Intake and Hormonal Health Complications - FSNK,2026-05-09 19:24:59,reliable,"domain montana.edu has .edu or .ac, indicating an academic institution"
soy,slanted,soy estrogen effects,3,4,https://newsroom.wakehealth.edu/news-releases/2006/01/soy-phytoestrogens-may-block-estrogen-effects-in-some-postmenopausal-women-animal,newsroom.wakehealth.edu,Soy Phytoestrogens May Block Estrogen Effects in Some ...,2026-05-09 19:25:10,reliable,"domain newsroom.wakehealth.edu has .edu or .ac, indicating an academic institution"
soy,neutral,tofu nutrition research,1,1,https://www.health.harvard.edu/diet-and-nutrition/tofu-making-a-place-for-this-nutritious-plant-based-food-in-your-diet,health.harvard.edu,"Tofu: Making a place for this nutritious, plant-based food in ...",2026-05-09 19:25:27,reliable,"domain health.harvard.edu has .edu or .ac, indicating an academic institution"
soy,neutral,tofu nutrition research,2,6,https://nutrition.ucdavis.edu/outreach/nutr-health-info-sheets/pro-soy,nutrition.ucdavis.edu,Nutrition & Health Info Sheets for Health Professionals - Soy,2026-05-09 19:25:43,reliable,"domain nutrition.ucdavis.edu has .edu or .ac, indicating an academic institution"
soy,neutral,tofu nutrition research,3,6,https://nutritionsource.hsph.harvard.edu/soy/,nutritionsource.hsph.harvard.edu,Straight Talk About Soy - The Nutrition Source,2026-05-09 19:25:52,reliable,"domain nutritionsource.hsph.harvard.edu has .edu or .ac, indicating an academic institution"
soy,slanted,soy thyroid problems,2,5,https://www.nutritionletter.tufts.edu/ask-experts/q-can-too-much-soy-cause-thyroid-problems-i-drink-a-quart-of-soy-milk-and-consume-edamame-every-day-and-have-been-diagnosed-with-an-underactive-thyroid-could-there-be-a-connection/,nutritionletter.tufts.edu,Q. Can too much soy cause thyroid problems? I drink a quart ...,2026-05-09 19:26:26,reliable,"domain nutritionletter.tufts.edu has .edu or .ac, indicating an academic institution"
soy,neutral,soy protein safety,1,2,https://www.health.harvard.edu/healthy-aging-and-longevity/confused-about-eating-soy,health.harvard.edu,Confused about eating soy?,2026-05-09 19:26:54,reliable,"domain health.harvard.edu has .edu or .ac, indicating an academic institution"
soy,neutral,soy protein safety,2,6,https://research.monash.edu/en/publications/soy-protein-bioactive-peptides-and-isoflavones-a-review-of-their-/,research.monash.edu,"Soy protein, bioactive peptides, and isoflavones: A review ...",2026-05-09 19:27:13,reliable,"domain research.monash.edu has .edu or .ac, indicating an academic institution"
soy,neutral,soy protein safety,2,9,https://nutrition.ucdavis.edu/sites/g/files/dgvnsk426/files/content/infosheets/factsheets/fact-pro-soy.pdf,nutrition.ucdavis.edu,Nutrition and Health Info Sheet: Soy,2026-05-09 19:27:15,reliable,"domain nutrition.ucdavis.edu has .edu or .ac, indicating an academic institution"
soy,slanted,gmo soy dangers,1,5,https://nutritionsource.hsph.harvard.edu/soy/,nutritionsource.hsph.harvard.edu,Straight Talk About Soy - The Nutrition Source,2026-05-09 19:27:48,reliable,"domain nutritionsource.hsph.harvard.edu has .edu or .ac, indicating an academic institution"
soy,slanted,gmo soy dangers,3,7,https://www.wku.edu/news/articles/index.php?view=article&articleid=2309,wku.edu,Is Soy Healthy or Harmful?,2026-05-09 19:28:07,reliable,"domain wku.edu has .edu or .ac, indicating an academic institution"
dairy,neutral,dairy calcium consumptin facts,1,4,https://med.stanford.edu/news/all-news/2018/08/christopher-gardner-busts-myths-about-milk.html,med.stanford.edu,Christopher Gardner busts myths about milk - Stanford Medicine,2026-05-09 19:28:27,reliable,"domain med.stanford.edu has .edu or .ac, indicating an academic institution"
dairy,neutral,dairy calcium consumptin facts,2,2,https://nutritionsource.hsph.harvard.edu/dairy/,nutritionsource.hsph.harvard.edu,Dairy - The Nutrition Source,2026-05-09 19:28:35,reliable,"domain nutritionsource.hsph.harvard.edu has .edu or .ac, indicating an academic institution"
dairy,neutral,dairy calcium consumptin facts,3,7,https://ohioline.osu.edu/factsheet/hyg-5506,ohioline.osu.edu,Calcium | Ohioline,2026-05-09 19:28:46,reliable,"domain ohioline.osu.edu has .edu or .ac, indicating an academic institution"
dairy,slanted,milk hormone concerns,3,9,https://news.harvard.edu/gazette/story/2006/12/hormones-in-milk-can-be-dangerous/,news.harvard.edu,Hormones in milk can be dangerous,2026-05-09 19:29:37,reliable,"domain news.harvard.edu has .edu or .ac, indicating an academic institution"
dairy,slanted,milk hormone concerns,3,10,https://news.oregonstate.edu/news/new-national-survey-finds-consumer-concern-over-milk-hormones,news.oregonstate.edu,NEW NATIONAL SURVEY FINDS CONSUMER CONCERN ...,2026-05-09 19:29:37,reliable,"domain news.oregonstate.edu has .edu or .ac, indicating an academic institution"
dairy,neutral,cheese nutrition research,1,2,https://nutritionsource.hsph.harvard.edu/cheese/,nutritionsource.hsph.harvard.edu,Cheese - The Nutrition Source,2026-05-09 19:29:53,reliable,"domain nutritionsource.hsph.harvard.edu has .edu or .ac, indicating an academic institution"
dairy,neutral,cheese nutrition research,1,10,https://www.health.harvard.edu/heart-health/eat-cheese-if-you-please,health.harvard.edu,"Eat cheese, if you please",2026-05-09 19:29:58,reliable,"domain health.harvard.edu has .edu or .ac, indicating an academic institution"
dairy,neutral,cheese nutrition research,2,7,https://extension.psu.edu/selecting-cheese-for-health/,extension.psu.edu,Selecting Cheese for Health,2026-05-09 19:30:06,reliable,"domain extension.psu.edu has .edu or .ac, indicating an academic institution"
dairy,slanted,dairy lactose intolerance,1,7,https://www.health.harvard.edu/digestive-health/lactose-intolerance-a-to-z,health.harvard.edu,Lactose Intolerance,2026-05-09 19:30:44,reliable,"domain health.harvard.edu has .edu or .ac, indicating an academic institution"
dairy,neutral,yogurt probiotic health impact,1,7,https://nutritionsource.hsph.harvard.edu/food-features/yogurt/,nutritionsource.hsph.harvard.edu,Yogurt - The Nutrition Source - Harvard University,2026-05-09 19:31:33,reliable,"domain nutritionsource.hsph.harvard.edu has .edu or .ac, indicating an academic institution"
dairy,neutral,yogurt probiotic health impact,2,8,https://fshn.illinois.edu/news/scientists-reveal-one-tablespoon-yogurt-addition-probiotic-boost,fshn.illinois.edu,Scientists Reveal 'One Tablespoon' Yogurt Addition For ...,2026-05-09 19:31:43,reliable,"domain fshn.illinois.edu has .edu or .ac, indicating an academic institution"
dairy,neutral,yogurt probiotic health impact,3,5,https://med.stanford.edu/nutrition/education/Resources/Fermenting-the-Facts.html,med.stanford.edu,A Science-Based Guide to Fermented Foods | Nutrition,2026-05-09 19:31:52,reliable,"domain med.stanford.edu has .edu or .ac, indicating an academic institution"
dairy,neutral,yogurt probiotic health impact,3,6,https://news.clemson.edu/how-active-are-the-microorganisms-in-your-yogurt-we-created-a-new-tool-to-study-probiotic-activity-and-made-it-out-of-cardboard/,news.clemson.edu,How active are the microorganisms in your yogurt? We ...,2026-05-09 19:31:53,reliable,"domain news.clemson.edu has .edu or .ac, indicating an academic institution"
dairy,slanted,raw dairy risks,1,10,https://www.health.harvard.edu/healthy-aging-and-longevity/why-drinking-raw-milk-can-be-dangerous,health.harvard.edu,Why drinking raw milk can be dangerous,2026-05-09 19:32:16,reliable,"domain health.harvard.edu has .edu or .ac, indicating an academic institution"
dairy,slanted,raw dairy risks,2,4,https://cdr.wisc.edu/cdr-raw-milk-factsheet,cdr.wisc.edu,CDR Raw Milk Fact Sheet,2026-05-09 19:32:24,reliable,"domain cdr.wisc.edu has .edu or .ac, indicating an academic institution"
dairy,slanted,raw dairy risks,2,9,https://www.pubs.ext.vt.edu/content/pubs_ext_vt_edu/en/FST/FST-139/FST-139.html,pubs.ext.vt.edu,Is Raw Milk Safe? Health Risks and Legal Facts Explained,2026-05-09 19:32:25,reliable,"domain pubs.ext.vt.edu has .edu or .ac, indicating an academic institution"
dairy,slanted,raw dairy risks,3,4,https://med.stanford.edu/news/insights/2025/02/milk-disease-risk-bird-flu-pasteurization.html,med.stanford.edu,Understanding raw milk's disease risk - Stanford Medicine,2026-05-09 19:32:33,reliable,"domain med.stanford.edu has .edu or .ac, indicating an academic institution"
dairy,slanted,raw dairy risks,3,8,https://dairy.osu.edu/newsletter/buckeye-dairy-news/volume-7-issue-4/health-benefits-risks-and-regulations-raw-and,dairy.osu.edu,"Health Benefits, Risks, and Regulations of Raw and ...",2026-05-09 19:32:35,reliable,"domain dairy.osu.edu has .edu or .ac, indicating an academic institution"
eggs,neutral,egg cholesterol safety,1,2,https://www.health.harvard.edu/heart-health/are-eggs-risky-for-heart-health,health.harvard.edu,Are eggs risky for heart health?,2026-05-09 19:32:56,reliable,"domain health.harvard.edu has .edu or .ac, indicating an academic institution"
eggs,neutral,egg cholesterol safety,3,9,https://www.health.harvard.edu/diet-and-nutrition/eggs-have-less-effect-than-saturated-fats-on-cholesterol-levels,health.harvard.edu,Eggs have less effect than saturated fats on cholesterol levels,2026-05-09 19:33:19,reliable,"domain health.harvard.edu has .edu or .ac, indicating an academic institution"
eggs,slanted,egg heart disease risk,1,2,https://www.health.harvard.edu/heart-health/are-eggs-risky-for-heart-health,health.harvard.edu,Are eggs risky for heart health?,2026-05-09 19:33:37,reliable,"domain health.harvard.edu has .edu or .ac, indicating an academic institution"
eggs,slanted,egg heart disease risk,1,3,https://www.feinberg.northwestern.edu/research/podcast/eggs-heart-health.html,feinberg.northwestern.edu,New Evidence on Eggs and Heart Health with Norrina Allen ...,2026-05-09 19:33:38,reliable,"domain feinberg.northwestern.edu has .edu or .ac, indicating an academic institution"
eggs,slanted,egg heart disease risk,1,7,https://www.monash.edu/news/articles/regularly-eating-eggs-supports-a-lower-risk-of-cardiovascular-disease-related-death,monash.edu,Regularly eating eggs supports a lower risk of ...,2026-05-09 19:33:44,reliable,"domain monash.edu has .edu or .ac, indicating an academic institution"
eggs,slanted,egg heart disease risk,3,6,https://www.health.harvard.edu/diet-and-nutrition/eggs-protein-and-cholesterol-how-to-make-eggs-part-of-a-heart-healthy-diet,health.harvard.edu,"Eggs, protein, and cholesterol: How to make eggs part of a ...",2026-05-09 19:34:03,reliable,"domain health.harvard.edu has .edu or .ac, indicating an academic institution"
eggs,neutral,egg protein consumption,1,4,https://www.health.harvard.edu/diet-and-nutrition/eggs-protein-and-cholesterol-how-to-make-eggs-part-of-a-heart-healthy-diet,health.harvard.edu,"Eggs, protein, and cholesterol: How to make eggs part of a ...",2026-05-09 19:34:42,reliable,"domain health.harvard.edu has .edu or .ac, indicating an academic institution"
eggs,neutral,egg protein consumption,3,9,https://www.health.harvard.edu/newsletter_article/how-many-eggs-can-i-safely-eat,health.harvard.edu,How many eggs can I safely eat?,2026-05-09 19:35:04,reliable,"domain health.harvard.edu has .edu or .ac, indicating an academic institution"
eggs,slanted,salmonella egg dangers,3,2,https://extension.umn.edu/preserve-your-own-food/eggs,extension.umn.edu,"Purchase, store, and prepare: Eggs",2026-05-09 19:35:41,reliable,"domain extension.umn.edu has .edu or .ac, indicating an academic institution"
eggs,neutral,pasteurized eggs research,1,7,https://nutritionsource.hsph.harvard.edu/food-features/eggs/,nutritionsource.hsph.harvard.edu,Eggs - The Nutrition Source,2026-05-09 19:36:04,reliable,"domain nutritionsource.hsph.harvard.edu has .edu or .ac, indicating an academic institution"
eggs,neutral,pasteurized eggs research,2,6,https://www.purdue.edu/uns/html4ever/1995/9510.Muriana.html,purdue.edu,Sunny side up? Yup.,2026-05-09 19:36:13,reliable,"domain purdue.edu has .edu or .ac, indicating an academic institution"
eggs,neutral,pasteurized eggs research,3,10,https://www.princeton.edu/news/2013/08/28/pppl-teams-usda-produce-new-egg-pasteurization-method,princeton.edu,PPPL teams up with USDA to produce new egg ...,2026-05-09 19:36:24,reliable,"domain princeton.edu has .edu or .ac, indicating an academic institution"
eggs,slanted,raw egg safety,2,2,https://extension.oregonstate.edu/ask-extension/featured/are-raw-egg-yolks-dangerous,extension.oregonstate.edu,Are raw egg yolks dangerous? | OSU Extension Service,2026-05-09 19:37:02,reliable,"domain extension.oregonstate.edu has .edu or .ac, indicating an academic institution"
eggs,slanted,raw egg safety,3,2,https://extension.umn.edu/preserve-your-own-food/eggs,extension.umn.edu,"Purchase, store, and prepare: Eggs",2026-05-09 19:37:11,reliable,"domain extension.umn.edu has .edu or .ac, indicating an academic institution"
sugar,neutral,sugar consumption effects,1,1,https://www.health.harvard.edu/diabetes-and-metabolic-health/the-sweet-danger-of-sugar,health.harvard.edu,The sweet danger of sugar,2026-05-09 19:37:29,reliable,"domain health.harvard.edu has .edu or .ac, indicating an academic institution"
sugar,neutral,sugar consumption effects,1,6,https://distance.physiology.med.ufl.edu/about/articles/7-surprising-effects-of-sugar-on-the-body/,distance.physiology.med.ufl.edu,7 Surprising Effects of Sugar on the Body,2026-05-09 19:37:43,reliable,"domain distance.physiology.med.ufl.edu has .edu or .ac, indicating an academic institution"
sugar,neutral,sugar consumption effects,1,7,https://hms.harvard.edu/news-events/publications-archive/brain/sugar-brain,hms.harvard.edu,Sugar and the Brain,2026-05-09 19:37:43,reliable,"domain hms.harvard.edu has .edu or .ac, indicating an academic institution"
sugar,neutral,sugar consumption effects,2,5,https://www.uab.edu/news/news-you-can-use/how-much-sugar-is-too-much-uab-neuroscientists-weigh-in,uab.edu,How much sugar is too much? UAB neuroscientists weigh in,2026-05-09 19:37:52,reliable,"domain uab.edu has .edu or .ac, indicating an academic institution"
sugar,neutral,sugar consumption effects,3,7,https://healthcare.utah.edu/healthfeed/2023/11/sweet-nothings-truth-about-sugar-and-diabetes,healthcare.utah.edu,Sweet Nothings: The Truth About Sugar and Diabetes,2026-05-09 19:38:02,reliable,"domain healthcare.utah.edu has .edu or .ac, indicating an academic institution"
sugar,slanted,sugar addiction risks,1,2,https://www.health.harvard.edu/diabetes-and-metabolic-health/the-sweet-danger-of-sugar,health.harvard.edu,The sweet danger of sugar,2026-05-09 19:38:15,reliable,"domain health.harvard.edu has .edu or .ac, indicating an academic institution"
sugar,slanted,sugar addiction risks,1,6,https://alcoholstudies.rutgers.edu/sugar-addiction-more-serious-than-you-think/,alcoholstudies.rutgers.edu,Sugar Addiction: More Serious Than You Think,2026-05-09 19:38:18,reliable,"domain alcoholstudies.rutgers.edu has .edu or .ac, indicating an academic institution"
sugar,slanted,sugar addiction risks,1,10,https://healthcare.utah.edu/healthfeed/2023/11/sweet-nothings-truth-about-sugar-and-diabetes,healthcare.utah.edu,Sweet Nothings: The Truth About Sugar and Diabetes,2026-05-09 19:38:26,reliable,"domain healthcare.utah.edu has .edu or .ac, indicating an academic institution"
sugar,neutral,added sugar guidelines,1,7,https://www.health.harvard.edu/diet-and-nutrition/what-are-added-sugars-and-how-can-you-reduce-them-in-your-diet,health.harvard.edu,"What are added sugars, and how can you reduce them in ...",2026-05-09 19:39:10,reliable,"domain health.harvard.edu has .edu or .ac, indicating an academic institution"
sugar,neutral,added sugar guidelines,2,6,https://health.ucdavis.edu/blog/good-food/4-tips-to-reduce-added-sugar-in-your-diet-and-the-health-risks-if-you-dont/2023/06,health.ucdavis.edu,4 tips to reduce added sugar in your diet and the ...,2026-05-09 19:39:19,reliable,"domain health.ucdavis.edu has .edu or .ac, indicating an academic institution"
sugar,neutral,added sugar guidelines,3,2,https://sugarscience.ucsf.edu/the-growing-concern-of-overconsumption.html,sugarscience.ucsf.edu,How Much Is Too Much? - SugarScience - UCSF,2026-05-09 19:39:27,reliable,"domain sugarscience.ucsf.edu has .edu or .ac, indicating an academic institution"
sugar,neutral,added sugar guidelines,3,8,https://www.health.harvard.edu/diabetes-and-metabolic-health/the-sweet-danger-of-sugar,health.harvard.edu,The sweet danger of sugar,2026-05-09 19:39:29,reliable,"domain health.harvard.edu has .edu or .ac, indicating an academic institution"
sugar,slanted,high fructose corn syrup dangers,2,1,https://www.irenes.edu/2026/04/01/10-health-dangers-of-high-fructose-corn-syrup/,irenes.edu,What To Know About High Fructose Corn Syrup,2026-05-09 19:40:11,reliable,"domain irenes.edu has .edu or .ac, indicating an academic institution"
sugar,slanted,high fructose corn syrup dangers,3,1,https://www.princeton.edu/news/2010/03/22/sweet-problem-princeton-researchers-find-high-fructose-corn-syrup-prompts,princeton.edu,Princeton researchers find that high-fructose corn syrup ...,2026-05-09 19:40:20,reliable,"domain princeton.edu has .edu or .ac, indicating an academic institution"
sugar,slanted,high fructose corn syrup dangers,3,6,https://faculty.sfcc.spokane.edu/inetshare/AutoWebs/Health101/Diabetes/HighFructoseDangers.htm,faculty.sfcc.spokane.edu,High Fructose Corn Syrup,2026-05-09 19:40:21,reliable,"domain faculty.sfcc.spokane.edu has .edu or .ac, indicating an academic institution"
sugar,neutral,natural sugar vs processed,1,2,https://www.health.harvard.edu/blog/are-certain-types-of-sugars-healthier-than-others-2019052916699,health.harvard.edu,Are certain types of sugars healthier than others?,2026-05-09 19:40:48,reliable,"domain health.harvard.edu has .edu or .ac, indicating an academic institution"
sugar,neutral,natural sugar vs processed,2,1,https://extension.msstate.edu/blogs/extension-for-real-life/natural-and-added-sugars-whats-the-difference,extension.msstate.edu,Natural and Added Sugars: What's the Difference?,2026-05-09 19:41:47,reliable,"domain extension.msstate.edu has .edu or .ac, indicating an academic institution"
sugar,neutral,natural sugar vs processed,2,5,https://www.canr.msu.edu/news/fruit_versus_sugar_a_sweet_benefit,canr.msu.edu,"Fruit versus sugar, a sweet benefit - Food and Health",2026-05-09 19:41:48,reliable,"domain canr.msu.edu has .edu or .ac, indicating an academic institution"
sugar,neutral,natural sugar vs processed,3,6,https://chear.ucsd.edu/blog/understanding-natural-versus-added-sugars,chear.ucsd.edu,Understanding Natural Versus Added Sugars - Center for ...,2026-05-09 19:41:57,reliable,"domain chear.ucsd.edu has .edu or .ac, indicating an academic institution"
sugar,slanted,artificial sweeteners cancer,1,8,https://health.utoledo.edu/podcast/aspartame-cancer-risk-and-other-artificial-sweeteners-explained/index.html,health.utoledo.edu,Aspartame Cancer Risk and Other Artificial Sweeteners ...,2026-05-09 19:42:25,reliable,"domain health.utoledo.edu has .edu or .ac, indicating an academic institution"
sugar,slanted,artificial sweeteners cancer,2,9,https://sph.umich.edu/news/2023posts/aspartame-and-cancer-a-toxicologists-take.html,sph.umich.edu,Aspartame and cancer: A toxicologist's take |,2026-05-09 19:42:35,reliable,"domain sph.umich.edu has .edu or .ac, indicating an academic institution"
salt,neutral,sodium intake guidelines,3,6,https://nutritionsource.hsph.harvard.edu/salt-and-sodium/,nutritionsource.hsph.harvard.edu,Salt and Sodium - The Nutrition Source,2026-05-09 19:43:47,reliable,"domain nutritionsource.hsph.harvard.edu has .edu or .ac, indicating an academic institution"
salt,slanted,salt hypertension risk,1,2,https://www.health.harvard.edu/heart-health/dietary-salt-and-blood-pressure-a-complex-connection,health.harvard.edu,Dietary salt and blood pressure: A complex connection,2026-05-09 19:43:58,reliable,"domain health.harvard.edu has .edu or .ac, indicating an academic institution"
salt,neutral,iodized salt diet,1,7,https://www.health.harvard.edu/heart-health/cut-salt-it-wont-affect-your-iodine-intake,health.harvard.edu,Cut salt - It Won't Affect Your Iodine Intake,2026-05-09 19:44:50,reliable,"domain health.harvard.edu has .edu or .ac, indicating an academic institution"
salt,neutral,iodized salt diet,3,1,https://endocrine.ucsf.edu/sites/endocrine.ucsf.edu/files/docs/iodine-english.pdf,endocrine.ucsf.edu,LOW-IODINE DIET BEFORE IODINE SCAN,2026-05-09 19:45:19,reliable,"domain endocrine.ucsf.edu has .edu or .ac, indicating an academic institution"
salt,slanted,salt heart disease,1,1,https://www.health.harvard.edu/blog/heart-failure-and-salt-the-great-debate-2018121815563,health.harvard.edu,Heart failure and salt: The great debate,2026-05-09 19:47:56,reliable,"domain health.harvard.edu has .edu or .ac, indicating an academic institution"
caffeine,neutral,caffeine health impact,1,7,https://nutritionsource.hsph.harvard.edu/food-features/coffee/,nutritionsource.hsph.harvard.edu,Coffee - The Nutrition Source - Harvard University,2026-05-09 19:48:53,reliable,"domain nutritionsource.hsph.harvard.edu has .edu or .ac, indicating an academic institution"
caffeine,slanted,caffeine anxiety risks,2,4,https://nutritionsource.hsph.harvard.edu/food-features/coffee/,nutritionsource.hsph.harvard.edu,Coffee - The Nutrition Source - Harvard University,2026-05-09 19:49:47,reliable,"domain nutritionsource.hsph.harvard.edu has .edu or .ac, indicating an academic institution"
caffeine,neutral,coffee antioxidant research,1,6,https://nutritionsource.hsph.harvard.edu/food-features/coffee/,nutritionsource.hsph.harvard.edu,Coffee - The Nutrition Source - Harvard University,2026-05-09 19:51:27,reliable,"domain nutritionsource.hsph.harvard.edu has .edu or .ac, indicating an academic institution"
caffeine,slanted,energy drink dangers,1,2,https://www.health.harvard.edu/diet-and-nutrition/are-energy-drinks-bad-for-you,health.harvard.edu,Are energy drinks bad for you?,2026-05-09 19:52:03,reliable,"domain health.harvard.edu has .edu or .ac, indicating an academic institution"
caffeine,slanted,energy drink dangers,2,8,https://www.wakehealth.edu/about-us/history/firsts/energy-drink-dangers,wakehealth.edu,Showing the Dangers of Energy Drinks,2026-05-09 19:52:47,reliable,"domain wakehealth.edu has .edu or .ac, indicating an academic institution"
caffeine,slanted,energy drink dangers,3,4,https://extension.msstate.edu/blogs/extension-for-real-life/adolescents-and-energy-drinks-know-the-dangers,extension.msstate.edu,Adolescents and Energy Drinks: Know the Dangers,2026-05-09 19:52:54,reliable,"domain extension.msstate.edu has .edu or .ac, indicating an academic institution"
caffeine,slanted,energy drink dangers,3,9,https://health.ucdavis.edu/blog/good-food/how-do-energy-drinks-affect-your-heart-and-overall-health/2024/05,health.ucdavis.edu,How do energy drinks affect your health? | Good Food Is ...,2026-05-09 19:52:56,reliable,"domain health.ucdavis.edu has .edu or .ac, indicating an academic institution"
caffeine,neutral,tea health effects,1,2,https://www.health.harvard.edu/healthy-aging-and-longevity/does-drinking-tea-really-help-health,health.harvard.edu,Does drinking tea really help health?,2026-05-09 19:53:19,reliable,"domain health.harvard.edu has .edu or .ac, indicating an academic institution"
caffeine,neutral,tea health effects,2,7,https://www.health.harvard.edu/diet-and-nutrition/the-health-benefits-of-3-herbal-teas,health.harvard.edu,The health benefits of 3 herbal teas,2026-05-09 19:53:34,reliable,"domain health.harvard.edu has .edu or .ac, indicating an academic institution"
caffeine,slanted,caffeine addiction,1,8,https://hub.jhu.edu/2014/02/07/caffeine-really-is-a-drug/,hub.jhu.edu,"Caffeine use disorder: It's real, and it warrants more attention",2026-05-09 19:54:13,reliable,"domain hub.jhu.edu has .edu or .ac, indicating an academic institution"
caffeine,slanted,caffeine addiction,2,9,https://www.csuohio.edu/sites/default/files/168%20What%20Makes%20Caffeine%20Addictive.pdf,csuohio.edu,What Makes Caffeine Addictive,2026-05-09 19:54:23,reliable,"domain csuohio.edu has .edu or .ac, indicating an academic institution"
alcohol,neutral,moderate alcohol consumption health impact,1,1,https://news.stanford.edu/stories/2025/08/moderate-alcohol-consumption-drinking-health-benefits-impacts-research,news.stanford.edu,Is moderate drinking actually healthy? Scientists say the idea ...,2026-05-09 19:54:49,reliable,"domain news.stanford.edu has .edu or .ac, indicating an academic institution"
alcohol,neutral,moderate alcohol consumption health impact,1,5,https://nutritionsource.hsph.harvard.edu/healthy-drinks/drinks-to-consume-in-moderation/alcohol-full-story/,nutritionsource.hsph.harvard.edu,Alcohol: Balancing Risks and Benefits - The Nutrition Source,2026-05-09 19:54:52,reliable,"domain nutritionsource.hsph.harvard.edu has .edu or .ac, indicating an academic institution"
alcohol,neutral,moderate alcohol consumption health impact,3,5,https://medschool.vcu.edu/news/search/beyond-dry-january-addressing-the-health-impacts-of-light-to-moderate-alcohol-consumption.html,medschool.vcu.edu,Beyond Dry January: Addressing the health impacts of light to ...,2026-05-09 19:55:15,reliable,"domain medschool.vcu.edu has .edu or .ac, indicating an academic institution"
alcohol,neutral,wine heart health,3,6,https://www.health.harvard.edu/heart-health/want-a-healthier-heart-seriously-consider-skipping-the-drinks,health.harvard.edu,Want a healthier heart? Seriously consider skipping the ...,2026-05-09 19:57:13,reliable,"domain health.harvard.edu has .edu or .ac, indicating an academic institution"
alcohol,slanted,binge drinking dangers,2,6,https://www.urmc.rochester.edu/encyclopedia/content?contenttypeid=1&contentid=1924,urmc.rochester.edu,College Students and the Dangers of Binge Drinking,2026-05-09 19:57:40,reliable,"domain urmc.rochester.edu has .edu or .ac, indicating an academic institution"
alcohol,neutral,beer nutrition research,1,10,http://snobear.colorado.edu/WatershedBio/15/beer3.pdf,snobear.colorado.edu,Nutritional aspects of beer—a review,2026-05-09 19:58:11,reliable,"domain snobear.colorado.edu has .edu or .ac, indicating an academic institution"
alcohol,neutral,beer nutrition research,2,4,https://www.academia.edu/17150290/Beer_Health_and_Nutrition,academia.edu,(PDF) Beer : Health and Nutrition,2026-05-09 19:58:19,reliable,"domain academia.edu has .edu or .ac, indicating an academic institution"
alcohol,neutral,beer nutrition research,2,5,https://www.ucdavis.edu/news/beer-has-hidden-nutritional-value-study-says,ucdavis.edu,"Beer Has Hidden Nutritional Value, Study Says",2026-05-09 19:58:20,reliable,"domain ucdavis.edu has .edu or .ac, indicating an academic institution"
alcohol,slanted,alcohol cancer risk,2,2,https://ysph.yale.edu/news-article/the-link-between-alcohol-and-cancer/,ysph.yale.edu,The link between alcohol and cancer,2026-05-09 19:59:02,reliable,"domain ysph.yale.edu has .edu or .ac, indicating an academic institution"
fast_food,neutral,food safety regulations,2,7,https://graduate.northeastern.edu/knowledge-hub/understanding-basics-food-safety-regulations/,graduate.northeastern.edu,Understanding the Basics of Food Safety Regulations,2026-05-09 20:00:04,reliable,"domain graduate.northeastern.edu has .edu or .ac, indicating an academic institution"
fast_food,slanted,fast food obesity,2,1,https://sqonline.ucsd.edu/2013/01/fast-food-and-obesity/,sqonline.ucsd.edu,Fast Food and Obesity: A Study in a Local McDonald's,2026-05-09 20:01:46,reliable,"domain sqonline.ucsd.edu has .edu or .ac, indicating an academic institution"
fast_food,neutral,restaurant calorie labeling,2,4,https://www.nutritionletter.tufts.edu/healthy-eating/using-restaurant-calorie-labels-for-better-health/,nutritionletter.tufts.edu,Using Restaurant Calorie Labels for Better Health,2026-05-09 20:02:50,reliable,"domain nutritionletter.tufts.edu has .edu or .ac, indicating an academic institution"
fast_food,slanted,food additive dangers,1,5,https://www.health.harvard.edu/blog/common-food-additives-and-chemicals-harmful-to-children-2018072414326,health.harvard.edu,Common food additives and chemicals harmful to children,2026-05-09 20:03:17,reliable,"domain health.harvard.edu has .edu or .ac, indicating an academic institution"
fast_food,slanted,food additive dangers,3,4,https://nutritionsource.hsph.harvard.edu/food-additives/,nutritionsource.hsph.harvard.edu,Food Additives and Health - The Nutrition Source,2026-05-09 20:03:46,reliable,"domain nutritionsource.hsph.harvard.edu has .edu or .ac, indicating an academic institution"
fast_food,slanted,fast food antibiotic meat,1,2,https://www.cidrap.umn.edu/antimicrobial-stewardship/report-most-fast-food-chains-arent-making-grade-antibiotic-policies,cidrap.umn.edu,Most fast-food chains aren't making the grade on antibiotic ...,2026-05-09 20:04:40,reliable,"domain cidrap.umn.edu has .edu or .ac, indicating an academic institution"
organic_food,neutral,organic food diet facts,1,6,https://extension.umaine.edu/food-health/2025/08/14/organic-food-facts-health-safety-and-your-budget/,extension.umaine.edu,"Organic Food Facts: Health, Safety, and Your Budget",2026-05-09 20:05:33,reliable,"domain extension.umaine.edu has .edu or .ac, indicating an academic institution"
organic_food,neutral,organic food diet facts,2,2,https://www.health.harvard.edu/healthy-aging-and-longevity/should-you-go-organic,health.harvard.edu,Should you go organic?,2026-05-09 20:05:46,reliable,"domain health.harvard.edu has .edu or .ac, indicating an academic institution"
organic_food,neutral,organic food diet facts,3,1,https://njaes.rutgers.edu/sshw/message/message.php?p=Health&m=108,njaes.rutgers.edu,Small Steps to Eating Organic Food,2026-05-09 20:05:53,reliable,"domain njaes.rutgers.edu has .edu or .ac, indicating an academic institution"
organic_food,neutral,organic food diet facts,3,7,https://nutrition.ucdavis.edu/outreach/nutr-health-info-sheets/pro-organic,nutrition.ucdavis.edu,Nutrition & Health Info Sheets for Health Professionals,2026-05-09 20:05:55,reliable,"domain nutrition.ucdavis.edu has .edu or .ac, indicating an academic institution"
organic_food,neutral,organic produce safety,2,8,https://npic.orst.edu/ingred/organic.html,npic.orst.edu,Pesticide Ingredients Used in Organic Agriculture,2026-05-09 20:07:41,reliable,"domain npic.orst.edu has .edu or .ac, indicating an academic institution"
organic_food,neutral,organic produce safety,3,8,https://agsci.colostate.edu/hortla/produce-safety/,agsci.colostate.edu,Produce Safety - Horticulture and Landscape Architecture,2026-05-09 20:07:50,reliable,"domain agsci.colostate.edu has .edu or .ac, indicating an academic institution"
organic_food,slanted,organic farming pesticides,1,3,https://npic.orst.edu/ingred/organic.html,npic.orst.edu,Pesticide Ingredients Used in Organic Agriculture,2026-05-09 20:08:02,reliable,"domain npic.orst.edu has .edu or .ac, indicating an academic institution"
organic_food,slanted,organic farming pesticides,1,7,https://www.johnson.k-state.edu/programs/lawn-garden/agent-articles-fact-sheets-and-more/agent-articles/environment/organic-does-not-mean-pesticide-free.html,johnson.k-state.edu,Organic Does Not Mean Pesticide Free,2026-05-09 20:08:16,reliable,"domain johnson.k-state.edu has .edu or .ac, indicating an academic institution"
organic_food,slanted,organic farming pesticides,3,4,https://cfaes.osu.edu/fact-sheet/understanding-pesticides-organic-and-conventional-crop-production-systems,cfaes.osu.edu,Understanding Pesticides in Organic and Conventional Crop ...,2026-05-09 20:08:35,reliable,"domain cfaes.osu.edu has .edu or .ac, indicating an academic institution"
tap_water,slanted,lead in tap water,2,7,https://extension.psu.edu/lead-in-drinking-water/,extension.psu.edu,Lead in Drinking Water,2026-05-09 20:10:18,reliable,"domain extension.psu.edu has .edu or .ac, indicating an academic institution"
tap_water,slanted,lead in tap water,3,7,https://ehs.princeton.edu/lead-in-drinking-water,ehs.princeton.edu,Lead in Drinking Water - Environmental Health and Safety,2026-05-09 20:10:27,reliable,"domain ehs.princeton.edu has .edu or .ac, indicating an academic institution"
tap_water,neutral,fluoridated water consumption,1,8,https://ysph.yale.edu/research/information-sheets/fluoride/,ysph.yale.edu,Fluoride's Impact on Health - Yale School of Public Health,2026-05-09 20:16:50,reliable,"domain ysph.yale.edu has .edu or .ac, indicating an academic institution"
tap_water,neutral,fluoridated water consumption,3,8,https://lpi.oregonstate.edu/mic/minerals/fluoride,lpi.oregonstate.edu,Fluoride | Linus Pauling Institute | Oregon State University,2026-05-09 20:17:18,reliable,"domain lpi.oregonstate.edu has .edu or .ac, indicating an academic institution"
tap_water,slanted,water contamination risks,2,10,https://sph.unc.edu/superfund-pages/well-water-and-health/,sph.unc.edu,Well Water and Health,2026-05-09 20:17:59,reliable,"domain sph.unc.edu has .edu or .ac, indicating an academic institution"
bottled_water,neutral,bottled water convenience,3,7,https://fitwell.recreation.ucla.edu/file/1de5e262-5953-4008-bec3-99617793eebc,fitwell.recreation.ucla.edu,Bottled or Tap?,2026-05-09 20:19:47,reliable,"domain fitwell.recreation.ucla.edu has .edu or .ac, indicating an academic institution"
bottled_water,neutral,mineral water research,1,9,https://www.montana.edu/news/10053/msu-study-finds-that-drinking-mineralized-water-might-provide-health-benefits,montana.edu,MSU study finds that drinking mineralized water might ...,2026-05-09 20:25:40,reliable,"domain montana.edu has .edu or .ac, indicating an academic institution"
bottled_water,neutral,mineral water research,2,4,https://unu.edu/inweh/collection/unu-inweh-report-critical-minerals-water-insecurity-and-injustice,unu.edu,"Critical Minerals, Water Insecurity and Injustice",2026-05-09 20:26:09,reliable,"domain unu.edu has .edu or .ac, indicating an academic institution"
bottled_water,neutral,mineral water research,2,6,https://ui.adsabs.harvard.edu/abs/2007IJEH....1..153A/abstract,ui.adsabs.harvard.edu,Drinking mineral waters: biochemical effects and health ...,2026-05-09 20:26:09,reliable,"domain ui.adsabs.harvard.edu has .edu or .ac, indicating an academic institution"
mining,slanted,mining environmental damage,1,3,https://web.mit.edu/12.000/www/m2016/finalwebsite/problems/mining.html,web.mit.edu,Environmental Risks of Mining,2026-05-09 20:28:52,reliable,"domain web.mit.edu has .edu or .ac, indicating an academic institution"
mining,slanted,mining environmental damage,2,4,https://exhibits.lib.utah.edu/s/mining-the-west/page/health-environmental,exhibits.lib.utah.edu,Health and Environmental Effects · Mining the West,2026-05-09 20:29:24,reliable,"domain exhibits.lib.utah.edu has .edu or .ac, indicating an academic institution"
mining,slanted,mining environmental damage,2,10,https://climate.mit.edu/ask-mit/how-does-environmental-impact-mining-clean-energy-metals-compare-mining-coal-oil-and-gas,climate.mit.edu,How does the environmental impact of mining for clean ...,2026-05-09 20:29:26,reliable,"domain climate.mit.edu has .edu or .ac, indicating an academic institution"
mining,neutral,coal mining technology,3,2,https://pure.psu.edu/en/publications/advances-in-coal-mining-technology-and-sustainable-mining-techniq,pure.psu.edu,Advances in coal mining technology and sustainable ...,2026-05-09 20:30:49,reliable,"domain pure.psu.edu has .edu or .ac, indicating an academic institution"
mining,neutral,coal mining technology,3,3,https://www.princeton.edu/~ota/disk3/1981/8103/810313.PDF,princeton.edu,CHAPTER 11 - Mining Technology,2026-05-09 20:30:48,reliable,"domain princeton.edu has .edu or .ac, indicating an academic institution"
mining,slanted,mountaintop removal dangers,1,2,https://e360.yale.edu/features/a-troubling-look-at-the-human-toll-of-mountaintop-removal-mining,e360.yale.edu,A Troubling Look at the Human Toll of Mountaintop ...,2026-05-09 20:31:19,reliable,"domain e360.yale.edu has .edu or .ac, indicating an academic institution"
mining,slanted,mountaintop removal dangers,2,6,https://today.duke.edu/2021/09/mountaintop-mining-causes-40-percent-loss-aquatic-biodiversity,today.duke.edu,Mountaintop Mining Causes 40 Percent Loss of Aquatic ...,2026-05-09 20:31:37,reliable,"domain today.duke.edu has .edu or .ac, indicating an academic institution"
mining,slanted,mountaintop removal dangers,2,7,https://commons.lib.jmu.edu/cgi/viewcontent.cgi?article=1076&context=evision,commons.lib.jmu.edu,Mountaintop Removal Mining - JMU Scholarly Commons,2026-05-09 20:31:37,reliable,"domain commons.lib.jmu.edu has .edu or .ac, indicating an academic institution"
mining,slanted,mountaintop removal dangers,3,9,https://www.psu.edu/news/research/story/assessing-human-impacts-mountaintop-removal-mining,psu.edu,Assessing the human impacts of mountaintop removal mining,2026-05-09 20:31:50,reliable,"domain psu.edu has .edu or .ac, indicating an academic institution"
mining,slanted,mercury pollution gold mining,3,5,https://globalhealth.duke.edu/news/breaking-mercurys-stubborn-hold-gold,globalhealth.duke.edu,Breaking Mercury's Stubborn Hold on Gold,2026-05-09 20:33:33,reliable,"domain globalhealth.duke.edu has .edu or .ac, indicating an academic institution"
deforestation,neutral,forest conservation effects,3,7,https://sites.sanford.duke.edu/alexpfaff/wp-content/uploads/sites/15/2020/03/BornerEtAl-ARRE-ConservationImpacts-Proofs200703.pdf,sites.sanford.duke.edu,The Effectiveness of Forest Conservation Policies and Programs,2026-05-09 20:34:34,reliable,"domain sites.sanford.duke.edu has .edu or .ac, indicating an academic institution"
deforestation,slanted,deforestation climate impact,1,8,https://climate.mit.edu/explainers/forests-and-climate-change,climate.mit.edu,Forests and Climate Change,2026-05-09 20:35:02,reliable,"domain climate.mit.edu has .edu or .ac, indicating an academic institution"
deforestation,neutral,rainforest protection research,2,10,https://news.vt.edu/articles/2025/11/cnre-research-schons-rainforest.html,news.vt.edu,Researchers find secure land rights protect the rainforest,2026-05-09 20:36:25,reliable,"domain news.vt.edu has .edu or .ac, indicating an academic institution"
deforestation,neutral,rainforest protection research,3,2,https://record.umich.edu/articles/a4444-protected-areas-prevent/,record.umich.edu,Protected areas prevent deforestation in Amazon rainforest,2026-05-09 20:36:35,reliable,"domain record.umich.edu has .edu or .ac, indicating an academic institution"
deforestation,neutral,rainforest protection research,3,4,https://news.vt.edu/articles/2025/11/cnre-research-schons-rainforest.html,news.vt.edu,Researchers find secure land rights protect the rainforest,2026-05-09 20:36:36,reliable,"domain news.vt.edu has .edu or .ac, indicating an academic institution"
deforestation,neutral,rainforest protection research,3,9,https://environment.yale.edu/news/article/new-research-findings-could-help-rainforest-restoration-efforts,environment.yale.edu,New Research Findings Could Help Rainforest Restoration ...,2026-05-09 20:36:37,reliable,"domain environment.yale.edu has .edu or .ac, indicating an academic institution"
deforestation,slanted,palm oil deforestation,3,4,https://seas.umich.edu/news/palm-oil-plantations-and-deforestation-guatemala-certifying-products-sustainable-no-panacea,seas.umich.edu,Palm oil plantations and deforestation in Guatemala,2026-05-09 20:37:32,reliable,"domain seas.umich.edu has .edu or .ac, indicating an academic institution"
overfishing,neutral,sustainable fishing practices,3,5,https://ocean.si.edu/conservation/fishing/sustainable-fishing,ocean.si.edu,Sustainable Fishing,2026-05-09 20:43:33,reliable,"domain ocean.si.edu has .edu or .ac, indicating an academic institution"
overfishing,slanted,overfishing ocean collapse,2,5,https://sharkresearch.earth.miami.edu/fishery-collapses-explained-by-overfishing-life-history-traits-and-climate-variability/,sharkresearch.earth.miami.edu,"Fishery Collapses Explained by Overfishing, Life-History Traits ...",2026-05-09 20:44:14,reliable,"domain sharkresearch.earth.miami.edu has .edu or .ac, indicating an academic institution"
overfishing,slanted,overfishing ocean collapse,3,2,https://faculty.washington.edu/stevehar/JacksonETAl2001-overfishing.pdf,faculty.washington.edu,Historical Overfishing and the Recent Collapse of Coastal ...,2026-05-09 20:44:27,reliable,"domain faculty.washington.edu has .edu or .ac, indicating an academic institution"
overfishing,neutral,fisheries management research,2,6,https://www.nceas.ucsb.edu/news/fisheries-management-actually-working-global-analysis-shows,nceas.ucsb.edu,"Fisheries Management Is Actually Working, Global Analysis ...",2026-05-09 20:45:06,reliable,"domain nceas.ucsb.edu has .edu or .ac, indicating an academic institution"
overfishing,neutral,fisheries management research,3,1,https://www.nceas.ucsb.edu/news/fisheries-management-actually-working-global-analysis-shows,nceas.ucsb.edu,"Fisheries Management Is Actually Working, Global Analysis ...",2026-05-09 20:45:17,reliable,"domain nceas.ucsb.edu has .edu or .ac, indicating an academic institution"
overfishing,slanted,fish farm pollution,1,6,https://hsph.harvard.edu/environmental-health/news/fish-farming-and-the-law-of-unintended-consequences/,hsph.harvard.edu,Fish farming and the law of unintended consequences,2026-05-09 20:47:16,reliable,"domain hsph.harvard.edu has .edu or .ac, indicating an academic institution"
poverty,neutral,welfare program effectiveness,3,2,https://scholarworks.wmich.edu/jssw/vol2/iss2/13/,scholarworks.wmich.edu,The Three Evaluations of Social Welfare Programs,2026-05-09 20:48:48,reliable,"domain scholarworks.wmich.edu has .edu or .ac, indicating an academic institution"
poverty,slanted,poverty cycle,3,2,https://online.maryville.edu/blog/how-to-break-the-cycle-of-poverty/,online.maryville.edu,How to Break the Cycle of Poverty: Impact on Global Growth,2026-05-09 20:50:37,reliable,"domain online.maryville.edu has .edu or .ac, indicating an academic institution"
poverty,neutral,minimum wage economical impact,1,6,https://sites.lsa.umich.edu/mje/2026/04/13/the-minimum-wage-in-2026-economic-theory-and-evidence-in-a-changing-policy-landscape/,sites.lsa.umich.edu,The Minimum Wage in 2026: Economic Theory and ...,2026-05-09 20:51:06,reliable,"domain sites.lsa.umich.edu has .edu or .ac, indicating an academic institution"
poverty,neutral,minimum wage economical impact,2,8,https://drexel.edu/hunger-free-center/research/briefs-and-reports/minimum-wage-is-not-enough/,drexel.edu,Minimum Wage is Not Enough - Home,2026-05-09 20:51:22,reliable,"domain drexel.edu has .edu or .ac, indicating an academic institution"
poverty,neutral,minimum wage economical impact,3,4,https://drexel.edu/hunger-free-center/research/briefs-and-reports/minimum-wage-is-not-enough/,drexel.edu,Minimum Wage is Not Enough - Home,2026-05-09 20:51:34,reliable,"domain drexel.edu has .edu or .ac, indicating an academic institution"
poverty,neutral,minimum wage economical impact,3,6,https://dc.suffolk.edu/cgi/viewcontent.cgi?article=1010&context=undergrad,dc.suffolk.edu,How Does a Higher Minimum Wage Affect the Economy?,2026-05-09 20:51:35,reliable,"domain dc.suffolk.edu has .edu or .ac, indicating an academic institution"
poverty,slanted,welfare dependency,2,7,https://scholarworks.wmich.edu/jssw/vol25/iss4/7/,scholarworks.wmich.edu,Social Support's Contribution to Reduced Welfare ...,2026-05-09 20:52:20,reliable,"domain scholarworks.wmich.edu has .edu or .ac, indicating an academic institution"
poverty,slanted,welfare dependency,3,8,https://www.hks.harvard.edu/centers/cid/publications/myth-welfare-dependency,hks.harvard.edu,The Myth of Welfare Dependency | Harvard Kennedy School,2026-05-09 20:52:34,reliable,"domain hks.harvard.edu has .edu or .ac, indicating an academic institution"
poverty,neutral,universal basic income research,1,2,https://basicincome.stanford.edu/experiments-map/,basicincome.stanford.edu,Global Map of Basic Income Experiments,2026-05-09 20:52:57,reliable,"domain basicincome.stanford.edu has .edu or .ac, indicating an academic institution"
poverty,neutral,universal basic income research,1,4,https://www.unc.edu/discover/the-pros-and-cons-of-universal-basic-income/,unc.edu,The pros and cons of universal basic income,2026-05-09 20:54:17,reliable,"domain unc.edu has .edu or .ac, indicating an academic institution"
poverty,neutral,universal basic income research,2,5,https://urbanlabs.uchicago.edu/attachments/5ff88f36218ed7d9bee03d8b2e3f5e87998b51c9/store/71b4d2b6c98f6d7d0e4b8e5ac62db72a0139a748a1dc59ee192309d9e7cf/092024+IEL+GI+Literature+Review.pdf,urbanlabs.uchicago.edu,A summary of existing research on guaranteed income.,2026-05-09 20:54:37,reliable,"domain urbanlabs.uchicago.edu has .edu or .ac, indicating an academic institution"
poverty,neutral,universal basic income research,3,1,https://gspp.berkeley.edu/archived/files/research/pdf/Hoynes-Rothstein-annurev-economics-080218-030237.pdf,gspp.berkeley.edu,Universal Basic Income in the United States and Advanced ...,2026-05-09 20:54:50,reliable,"domain gspp.berkeley.edu has .edu or .ac, indicating an academic institution"
poverty,neutral,universal basic income research,3,3,https://thereader.mitpress.mit.edu/the-deep-and-enduring-history-of-universal-basic-income/,thereader.mitpress.mit.edu,The Deep and Enduring History of Universal Basic Income,2026-05-09 20:54:51,reliable,"domain thereader.mitpress.mit.edu has .edu or .ac, indicating an academic institution"
poverty,slanted,poverty traps,2,4,https://faculty.wcas.northwestern.edu/kmatsu/Poverty%20Traps.pdf,faculty.wcas.northwestern.edu,1 Poverty Trap,2026-05-09 20:55:46,reliable,"domain faculty.wcas.northwestern.edu has .edu or .ac, indicating an academic institution"
poverty,slanted,poverty traps,3,3,https://inequality.stanford.edu/sites/default/files/Pathways_Winter2019_Poverty-Traps.pdf,inequality.stanford.edu,Poverty Traps,2026-05-09 20:56:00,reliable,"domain inequality.stanford.edu has .edu or .ac, indicating an academic institution"
poverty,slanted,poverty traps,3,7,https://press.princeton.edu/books/paperback/9780691170930/poverty-traps?srsltid=AfmBOorXMZ7brwSu-_eunzcCtFk0SmlzRrVb9y12zAOKgcA0M3GPtKGT,press.princeton.edu,Poverty Traps,2026-05-09 20:56:02,reliable,"domain press.princeton.edu has .edu or .ac, indicating an academic institution"
education,slanted,common core failures,1,1,https://www.brookings.edu/articles/why-common-core-failed/,brookings.edu,Why Common Core failed,2026-05-09 20:58:23,reliable,"domain brookings.edu has .edu or .ac, indicating an academic institution"
education,slanted,common core failures,2,2,https://www.gse.harvard.edu/ideas/ed-magazine/14/09/what-happened-common-core,gse.harvard.edu,What Happened to the Common Core?,2026-05-09 20:59:45,reliable,"domain gse.harvard.edu has .edu or .ac, indicating an academic institution"
education,neutral,charter school research,1,1,https://credo.stanford.edu/research-reports/charter-studies/,credo.stanford.edu,Charter Studies - CREDO - Stanford University,2026-05-09 21:00:35,reliable,"domain credo.stanford.edu has .edu or .ac, indicating an academic institution"
education,neutral,charter school research,1,7,https://blueprintlabs.mit.edu/charter-collaborative/,blueprintlabs.mit.edu,Charter School Research Collaborative - Blueprint Labs,2026-05-09 21:01:42,reliable,"domain blueprintlabs.mit.edu has .edu or .ac, indicating an academic institution"
education,neutral,charter school research,2,1,https://blueprintlabs.mit.edu/charter-collaborative/,blueprintlabs.mit.edu,Charter School Research Collaborative - Blueprint Labs,2026-05-09 21:01:55,reliable,"domain blueprintlabs.mit.edu has .edu or .ac, indicating an academic institution"
education,neutral,charter school research,2,2,https://epaa.asu.edu/index.php/epaa/article/view/7364/3026,epaa.asu.edu,Charter schools after three decades: Reviewing ...,2026-05-09 21:01:55,reliable,"domain epaa.asu.edu has .edu or .ac, indicating an academic institution"
education,neutral,charter school research,3,8,https://fordschool.umich.edu/news/2024/lessons-learned-urban-charter-schools-demonstrate-potential-improve-student-performance,fordschool.umich.edu,Lessons learned: Urban charter schools demonstrate potential ...,2026-05-09 21:02:11,reliable,"domain fordschool.umich.edu has .edu or .ac, indicating an academic institution"
education,slanted,school voucher controversy,1,5,https://www.wwu.edu/faculty/kriegj/Econ406/Papers/Ladd.pdf,wwu.edu,School Vouchers: A Critical View,2026-05-09 21:02:25,reliable,"domain wwu.edu has .edu or .ac, indicating an academic institution"
education,slanted,school voucher controversy,2,2,https://www.gse.harvard.edu/ideas/edcast/25/10/school-vouchers-explained-what-new-federal-program-means,gse.harvard.edu,School Vouchers Explained: What the New Federal Program ...,2026-05-09 21:02:44,reliable,"domain gse.harvard.edu has .edu or .ac, indicating an academic institution"
education,neutral,online learning effectiveness,1,1,https://extension.harvard.edu/blog/going-the-distance-why-online-learning-works/,extension.harvard.edu,Going the Distance: Why Online Learning Works,2026-05-09 21:03:21,reliable,"domain extension.harvard.edu has .edu or .ac, indicating an academic institution"
education,neutral,online learning effectiveness,1,2,https://www.uis.edu/ion/resources/tutorials/overview/strengths-weaknesses,uis.edu,Strengths and Weaknesses of Online Learning,2026-05-09 21:03:21,reliable,"domain uis.edu has .edu or .ac, indicating an academic institution"
education,neutral,online learning effectiveness,2,10,https://extension.ucr.edu/features/impactsofonlinelearning,extension.ucr.edu,The Impacts of Online Learning on Student Success,2026-05-09 21:03:41,reliable,"domain extension.ucr.edu has .edu or .ac, indicating an academic institution"
education,neutral,online learning effectiveness,3,2,https://annenberg.brown.edu/edtakeaways/how-effective-online-learning-what-research-does-and-doesnt-tell-us,annenberg.brown.edu,How Effective Is Online Learning? What the Research ...,2026-05-09 21:03:52,reliable,"domain annenberg.brown.edu has .edu or .ac, indicating an academic institution"
education,neutral,online learning effectiveness,3,3,https://er.educause.edu/articles/2020/3/the-difference-between-emergency-remote-teaching-and-online-learning,er.educause.edu,The Difference Between Emergency Remote Teaching and ...,2026-05-09 21:03:52,reliable,"domain er.educause.edu has .edu or .ac, indicating an academic institution"
education,slanted,student loan debt crisis,1,5,https://www.brookings.edu/articles/a-crisis-in-student-loans-how-changes-in-the-characteristics-of-borrowers-and-in-the-institutions-they-attended-contributed-to-rising-loan-defaults/,brookings.edu,A crisis in student loans? How changes ...,2026-05-09 21:05:38,reliable,"domain brookings.edu has .edu or .ac, indicating an academic institution"
education,slanted,student loan debt crisis,1,8,https://online.umich.edu/content/student-debt-crisis-teach-out/,online.umich.edu,"$1.7 Trillion Student Loan Debt, Options for Borrowers, and ...",2026-05-09 21:05:41,reliable,"domain online.umich.edu has .edu or .ac, indicating an academic institution"
education,slanted,student loan debt crisis,2,3,https://clp.law.harvard.edu/article/debt-takes-a-toll/,clp.law.harvard.edu,Debt Takes a Toll,2026-05-09 21:05:53,reliable,"domain clp.law.harvard.edu has .edu or .ac, indicating an academic institution"
education,slanted,student loan debt crisis,2,8,https://www.irp.wisc.edu/resource/the-student-loan-crisis-policy-burden-and-borrower-well-being/,irp.wisc.edu,"The Student Loan Crisis: Policy, Burden, and Borrower ...",2026-05-09 21:05:54,reliable,"domain irp.wisc.edu has .edu or .ac, indicating an academic institution"
education,slanted,student loan debt crisis,3,1,https://www.albanylaw.edu/government-law-center/higher-education-and-the-student-debt-crisis,albanylaw.edu,Higher Education and the Student Debt Crisis,2026-05-09 21:06:06,reliable,"domain albanylaw.edu has .edu or .ac, indicating an academic institution"
healthcare,neutral,universal healthcare facts,2,3,https://www.brookings.edu/articles/a-dozen-facts-about-the-economics-of-the-u-s-health-care-system/,brookings.edu,A dozen facts about the economics of the US health-care ...,2026-05-09 21:06:49,reliable,"domain brookings.edu has .edu or .ac, indicating an academic institution"
healthcare,neutral,universal healthcare facts,2,8,https://health.mit.edu/my-mit/internationals/healthcare-united-states,health.mit.edu,Healthcare in the United States: The top five things you ...,2026-05-09 21:06:50,reliable,"domain health.mit.edu has .edu or .ac, indicating an academic institution"
healthcare,slanted,obamacare failures,1,5,https://www.brookings.edu/articles/obamacares-popularity-is-the-republicans-problem/,brookings.edu,Obamacare's popularity is the Republicans' problem,2026-05-09 21:09:13,reliable,"domain brookings.edu has .edu or .ac, indicating an academic institution"
healthcare,neutral,healthcare reform,3,5,https://www.brookings.edu/articles/rising-to-the-challenge-of-real-health-care-reform/,brookings.edu,Rising to the Challenge of Real Health Care Reform,2026-05-09 21:10:43,reliable,"domain brookings.edu has .edu or .ac, indicating an academic institution"
healthcare,slanted,insurance coverage gaps,3,10,https://ccf.georgetown.edu/2021/11/22/gaps-in-coverage-a-look-at-child-health-insurance-trends/,ccf.georgetown.edu,Gaps in Coverage: A Look at Child Health Insurance Trends,2026-05-09 21:11:43,reliable,"domain ccf.georgetown.edu has .edu or .ac, indicating an academic institution"
cloning,neutral,animal cloning impact,1,6,https://learn.genetics.utah.edu/content/cloning/whyclone/,learn.genetics.utah.edu,Why Clone?,2026-05-09 21:12:01,reliable,"domain learn.genetics.utah.edu has .edu or .ac, indicating an academic institution"
cloning,neutral,animal cloning impact,2,7,https://sqonline.ucsd.edu/2024/10/stepping-into-the-future-an-insight-into-cloning-and-its-impact-on-society/,sqonline.ucsd.edu,Stepping Into The Future: An Insight into Cloning and Its ...,2026-05-09 21:12:22,reliable,"domain sqonline.ucsd.edu has .edu or .ac, indicating an academic institution"
cloning,neutral,animal cloning impact,3,4,https://repository.upenn.edu/bitstreams/03b6b4f3-e742-44ea-bc34-8e5509bf6f0f/download,repository.upenn.edu,Ethical Issues in Animal Cloning,2026-05-09 21:12:35,reliable,"domain repository.upenn.edu has .edu or .ac, indicating an academic institution"
cloning,slanted,human cloning ethics,1,6,https://digitalcommons.liberty.edu/cgi/viewcontent.cgi?article=1009&context=nexus,digitalcommons.liberty.edu,Bioethics of Human Cloning: Are We Playing God?,2026-05-09 21:12:58,reliable,"domain digitalcommons.liberty.edu has .edu or .ac, indicating an academic institution"
cloning,slanted,human cloning ethics,1,7,https://www.scu.edu/ethics/focus-areas/bioethics/resources/the-ethics-of-human-cloning-and-stem-cell-research/,scu.edu,The Ethics of Human Cloning and Stem Cell Research,2026-05-09 21:13:02,reliable,"domain scu.edu has .edu or .ac, indicating an academic institution"
cloning,slanted,human cloning ethics,3,2,https://funginstitute.berkeley.edu/news/op-ed-the-dangers-of-cloning/,funginstitute.berkeley.edu,Op-ed: The dangers of cloning,2026-05-09 21:13:45,reliable,"domain funginstitute.berkeley.edu has .edu or .ac, indicating an academic institution"
cloning,neutral,reproductive cloning research,2,2,https://learn.genetics.utah.edu/content/cloning/clonezone/,learn.genetics.utah.edu,The History of Cloning,2026-05-09 21:14:31,reliable,"domain learn.genetics.utah.edu has .edu or .ac, indicating an academic institution"
cloning,neutral,reproductive cloning research,2,4,https://chicagounbound.uchicago.edu/cgi/viewcontent.cgi?article=1388&context=uclf,chicagounbound.uchicago.edu,Reproductive Cloning: Another Look,2026-05-09 21:14:31,reliable,"domain chicagounbound.uchicago.edu has .edu or .ac, indicating an academic institution"
cloning,neutral,reproductive cloning research,2,8,https://funginstitute.berkeley.edu/news/op-ed-the-dangers-of-cloning/,funginstitute.berkeley.edu,Op-ed: The dangers of cloning,2026-05-09 21:14:31,reliable,"domain funginstitute.berkeley.edu has .edu or .ac, indicating an academic institution"
cloning,neutral,reproductive cloning research,2,10,https://www.ruf.rice.edu/~neal/temp/ST%20Policy/index/SCBooklet/World.pdf,ruf.rice.edu,World Human Cloning Policies,2026-05-09 21:14:32,reliable,"domain ruf.rice.edu has .edu or .ac, indicating an academic institution"
cloning,slanted,therapeutic cloning debate,1,3,https://en.unav.edu/web/humanities-and-medical-ethics-unit/bioethics-material/conferencias-sobre-etica-medica-de-gonzalo-herranz/la-clonacion-terapeutica-y-sus-implicaciones-eticas,en.unav.edu,Therapeutic cloning and its ethical implications,2026-05-09 21:14:59,reliable,"domain en.unav.edu has .edu or .ac, indicating an academic institution"
cloning,slanted,therapeutic cloning debate,1,7,https://digitalcommons.liberty.edu/cgi/viewcontent.cgi?article=1009&context=nexus,digitalcommons.liberty.edu,Bioethics of Human Cloning: Are We Playing God?,2026-05-09 21:15:07,reliable,"domain digitalcommons.liberty.edu has .edu or .ac, indicating an academic institution"
cloning,slanted,therapeutic cloning debate,2,6,https://www.academia.edu/53952214/The_pros_and_cons_of_human_therapeutic_cloning_in_the_public_debate,academia.edu,The pros and cons of human therapeutic cloning in ...,2026-05-09 21:15:23,reliable,"domain academia.edu has .edu or .ac, indicating an academic institution"
cloning,neutral,cloning endangered species,2,7,https://web.mit.edu/12.000/www/m2015/2015/cloning.html,web.mit.edu,Mission 2015: Cloning Will Not Save Endangered Species,2026-05-09 21:18:11,reliable,"domain web.mit.edu has .edu or .ac, indicating an academic institution"
cloning,neutral,cloning endangered species,2,10,https://learn.genetics.utah.edu/content/cloning/whyclone/,learn.genetics.utah.edu,Why Clone?,2026-05-09 21:18:12,reliable,"domain learn.genetics.utah.edu has .edu or .ac, indicating an academic institution"
cloning,neutral,cloning endangered species,3,2,https://web.mit.edu/12.000/www/m2015/2015/cloning.html,web.mit.edu,Mission 2015: Cloning Will Not Save Endangered Species,2026-05-09 21:18:24,reliable,"domain web.mit.edu has .edu or .ac, indicating an academic institution"
cloning,slanted,clone farming,2,3,https://learn.genetics.utah.edu/content/cloning/whyclone/,learn.genetics.utah.edu,Why Clone?,2026-05-09 21:19:18,reliable,"domain learn.genetics.utah.edu has .edu or .ac, indicating an academic institution"
gene_editing,neutral,crispr gene therapy,1,6,https://news.stanford.edu/stories/2024/06/stanford-explainer-crispr-gene-editing-and-beyond,news.stanford.edu,What is CRISPR? A bioengineer explains - Stanford Report,2026-05-09 21:20:02,reliable,"domain news.stanford.edu has .edu or .ac, indicating an academic institution"
gene_editing,neutral,crispr gene therapy,2,1,https://www.chop.edu/news/worlds-first-patient-treated-personalized-crispr-gene-editing-therapy-childrens-hospital,chop.edu,World's First Patient Treated with Personalized CRISPR ...,2026-05-09 21:20:25,reliable,"domain chop.edu has .edu or .ac, indicating an academic institution"
gene_editing,neutral,crispr gene therapy,3,9,https://penntoday.upenn.edu/news/penn-medicine-worlds-first-patient-treated-personalized-crispr-gene-editing-therapy-childrens-hospital,penntoday.upenn.edu,World's first patient treated with personalized CRISPR gene ...,2026-05-09 21:20:42,reliable,"domain penntoday.upenn.edu has .edu or .ac, indicating an academic institution"
gene_editing,slanted,gene editing ethics,2,5,https://news.harvard.edu/gazette/story/2019/01/perspectives-on-gene-editing/,news.harvard.edu,Perspectives on gene editing,2026-05-09 21:22:44,reliable,"domain news.harvard.edu has .edu or .ac, indicating an academic institution"
gene_editing,neutral,crispr cas9 research,1,9,https://www.hsci.harvard.edu/crisprcas9-how-new-genome-editing-tool-could-help-patients,hsci.harvard.edu,CRISPR/Cas9: How a new genome-editing tool could help ...,2026-05-09 21:23:23,reliable,"domain hsci.harvard.edu has .edu or .ac, indicating an academic institution"
gene_editing,slanted,genetic modification dangers,1,6,https://english.umd.edu/research-innovation/journals/interpolations/interpolations-spring-2011/genetic-engineering-serious,english.umd.edu,Genetic Engineering: A Serious Threat to Human Society,2026-05-09 21:24:15,reliable,"domain english.umd.edu has .edu or .ac, indicating an academic institution"
gene_editing,slanted,genetic modification dangers,2,8,https://www.bu.edu/wcp/Papers/Bioe/BioeHay2.htm,bu.edu,20th WCP: Genetic Engineering and the Risk of Harm,2026-05-09 21:24:36,reliable,"domain bu.edu has .edu or .ac, indicating an academic institution"
gene_editing,slanted,genetic modification dangers,3,5,https://www.scu.edu/ethics/focus-areas/bioethics/resources/risks-and-benefits-of-gmos/,scu.edu,Risks and Benefits of GMOs,2026-05-09 21:24:48,reliable,"domain scu.edu has .edu or .ac, indicating an academic institution"
gene_editing,neutral,gene drive technology,1,6,https://wyss.harvard.edu/technology/gene-drives/,wyss.harvard.edu,Gene Drives - Wyss Institute,2026-05-09 21:25:28,reliable,"domain wyss.harvard.edu has .edu or .ac, indicating an academic institution"
gene_editing,neutral,gene drive technology,3,4,https://wyss.harvard.edu/media-post/crispr-cas9-gene-drives/,wyss.harvard.edu,CRISPR-Cas9: Gene Drives - Wyss Institute,2026-05-09 21:25:58,reliable,"domain wyss.harvard.edu has .edu or .ac, indicating an academic institution"
gene_editing,neutral,gene drive technology,3,8,https://publikationen.bibliothek.kit.edu/1000179982/158009090,publikationen.bibliothek.kit.edu,Gene drives,2026-05-09 21:26:00,reliable,"domain publikationen.bibliothek.kit.edu has .edu or .ac, indicating an academic institution"
gene_editing,slanted,designer babies,1,2,https://petrieflom.law.harvard.edu/2024/03/11/designer-babies-the-ethical-and-regulatory-implications-of-polygenic-embryo-screening/,petrieflom.law.harvard.edu,Designer Babies? The Ethical and Regulatory Implications ...,2026-05-09 21:26:34,reliable,"domain petrieflom.law.harvard.edu has .edu or .ac, indicating an academic institution"
gene_editing,slanted,designer babies,1,9,https://embryo.asu.edu/pages/ethics-designer-babies,embryo.asu.edu,Ethics of Designer Babies | Embryo Project Encyclopedia,2026-05-09 21:26:45,reliable,"domain embryo.asu.edu has .edu or .ac, indicating an academic institution"
gene_editing,slanted,designer babies,2,1,https://embryo.asu.edu/pages/ethics-designer-babies,embryo.asu.edu,Ethics of Designer Babies | Embryo Project Encyclopedia,2026-05-09 21:26:56,reliable,"domain embryo.asu.edu has .edu or .ac, indicating an academic institution"
gene_editing,slanted,designer babies,2,4,https://morgantonscientific.ncssm.edu/articles/xgky2283,morgantonscientific.ncssm.edu,Designer Babies A Tale of Horrific Immoralities,2026-05-09 21:26:58,reliable,"domain morgantonscientific.ncssm.edu has .edu or .ac, indicating an academic institution"
gene_editing,slanted,designer babies,2,9,https://jost.syr.edu/are-designer-babies-morally-wrong/,jost.syr.edu,Are 'Designer Babies' Morally Wrong? - JOST,2026-05-09 21:27:01,reliable,"domain jost.syr.edu has .edu or .ac, indicating an academic institution"
gene_editing,slanted,designer babies,3,2,https://med.nyu.edu/departments-institutes/population-health/divisions-sections-centers/medical-ethics/sites/default/files/medical-ethics-sex-selection-genetic-analysis.pdf,med.nyu.edu,"Sex Selection, Genetic Analysis, and Designer Babies",2026-05-09 21:27:22,reliable,"domain med.nyu.edu has .edu or .ac, indicating an academic institution"
gene_editing,slanted,designer babies,3,7,https://law.stanford.edu/press/will-designer-babies/,law.stanford.edu,When Will We Have Designer Babies? - Stanford Law School,2026-05-09 21:27:23,reliable,"domain law.stanford.edu has .edu or .ac, indicating an academic institution"
cybersecurity,neutral,encryption security,2,9,https://www.open.edu/openlearn/digital-computing/network-security/content-section-4.1,open.edu,4.1 An introduction to encryption and cryptography,2026-05-09 21:28:28,reliable,"domain open.edu has .edu or .ac, indicating an academic institution"
cybersecurity,neutral,encryption security,3,7,https://www.security.uci.edu/how-to/encryption/,security.uci.edu,Protect Data with Encryption - UCI Information Security,2026-05-09 21:28:42,reliable,"domain security.uci.edu has .edu or .ac, indicating an academic institution"
cybersecurity,slanted,government backdoors,1,1,https://cyberlaw.stanford.edu/blog/2025/05/governments-continue-losing-efforts-to-gain-backdoor-access-to-secure-communications/,cyberlaw.stanford.edu,Governments continue losing efforts to gain backdoor ...,2026-05-09 21:28:53,reliable,"domain cyberlaw.stanford.edu has .edu or .ac, indicating an academic institution"
cybersecurity,slanted,government backdoors,1,3,https://www.bu.edu/riscs/2021/05/03/abuse-resistant-government-backdoors/,bu.edu,Abuse-Resistant Government Backdoors,2026-05-09 21:28:55,reliable,"domain bu.edu has .edu or .ac, indicating an academic institution"
cybersecurity,slanted,government backdoors,2,9,https://cs.stanford.edu/people/eroberts/cs181/projects/ethics-of-surveillance/tech_encryptionbackdoors.html,cs.stanford.edu,Encryption Backdoors,2026-05-09 21:29:18,reliable,"domain cs.stanford.edu has .edu or .ac, indicating an academic institution"
cybersecurity,slanted,government backdoors,3,6,https://www.brookings.edu/articles/the-backdoor-threat-to-encryption/,brookings.edu,The backdoor threat to encryption,2026-05-09 21:29:31,reliable,"domain brookings.edu has .edu or .ac, indicating an academic institution"
cybersecurity,slanted,government backdoors,3,7,https://www.cs.tufts.edu/comp/116/archive/fall2015/sweiss.pdf,cs.tufts.edu,Government Backdoors in Encryption Abstract Introduction,2026-05-09 21:29:31,reliable,"domain cs.tufts.edu has .edu or .ac, indicating an academic institution"
cybersecurity,slanted,ransomware attacks,1,8,https://security.berkeley.edu/faq/ransomware/,security.berkeley.edu,Frequently Asked Questions - Ransomware,2026-05-09 21:33:20,reliable,"domain security.berkeley.edu has .edu or .ac, indicating an academic institution"
cybersecurity,slanted,ransomware attacks,3,5,https://nyscas.touro.edu/stories/list/recent-ransomware-attacks.php,nyscas.touro.edu,The 10 Biggest Ransomware Attacks | New York School of ...,2026-05-09 21:33:54,reliable,"domain nyscas.touro.edu has .edu or .ac, indicating an academic institution"
social_credit,slanted,social credit system,1,2,https://sccei.fsi.stanford.edu/china-briefs/assessing-chinas-national-model-social-credit-system,sccei.fsi.stanford.edu,Assessing China's “National Model” Social Credit System | FSI,2026-05-09 21:35:00,reliable,"domain sccei.fsi.stanford.edu has .edu or .ac, indicating an academic institution"
social_credit,slanted,social credit system,3,5,https://www.brookings.edu/articles/chinas-social-credit-system-spreads-to-more-daily-transactions/,brookings.edu,China's social credit system spreads to more daily ...,2026-05-09 21:35:47,reliable,"domain brookings.edu has .edu or .ac, indicating an academic institution"
social_credit,neutral,citizen scoring research,1,1,https://sccei.fsi.stanford.edu/china-briefs/assessing-chinas-national-model-social-credit-system,sccei.fsi.stanford.edu,Assessing China's “National Model” Social Credit System | FSI,2026-05-09 21:36:19,reliable,"domain sccei.fsi.stanford.edu has .edu or .ac, indicating an academic institution"
social_credit,neutral,citizen scoring research,2,8,https://egrove.olemiss.edu/cgi/viewcontent.cgi?article=2346&context=hon_thesis,egrove.olemiss.edu,A Study of the Social Credit Score System and the ...,2026-05-09 21:36:37,reliable,"domain egrove.olemiss.edu has .edu or .ac, indicating an academic institution"
social_credit,neutral,citizen scoring research,2,10,https://libres.uncg.edu/ir/uncg/f/N_Kshetri_Chinas_2020.pdf,libres.uncg.edu,"China's Social Credit System: Data, Algorithms and ...",2026-05-09 21:36:38,reliable,"domain libres.uncg.edu has .edu or .ac, indicating an academic institution"
social_credit,neutral,citizen scoring research,3,6,https://www.brookings.edu/articles/chinas-social-credit-system-spreads-to-more-daily-transactions/,brookings.edu,China's social credit system spreads to more daily ...,2026-05-09 21:36:52,reliable,"domain brookings.edu has .edu or .ac, indicating an academic institution"
social_credit,neutral,citizen scoring research,3,9,https://www.journals.uchicago.edu/doi/full/10.1086/718358,journals.uchicago.edu,Information Control and Public Support for Social Credit ...,2026-05-09 21:36:53,reliable,"domain journals.uchicago.edu has .edu or .ac, indicating an academic institution"
social_credit,slanted,government surveillance,1,8,https://cs.stanford.edu/people/eroberts/cs181/projects/ethics-of-surveillance/ethics.html,cs.stanford.edu,The Ethics (or not) of Massive Government Surveillance,2026-05-09 21:37:18,reliable,"domain cs.stanford.edu has .edu or .ac, indicating an academic institution"
social_credit,slanted,government surveillance,2,3,https://www.brookings.edu/articles/how-ai-can-enable-public-surveillance/,brookings.edu,How AI can enable public surveillance,2026-05-09 21:37:32,reliable,"domain brookings.edu has .edu or .ac, indicating an academic institution"
social_credit,slanted,government surveillance,2,8,https://libguides.mjc.edu/governmentsurveillance,libguides.mjc.edu,Government Surveillance - Research Guides,2026-05-09 21:37:33,reliable,"domain libguides.mjc.edu has .edu or .ac, indicating an academic institution"
social_credit,slanted,government surveillance,3,2,https://safecomputing.umich.edu/protect-privacy/history-of-surveillance-timeline,safecomputing.umich.edu,History of Surveillance Timeline / safecomputing.umich.edu,2026-05-09 21:37:45,reliable,"domain safecomputing.umich.edu has .edu or .ac, indicating an academic institution"
social_credit,neutral,trustworthiness rating,3,2,https://opi.cs.cmu.edu/show/trust_rating,opi.cs.cmu.edu,PhysicalThing: trust rating - Ontology of Personal Information,2026-05-09 21:38:43,reliable,"domain opi.cs.cmu.edu has .edu or .ac, indicating an academic institution"
social_credit,slanted,privacy concerns,1,8,https://hai.stanford.edu/news/privacy-ai-era-how-do-we-protect-our-personal-information,hai.stanford.edu,Privacy in an AI Era: How Do We Protect Our Personal ...,2026-05-09 21:39:16,reliable,"domain hai.stanford.edu has .edu or .ac, indicating an academic institution"
social_credit,slanted,privacy concerns,3,6,https://sopa.tulane.edu/blog/key-social-media-privacy-issues-2020,sopa.tulane.edu,"Key Social Media Privacy Issues for 2020 | New Orleans, LA",2026-05-09 21:39:43,reliable,"domain sopa.tulane.edu has .edu or .ac, indicating an academic institution"
quantum_computing,neutral,quantum encryption research,2,8,https://scienceexchange.caltech.edu/topics/quantum-science-explained/quantum-cryptography,scienceexchange.caltech.edu,How Will Quantum Technologies Change Cryptography?,2026-05-09 21:40:32,reliable,"domain scienceexchange.caltech.edu has .edu or .ac, indicating an academic institution"
quantum_computing,neutral,quantum encryption research,3,4,https://news.fiu.edu/2026/researchers-develop-encryption-to-protect-against-quantum-computer-hacks,news.fiu.edu,Researchers develop encryption to protect against ...,2026-05-09 21:40:44,reliable,"domain news.fiu.edu has .edu or .ac, indicating an academic institution"
quantum_computing,neutral,quantum machine learning,3,6,https://hdsr.mitpress.mit.edu/pub/cgmjzm3c,hdsr.mitpress.mit.edu,The Development of Quantum Machine Learning,2026-05-09 21:44:10,reliable,"domain hdsr.mitpress.mit.edu has .edu or .ac, indicating an academic institution"
quantum_computing,slanted,quantum computer hacking,1,6,https://news.fiu.edu/2025/fiu-computer-scientists-create-algorithm-to-protect-videos-from-quantum-hacking,news.fiu.edu,Computer scientists create algorithm to protect videos from ...,2026-05-09 21:46:16,reliable,"domain news.fiu.edu has .edu or .ac, indicating an academic institution"
quantum_computing,slanted,quantum computer hacking,2,8,https://www.cs.virginia.edu/~robins/The_Quantum_Hack.pdf,cs.virginia.edu,The Quantum Hack,2026-05-09 21:46:40,reliable,"domain cs.virginia.edu has .edu or .ac, indicating an academic institution"
space_exploration,neutral,space research data,1,3,https://ui.adsabs.harvard.edu/,ui.adsabs.harvard.edu,Astrophysics Data System,2026-05-09 21:49:20,reliable,"domain ui.adsabs.harvard.edu has .edu or .ac, indicating an academic institution"
space_exploration,neutral,space research data,2,9,https://exoplanetarchive.ipac.caltech.edu/,exoplanetarchive.ipac.caltech.edu,NASA Exoplanet Archive,2026-05-09 21:49:43,reliable,"domain exoplanetarchive.ipac.caltech.edu has .edu or .ac, indicating an academic institution"
space_exploration,neutral,space research data,3,1,https://guides.lib.uiowa.edu/datasets/earth,guides.lib.uiowa.edu,Science & Engineering Datasets: Earth & Space - Guides,2026-05-09 21:49:50,reliable,"domain guides.lib.uiowa.edu has .edu or .ac, indicating an academic institution"
space_exploration,neutral,space research data,3,5,https://guides.nyu.edu/science-data/astronomy,guides.nyu.edu,Astronomy & Space - Data Sources for Physical and Earth ...,2026-05-09 21:49:49,reliable,"domain guides.nyu.edu has .edu or .ac, indicating an academic institution"
space_exploration,neutral,space research data,3,6,https://libguides.und.edu/space-studies/data,libguides.und.edu,Space Studies: Data & Statistics - Research Guides,2026-05-09 21:49:50,reliable,"domain libguides.und.edu has .edu or .ac, indicating an academic institution"
space_exploration,slanted,space junk,2,1,http://astria.tacc.utexas.edu/AstriaGraph/,astria.tacc.utexas.edu,AstriaGraph,2026-05-09 21:50:44,reliable,"domain astria.tacc.utexas.edu has .edu or .ac, indicating an academic institution"
space_exploration,slanted,space junk,2,6,https://unu.edu/ehs/article/5-things-you-should-know-about-space-debris,unu.edu,5 Things You Should Know about Space Debris,2026-05-09 21:50:47,reliable,"domain unu.edu has .edu or .ac, indicating an academic institution"
space_exploration,neutral,mars colonization,2,6,https://www.fit.edu/lp/is-our-future-dependent-on-a-mars-colony/,fit.edu,Is Our Future Dependent on a Mars Colony?,2026-05-09 21:52:16,reliable,"domain fit.edu has .edu or .ac, indicating an academic institution"
space_exploration,slanted,space tourism risks,2,1,https://school.wakehealth.edu/features/research/scientists-and-students-study-the-risks-of-space-travel,school.wakehealth.edu,Scientists and Students Study the Risks of Space Travel,2026-05-09 21:52:52,reliable,"domain school.wakehealth.edu has .edu or .ac, indicating an academic institution"
space_exploration,slanted,space tourism risks,3,3,https://news.arizona.edu/employee-news/new-conversation-space-travel-comes-risk-and-spacexs-polaris-dawn-mission-will-push,news.arizona.edu,New on the Conversation: Space travel comes with risk,2026-05-09 21:53:01,reliable,"domain news.arizona.edu has .edu or .ac, indicating an academic institution"
space_exploration,slanted,asteroid mining ethics,1,7,https://www.colorado.edu/herbst/ethics-and-equity-emerging-space-economy,colorado.edu,Ethics and Equity in the Emerging Space Economy,2026-05-09 21:54:29,reliable,"domain colorado.edu has .edu or .ac, indicating an academic institution"
space_exploration,slanted,asteroid mining ethics,2,3,https://www.academia.edu/31736455/The_Legality_and_Ethics_of_Mining_an_Asteroid,academia.edu,(PDF) The Legality and Ethics of Mining an Asteroid,2026-05-09 21:54:48,reliable,"domain academia.edu has .edu or .ac, indicating an academic institution"
space_exploration,slanted,asteroid mining ethics,2,6,https://ui.adsabs.harvard.edu/abs/2021BAAS...53d.475R/abstract,ui.adsabs.harvard.edu,Asteroid Resource Utilization: Ethical Concerns and Progress,2026-05-09 21:54:49,reliable,"domain ui.adsabs.harvard.edu has .edu or .ac, indicating an academic institution"
space_exploration,neutral,space debris mitigation,1,7,https://news.mit.edu/2025/deploying-practical-solution-space-debris-0514,news.mit.edu,Deploying a practical solution to space debris,2026-05-09 21:55:21,reliable,"domain news.mit.edu has .edu or .ac, indicating an academic institution"
space_exploration,slanted,space weaponization,1,2,https://www.diplomacy.edu/blog/militarisation-of-space/,diplomacy.edu,Astropolitics and the militarisation of space: The new arms ...,2026-05-09 21:55:54,reliable,"domain diplomacy.edu has .edu or .ac, indicating an academic institution"
space_exploration,slanted,space weaponization,1,3,https://www.airuniversity.af.edu/Portals/10/AEtherJournal/Journals/Special-Edition_Winter2023/Staats.pdf,airuniversity.af.edu,Space Weaponization - Air University,2026-05-09 21:55:55,reliable,"domain airuniversity.af.edu has .edu or .ac, indicating an academic institution"
space_exploration,slanted,space weaponization,3,1,https://scholar.smu.edu/cgi/viewcontent.cgi?article=1327&context=jalc,scholar.smu.edu,The Problems and Potential Solutions Related to the ...,2026-05-09 21:56:22,reliable,"domain scholar.smu.edu has .edu or .ac, indicating an academic institution"
space_exploration,slanted,space weaponization,3,6,https://jpia.princeton.edu/document/393,jpia.princeton.edu,SPACE WEAPONIZATION AND CANADA-U.S. RELATIONS,2026-05-09 21:56:23,reliable,"domain jpia.princeton.edu has .edu or .ac, indicating an academic institution"
immigration,slanted,immigration threath,1,2,https://www.brookings.edu/articles/when-is-migration-a-security-issue/,brookings.edu,When is Migration a Security Issue?,2026-05-09 21:57:17,reliable,"domain brookings.edu has .edu or .ac, indicating an academic institution"
immigration,slanted,immigration threath,1,3,https://www.eurac.edu/en/blogs/mobile-people-and-diverse-societies/beyond-fear-how-migration-and-security-become-entangled-and-how-to-untangle-them-,eurac.edu,Beyond Fear: How Migration and Security become Entangled ...,2026-05-09 21:57:18,reliable,"domain eurac.edu has .edu or .ac, indicating an academic institution"
immigration,neutral,poulation growth,1,6,https://ugc.berkeley.edu/background-content/population-growth/,ugc.berkeley.edu,Population growth,2026-05-09 21:58:06,reliable,"domain ugc.berkeley.edu has .edu or .ac, indicating an academic institution"
immigration,slanted,overpopulation,1,6,https://mahb.stanford.edu/blog/a-brief-on-overpopulation-why-it-matters-and-what-you-can-do-about-it/,mahb.stanford.edu,A Brief on Overpopulation - Why it Matters and What You ...,2026-05-09 21:59:16,reliable,"domain mahb.stanford.edu has .edu or .ac, indicating an academic institution"
immigration,slanted,overpopulation,3,5,https://mahb.stanford.edu/library-item/is-the-earth-really-overpopulated/,mahb.stanford.edu,Is the Earth really overpopulated?,2026-05-09 21:59:47,reliable,"domain mahb.stanford.edu has .edu or .ac, indicating an academic institution"
Job_security,neutral,unemployment projection related to Ai data,1,3,https://budgetlab.yale.edu/research/tracking-impact-ai-labor-market,budgetlab.yale.edu,Tracking the Impact of AI on the Labor Market - Yale Budget Lab,2026-05-09 22:01:29,reliable,"domain budgetlab.yale.edu has .edu or .ac, indicating an academic institution"
Job_security,neutral,unemployment projection related to Ai data,3,8,https://budgetlab.yale.edu/research/what-we-do-and-dont-know-about-how-ai-affecting-labor-market,budgetlab.yale.edu,What We Do and Don't Know About How AI is Affecting the ...,2026-05-09 22:01:52,reliable,"domain budgetlab.yale.edu has .edu or .ac, indicating an academic institution"
Job_security,slanted,Ai taking over jobs,1,3,https://www.nexford.edu/insights/how-will-ai-affect-jobs,nexford.edu,How will Artificial Intelligence Affect Jobs 2026-2030,2026-05-09 22:02:17,reliable,"domain nexford.edu has .edu or .ac, indicating an academic institution"
Job_security,slanted,Ai taking over jobs,1,6,https://insights.som.yale.edu/insights/the-real-job-destruction-from-ai-is-hitting-before-careers-can-start,insights.som.yale.edu,The Real Job Destruction from AI Is Hitting Before Careers ...,2026-05-09 22:02:19,reliable,"domain insights.som.yale.edu has .edu or .ac, indicating an academic institution"
Job_security,slanted,Ai taking over jobs,1,7,https://www.library.hbs.edu/working-knowledge/riley-performance-resistance-2026,library.hbs.edu,People Are Mostly OK With AI Taking Over Many Jobs—Up to ...,2026-05-09 22:02:23,reliable,"domain library.hbs.edu has .edu or .ac, indicating an academic institution"
Job_security,slanted,Ai taking over jobs,2,1,https://knowledge.insead.edu/career/ai-really-going-take-your-job,knowledge.insead.edu,Is AI Really Going to Take Your Job?,2026-05-09 22:02:31,reliable,"domain knowledge.insead.edu has .edu or .ac, indicating an academic institution"
Job_security,slanted,Ai taking over jobs,2,9,https://www.uscareerinstitute.edu/blog/65-jobs-with-the-lowest-risk-of-automation-by-ai-and-robots,uscareerinstitute.edu,Top 65 Jobs Safest from AI & Robot Automation,2026-05-09 22:02:34,reliable,"domain uscareerinstitute.edu has .edu or .ac, indicating an academic institution"
Job_security,slanted,Ai taking over jobs,3,7,https://sites.lsa.umich.edu/mje/2024/01/03/is-ai-taking-over-the-job-market/,sites.lsa.umich.edu,Is AI taking over the job market?,2026-05-09 22:02:42,reliable,"domain sites.lsa.umich.edu has .edu or .ac, indicating an academic institution"
