topic,query_type,query,page,position,url,domain,title,timestamp,source,wikipedia_page,domains,status,status_raw,summary,reason
vaccines,slanted,vaccine scam,2,9,https://theconversation.com/nabbing-osama-with-a-vaccine-scam-a-threat-to-global-health-7044,theconversation.com,Nabbing Osama with a vaccine scam a threat to global health,2026-05-09 15:44:15,The Conversation,The_Conversation_(website),theconversation.com;2201-5639,reliable,Generally reliable,The Conversationpublishes articles from academics who aresubject-matter experts. It is generally reliable for subjects in the authors'areas of expertise. Opinions published inThe Conversationshould be handled withWP:RSOPINION.,domain theconversation.com matches reliable domain from file raw_wikipedia_perennial_sources.csv
vaccines,slanted,vaccine scam,3,9,https://www.npr.org/2021/07/09/1014512227/thousands-given-fake-vaccines-through-scam-in-india,npr.org,Thousands Given Fake Vaccines Through Scam In India,2026-05-09 15:44:24,NPR(National Public Radio),NPR,npr.org,reliable,Generally reliable,"There is consensus that NPR, an American public service broadcaster, is generally reliable for news and statements of fact. NPR'sopinion piecesshould only be used withattribution.",domain npr.org matches reliable domain from file raw_wikipedia_perennial_sources.csv
vaccine_passports,neutral,vaccine passport impact,2,3,https://www.theguardian.com/society/2021/jan/15/covid-vaccine-passports-what-are-they-and-do-they-pose-a-danger-to-privacy,theguardian.com,Vaccine passports: what are they and do they pose a ...,2026-05-09 15:51:58,"The Guardian(TheGuardian.com,The Manchester Guardian,The Guardian Weekly,The Observer)",The_Guardian,0261-3077;1756-3224;theguardian.com,reliable,Generally reliable,There is consensus thatThe Guardianis generally reliable.The Guardian's op-eds should be handled withWP:RSOPINION. Some editors believeThe Guardianisbiased or opinionatedfor politics.See also:The Guardian blogs.Guardian Media soldThe ObservertoTortoise Mediawith effect from 22 April 2025.,domain theguardian.com matches reliable domain from file raw_wikipedia_perennial_sources.csv
vaccine_passports,neutral,vaccine passport impact,3,10,https://www.bbc.com/news/world-europe-56522408,bbc.com,Covid passports: How do they work around the world?,2026-05-09 15:52:08,BBC(British Broadcasting Corporation),BBC,bbc.com,reliable,Generally reliable,"BBC is a Britishpublicly funded broadcaster. It is considered generally reliable. This includesBBC News, BBC documentaries, and the BBC History site (onBBC Online). However, this excludes BBC projects that incorporateuser-generated content(such ash2g2and theBBC Domesday Project) and BBC publications with reduced editorial oversight (such asCollective).Statements of opinionshould conform to the corresponding guideline.",domain bbc.com matches reliable domain from file raw_wikipedia_perennial_sources.csv
vaccine_passports,slanted,immunity passport discrimination,1,9,https://theconversation.com/the-argument-in-favour-of-covid-19-immunity-passports-151627,theconversation.com,The argument in favour of COVID-19 immunity passports,2026-05-09 15:52:24,The Conversation,The_Conversation_(website),theconversation.com;2201-5639,reliable,Generally reliable,The Conversationpublishes articles from academics who aresubject-matter experts. It is generally reliable for subjects in the authors'areas of expertise. Opinions published inThe Conversationshould be handled withWP:RSOPINION.,domain theconversation.com matches reliable domain from file raw_wikipedia_perennial_sources.csv
vaccine_passports,slanted,immunity passport discrimination,2,8,https://theconversation.com/why-covid-19-immunity-passports-may-violate-us-law-138165,theconversation.com,Why COVID-19 immunity passports may violate US law,2026-05-09 15:52:38,The Conversation,The_Conversation_(website),theconversation.com;2201-5639,reliable,Generally reliable,The Conversationpublishes articles from academics who aresubject-matter experts. It is generally reliable for subjects in the authors'areas of expertise. Opinions published inThe Conversationshould be handled withWP:RSOPINION.,domain theconversation.com matches reliable domain from file raw_wikipedia_perennial_sources.csv
vaccine_passports,slanted,immunity passport discrimination,3,1,https://www.washingtonpost.com/outlook/2020/12/15/vaccine-cards-discrimination-immunity-passports/,washingtonpost.com,Proof of vaccination will be very valuable — and easy to ...,2026-05-09 15:52:44,"The Washington Post(The Post,WaPo,TWP)",The_Washington_Post,0190-8286;washingtonpost.com,reliable,Generally reliable,Most editors considerThe Washington Postgenerally reliable. Some editors note thatWP:NEWSBLOGshould be used to evaluate blog posts onThe Washington Post's website.,domain washingtonpost.com matches reliable domain from file raw_wikipedia_perennial_sources.csv
covid19,neutral,coronavirus pandemic origin,2,9,https://www.bbc.com/news/articles/cy8095xjg4po,bbc.com,Genetic ghosts suggest Covid's market origins,2026-05-09 15:58:39,BBC(British Broadcasting Corporation),BBC,bbc.com,reliable,Generally reliable,"BBC is a Britishpublicly funded broadcaster. It is considered generally reliable. This includesBBC News, BBC documentaries, and the BBC History site (onBBC Online). However, this excludes BBC projects that incorporateuser-generated content(such ash2g2and theBBC Domesday Project) and BBC publications with reduced editorial oversight (such asCollective).Statements of opinionshould conform to the corresponding guideline.",domain bbc.com matches reliable domain from file raw_wikipedia_perennial_sources.csv
covid19,neutral,coronavirus pandemic origin,3,6,https://theconversation.com/the-lab-leak-origin-of-covid-19-fact-or-fiction-250462,theconversation.com,The 'lab-leak origin' of Covid-19. Fact or fiction?,2026-05-09 15:58:47,The Conversation,The_Conversation_(website),theconversation.com;2201-5639,reliable,Generally reliable,The Conversationpublishes articles from academics who aresubject-matter experts. It is generally reliable for subjects in the authors'areas of expertise. Opinions published inThe Conversationshould be handled withWP:RSOPINION.,domain theconversation.com matches reliable domain from file raw_wikipedia_perennial_sources.csv
covid19,neutral,coronavirus pandemic origin,3,7,https://www.pbs.org/newshour/tag/wuhan,pbs.org,wuhan | PBS News,2026-05-09 15:58:48,PBS(Public Broadcasting Service),PBS,pbs.org,reliable,Generally reliable,ThePublic Broadcasting Serviceis an American public broadcaster. It is considered generally reliable by editors.,domain pbs.org matches reliable domain from file raw_wikipedia_perennial_sources.csv
covid19,neutral,coronavirus pandemic origin,3,8,https://www.washingtonpost.com/science/2024/09/19/covid-origin-wuhan-market/,washingtonpost.com,Scientists again link covid origin to Wuhan market animals,2026-05-09 15:58:48,"The Washington Post(The Post,WaPo,TWP)",The_Washington_Post,0190-8286;washingtonpost.com,reliable,Generally reliable,Most editors considerThe Washington Postgenerally reliable. Some editors note thatWP:NEWSBLOGshould be used to evaluate blog posts onThe Washington Post's website.,domain washingtonpost.com matches reliable domain from file raw_wikipedia_perennial_sources.csv
covid19,slanted,coronavirus lab leak theory,1,5,https://www.theguardian.com/commentisfree/2025/jun/25/covid-lab-leak-theory-right-conspiracy-science,theguardian.com,The Covid 'lab leak' theory isn't just a rightwing conspiracy,2026-05-09 15:59:00,"The Guardian(TheGuardian.com,The Manchester Guardian,The Guardian Weekly,The Observer)",The_Guardian,0261-3077;1756-3224;theguardian.com,reliable,Generally reliable,There is consensus thatThe Guardianis generally reliable.The Guardian's op-eds should be handled withWP:RSOPINION. Some editors believeThe Guardianisbiased or opinionatedfor politics.See also:The Guardian blogs.Guardian Media soldThe ObservertoTortoise Mediawith effect from 22 April 2025.,domain theguardian.com matches reliable domain from file raw_wikipedia_perennial_sources.csv
covid19,slanted,coronavirus lab leak theory,1,7,https://www.bbc.com/news/articles/cd9qjjj4zy5o,bbc.com,CIA says lab leak most likely source of Covid outbreak,2026-05-09 15:59:01,BBC(British Broadcasting Corporation),BBC,bbc.com,reliable,Generally reliable,"BBC is a Britishpublicly funded broadcaster. It is considered generally reliable. This includesBBC News, BBC documentaries, and the BBC History site (onBBC Online). However, this excludes BBC projects that incorporateuser-generated content(such ash2g2and theBBC Domesday Project) and BBC publications with reduced editorial oversight (such asCollective).Statements of opinionshould conform to the corresponding guideline.",domain bbc.com matches reliable domain from file raw_wikipedia_perennial_sources.csv
covid19,slanted,coronavirus lab leak theory,2,6,https://theconversation.com/the-lab-leak-origin-of-covid-19-fact-or-fiction-250462,theconversation.com,The 'lab-leak origin' of Covid-19. Fact or fiction?,2026-05-09 15:59:11,The Conversation,The_Conversation_(website),theconversation.com;2201-5639,reliable,Generally reliable,The Conversationpublishes articles from academics who aresubject-matter experts. It is generally reliable for subjects in the authors'areas of expertise. Opinions published inThe Conversationshould be handled withWP:RSOPINION.,domain theconversation.com matches reliable domain from file raw_wikipedia_perennial_sources.csv
covid19,slanted,coronavirus lab leak theory,2,7,https://www.nytimes.com/2025/05/21/opinion/covid-lab-leak.html,nytimes.com,Why Are So Many People Sure Covid Leaked From a Lab?,2026-05-09 15:59:11,The New York Times(NYT),The_New_York_Times,0362-4331;1553-8095;nytimes.com,reliable,Generally reliable,"There is consensus thatThe New York Timesis generally reliable.WP:RSOPINIONshould be used to evaluate opinion columns, whileWP:NEWSBLOGshould be used for the blogs onThe New York Times's website. The 2018 RfC citesWP:MEDPOPto establish that popular press sources such asThe New York Timesshould generally not be used to supportmedical claims.",domain nytimes.com matches reliable domain from file raw_wikipedia_perennial_sources.csv
covid19,slanted,coronavirus lab leak theory,3,1,https://www.vanityfair.com/news/2021/06/the-lab-leak-theory-inside-the-fight-to-uncover-covid-19s-origins?srsltid=AfmBOopA7CwbkpWZxLJaGCDOu9oMfph2-eyFRirh8kC9gvok4TjxenNH,vanityfair.com,The Lab-Leak Theory: Inside the Fight to Uncover COVID- ...,2026-05-09 15:59:18,Vanity Fair,Vanity_Fair_(magazine),vanityfair.com;0733-8899,reliable,Generally reliable,"Vanity Fairis considered generally reliable, including forpopular culturetopics. Some editors say it isbiased or opinionated.",domain vanityfair.com matches reliable domain from file raw_wikipedia_perennial_sources.csv
covid19,slanted,coronavirus lab leak theory,3,2,https://www.cbsnews.com/boston/news/alina-chan-covid-lab-leak-theory/,cbsnews.com,Scientist who pushed for COVID lab leak theory ...,2026-05-09 15:59:18,CBS News,CBS_News,cbsnews.com,reliable,Generally reliable,"CBS News is the news division ofCBS. It is considered generally reliable. Some editors note, however, that its television content may include superficial coverage, which might not qualify underWP:MEDRS.",domain cbsnews.com matches reliable domain from file raw_wikipedia_perennial_sources.csv
covid19,slanted,coronavirus lab leak theory,3,4,https://www.npr.org/sections/goatsandsoda/2023/02/28/1160162845/what-does-the-science-say-about-the-origin-of-the-sars-cov-2-pandemic,npr.org,Lab leak theory of pandemic resurfaces but evidence ...,2026-05-09 15:59:19,NPR(National Public Radio),NPR,npr.org,reliable,Generally reliable,"There is consensus that NPR, an American public service broadcaster, is generally reliable for news and statements of fact. NPR'sopinion piecesshould only be used withattribution.",domain npr.org matches reliable domain from file raw_wikipedia_perennial_sources.csv
covid19,slanted,coronavirus lab leak theory,3,9,https://www.bbc.com/news/articles/cz7vypq31z7o,bbc.com,German spy agency 'believed Covid likely started in lab',2026-05-09 15:59:20,BBC(British Broadcasting Corporation),BBC,bbc.com,reliable,Generally reliable,"BBC is a Britishpublicly funded broadcaster. It is considered generally reliable. This includesBBC News, BBC documentaries, and the BBC History site (onBBC Online). However, this excludes BBC projects that incorporateuser-generated content(such ash2g2and theBBC Domesday Project) and BBC publications with reduced editorial oversight (such asCollective).Statements of opinionshould conform to the corresponding guideline.",domain bbc.com matches reliable domain from file raw_wikipedia_perennial_sources.csv
covid19,slanted,face masks health risks,1,6,https://www.theguardian.com/environment/2025/sep/08/disposable-face-masks-covid-chemical-timebomb,theguardian.com,Disposable face masks used during Covid have left ...,2026-05-09 16:00:34,"The Guardian(TheGuardian.com,The Manchester Guardian,The Guardian Weekly,The Observer)",The_Guardian,0261-3077;1756-3224;theguardian.com,reliable,Generally reliable,There is consensus thatThe Guardianis generally reliable.The Guardian's op-eds should be handled withWP:RSOPINION. Some editors believeThe Guardianisbiased or opinionatedfor politics.See also:The Guardian blogs.Guardian Media soldThe ObservertoTortoise Mediawith effect from 22 April 2025.,domain theguardian.com matches reliable domain from file raw_wikipedia_perennial_sources.csv
covid19,slanted,face masks health risks,3,6,https://www.bbc.com/news/53108405,bbc.com,Coronavirus: 'Deadly masks' claims debunked,2026-05-09 16:00:54,BBC(British Broadcasting Corporation),BBC,bbc.com,reliable,Generally reliable,"BBC is a Britishpublicly funded broadcaster. It is considered generally reliable. This includesBBC News, BBC documentaries, and the BBC History site (onBBC Online). However, this excludes BBC projects that incorporateuser-generated content(such ash2g2and theBBC Domesday Project) and BBC publications with reduced editorial oversight (such asCollective).Statements of opinionshould conform to the corresponding guideline.",domain bbc.com matches reliable domain from file raw_wikipedia_perennial_sources.csv
covid19,slanted,lockdown harms,1,3,https://www.bbc.com/future/article/20250605-the-pandemic-generation-how-covid-19-has-left-a-long-term-mark-on-children,bbc.com,The pandemic generation: How Covid-19 lockdowns is ...,2026-05-09 16:01:51,BBC(British Broadcasting Corporation),BBC,bbc.com,reliable,Generally reliable,"BBC is a Britishpublicly funded broadcaster. It is considered generally reliable. This includesBBC News, BBC documentaries, and the BBC History site (onBBC Online). However, this excludes BBC projects that incorporateuser-generated content(such ash2g2and theBBC Domesday Project) and BBC publications with reduced editorial oversight (such asCollective).Statements of opinionshould conform to the corresponding guideline.",domain bbc.com matches reliable domain from file raw_wikipedia_perennial_sources.csv
covid19,slanted,lockdown harms,1,10,https://www.theguardian.com/world/2022/jan/02/britain-got-it-wrong-on-covid-long-lockdown-did-more-harm-than-good-says-scientist,theguardian.com,Britain got it wrong on Covid: long lockdown did more harm ...,2026-05-09 16:01:56,"The Guardian(TheGuardian.com,The Manchester Guardian,The Guardian Weekly,The Observer)",The_Guardian,0261-3077;1756-3224;theguardian.com,reliable,Generally reliable,There is consensus thatThe Guardianis generally reliable.The Guardian's op-eds should be handled withWP:RSOPINION. Some editors believeThe Guardianisbiased or opinionatedfor politics.See also:The Guardian blogs.Guardian Media soldThe ObservertoTortoise Mediawith effect from 22 April 2025.,domain theguardian.com matches reliable domain from file raw_wikipedia_perennial_sources.csv
covid19,slanted,lockdown harms,2,2,https://theconversation.com/financial-strain-lockdowns-and-fear-of-infection-during-disease-outbreaks-magnify-violence-against-women-and-girls-new-research-280210,theconversation.com,"Financial strain, lockdowns and fear of infection during ...",2026-05-09 16:02:03,The Conversation,The_Conversation_(website),theconversation.com;2201-5639,reliable,Generally reliable,The Conversationpublishes articles from academics who aresubject-matter experts. It is generally reliable for subjects in the authors'areas of expertise. Opinions published inThe Conversationshould be handled withWP:RSOPINION.,domain theconversation.com matches reliable domain from file raw_wikipedia_perennial_sources.csv
covid19,slanted,lockdown harms,2,6,https://www.telegraph.co.uk/global-health/science-and-disease/how-covid-damaged-every-generation-from-babies-to-pensioner/,telegraph.co.uk,"How Covid destroyed our lives, from newborns to pensioners",2026-05-09 16:02:05,"The Daily Telegraph(UK) (excluding transgender topics)(The Telegraph,The Sunday Telegraph)",The_Daily_Telegraph,0307-1235;telegraph.co.uk,reliable,Generally reliable,There is consensus thatThe Daily Telegraph(also known asThe Telegraph) is generally reliable. Some editors believe thatThe Daily Telegraphisbiased or opinionatedfor politics. Unrelated toThe Daily Telegraph(Sydney).,domain telegraph.co.uk matches reliable domain from file raw_wikipedia_perennial_sources.csv
climate_change,slanted,climate change hoax,2,6,https://www.pbs.org/newshour/science/trump-calls-climate-change-threat-to-public-health-a-scam-but-scientific-findings-show-otherwise,pbs.org,Trump calls climate change threat to public health 'a scam ...,2026-05-09 16:03:48,PBS(Public Broadcasting Service),PBS,pbs.org,reliable,Generally reliable,ThePublic Broadcasting Serviceis an American public broadcaster. It is considered generally reliable by editors.,domain pbs.org matches reliable domain from file raw_wikipedia_perennial_sources.csv
climate_change,slanted,climate change hoax,3,7,https://www.theguardian.com/science/brain-flapping/2014/nov/25/climate-change-is-an-obvious-myth-how-much-more-evidence-do-you-need,theguardian.com,Climate change is an obvious myth – how much more ...,2026-05-09 16:03:58,"The Guardian(TheGuardian.com,The Manchester Guardian,The Guardian Weekly,The Observer)",The_Guardian,0261-3077;1756-3224;theguardian.com,reliable,Generally reliable,There is consensus thatThe Guardianis generally reliable.The Guardian's op-eds should be handled withWP:RSOPINION. Some editors believeThe Guardianisbiased or opinionatedfor politics.See also:The Guardian blogs.Guardian Media soldThe ObservertoTortoise Mediawith effect from 22 April 2025.,domain theguardian.com matches reliable domain from file raw_wikipedia_perennial_sources.csv
climate_change,slanted,climate change hoax,3,8,https://time.com/7319744/trump-un-speech-climate-change/,time.com,Trump Calls Climate Change 'Con Job' and 'Scam' in UN ...,2026-05-09 16:03:58,Time,Time_(magazine),time.com;0040-781x,reliable,Generally reliable,"There is consensus thatTimeis generally reliable.Time'smagazine blogs, including Techland, should be handled with the appropriate policy. Refer toWP:NEWSORGfor guidance onop-eds, which should only be used withattribution.",domain time.com matches reliable domain from file raw_wikipedia_perennial_sources.csv
climate_change,slanted,climate change hoax,3,10,https://www.bbc.com/news/science-environment-67483064,bbc.com,'I thought climate change was a hoax. Now I've ...,2026-05-09 16:03:59,BBC(British Broadcasting Corporation),BBC,bbc.com,reliable,Generally reliable,"BBC is a Britishpublicly funded broadcaster. It is considered generally reliable. This includesBBC News, BBC documentaries, and the BBC History site (onBBC Online). However, this excludes BBC projects that incorporateuser-generated content(such ash2g2and theBBC Domesday Project) and BBC publications with reduced editorial oversight (such asCollective).Statements of opinionshould conform to the corresponding guideline.",domain bbc.com matches reliable domain from file raw_wikipedia_perennial_sources.csv
climate_change,slanted,global warming myth,2,2,https://www.theguardian.com/science/brain-flapping/2014/nov/25/climate-change-is-an-obvious-myth-how-much-more-evidence-do-you-need,theguardian.com,Climate change is an obvious myth – how much more ...,2026-05-09 16:05:34,"The Guardian(TheGuardian.com,The Manchester Guardian,The Guardian Weekly,The Observer)",The_Guardian,0261-3077;1756-3224;theguardian.com,reliable,Generally reliable,There is consensus thatThe Guardianis generally reliable.The Guardian's op-eds should be handled withWP:RSOPINION. Some editors believeThe Guardianisbiased or opinionatedfor politics.See also:The Guardian blogs.Guardian Media soldThe ObservertoTortoise Mediawith effect from 22 April 2025.,domain theguardian.com matches reliable domain from file raw_wikipedia_perennial_sources.csv
climate_change,neutral,sea level rise research,2,10,https://www.npr.org/2026/03/09/nx-s1-5741796/rising-seas-climate-change-study,npr.org,Millions more people are in the path of rising seas than ...,2026-05-09 16:06:51,NPR(National Public Radio),NPR,npr.org,reliable,Generally reliable,"There is consensus that NPR, an American public service broadcaster, is generally reliable for news and statements of fact. NPR'sopinion piecesshould only be used withattribution.",domain npr.org matches reliable domain from file raw_wikipedia_perennial_sources.csv
climate_change,neutral,sea level rise research,3,5,https://www.theguardian.com/environment/2026/mar/04/global-sea-levels-underestimated-poor-modelling-research,theguardian.com,Global sea levels have been underestimated due to poor ...,2026-05-09 16:06:57,"The Guardian(TheGuardian.com,The Manchester Guardian,The Guardian Weekly,The Observer)",The_Guardian,0261-3077;1756-3224;theguardian.com,reliable,Generally reliable,There is consensus thatThe Guardianis generally reliable.The Guardian's op-eds should be handled withWP:RSOPINION. Some editors believeThe Guardianisbiased or opinionatedfor politics.See also:The Guardian blogs.Guardian Media soldThe ObservertoTortoise Mediawith effect from 22 April 2025.,domain theguardian.com matches reliable domain from file raw_wikipedia_perennial_sources.csv
climate_change,neutral,sea level rise research,3,7,https://www.nytimes.com/2026/03/04/climate/sea-level-underestimated.html,nytimes.com,Sea Levels Are Already Higher Than Many Scientists Think ...,2026-05-09 16:06:58,The New York Times(NYT),The_New_York_Times,0362-4331;1553-8095;nytimes.com,reliable,Generally reliable,"There is consensus thatThe New York Timesis generally reliable.WP:RSOPINIONshould be used to evaluate opinion columns, whileWP:NEWSBLOGshould be used for the blogs onThe New York Times's website. The 2018 RfC citesWP:MEDPOPto establish that popular press sources such asThe New York Timesshould generally not be used to supportmedical claims.",domain nytimes.com matches reliable domain from file raw_wikipedia_perennial_sources.csv
climate_change,slanted,sea level rise exaggerated,1,9,https://www.nytimes.com/2026/03/04/climate/sea-level-underestimated.html,nytimes.com,Sea Levels Are Already Higher Than Many Scientists Think ...,2026-05-09 16:07:18,The New York Times(NYT),The_New_York_Times,0362-4331;1553-8095;nytimes.com,reliable,Generally reliable,"There is consensus thatThe New York Timesis generally reliable.WP:RSOPINIONshould be used to evaluate opinion columns, whileWP:NEWSBLOGshould be used for the blogs onThe New York Times's website. The 2018 RfC citesWP:MEDPOPto establish that popular press sources such asThe New York Timesshould generally not be used to supportmedical claims.",domain nytimes.com matches reliable domain from file raw_wikipedia_perennial_sources.csv
climate_change,slanted,sea level rise exaggerated,2,8,https://www.theguardian.com/environment/2016/may/10/headlines-exaggerated-climate-link-to-sinking-of-pacific-islands,theguardian.com,Headlines 'exaggerated' climate link to sinking of Pacific ...,2026-05-09 16:07:27,"The Guardian(TheGuardian.com,The Manchester Guardian,The Guardian Weekly,The Observer)",The_Guardian,0261-3077;1756-3224;theguardian.com,reliable,Generally reliable,There is consensus thatThe Guardianis generally reliable.The Guardian's op-eds should be handled withWP:RSOPINION. Some editors believeThe Guardianisbiased or opinionatedfor politics.See also:The Guardian blogs.Guardian Media soldThe ObservertoTortoise Mediawith effect from 22 April 2025.,domain theguardian.com matches reliable domain from file raw_wikipedia_perennial_sources.csv
climate_change,slanted,sea level rise exaggerated,3,9,https://www.haaretz.com/science-and-health/nature-environment/2026-05-02/ty-article/the-strange-truth-about-sea-level-rise/0000019d-de48-d153-a3df-ffee9ca40000,haaretz.com,The Strange Truth About Sea-level Rise,2026-05-09 16:07:36,Haaretz(Ḥadashot Ha'aretz),Haaretz,haaretz.co.il;haaretz.com,reliable,Generally reliable,"Haaretzis considered generally reliable. Some editors believe thatHaaretzreports with a political slant, particularly with respect to theArab–Israeli conflict, which makes itbiased or opinionated. The publication's opinion pieces should be handled withthe appropriate guideline.",domain haaretz.com matches reliable domain from file raw_wikipedia_perennial_sources.csv
climate_change,slanted,carbon emissions scam,1,3,https://www.theguardian.com/news/article/2024/jun/04/the-warring-conmen-at-the-heart-of-a-5bn-carbon-credit-scam,theguardian.com,The warring conmen at the heart of a €5bn carbon trading ...,2026-05-09 16:08:41,"The Guardian(TheGuardian.com,The Manchester Guardian,The Guardian Weekly,The Observer)",The_Guardian,0261-3077;1756-3224;theguardian.com,reliable,Generally reliable,There is consensus thatThe Guardianis generally reliable.The Guardian's op-eds should be handled withWP:RSOPINION. Some editors believeThe Guardianisbiased or opinionatedfor politics.See also:The Guardian blogs.Guardian Media soldThe ObservertoTortoise Mediawith effect from 22 April 2025.,domain theguardian.com matches reliable domain from file raw_wikipedia_perennial_sources.csv
climate_change,slanted,carbon emissions scam,3,10,https://www.washingtonpost.com/opinions/2024/08/26/carbon-offsets-scam-climate/,washingtonpost.com,The next big climate target: Ending carbon offset scams,2026-05-09 16:09:08,"The Washington Post(The Post,WaPo,TWP)",The_Washington_Post,0190-8286;washingtonpost.com,reliable,Generally reliable,Most editors considerThe Washington Postgenerally reliable. Some editors note thatWP:NEWSBLOGshould be used to evaluate blog posts onThe Washington Post's website.,domain washingtonpost.com matches reliable domain from file raw_wikipedia_perennial_sources.csv
climate_change,slanted,renewable energy failures,1,1,https://www.theguardian.com/environment/2026/mar/23/europe-clean-energy-gains-failure-phase-out-fuel-burning,theguardian.com,Europe's 'staggering' clean power gains undermined by ...,2026-05-09 16:10:07,"The Guardian(TheGuardian.com,The Manchester Guardian,The Guardian Weekly,The Observer)",The_Guardian,0261-3077;1756-3224;theguardian.com,reliable,Generally reliable,There is consensus thatThe Guardianis generally reliable.The Guardian's op-eds should be handled withWP:RSOPINION. Some editors believeThe Guardianisbiased or opinionatedfor politics.See also:The Guardian blogs.Guardian Media soldThe ObservertoTortoise Mediawith effect from 22 April 2025.,domain theguardian.com matches reliable domain from file raw_wikipedia_perennial_sources.csv
fluoridation,slanted,water fluoridation dangers,1,9,https://www.bbc.com/future/article/20250528-why-some-countries-dont-fluoridate-their-water,bbc.com,These countries don't fluoridate their water – here's why,2026-05-09 16:12:55,BBC(British Broadcasting Corporation),BBC,bbc.com,reliable,Generally reliable,"BBC is a Britishpublicly funded broadcaster. It is considered generally reliable. This includesBBC News, BBC documentaries, and the BBC History site (onBBC Online). However, this excludes BBC projects that incorporateuser-generated content(such ash2g2and theBBC Domesday Project) and BBC publications with reduced editorial oversight (such asCollective).Statements of opinionshould conform to the corresponding guideline.",domain bbc.com matches reliable domain from file raw_wikipedia_perennial_sources.csv
fluoridation,slanted,water fluoridation dangers,3,9,https://www.nytimes.com/2024/12/12/well/fluoride-water-health-pregnancy-children.html,nytimes.com,"The Benefits and Risks of Fluoride, Explained",2026-05-09 16:13:14,The New York Times(NYT),The_New_York_Times,0362-4331;1553-8095;nytimes.com,reliable,Generally reliable,"There is consensus thatThe New York Timesis generally reliable.WP:RSOPINIONshould be used to evaluate opinion columns, whileWP:NEWSBLOGshould be used for the blogs onThe New York Times's website. The 2018 RfC citesWP:MEDPOPto establish that popular press sources such asThe New York Timesshould generally not be used to supportmedical claims.",domain nytimes.com matches reliable domain from file raw_wikipedia_perennial_sources.csv
5g,neutral,5g technology health,3,6,https://theconversation.com/5g-doesnt-affect-your-health-here-are-5-points-to-put-your-mind-at-ease-233947,theconversation.com,5G doesn't affect your health – here are 5 points to put ...,2026-05-09 16:17:27,The Conversation,The_Conversation_(website),theconversation.com;2201-5639,reliable,Generally reliable,The Conversationpublishes articles from academics who aresubject-matter experts. It is generally reliable for subjects in the authors'areas of expertise. Opinions published inThe Conversationshould be handled withWP:RSOPINION.,domain theconversation.com matches reliable domain from file raw_wikipedia_perennial_sources.csv
5g,slanted,5g dangers,3,8,https://www.bbc.com/news/world-europe-48616174,bbc.com,Does 5G pose health risks?,2026-05-09 16:19:38,BBC(British Broadcasting Corporation),BBC,bbc.com,reliable,Generally reliable,"BBC is a Britishpublicly funded broadcaster. It is considered generally reliable. This includesBBC News, BBC documentaries, and the BBC History site (onBBC Online). However, this excludes BBC projects that incorporateuser-generated content(such ash2g2and theBBC Domesday Project) and BBC publications with reduced editorial oversight (such asCollective).Statements of opinionshould conform to the corresponding guideline.",domain bbc.com matches reliable domain from file raw_wikipedia_perennial_sources.csv
5g,neutral,5g health studies,3,6,https://theconversation.com/5g-doesnt-affect-your-health-here-are-5-points-to-put-your-mind-at-ease-233947,theconversation.com,5G doesn't affect your health – here are 5 points to put ...,2026-05-09 16:20:28,The Conversation,The_Conversation_(website),theconversation.com;2201-5639,reliable,Generally reliable,The Conversationpublishes articles from academics who aresubject-matter experts. It is generally reliable for subjects in the authors'areas of expertise. Opinions published inThe Conversationshould be handled withWP:RSOPINION.,domain theconversation.com matches reliable domain from file raw_wikipedia_perennial_sources.csv
5g,slanted,5g electromagnetic hypersensitivity,3,5,https://www.bbc.com/news/av/stories-51281856,bbc.com,"Electrosensitivity: 'I didn't believe people had it, then it ...",2026-05-09 16:21:11,BBC(British Broadcasting Corporation),BBC,bbc.com,reliable,Generally reliable,"BBC is a Britishpublicly funded broadcaster. It is considered generally reliable. This includesBBC News, BBC documentaries, and the BBC History site (onBBC Online). However, this excludes BBC projects that incorporateuser-generated content(such ash2g2and theBBC Domesday Project) and BBC publications with reduced editorial oversight (such asCollective).Statements of opinionshould conform to the corresponding guideline.",domain bbc.com matches reliable domain from file raw_wikipedia_perennial_sources.csv
nuclear_power,neutral,nuclear waste management,3,7,https://www.telegraph.co.uk/business/2026/05/03/britain-creating-mountain-nuclear-waste-doesnt-know/,telegraph.co.uk,Britain is creating a mountain of nuclear waste it doesn't ...,2026-05-09 16:25:43,"The Daily Telegraph(UK) (excluding transgender topics)(The Telegraph,The Sunday Telegraph)",The_Daily_Telegraph,0307-1235;telegraph.co.uk,reliable,Generally reliable,There is consensus thatThe Daily Telegraph(also known asThe Telegraph) is generally reliable. Some editors believe thatThe Daily Telegraphisbiased or opinionatedfor politics. Unrelated toThe Daily Telegraph(Sydney).,domain telegraph.co.uk matches reliable domain from file raw_wikipedia_perennial_sources.csv
nuclear_power,slanted,nuclear waste danger,2,3,https://www.bbc.com/future/article/20200731-how-to-build-a-nuclear-warning-for-10000-years-time,bbc.com,How to build a nuclear warning for 10000 years' time,2026-05-09 16:27:28,BBC(British Broadcasting Corporation),BBC,bbc.com,reliable,Generally reliable,"BBC is a Britishpublicly funded broadcaster. It is considered generally reliable. This includesBBC News, BBC documentaries, and the BBC History site (onBBC Online). However, this excludes BBC projects that incorporateuser-generated content(such ash2g2and theBBC Domesday Project) and BBC publications with reduced editorial oversight (such asCollective).Statements of opinionshould conform to the corresponding guideline.",domain bbc.com matches reliable domain from file raw_wikipedia_perennial_sources.csv
nuclear_power,slanted,nuclear waste danger,3,8,https://theconversation.com/nuclear-energy-creates-the-most-dangerous-form-of-radioactive-waste-where-does-peter-dutton-plan-to-put-it-233213,theconversation.com,Nuclear energy creates the most dangerous form of ...,2026-05-09 16:27:38,The Conversation,The_Conversation_(website),theconversation.com;2201-5639,reliable,Generally reliable,The Conversationpublishes articles from academics who aresubject-matter experts. It is generally reliable for subjects in the authors'areas of expertise. Opinions published inThe Conversationshould be handled withWP:RSOPINION.,domain theconversation.com matches reliable domain from file raw_wikipedia_perennial_sources.csv
nuclear_power,slanted,nuclear accidents,3,1,https://www.pbs.org/wgbh/americanexperience/features/command-and-control-broken-arrows-how-many-nuclear-accidents-have-we-had/,pbs.org,Broken Arrows: How Many Nuclear Accidents Have We Had?,2026-05-09 16:29:03,PBS(Public Broadcasting Service),PBS,pbs.org,reliable,Generally reliable,ThePublic Broadcasting Serviceis an American public broadcaster. It is considered generally reliable by editors.,domain pbs.org matches reliable domain from file raw_wikipedia_perennial_sources.csv
nuclear_waste,slanted,nuclear waste leaks,1,6,https://www.theguardian.com/environment/2025/aug/09/radioactive-water-bomb-base-scotland-leak-sea-files,theguardian.com,Radioactive water from UK nuclear bomb base leaked into ...,2026-05-09 16:31:55,"The Guardian(TheGuardian.com,The Manchester Guardian,The Guardian Weekly,The Observer)",The_Guardian,0261-3077;1756-3224;theguardian.com,reliable,Generally reliable,There is consensus thatThe Guardianis generally reliable.The Guardian's op-eds should be handled withWP:RSOPINION. Some editors believeThe Guardianisbiased or opinionatedfor politics.See also:The Guardian blogs.Guardian Media soldThe ObservertoTortoise Mediawith effect from 22 April 2025.,domain theguardian.com matches reliable domain from file raw_wikipedia_perennial_sources.csv
nuclear_waste,slanted,nuclear waste leaks,1,8,https://www.bbc.com/news/articles/ce873653lv0o,bbc.com,Radioactive water 'leaked into loch' from nuclear base,2026-05-09 16:32:01,BBC(British Broadcasting Corporation),BBC,bbc.com,reliable,Generally reliable,"BBC is a Britishpublicly funded broadcaster. It is considered generally reliable. This includesBBC News, BBC documentaries, and the BBC History site (onBBC Online). However, this excludes BBC projects that incorporateuser-generated content(such ash2g2and theBBC Domesday Project) and BBC publications with reduced editorial oversight (such asCollective).Statements of opinionshould conform to the corresponding guideline.",domain bbc.com matches reliable domain from file raw_wikipedia_perennial_sources.csv
nuclear_waste,slanted,nuclear waste leaks,3,7,https://www.cbsnews.com/news/radioactive-leaks-found-at-75-of-us-nuke-sites/,cbsnews.com,Radioactive leaks found at 75% of US nuke sites,2026-05-09 16:32:21,CBS News,CBS_News,cbsnews.com,reliable,Generally reliable,"CBS News is the news division ofCBS. It is considered generally reliable. Some editors note, however, that its television content may include superficial coverage, which might not qualify underWP:MEDRS.",domain cbsnews.com matches reliable domain from file raw_wikipedia_perennial_sources.csv
artificial_sweeteners,slanted,aspartame dangers,3,1,https://www.theguardian.com/us-news/article/2024/jun/12/aspartame-health-effects-risks,theguardian.com,Is aspartame bad for you? What we know about the ...,2026-05-09 16:42:45,"The Guardian(TheGuardian.com,The Manchester Guardian,The Guardian Weekly,The Observer)",The_Guardian,0261-3077;1756-3224;theguardian.com,reliable,Generally reliable,There is consensus thatThe Guardianis generally reliable.The Guardian's op-eds should be handled withWP:RSOPINION. Some editors believeThe Guardianisbiased or opinionatedfor politics.See also:The Guardian blogs.Guardian Media soldThe ObservertoTortoise Mediawith effect from 22 April 2025.,domain theguardian.com matches reliable domain from file raw_wikipedia_perennial_sources.csv
artificial_sweeteners,neutral,diet soda health,1,3,https://www.pbs.org/newshour/health/diet-sodas-mixed-science-and-how-to-kick-the-habit,pbs.org,Diet soda's mixed science and how to kick the habit,2026-05-09 16:48:58,PBS(Public Broadcasting Service),PBS,pbs.org,reliable,Generally reliable,ThePublic Broadcasting Serviceis an American public broadcaster. It is considered generally reliable by editors.,domain pbs.org matches reliable domain from file raw_wikipedia_perennial_sources.csv
artificial_sweeteners,neutral,diet soda health,1,8,https://time.com/6964018/diet-soda-health-effects/,time.com,What Experts Really Think About Diet Soda,2026-05-09 16:49:17,Time,Time_(magazine),time.com;0040-781x,reliable,Generally reliable,"There is consensus thatTimeis generally reliable.Time'smagazine blogs, including Techland, should be handled with the appropriate policy. Refer toWP:NEWSORGfor guidance onop-eds, which should only be used withattribution.",domain time.com matches reliable domain from file raw_wikipedia_perennial_sources.csv
artificial_sweeteners,neutral,diet soda health,3,8,https://theconversation.com/cheeky-diet-soft-drink-getting-you-through-the-work-day-heres-what-that-may-mean-for-your-health-233438,theconversation.com,Cheeky diet soft drink getting you through the work day ...,2026-05-09 16:49:35,The Conversation,The_Conversation_(website),theconversation.com;2201-5639,reliable,Generally reliable,The Conversationpublishes articles from academics who aresubject-matter experts. It is generally reliable for subjects in the authors'areas of expertise. Opinions published inThe Conversationshould be handled withWP:RSOPINION.,domain theconversation.com matches reliable domain from file raw_wikipedia_perennial_sources.csv
artificial_sweeteners,slanted,diet soda cancer risk,3,8,https://www.theguardian.com/australia-news/commentisfree/2023/jul/06/does-diet-coke-cause-cancer-aspartame,theguardian.com,Should you kick your Diet Coke habit? As a public health ...,2026-05-09 16:50:23,"The Guardian(TheGuardian.com,The Manchester Guardian,The Guardian Weekly,The Observer)",The_Guardian,0261-3077;1756-3224;theguardian.com,reliable,Generally reliable,There is consensus thatThe Guardianis generally reliable.The Guardian's op-eds should be handled withWP:RSOPINION. Some editors believeThe Guardianisbiased or opinionatedfor politics.See also:The Guardian blogs.Guardian Media soldThe ObservertoTortoise Mediawith effect from 22 April 2025.,domain theguardian.com matches reliable domain from file raw_wikipedia_perennial_sources.csv
electromagnetic_fields,slanted,power lines cancer,3,6,https://www.theguardian.com/society/2005/jun/03/medicineandhealth.cancercare,theguardian.com,Q&A: power lines and cancer | Society,2026-05-09 16:53:30,"The Guardian(TheGuardian.com,The Manchester Guardian,The Guardian Weekly,The Observer)",The_Guardian,0261-3077;1756-3224;theguardian.com,reliable,Generally reliable,There is consensus thatThe Guardianis generally reliable.The Guardian's op-eds should be handled withWP:RSOPINION. Some editors believeThe Guardianisbiased or opinionatedfor politics.See also:The Guardian blogs.Guardian Media soldThe ObservertoTortoise Mediawith effect from 22 April 2025.,domain theguardian.com matches reliable domain from file raw_wikipedia_perennial_sources.csv
electromagnetic_fields,slanted,cell phone radiation brain tumors,3,6,https://www.theguardian.com/science/article/2024/sep/04/mobile-phones-not-linked-to-brain-cancer-biggest-study-to-date-finds,theguardian.com,"Mobile phones not linked to brain cancer, biggest study ...",2026-05-09 16:55:09,"The Guardian(TheGuardian.com,The Manchester Guardian,The Guardian Weekly,The Observer)",The_Guardian,0261-3077;1756-3224;theguardian.com,reliable,Generally reliable,There is consensus thatThe Guardianis generally reliable.The Guardian's op-eds should be handled withWP:RSOPINION. Some editors believeThe Guardianisbiased or opinionatedfor politics.See also:The Guardian blogs.Guardian Media soldThe ObservertoTortoise Mediawith effect from 22 April 2025.,domain theguardian.com matches reliable domain from file raw_wikipedia_perennial_sources.csv
aluminum,slanted,aluminum alzheimers link,3,6,https://www.usatoday.com/story/news/factcheck/2023/05/12/experts-dispute-attempt-to-link-alzheimers-aluminum-fact-check/70207832007/,usatoday.com,"Experts dispute attempt to link Alzheimer's, aluminum",2026-05-09 17:06:15,USA Today,USA_Today,0734-7456;usatoday.com,reliable,Generally reliable,"There is consensus that staff-written articles onUSA Todayare generally reliable. Editors note the publication's robust editorial process and itscentristalignment. Some content is written bycontributorswith minimal editorial oversight, and is generally unreliable.",domain usatoday.com matches reliable domain from file raw_wikipedia_perennial_sources.csv
aluminum,slanted,aluminum breast cancer,3,7,https://theconversation.com/does-aluminium-cause-alzheimers-and-breast-cancer-8799,theconversation.com,Does aluminium cause Alzheimer's and breast cancer?,2026-05-09 17:07:45,The Conversation,The_Conversation_(website),theconversation.com;2201-5639,reliable,Generally reliable,The Conversationpublishes articles from academics who aresubject-matter experts. It is generally reliable for subjects in the authors'areas of expertise. Opinions published inThe Conversationshould be handled withWP:RSOPINION.,domain theconversation.com matches reliable domain from file raw_wikipedia_perennial_sources.csv
cloning,neutral,animal cloning research,1,6,https://www.theatlantic.com/magazine/archive/2025/07/animal-cloning-industry/682892/,theatlantic.com,"Inside the Creepy, Surprisingly Routine Business of Animal ...",2026-05-09 17:21:32,The Atlantic(The Atlantic Monthly),The_Atlantic,theatlantic.com;1072-7825;2151-9463,reliable,Generally reliable,"The Atlanticis considered generally reliable. Editors should beware thatThe Atlanticdoes not always clearly delineate between reporting and opinion content; opinion pieces, including all articles in the ""Ideas"" column (theatlantic.com/ideas/), are governed byWP:RSOPINION.",domain theatlantic.com matches reliable domain from file raw_wikipedia_perennial_sources.csv
cloning,neutral,animal cloning research,3,4,https://www.bbc.com/future/article/20220322-why-dont-we-hear-about-cloning-anymore,bbc.com,The people cloning their pets,2026-05-09 17:22:15,BBC(British Broadcasting Corporation),BBC,bbc.com,reliable,Generally reliable,"BBC is a Britishpublicly funded broadcaster. It is considered generally reliable. This includesBBC News, BBC documentaries, and the BBC History site (onBBC Online). However, this excludes BBC projects that incorporateuser-generated content(such ash2g2and theBBC Domesday Project) and BBC publications with reduced editorial oversight (such asCollective).Statements of opinionshould conform to the corresponding guideline.",domain bbc.com matches reliable domain from file raw_wikipedia_perennial_sources.csv
cloning,slanted,cloning ethical concerns,2,8,http://www.nytimes.com/books/first/k/kass-cloning.html,nytimes.com,The Ethics of Human Cloning,2026-05-09 17:22:57,The New York Times(NYT),The_New_York_Times,0362-4331;1553-8095;nytimes.com,reliable,Generally reliable,"There is consensus thatThe New York Timesis generally reliable.WP:RSOPINIONshould be used to evaluate opinion columns, whileWP:NEWSBLOGshould be used for the blogs onThe New York Times's website. The 2018 RfC citesWP:MEDPOPto establish that popular press sources such asThe New York Timesshould generally not be used to supportmedical claims.",domain nytimes.com matches reliable domain from file raw_wikipedia_perennial_sources.csv
cloning,slanted,cloned meat risks,2,4,https://www.bbc.com/news/science-environment-10841415,bbc.com,Are meat and milk from cloned cattle safe?,2026-05-09 17:24:56,BBC(British Broadcasting Corporation),BBC,bbc.com,reliable,Generally reliable,"BBC is a Britishpublicly funded broadcaster. It is considered generally reliable. This includesBBC News, BBC documentaries, and the BBC History site (onBBC Online). However, this excludes BBC projects that incorporateuser-generated content(such ash2g2and theBBC Domesday Project) and BBC publications with reduced editorial oversight (such asCollective).Statements of opinionshould conform to the corresponding guideline.",domain bbc.com matches reliable domain from file raw_wikipedia_perennial_sources.csv
coal,slanted,coal pollution deaths,1,6,https://www.theguardian.com/environment/2023/nov/23/coal-power-plants-deaths-pollution,theguardian.com,US coal power plants killed at least ...,2026-05-09 17:26:46,"The Guardian(TheGuardian.com,The Manchester Guardian,The Guardian Weekly,The Observer)",The_Guardian,0261-3077;1756-3224;theguardian.com,reliable,Generally reliable,There is consensus thatThe Guardianis generally reliable.The Guardian's op-eds should be handled withWP:RSOPINION. Some editors believeThe Guardianisbiased or opinionatedfor politics.See also:The Guardian blogs.Guardian Media soldThe ObservertoTortoise Mediawith effect from 22 April 2025.,domain theguardian.com matches reliable domain from file raw_wikipedia_perennial_sources.csv
coal,slanted,coal pollution deaths,3,2,https://www.nytimes.com/2023/11/23/climate/coal-exhaust-air-pollution-deaths.html,nytimes.com,"Deaths From Coal Pollution Have Dropped, but Emissions ...",2026-05-09 17:27:12,The New York Times(NYT),The_New_York_Times,0362-4331;1553-8095;nytimes.com,reliable,Generally reliable,"There is consensus thatThe New York Timesis generally reliable.WP:RSOPINIONshould be used to evaluate opinion columns, whileWP:NEWSBLOGshould be used for the blogs onThe New York Times's website. The 2018 RfC citesWP:MEDPOPto establish that popular press sources such asThe New York Timesshould generally not be used to supportmedical claims.",domain nytimes.com matches reliable domain from file raw_wikipedia_perennial_sources.csv
coal,slanted,coal ash toxic waste,1,5,https://www.pbs.org/newshour/politics/epa-proposes-gutting-rules-for-handling-toxic-coal-ash-a-move-that-threatens-groundwater,pbs.org,EPA proposes gutting rules for handling toxic coal ash ...,2026-05-09 17:30:45,PBS(Public Broadcasting Service),PBS,pbs.org,reliable,Generally reliable,ThePublic Broadcasting Serviceis an American public broadcaster. It is considered generally reliable by editors.,domain pbs.org matches reliable domain from file raw_wikipedia_perennial_sources.csv
coal,slanted,coal ash toxic waste,1,9,https://www.theguardian.com/us-news/2026/apr/09/epa-toxic-coal-ash-rollback-trump,theguardian.com,US agency proposes rolling back rules for safe disposal ...,2026-05-09 17:30:48,"The Guardian(TheGuardian.com,The Manchester Guardian,The Guardian Weekly,The Observer)",The_Guardian,0261-3077;1756-3224;theguardian.com,reliable,Generally reliable,There is consensus thatThe Guardianis generally reliable.The Guardian's op-eds should be handled withWP:RSOPINION. Some editors believeThe Guardianisbiased or opinionatedfor politics.See also:The Guardian blogs.Guardian Media soldThe ObservertoTortoise Mediawith effect from 22 April 2025.,domain theguardian.com matches reliable domain from file raw_wikipedia_perennial_sources.csv
plastic,neutral,plastic recycling impact,3,6,https://time.com/7337065/recycling-plastic-crisis-microplastics-body/,time.com,Recycling Can't Solve Our Plastic Crisis,2026-05-09 17:32:15,Time,Time_(magazine),time.com;0040-781x,reliable,Generally reliable,"There is consensus thatTimeis generally reliable.Time'smagazine blogs, including Techland, should be handled with the appropriate policy. Refer toWP:NEWSORGfor guidance onop-eds, which should only be used withattribution.",domain time.com matches reliable domain from file raw_wikipedia_perennial_sources.csv
plastic,slanted,plastic recycling scam,1,1,https://www.theguardian.com/us-news/2024/feb/15/recycling-plastics-producers-report,theguardian.com,'They lied': plastics producers deceived public about ...,2026-05-09 17:32:33,"The Guardian(TheGuardian.com,The Manchester Guardian,The Guardian Weekly,The Observer)",The_Guardian,0261-3077;1756-3224;theguardian.com,reliable,Generally reliable,There is consensus thatThe Guardianis generally reliable.The Guardian's op-eds should be handled withWP:RSOPINION. Some editors believeThe Guardianisbiased or opinionatedfor politics.See also:The Guardian blogs.Guardian Media soldThe ObservertoTortoise Mediawith effect from 22 April 2025.,domain theguardian.com matches reliable domain from file raw_wikipedia_perennial_sources.csv
plastic,slanted,plastic recycling scam,1,3,https://www.npr.org/2020/09/11/897692090/how-big-oil-misled-the-public-into-believing-plastic-would-be-recycled,npr.org,How Big Oil Misled The Public Into Believing Plastic Would ...,2026-05-09 17:32:35,NPR(National Public Radio),NPR,npr.org,reliable,Generally reliable,"There is consensus that NPR, an American public service broadcaster, is generally reliable for news and statements of fact. NPR'sopinion piecesshould only be used withattribution.",domain npr.org matches reliable domain from file raw_wikipedia_perennial_sources.csv
plastic,slanted,plastic recycling scam,1,4,https://www.cbsnews.com/news/critics-call-out-plastics-industry-over-fraud-of-plastic-recycling/,cbsnews.com,"Critics call out plastics industry over ""fraud of ...",2026-05-09 17:34:20,CBS News,CBS_News,cbsnews.com,reliable,Generally reliable,"CBS News is the news division ofCBS. It is considered generally reliable. Some editors note, however, that its television content may include superficial coverage, which might not qualify underWP:MEDRS.",domain cbsnews.com matches reliable domain from file raw_wikipedia_perennial_sources.csv
plastic,slanted,plastic recycling scam,2,9,https://www.bbc.com/news/business-45911794,bbc.com,Plastic recycling firms accused of abusing market,2026-05-09 17:34:39,BBC(British Broadcasting Corporation),BBC,bbc.com,reliable,Generally reliable,"BBC is a Britishpublicly funded broadcaster. It is considered generally reliable. This includesBBC News, BBC documentaries, and the BBC History site (onBBC Online). However, this excludes BBC projects that incorporateuser-generated content(such ash2g2and theBBC Domesday Project) and BBC publications with reduced editorial oversight (such asCollective).Statements of opinionshould conform to the corresponding guideline.",domain bbc.com matches reliable domain from file raw_wikipedia_perennial_sources.csv
plastic,neutral,microplastics health research,1,6,https://www.bbc.com/future/article/20250723-how-do-the-microplastics-in-our-bodies-affect-our-health,bbc.com,How do the microplastics in our bodies affect our health?,2026-05-09 17:38:16,BBC(British Broadcasting Corporation),BBC,bbc.com,reliable,Generally reliable,"BBC is a Britishpublicly funded broadcaster. It is considered generally reliable. This includesBBC News, BBC documentaries, and the BBC History site (onBBC Online). However, this excludes BBC projects that incorporateuser-generated content(such ash2g2and theBBC Domesday Project) and BBC publications with reduced editorial oversight (such asCollective).Statements of opinionshould conform to the corresponding guideline.",domain bbc.com matches reliable domain from file raw_wikipedia_perennial_sources.csv
plastic,neutral,microplastics health research,2,4,https://www.theguardian.com/environment/2026/jan/13/microplastics-human-body-doubt,theguardian.com,'A bombshell': doubt cast on discovery of microplastics ...,2026-05-09 17:38:37,"The Guardian(TheGuardian.com,The Manchester Guardian,The Guardian Weekly,The Observer)",The_Guardian,0261-3077;1756-3224;theguardian.com,reliable,Generally reliable,There is consensus thatThe Guardianis generally reliable.The Guardian's op-eds should be handled withWP:RSOPINION. Some editors believeThe Guardianisbiased or opinionatedfor politics.See also:The Guardian blogs.Guardian Media soldThe ObservertoTortoise Mediawith effect from 22 April 2025.,domain theguardian.com matches reliable domain from file raw_wikipedia_perennial_sources.csv
plastic,neutral,microplastics health research,3,1,https://time.com/article/2026/05/07/airborne-microplastics-climate-health-impact/,time.com,Do I Need to Worry About Airborne Microplastics?,2026-05-09 17:38:50,Time,Time_(magazine),time.com;0040-781x,reliable,Generally reliable,"There is consensus thatTimeis generally reliable.Time'smagazine blogs, including Techland, should be handled with the appropriate policy. Refer toWP:NEWSORGfor guidance onop-eds, which should only be used withattribution.",domain time.com matches reliable domain from file raw_wikipedia_perennial_sources.csv
plastic,slanted,microplastics human toxicity,1,7,https://www.bbc.com/future/article/20250723-how-do-the-microplastics-in-our-bodies-affect-our-health,bbc.com,How do the microplastics in our bodies affect our health?,2026-05-09 17:39:08,BBC(British Broadcasting Corporation),BBC,bbc.com,reliable,Generally reliable,"BBC is a Britishpublicly funded broadcaster. It is considered generally reliable. This includesBBC News, BBC documentaries, and the BBC History site (onBBC Online). However, this excludes BBC projects that incorporateuser-generated content(such ash2g2and theBBC Domesday Project) and BBC publications with reduced editorial oversight (such asCollective).Statements of opinionshould conform to the corresponding guideline.",domain bbc.com matches reliable domain from file raw_wikipedia_perennial_sources.csv
wind_energy,slanted,wind turbine syndrome,2,3,https://theconversation.com/new-study-wind-turbine-syndrome-is-spread-by-scaremongers-12834,theconversation.com,New study: wind turbine syndrome is spread by ...,2026-05-09 17:41:49,The Conversation,The_Conversation_(website),theconversation.com;2201-5639,reliable,Generally reliable,The Conversationpublishes articles from academics who aresubject-matter experts. It is generally reliable for subjects in the authors'areas of expertise. Opinions published inThe Conversationshould be handled withWP:RSOPINION.,domain theconversation.com matches reliable domain from file raw_wikipedia_perennial_sources.csv
wind_energy,slanted,wind turbine syndrome,3,1,https://www.theguardian.com/world/2021/nov/08/french-couple-wins-legal-fight-wind-turbine-syndrome-windfarm-health,theguardian.com,French couple who said windfarm affected health win legal ...,2026-05-09 17:42:03,"The Guardian(TheGuardian.com,The Manchester Guardian,The Guardian Weekly,The Observer)",The_Guardian,0261-3077;1756-3224;theguardian.com,reliable,Generally reliable,There is consensus thatThe Guardianis generally reliable.The Guardian's op-eds should be handled withWP:RSOPINION. Some editors believeThe Guardianisbiased or opinionatedfor politics.See also:The Guardian blogs.Guardian Media soldThe ObservertoTortoise Mediawith effect from 22 April 2025.,domain theguardian.com matches reliable domain from file raw_wikipedia_perennial_sources.csv
biodiesel,neutral,algae biofuel research,3,8,https://abcnews.com/Business/wireStory/planes-ships-run-kelp-someday-hurdles-132706682,abcnews.com,"Planes and ships could run on kelp someday, but there are ...",2026-05-09 17:49:15,ABC News (USA),ABC_News_(United_States),abcnews.com,reliable,Generally reliable,"There is consensus that ABC News, the news division of theAmerican Broadcasting Company, is generally reliable. It is not to be confused withother publications of the same name.",domain abcnews.com matches reliable domain from file raw_wikipedia_perennial_sources.csv
artificial_intelligence,slanted,ai existential risk,1,2,https://theconversation.com/does-ai-pose-an-existential-risk-we-asked-5-experts-266345,theconversation.com,Does AI pose an existential risk? We asked 5 experts,2026-05-09 17:51:26,The Conversation,The_Conversation_(website),theconversation.com;2201-5639,reliable,Generally reliable,The Conversationpublishes articles from academics who aresubject-matter experts. It is generally reliable for subjects in the authors'areas of expertise. Opinions published inThe Conversationshould be handled withWP:RSOPINION.,domain theconversation.com matches reliable domain from file raw_wikipedia_perennial_sources.csv
artificial_intelligence,slanted,ai existential risk,3,3,https://time.com/7171432/conditional-ai-safety-treaty-trump/,time.com,There Is a Solution to AI's Existential Risk Problem,2026-05-09 17:52:06,Time,Time_(magazine),time.com;0040-781x,reliable,Generally reliable,"There is consensus thatTimeis generally reliable.Time'smagazine blogs, including Techland, should be handled with the appropriate policy. Refer toWP:NEWSORGfor guidance onop-eds, which should only be used withattribution.",domain time.com matches reliable domain from file raw_wikipedia_perennial_sources.csv
artificial_intelligence,slanted,ai existential risk,3,8,https://thehill.com/policy/technology/5866949-sanders-ai-risks-china-cooperation/,thehill.com,"Bernie Sanders warns of AI's existential risk, calls for US- ...",2026-05-09 17:52:08,The Hill,The_Hill_(newspaper),1521-1568;thehill.com,reliable,Generally reliable,"The Hillis considered generally reliable for American politics. The publication'sopinion piecesshould be handled with the appropriate guideline. The publication'scontributorpieces, labeled in theirbylines, receive minimal editorial oversight and should be treated as equivalent toself-published sources. Some editors have expressed concerns about the reliability ofRising, a talk show produced byThe Hill.",domain thehill.com matches reliable domain from file raw_wikipedia_perennial_sources.csv
artificial_intelligence,slanted,ai existential risk,3,9,https://www.theglobeandmail.com/business/article-why-one-researcher-still-views-ai-as-an-existential-threat-to-humanity/,theglobeandmail.com,Why one researcher still views AI as an existential threat to ...,2026-05-09 17:52:08,The Globe and Mail,The_Globe_and_Mail,0319-0714;theglobeandmail.com,reliable,Generally reliable,"In a 2021 RfC, editors found a strong consensus thatThe Globe and Mailis generally reliable for news coverage and is considered anewspaper of record.",domain theglobeandmail.com matches reliable domain from file raw_wikipedia_perennial_sources.csv
artificial_intelligence,slanted,ai uncontrolled intelligence,1,9,https://time.com/6258483/uncontrollable-ai-agi-risks/,time.com,Why Uncontrollable AI Looks More Likely Than Ever,2026-05-09 17:53:24,Time,Time_(magazine),time.com;0040-781x,reliable,Generally reliable,"There is consensus thatTimeis generally reliable.Time'smagazine blogs, including Techland, should be handled with the appropriate policy. Refer toWP:NEWSORGfor guidance onop-eds, which should only be used withattribution.",domain time.com matches reliable domain from file raw_wikipedia_perennial_sources.csv
artificial_intelligence,slanted,ai uncontrolled intelligence,2,9,https://www.nbcnews.com/tech/tech-news/far-will-ai-go-defend-survival-rcna209609,nbcnews.com,How far will AI go to defend its own survival?,2026-05-09 17:53:38,NBC News,NBC_News,nbcnews.com,reliable,Generally reliable,There is consensus that NBC News is generally reliable for news.See also:MS NOW(formerly MSNBC),domain nbcnews.com matches reliable domain from file raw_wikipedia_perennial_sources.csv
artificial_intelligence,slanted,ai uncontrolled intelligence,3,5,https://theconversation.com/ai-isnt-what-we-should-be-worried-about-its-the-humans-controlling-it-251119,theconversation.com,AI isn't what we should be worried about – it's the humans ...,2026-05-09 17:53:50,The Conversation,The_Conversation_(website),theconversation.com;2201-5639,reliable,Generally reliable,The Conversationpublishes articles from academics who aresubject-matter experts. It is generally reliable for subjects in the authors'areas of expertise. Opinions published inThe Conversationshould be handled withWP:RSOPINION.,domain theconversation.com matches reliable domain from file raw_wikipedia_perennial_sources.csv
gene_drives,neutral,gene drive malaria control,2,10,https://www.theguardian.com/global-development/2024/dec/11/what-is-gene-drive-and-how-could-it-help-in-the-fight-against-malaria,theguardian.com,What is gene drive and how could it help in the fight ...,2026-05-09 17:56:57,"The Guardian(TheGuardian.com,The Manchester Guardian,The Guardian Weekly,The Observer)",The_Guardian,0261-3077;1756-3224;theguardian.com,reliable,Generally reliable,There is consensus thatThe Guardianis generally reliable.The Guardian's op-eds should be handled withWP:RSOPINION. Some editors believeThe Guardianisbiased or opinionatedfor politics.See also:The Guardian blogs.Guardian Media soldThe ObservertoTortoise Mediawith effect from 22 April 2025.,domain theguardian.com matches reliable domain from file raw_wikipedia_perennial_sources.csv
gene_drives,neutral,gene drive malaria control,3,1,https://www.theguardian.com/global-development/2024/dec/11/what-is-gene-drive-and-how-could-it-help-in-the-fight-against-malaria,theguardian.com,What is gene drive and how could it help in the fight ...,2026-05-09 17:57:09,"The Guardian(TheGuardian.com,The Manchester Guardian,The Guardian Weekly,The Observer)",The_Guardian,0261-3077;1756-3224;theguardian.com,reliable,Generally reliable,There is consensus thatThe Guardianis generally reliable.The Guardian's op-eds should be handled withWP:RSOPINION. Some editors believeThe Guardianisbiased or opinionatedfor politics.See also:The Guardian blogs.Guardian Media soldThe ObservertoTortoise Mediawith effect from 22 April 2025.,domain theguardian.com matches reliable domain from file raw_wikipedia_perennial_sources.csv
gene_drives,neutral,gene drive malaria control,3,9,https://www.thehindu.com/sci-tech/science/gene-drives-and-malaria-how-altered-mosquitoes-could-reshape-disease-control/article70880179.ece,thehindu.com,Gene drives and malaria: how altered mosquitoes could ...,2026-05-09 17:57:12,The Hindu,The_Hindu,0971-751x;thehindu.com,reliable,Generally reliable,There is consensus thatThe Hinduis generally reliable and should be treated as anewspaper of record. The publication'sopinion piecesshould be handled with the appropriate guideline.,domain thehindu.com matches reliable domain from file raw_wikipedia_perennial_sources.csv
gene_drives,slanted,gene drive extinction threat,3,9,https://www.nytimes.com/2017/11/16/science/gene-drives-crispr.html,nytimes.com,"'Gene Drives' Are Too Risky for Field Trials, Scientists Say",2026-05-09 18:00:04,The New York Times(NYT),The_New_York_Times,0362-4331;1553-8095;nytimes.com,reliable,Generally reliable,"There is consensus thatThe New York Timesis generally reliable.WP:RSOPINIONshould be used to evaluate opinion columns, whileWP:NEWSBLOGshould be used for the blogs onThe New York Times's website. The 2018 RfC citesWP:MEDPOPto establish that popular press sources such asThe New York Timesshould generally not be used to supportmedical claims.",domain nytimes.com matches reliable domain from file raw_wikipedia_perennial_sources.csv
synthetic_biology,slanted,synthetic biology bioweapons,1,5,https://www.nytimes.com/2026/04/29/us/ai-chatbots-biological-weapons.html,nytimes.com,A.I. Bots Told Scientists How to Make Biological Weapons,2026-05-09 18:03:20,The New York Times(NYT),The_New_York_Times,0362-4331;1553-8095;nytimes.com,reliable,Generally reliable,"There is consensus thatThe New York Timesis generally reliable.WP:RSOPINIONshould be used to evaluate opinion columns, whileWP:NEWSBLOGshould be used for the blogs onThe New York Times's website. The 2018 RfC citesWP:MEDPOPto establish that popular press sources such asThe New York Timesshould generally not be used to supportmedical claims.",domain nytimes.com matches reliable domain from file raw_wikipedia_perennial_sources.csv
synthetic_biology,slanted,synthetic biology bioweapons,3,4,https://www.theguardian.com/science/2018/jun/19/urgent-need-to-prepare-for-manmade-virus-attacks-says-us-government-report,theguardian.com,"Synthetic biology raises risk of new bioweapons, US report ...",2026-05-09 18:03:49,"The Guardian(TheGuardian.com,The Manchester Guardian,The Guardian Weekly,The Observer)",The_Guardian,0261-3077;1756-3224;theguardian.com,reliable,Generally reliable,There is consensus thatThe Guardianis generally reliable.The Guardian's op-eds should be handled withWP:RSOPINION. Some editors believeThe Guardianisbiased or opinionatedfor politics.See also:The Guardian blogs.Guardian Media soldThe ObservertoTortoise Mediawith effect from 22 April 2025.,domain theguardian.com matches reliable domain from file raw_wikipedia_perennial_sources.csv
synthetic_biology,neutral,genetic engineering research,3,2,https://theconversation.com/topics/genetic-engineering-10096,theconversation.com,"Genetic engineering – News, Research and Analysis",2026-05-09 18:04:44,The Conversation,The_Conversation_(website),theconversation.com;2201-5639,reliable,Generally reliable,The Conversationpublishes articles from academics who aresubject-matter experts. It is generally reliable for subjects in the authors'areas of expertise. Opinions published inThe Conversationshould be handled withWP:RSOPINION.,domain theconversation.com matches reliable domain from file raw_wikipedia_perennial_sources.csv
synthetic_biology,slanted,designer babies ethics,3,9,https://www.theguardian.com/science/2018/jul/17/genetically-modified-babies-given-go-ahead-by-uk-ethics-body,theguardian.com,Genetically modified babies given go ahead by UK ethics ...,2026-05-09 18:05:53,"The Guardian(TheGuardian.com,The Manchester Guardian,The Guardian Weekly,The Observer)",The_Guardian,0261-3077;1756-3224;theguardian.com,reliable,Generally reliable,There is consensus thatThe Guardianis generally reliable.The Guardian's op-eds should be handled withWP:RSOPINION. Some editors believeThe Guardianisbiased or opinionatedfor politics.See also:The Guardian blogs.Guardian Media soldThe ObservertoTortoise Mediawith effect from 22 April 2025.,domain theguardian.com matches reliable domain from file raw_wikipedia_perennial_sources.csv
synthetic_biology,slanted,garage biology risks,1,6,https://www.theguardian.com/science/2016/sep/30/experts-warn-home-gene-editing-kits-pose-risk-to-society,theguardian.com,Experts warn home 'gene editing' kits pose risk to society,2026-05-09 18:07:20,"The Guardian(TheGuardian.com,The Manchester Guardian,The Guardian Weekly,The Observer)",The_Guardian,0261-3077;1756-3224;theguardian.com,reliable,Generally reliable,There is consensus thatThe Guardianis generally reliable.The Guardian's op-eds should be handled withWP:RSOPINION. Some editors believeThe Guardianisbiased or opinionatedfor politics.See also:The Guardian blogs.Guardian Media soldThe ObservertoTortoise Mediawith effect from 22 April 2025.,domain theguardian.com matches reliable domain from file raw_wikipedia_perennial_sources.csv
synthetic_biology,slanted,garage biology risks,1,8,https://theconversation.com/an-illegal-bioweapons-lab-was-found-in-a-las-vegas-garage-its-a-warning-for-australia-275564,theconversation.com,An illegal bioweapons lab was found in a Las Vegas ...,2026-05-09 18:07:22,The Conversation,The_Conversation_(website),theconversation.com;2201-5639,reliable,Generally reliable,The Conversationpublishes articles from academics who aresubject-matter experts. It is generally reliable for subjects in the authors'areas of expertise. Opinions published inThe Conversationshould be handled withWP:RSOPINION.,domain theconversation.com matches reliable domain from file raw_wikipedia_perennial_sources.csv
quantum_computing,slanted,quantum decryption threats,1,3,https://www.theguardian.com/technology/2026/mar/26/google-quantum-computers-crack-encryption-2029,theguardian.com,Google warns quantum computers could hack encrypted ...,2026-05-09 18:17:26,"The Guardian(TheGuardian.com,The Manchester Guardian,The Guardian Weekly,The Observer)",The_Guardian,0261-3077;1756-3224;theguardian.com,reliable,Generally reliable,There is consensus thatThe Guardianis generally reliable.The Guardian's op-eds should be handled withWP:RSOPINION. Some editors believeThe Guardianisbiased or opinionatedfor politics.See also:The Guardian blogs.Guardian Media soldThe ObservertoTortoise Mediawith effect from 22 April 2025.,domain theguardian.com matches reliable domain from file raw_wikipedia_perennial_sources.csv
lab_grown_meat,slanted,lab meat health risks,1,10,https://www.telegraph.co.uk/health-fitness/diet/nutrition/pros-and-cons-of-lab-grown-meat/,telegraph.co.uk,The pros and cons of lab-grown meat,2026-05-09 18:21:56,"The Daily Telegraph(UK) (excluding transgender topics)(The Telegraph,The Sunday Telegraph)",The_Daily_Telegraph,0307-1235;telegraph.co.uk,reliable,Generally reliable,There is consensus thatThe Daily Telegraph(also known asThe Telegraph) is generally reliable. Some editors believe thatThe Daily Telegraphisbiased or opinionatedfor politics. Unrelated toThe Daily Telegraph(Sydney).,domain telegraph.co.uk matches reliable domain from file raw_wikipedia_perennial_sources.csv
lab_grown_meat,slanted,test tube meat dangers,1,7,https://www.telegraph.co.uk/health-fitness/diet/nutrition/pros-and-cons-of-lab-grown-meat/,telegraph.co.uk,The pros and cons of lab-grown meat,2026-05-09 18:23:45,"The Daily Telegraph(UK) (excluding transgender topics)(The Telegraph,The Sunday Telegraph)",The_Daily_Telegraph,0307-1235;telegraph.co.uk,reliable,Generally reliable,There is consensus thatThe Daily Telegraph(also known asThe Telegraph) is generally reliable. Some editors believe thatThe Daily Telegraphisbiased or opinionatedfor politics. Unrelated toThe Daily Telegraph(Sydney).,domain telegraph.co.uk matches reliable domain from file raw_wikipedia_perennial_sources.csv
lab_grown_meat,slanted,test tube meat dangers,3,5,https://theconversation.com/cultured-meat-could-create-more-problems-than-it-solves-127702,theconversation.com,'Cultured' meat could create more problems than it solves,2026-05-09 18:24:12,The Conversation,The_Conversation_(website),theconversation.com;2201-5639,reliable,Generally reliable,The Conversationpublishes articles from academics who aresubject-matter experts. It is generally reliable for subjects in the authors'areas of expertise. Opinions published inThe Conversationshould be handled withWP:RSOPINION.,domain theconversation.com matches reliable domain from file raw_wikipedia_perennial_sources.csv
lab_grown_meat,neutral,clean meat environmental impact,3,5,https://theconversation.com/cultured-meat-could-create-more-problems-than-it-solves-127702,theconversation.com,'Cultured' meat could create more problems than it solves,2026-05-09 18:25:10,The Conversation,The_Conversation_(website),theconversation.com;2201-5639,reliable,Generally reliable,The Conversationpublishes articles from academics who aresubject-matter experts. It is generally reliable for subjects in the authors'areas of expertise. Opinions published inThe Conversationshould be handled withWP:RSOPINION.,domain theconversation.com matches reliable domain from file raw_wikipedia_perennial_sources.csv
lab_grown_meat,slanted,fake meat processing risks,1,4,https://www.nytimes.com/2025/02/17/well/eat/is-fake-meat-healthy.html,nytimes.com,Is Fake Meat Better for You Than Real Meat?,2026-05-09 18:25:25,The New York Times(NYT),The_New_York_Times,0362-4331;1553-8095;nytimes.com,reliable,Generally reliable,"There is consensus thatThe New York Timesis generally reliable.WP:RSOPINIONshould be used to evaluate opinion columns, whileWP:NEWSBLOGshould be used for the blogs onThe New York Times's website. The 2018 RfC citesWP:MEDPOPto establish that popular press sources such asThe New York Timesshould generally not be used to supportmedical claims.",domain nytimes.com matches reliable domain from file raw_wikipedia_perennial_sources.csv
lab_grown_meat,slanted,fake meat processing risks,3,3,https://www.bbc.com/future/article/20241011-what-explains-increasing-anxiety-about-ultra-processed-plant-based-foods,bbc.com,Should we be worried about vegan ultra-processed foods?,2026-05-09 18:26:04,BBC(British Broadcasting Corporation),BBC,bbc.com,reliable,Generally reliable,"BBC is a Britishpublicly funded broadcaster. It is considered generally reliable. This includesBBC News, BBC documentaries, and the BBC History site (onBBC Online). However, this excludes BBC projects that incorporateuser-generated content(such ash2g2and theBBC Domesday Project) and BBC publications with reduced editorial oversight (such asCollective).Statements of opinionshould conform to the corresponding guideline.",domain bbc.com matches reliable domain from file raw_wikipedia_perennial_sources.csv
3d_printing,neutral,3d printed organs facts,3,10,https://www.space.com/astronomy/earth/scientists-3d-printed-muscle-tissue-in-microgravity-the-goal-is-to-make-human-organs-from-scratch,space.com,Scientists 3D printed muscle tissue in microgravity. The ...,2026-05-09 18:27:15,Space.com,Space.com,space.com,reliable,Generally reliable,"Space.com may be reliable for astronomy and spaceflight news, and has a reputation for being generally accurate. Space.com articles often have a sensational tone, which might degrade their quality, so it is necessary to check the author's qualification below the article. Care should also be taken as the site publishes a lot of syndicated material and is prone to occasionalchurnalism.",domain space.com matches reliable domain from file raw_wikipedia_perennial_sources.csv
3d_printing,slanted,3d printed gun dangers,1,6,https://www.bbc.com/news/articles/cvg84rke4ejo,bbc.com,Print and shoot: How 3D-printed guns are spreading online,2026-05-09 18:30:24,BBC(British Broadcasting Corporation),BBC,bbc.com,reliable,Generally reliable,"BBC is a Britishpublicly funded broadcaster. It is considered generally reliable. This includesBBC News, BBC documentaries, and the BBC History site (onBBC Online). However, this excludes BBC projects that incorporateuser-generated content(such ash2g2and theBBC Domesday Project) and BBC publications with reduced editorial oversight (such asCollective).Statements of opinionshould conform to the corresponding guideline.",domain bbc.com matches reliable domain from file raw_wikipedia_perennial_sources.csv
3d_printing,slanted,3d printed gun dangers,2,8,https://www.theguardian.com/australia-news/2025/sep/01/australia-gun-control-laws-3d-printed-firearms-ntwnfb,theguardian.com,Illicit and 3D-printed firearms are a growing problem. ...,2026-05-09 18:30:40,"The Guardian(TheGuardian.com,The Manchester Guardian,The Guardian Weekly,The Observer)",The_Guardian,0261-3077;1756-3224;theguardian.com,reliable,Generally reliable,There is consensus thatThe Guardianis generally reliable.The Guardian's op-eds should be handled withWP:RSOPINION. Some editors believeThe Guardianisbiased or opinionatedfor politics.See also:The Guardian blogs.Guardian Media soldThe ObservertoTortoise Mediawith effect from 22 April 2025.,domain theguardian.com matches reliable domain from file raw_wikipedia_perennial_sources.csv
3d_printing,slanted,3d printed gun dangers,2,10,https://theconversation.com/3d-printed-ghost-guns-are-not-as-untraceable-as-criminals-think-new-study-275566,theconversation.com,3D-printed 'ghost guns' are not as untraceable as criminals ...,2026-05-09 18:30:41,The Conversation,The_Conversation_(website),theconversation.com;2201-5639,reliable,Generally reliable,The Conversationpublishes articles from academics who aresubject-matter experts. It is generally reliable for subjects in the authors'areas of expertise. Opinions published inThe Conversationshould be handled withWP:RSOPINION.,domain theconversation.com matches reliable domain from file raw_wikipedia_perennial_sources.csv
3d_printing,slanted,3d printed gun dangers,3,9,https://thediplomat.com/2026/05/3d-printed-weapons-an-emerging-problem-in-southeast-asia/,thediplomat.com,3D-Printed Weapons: An Emerging Problem in Southeast ...,2026-05-09 18:30:55,The Diplomat,The_Diplomat_(magazine),1446-697x;thediplomat.com,reliable,Generally reliable,There is consensus thatThe Diplomatis generally reliable. Opinion pieces should be evaluated byWP:RSOPINIONandWP:NEWSBLOG. Some editors have expressed concern on their reliability for North Korea-related topics.,domain thediplomat.com matches reliable domain from file raw_wikipedia_perennial_sources.csv
3d_printing,slanted,3d printing toxic emissions,3,4,https://gizmodo.com/new-study-details-all-the-toxic-shit-spewed-out-by-3d-p-1830379464,gizmodo.com,New Study Details Toxic Particles Spewed by 3D Printers,2026-05-09 18:33:13,Gizmodo,Gizmodo,gizmodo.com,reliable,Generally reliable,"There is consensus thatGizmodois generally reliable for technology, popular culture, and entertainment. There is no consensus on whether it is generally reliable for controversial statements. There is consensus that AI-generated articles are generallyunreliable;Gizmodo'sparent company, G/O Media, began releasing such pieces in July 2023, usually under the byline ""Gizmodo Bot"".[16]",domain gizmodo.com matches reliable domain from file raw_wikipedia_perennial_sources.csv
autonomous_vehicles,slanted,autonomous vehicle accidents,2,4,https://www.nytimes.com/2025/12/02/opinion/self-driving-cars.html,nytimes.com,Opinion | The Medical Case for Self-Driving Cars,2026-05-09 18:34:57,The New York Times(NYT),The_New_York_Times,0362-4331;1553-8095;nytimes.com,reliable,Generally reliable,"There is consensus thatThe New York Timesis generally reliable.WP:RSOPINIONshould be used to evaluate opinion columns, whileWP:NEWSBLOGshould be used for the blogs onThe New York Times's website. The 2018 RfC citesWP:MEDPOPto establish that popular press sources such asThe New York Timesshould generally not be used to supportmedical claims.",domain nytimes.com matches reliable domain from file raw_wikipedia_perennial_sources.csv
autonomous_vehicles,neutral,autonomous trucking impact,1,5,https://www.axios.com/sponsored/the-link-between-autonomous-trucks-and-your-grocery-bill,axios.com,The link between autonomous trucks and your grocery bill,2026-05-09 18:35:37,Axios,Axios_(website),axios.com,reliable,Generally reliable,There is consensus thatAxiosis generally reliable. Some editors considerAxiosto be abiased or opinionated source.Statements of opinionshould beattributedand evaluated fordue weight.,domain axios.com matches reliable domain from file raw_wikipedia_perennial_sources.csv
autonomous_vehicles,slanted,self driving truck dangers,3,5,https://www.axios.com/sponsored/the-link-between-autonomous-trucks-and-your-grocery-bill,axios.com,The link between autonomous trucks and your grocery bill,2026-05-09 18:36:59,Axios,Axios_(website),axios.com,reliable,Generally reliable,There is consensus thatAxiosis generally reliable. Some editors considerAxiosto be abiased or opinionated source.Statements of opinionshould beattributedand evaluated fordue weight.,domain axios.com matches reliable domain from file raw_wikipedia_perennial_sources.csv
cryptocurrency,slanted,cryptocurrency environmental damage,2,7,https://www.theatlantic.com/ideas/archive/2022/12/cryptocurrency-mining-environmental-impact-solution/672360/,theatlantic.com,How to Reduce the Environmental Impact of Crypto,2026-05-09 18:42:18,The Atlantic(The Atlantic Monthly),The_Atlantic,theatlantic.com;1072-7825;2151-9463,reliable,Generally reliable,"The Atlanticis considered generally reliable. Editors should beware thatThe Atlanticdoes not always clearly delineate between reporting and opinion content; opinion pieces, including all articles in the ""Ideas"" column (theatlantic.com/ideas/), are governed byWP:RSOPINION.",domain theatlantic.com matches reliable domain from file raw_wikipedia_perennial_sources.csv
blockchain,slanted,defi hacking risks,3,5,https://theconversation.com/decentralized-finance-is-booming-and-so-are-the-security-risks-my-team-surveyed-nearly-500-crypto-investors-and-uncovered-the-most-common-mistakes-251305,theconversation.com,Decentralized finance is booming − and so are the security ...,2026-05-09 18:50:12,The Conversation,The_Conversation_(website),theconversation.com;2201-5639,reliable,Generally reliable,The Conversationpublishes articles from academics who aresubject-matter experts. It is generally reliable for subjects in the authors'areas of expertise. Opinions published inThe Conversationshould be handled withWP:RSOPINION.,domain theconversation.com matches reliable domain from file raw_wikipedia_perennial_sources.csv
social_media,neutral,instagram mental health research,1,1,https://www.theguardian.com/media/2026/mar/19/instagram-worse-mental-health-whatsapp-global-study-finds,theguardian.com,"Instagram worse for mental health than WhatsApp, global ...",2026-05-09 18:50:30,"The Guardian(TheGuardian.com,The Manchester Guardian,The Guardian Weekly,The Observer)",The_Guardian,0261-3077;1756-3224;theguardian.com,reliable,Generally reliable,There is consensus thatThe Guardianis generally reliable.The Guardian's op-eds should be handled withWP:RSOPINION. Some editors believeThe Guardianisbiased or opinionatedfor politics.See also:The Guardian blogs.Guardian Media soldThe ObservertoTortoise Mediawith effect from 22 April 2025.,domain theguardian.com matches reliable domain from file raw_wikipedia_perennial_sources.csv
social_media,neutral,instagram mental health research,2,3,https://time.com/4793331/instagram-social-media-mental-health/,time.com,Why Instagram Is the Worst Social Media for Mental Health,2026-05-09 18:50:47,Time,Time_(magazine),time.com;0040-781x,reliable,Generally reliable,"There is consensus thatTimeis generally reliable.Time'smagazine blogs, including Techland, should be handled with the appropriate policy. Refer toWP:NEWSORGfor guidance onop-eds, which should only be used withattribution.",domain time.com matches reliable domain from file raw_wikipedia_perennial_sources.csv
social_media,slanted,social media depression link,1,3,https://www.theguardian.com/media/2026/mar/22/study-children-social-media-anxiety-depression,theguardian.com,Study links children's social media use with anxiety and ...,2026-05-09 18:51:12,"The Guardian(TheGuardian.com,The Manchester Guardian,The Guardian Weekly,The Observer)",The_Guardian,0261-3077;1756-3224;theguardian.com,reliable,Generally reliable,There is consensus thatThe Guardianis generally reliable.The Guardian's op-eds should be handled withWP:RSOPINION. Some editors believeThe Guardianisbiased or opinionatedfor politics.See also:The Guardian blogs.Guardian Media soldThe ObservertoTortoise Mediawith effect from 22 April 2025.,domain theguardian.com matches reliable domain from file raw_wikipedia_perennial_sources.csv
social_media,slanted,social media depression link,2,9,https://www.pbs.org/newshour/show/new-study-finds-link-between-pre-teen-use-of-social-media-and-depression,pbs.org,New study finds link between pre-teen use of social media ...,2026-05-09 18:51:28,PBS(Public Broadcasting Service),PBS,pbs.org,reliable,Generally reliable,ThePublic Broadcasting Serviceis an American public broadcaster. It is considered generally reliable by editors.,domain pbs.org matches reliable domain from file raw_wikipedia_perennial_sources.csv
social_media,neutral,tiktok algorithm study,1,1,https://www.theguardian.com/technology/2026/may/06/tiktok-pro-republican-algorithm-2024-election,theguardian.com,TikTok's algorithm favored Republican content in 2024 US ...,2026-05-09 18:51:53,"The Guardian(TheGuardian.com,The Manchester Guardian,The Guardian Weekly,The Observer)",The_Guardian,0261-3077;1756-3224;theguardian.com,reliable,Generally reliable,There is consensus thatThe Guardianis generally reliable.The Guardian's op-eds should be handled withWP:RSOPINION. Some editors believeThe Guardianisbiased or opinionatedfor politics.See also:The Guardian blogs.Guardian Media soldThe ObservertoTortoise Mediawith effect from 22 April 2025.,domain theguardian.com matches reliable domain from file raw_wikipedia_perennial_sources.csv
social_media,neutral,tiktok algorithm study,3,7,https://www.washingtonpost.com/technology/interactive/2025/tiktok-algorithm-mental-health/,washingtonpost.com,TikTok's mental health 'rabbit hole'? It's not in your head.,2026-05-09 18:52:17,"The Washington Post(The Post,WaPo,TWP)",The_Washington_Post,0190-8286;washingtonpost.com,reliable,Generally reliable,Most editors considerThe Washington Postgenerally reliable. Some editors note thatWP:NEWSBLOGshould be used to evaluate blog posts onThe Washington Post's website.,domain washingtonpost.com matches reliable domain from file raw_wikipedia_perennial_sources.csv
social_media,slanted,tiktok addiction risks,3,6,https://www.bbc.com/news/articles/cr7j7n315lmo,bbc.com,TikTok told by EU to change 'addictive design' or face fines,2026-05-09 18:52:51,BBC(British Broadcasting Corporation),BBC,bbc.com,reliable,Generally reliable,"BBC is a Britishpublicly funded broadcaster. It is considered generally reliable. This includesBBC News, BBC documentaries, and the BBC History site (onBBC Online). However, this excludes BBC projects that incorporateuser-generated content(such ash2g2and theBBC Domesday Project) and BBC publications with reduced editorial oversight (such asCollective).Statements of opinionshould conform to the corresponding guideline.",domain bbc.com matches reliable domain from file raw_wikipedia_perennial_sources.csv
social_media,neutral,facebook misinformation research,1,1,https://theconversation.com/facebook-data-reveal-the-devastating-real-world-harms-caused-by-the-spread-of-misinformation-265742,theconversation.com,Facebook data reveal the devastating real-world harms ...,2026-05-09 18:53:09,The Conversation,The_Conversation_(website),theconversation.com;2201-5639,reliable,Generally reliable,The Conversationpublishes articles from academics who aresubject-matter experts. It is generally reliable for subjects in the authors'areas of expertise. Opinions published inThe Conversationshould be handled withWP:RSOPINION.,domain theconversation.com matches reliable domain from file raw_wikipedia_perennial_sources.csv
social_media,neutral,facebook misinformation research,1,8,https://www.theguardian.com/world/ng-interactive/2025/sep/28/inside-the-everyday-facebook-networks-where-far-right-ideas-grow,theguardian.com,Inside the everyday Facebook networks where far-right ...,2026-05-09 18:53:14,"The Guardian(TheGuardian.com,The Manchester Guardian,The Guardian Weekly,The Observer)",The_Guardian,0261-3077;1756-3224;theguardian.com,reliable,Generally reliable,There is consensus thatThe Guardianis generally reliable.The Guardian's op-eds should be handled withWP:RSOPINION. Some editors believeThe Guardianisbiased or opinionatedfor politics.See also:The Guardian blogs.Guardian Media soldThe ObservertoTortoise Mediawith effect from 22 April 2025.,domain theguardian.com matches reliable domain from file raw_wikipedia_perennial_sources.csv
social_media,slanted,facebook polarizing effects,1,1,https://arstechnica.com/science/2026/05/rip-social-media-what-comes-next-is-messy/,arstechnica.com,RIP social media. What comes next is messy.,2026-05-09 18:53:45,Ars Technica,Ars_Technica,arstechnica.com,reliable,Generally reliable,Ars Technicais considered generally reliable for science- and technology-related articles.,domain arstechnica.com matches reliable domain from file raw_wikipedia_perennial_sources.csv
social_media,slanted,facebook polarizing effects,2,6,https://www.npr.org/2023/07/27/1190383104/new-study-shows-just-how-facebooks-algorithm-shapes-conservative-and-liberal-bub,npr.org,New study shows just how Facebook's algorithm shapes ...,2026-05-09 18:54:07,NPR(National Public Radio),NPR,npr.org,reliable,Generally reliable,"There is consensus that NPR, an American public service broadcaster, is generally reliable for news and statements of fact. NPR'sopinion piecesshould only be used withattribution.",domain npr.org matches reliable domain from file raw_wikipedia_perennial_sources.csv
social_media,slanted,facebook polarizing effects,3,3,https://www.washingtonpost.com/technology/2023/07/27/social-media-research-meta-political-views/,washingtonpost.com,"Changing Facebook's algorithm won't fix polarization, new ...",2026-05-09 18:54:16,"The Washington Post(The Post,WaPo,TWP)",The_Washington_Post,0190-8286;washingtonpost.com,reliable,Generally reliable,Most editors considerThe Washington Postgenerally reliable. Some editors note thatWP:NEWSBLOGshould be used to evaluate blog posts onThe Washington Post's website.,domain washingtonpost.com matches reliable domain from file raw_wikipedia_perennial_sources.csv
social_media,slanted,facebook polarizing effects,3,6,https://theconversation.com/is-social-media-fuelling-political-polarisation-232749,theconversation.com,Is social media fuelling political polarisation?,2026-05-09 18:54:17,The Conversation,The_Conversation_(website),theconversation.com;2201-5639,reliable,Generally reliable,The Conversationpublishes articles from academics who aresubject-matter experts. It is generally reliable for subjects in the authors'areas of expertise. Opinions published inThe Conversationshould be handled withWP:RSOPINION.,domain theconversation.com matches reliable domain from file raw_wikipedia_perennial_sources.csv
social_media,slanted,facebook polarizing effects,3,7,https://www.theguardian.com/technology/2023/jul/27/meta-facebook-algorithm-2020-election,theguardian.com,Changing Meta's algorithms did not help US political ...,2026-05-09 18:54:17,"The Guardian(TheGuardian.com,The Manchester Guardian,The Guardian Weekly,The Observer)",The_Guardian,0261-3077;1756-3224;theguardian.com,reliable,Generally reliable,There is consensus thatThe Guardianis generally reliable.The Guardian's op-eds should be handled withWP:RSOPINION. Some editors believeThe Guardianisbiased or opinionatedfor politics.See also:The Guardian blogs.Guardian Media soldThe ObservertoTortoise Mediawith effect from 22 April 2025.,domain theguardian.com matches reliable domain from file raw_wikipedia_perennial_sources.csv
social_media,neutral,twitter echo chamber,1,5,https://www.theguardian.com/politics/2017/feb/04/twitter-accounts-really-are-echo-chambers-study-finds,theguardian.com,"Twitter accounts really are echo chambers, study finds",2026-05-09 18:54:40,"The Guardian(TheGuardian.com,The Manchester Guardian,The Guardian Weekly,The Observer)",The_Guardian,0261-3077;1756-3224;theguardian.com,reliable,Generally reliable,There is consensus thatThe Guardianis generally reliable.The Guardian's op-eds should be handled withWP:RSOPINION. Some editors believeThe Guardianisbiased or opinionatedfor politics.See also:The Guardian blogs.Guardian Media soldThe ObservertoTortoise Mediawith effect from 22 April 2025.,domain theguardian.com matches reliable domain from file raw_wikipedia_perennial_sources.csv
social_media,neutral,twitter echo chamber,2,1,https://theconversation.com/online-platforms-risk-becoming-ideological-echo-chambers-that-undermine-meaningful-dialogue-247982,theconversation.com,Online platforms risk becoming ideological echo chambers ...,2026-05-09 18:54:50,The Conversation,The_Conversation_(website),theconversation.com;2201-5639,reliable,Generally reliable,The Conversationpublishes articles from academics who aresubject-matter experts. It is generally reliable for subjects in the authors'areas of expertise. Opinions published inThe Conversationshould be handled withWP:RSOPINION.,domain theconversation.com matches reliable domain from file raw_wikipedia_perennial_sources.csv
social_media,neutral,twitter echo chamber,3,1,https://arstechnica.com/science/2026/05/rip-social-media-what-comes-next-is-messy/,arstechnica.com,RIP social media. What comes next is messy.,2026-05-09 18:54:58,Ars Technica,Ars_Technica,arstechnica.com,reliable,Generally reliable,Ars Technicais considered generally reliable for science- and technology-related articles.,domain arstechnica.com matches reliable domain from file raw_wikipedia_perennial_sources.csv
online_privacy,slanted,government backdoor dangers,3,4,https://www.bbc.com/news/articles/cgj54eq4vejo,bbc.com,Apple pulls data protection tool after UK government ...,2026-05-09 18:59:58,BBC(British Broadcasting Corporation),BBC,bbc.com,reliable,Generally reliable,"BBC is a Britishpublicly funded broadcaster. It is considered generally reliable. This includesBBC News, BBC documentaries, and the BBC History site (onBBC Online). However, this excludes BBC projects that incorporateuser-generated content(such ash2g2and theBBC Domesday Project) and BBC publications with reduced editorial oversight (such asCollective).Statements of opinionshould conform to the corresponding guideline.",domain bbc.com matches reliable domain from file raw_wikipedia_perennial_sources.csv
online_privacy,slanted,government backdoor dangers,3,8,https://www.theglobeandmail.com/politics/article-us-congress-lawful-access-bill-c-22-hackers/,theglobeandmail.com,U.S. Congress warns Ottawa's lawful-access bill could ...,2026-05-09 19:00:00,The Globe and Mail,The_Globe_and_Mail,0319-0714;theglobeandmail.com,reliable,Generally reliable,"In a 2021 RfC, editors found a strong consensus thatThe Globe and Mailis generally reliable for news coverage and is considered anewspaper of record.",domain theglobeandmail.com matches reliable domain from file raw_wikipedia_perennial_sources.csv
online_privacy,slanted,facial recognition surveillance,1,2,https://www.theguardian.com/technology/ng-interactive/2026/may/03/ai-facial-recognition-oversight-lagging-far-behind-technology-watchdogs-warn,theguardian.com,AI facial recognition oversight lagging far behind ...,2026-05-09 19:00:58,"The Guardian(TheGuardian.com,The Manchester Guardian,The Guardian Weekly,The Observer)",The_Guardian,0261-3077;1756-3224;theguardian.com,reliable,Generally reliable,There is consensus thatThe Guardianis generally reliable.The Guardian's op-eds should be handled withWP:RSOPINION. Some editors believeThe Guardianisbiased or opinionatedfor politics.See also:The Guardian blogs.Guardian Media soldThe ObservertoTortoise Mediawith effect from 22 April 2025.,domain theguardian.com matches reliable domain from file raw_wikipedia_perennial_sources.csv
online_privacy,slanted,facial recognition surveillance,3,3,https://www.bbc.com/news/articles/c3r7pwpgeweo,bbc.com,Facial recognition could be used more by police under plans,2026-05-09 19:01:23,BBC(British Broadcasting Corporation),BBC,bbc.com,reliable,Generally reliable,"BBC is a Britishpublicly funded broadcaster. It is considered generally reliable. This includesBBC News, BBC documentaries, and the BBC History site (onBBC Online). However, this excludes BBC projects that incorporateuser-generated content(such ash2g2and theBBC Domesday Project) and BBC publications with reduced editorial oversight (such asCollective).Statements of opinionshould conform to the corresponding guideline.",domain bbc.com matches reliable domain from file raw_wikipedia_perennial_sources.csv
electronic_cigarettes,slanted,vaping popcorn lung,1,6,https://theconversation.com/popcorn-lung-how-vaping-could-scar-your-lungs-for-life-254414,theconversation.com,Popcorn lung: how vaping could scar your lungs for life,2026-05-09 19:04:12,The Conversation,The_Conversation_(website),theconversation.com;2201-5639,reliable,Generally reliable,The Conversationpublishes articles from academics who aresubject-matter experts. It is generally reliable for subjects in the authors'areas of expertise. Opinions published inThe Conversationshould be handled withWP:RSOPINION.,domain theconversation.com matches reliable domain from file raw_wikipedia_perennial_sources.csv
electronic_cigarettes,slanted,vaping popcorn lung,3,4,https://www.bbc.com/news/world-us-canada-50494871,bbc.com,Vaping linked to teen's 'popcorn lung' type injury,2026-05-09 19:04:33,BBC(British Broadcasting Corporation),BBC,bbc.com,reliable,Generally reliable,"BBC is a Britishpublicly funded broadcaster. It is considered generally reliable. This includesBBC News, BBC documentaries, and the BBC History site (onBBC Online). However, this excludes BBC projects that incorporateuser-generated content(such ash2g2and theBBC Domesday Project) and BBC publications with reduced editorial oversight (such asCollective).Statements of opinionshould conform to the corresponding guideline.",domain bbc.com matches reliable domain from file raw_wikipedia_perennial_sources.csv
electronic_cigarettes,slanted,teen vaping epidemic,1,5,https://www.theguardian.com/society/2023/mar/18/uk-health-expert-raises-alarm-at-epidemic-of-vaping-among-teenagers,theguardian.com,UK health expert raises alarm at vaping 'epidemic' among ...,2026-05-09 19:06:21,"The Guardian(TheGuardian.com,The Manchester Guardian,The Guardian Weekly,The Observer)",The_Guardian,0261-3077;1756-3224;theguardian.com,reliable,Generally reliable,There is consensus thatThe Guardianis generally reliable.The Guardian's op-eds should be handled withWP:RSOPINION. Some editors believeThe Guardianisbiased or opinionatedfor politics.See also:The Guardian blogs.Guardian Media soldThe ObservertoTortoise Mediawith effect from 22 April 2025.,domain theguardian.com matches reliable domain from file raw_wikipedia_perennial_sources.csv
electronic_cigarettes,slanted,teen vaping epidemic,3,10,https://time.com/5680988/juul-vaping-health-crisis/,time.com,How Juul Hooked Kids and Ignited a Public Health Crisis,2026-05-09 19:06:53,Time,Time_(magazine),time.com;0040-781x,reliable,Generally reliable,"There is consensus thatTimeis generally reliable.Time'smagazine blogs, including Techland, should be handled with the appropriate policy. Refer toWP:NEWSORGfor guidance onop-eds, which should only be used withattribution.",domain time.com matches reliable domain from file raw_wikipedia_perennial_sources.csv
obesity,neutral,healthy diet research,2,3,https://www.theguardian.com/commentisfree/2026/may/05/game-changer-good-health-scientists-we-are-when-we-eat,theguardian.com,A game-changer for good health? Scientists believe 'we ...,2026-05-09 19:10:24,"The Guardian(TheGuardian.com,The Manchester Guardian,The Guardian Weekly,The Observer)",The_Guardian,0261-3077;1756-3224;theguardian.com,reliable,Generally reliable,There is consensus thatThe Guardianis generally reliable.The Guardian's op-eds should be handled withWP:RSOPINION. Some editors believeThe Guardianisbiased or opinionatedfor politics.See also:The Guardian blogs.Guardian Media soldThe ObservertoTortoise Mediawith effect from 22 April 2025.,domain theguardian.com matches reliable domain from file raw_wikipedia_perennial_sources.csv
obesity,neutral,healthy diet research,3,5,https://www.jpost.com/health-and-wellness/health-and-wellness-around-the-world/article-895179,jpost.com,The surprising link between a healthy diet and the serious ...,2026-05-09 19:10:32,The Jerusalem Post,The_Jerusalem_Post,0792-822x;jpost.com,reliable,Generally reliable,The Jerusalem Postis generally reliable but should be treated with caution when making extraordinary claims regarding the Israeli–Palestinian conflict. It should be used as a source for the Israeli–Palestinian conflict only to cite basic facts or if its reporting is validated by additional reporting from another source not similarly limited.,domain jpost.com matches reliable domain from file raw_wikipedia_perennial_sources.csv
obesity,slanted,processed food dangers,1,1,https://www.bbc.com/news/articles/cy4pjjzd784o,bbc.com,"Ultra-processed food is global health threat, experts warn",2026-05-09 19:10:45,BBC(British Broadcasting Corporation),BBC,bbc.com,reliable,Generally reliable,"BBC is a Britishpublicly funded broadcaster. It is considered generally reliable. This includesBBC News, BBC documentaries, and the BBC History site (onBBC Online). However, this excludes BBC projects that incorporateuser-generated content(such ash2g2and theBBC Domesday Project) and BBC publications with reduced editorial oversight (such asCollective).Statements of opinionshould conform to the corresponding guideline.",domain bbc.com matches reliable domain from file raw_wikipedia_perennial_sources.csv
obesity,slanted,processed food dangers,1,7,https://www.theguardian.com/society/2024/feb/28/ultra-processed-food-32-harmful-effects-health-review,theguardian.com,Ultra-processed food linked to 32 harmful effects to health ...,2026-05-09 19:10:55,"The Guardian(TheGuardian.com,The Manchester Guardian,The Guardian Weekly,The Observer)",The_Guardian,0261-3077;1756-3224;theguardian.com,reliable,Generally reliable,There is consensus thatThe Guardianis generally reliable.The Guardian's op-eds should be handled withWP:RSOPINION. Some editors believeThe Guardianisbiased or opinionatedfor politics.See also:The Guardian blogs.Guardian Media soldThe ObservertoTortoise Mediawith effect from 22 April 2025.,domain theguardian.com matches reliable domain from file raw_wikipedia_perennial_sources.csv
obesity,slanted,processed food dangers,3,5,https://www.reuters.com/business/healthcare-pharmaceuticals/ultra-processed-foods-are-danger-global-public-health-experts-warn-2025-11-18/,reuters.com,"Ultra-processed foods are danger to global public health, ...",2026-05-09 19:11:19,Reuters,Reuters,reuters.com,reliable,Generally reliable,Reuters is anews agency. There is consensus that Reuters is generally reliable.Syndicatedreports from Reuters that are published in other sources are also considered generally reliable.Press releasespublished by Reuters are not automatically reliable.,domain reuters.com matches reliable domain from file raw_wikipedia_perennial_sources.csv
obesity,neutral,exercise impact,2,1,https://www.bbc.com/news/articles/cn0y9pqe2zro,bbc.com,Why doing a mix of exercise could be the key to longer life,2026-05-09 19:12:17,BBC(British Broadcasting Corporation),BBC,bbc.com,reliable,Generally reliable,"BBC is a Britishpublicly funded broadcaster. It is considered generally reliable. This includesBBC News, BBC documentaries, and the BBC History site (onBBC Online). However, this excludes BBC projects that incorporateuser-generated content(such ash2g2and theBBC Domesday Project) and BBC publications with reduced editorial oversight (such asCollective).Statements of opinionshould conform to the corresponding guideline.",domain bbc.com matches reliable domain from file raw_wikipedia_perennial_sources.csv
obesity,neutral,exercise impact,2,5,https://theconversation.com/you-know-exercise-is-good-for-you-so-why-is-it-so-hard-to-put-it-into-practice-274493,theconversation.com,You know exercise is good for you – so why is it so hard to ...,2026-05-09 19:12:18,The Conversation,The_Conversation_(website),theconversation.com;2201-5639,reliable,Generally reliable,The Conversationpublishes articles from academics who aresubject-matter experts. It is generally reliable for subjects in the authors'areas of expertise. Opinions published inThe Conversationshould be handled withWP:RSOPINION.,domain theconversation.com matches reliable domain from file raw_wikipedia_perennial_sources.csv
obesity,slanted,obesity treatment failures,1,6,https://www.bbc.com/news/articles/c0edn8v8yl3o,bbc.com,Obesity drug semaglutide fails to slow Alzheimer's,2026-05-09 19:12:43,BBC(British Broadcasting Corporation),BBC,bbc.com,reliable,Generally reliable,"BBC is a Britishpublicly funded broadcaster. It is considered generally reliable. This includesBBC News, BBC documentaries, and the BBC History site (onBBC Online). However, this excludes BBC projects that incorporateuser-generated content(such ash2g2and theBBC Domesday Project) and BBC publications with reduced editorial oversight (such asCollective).Statements of opinionshould conform to the corresponding guideline.",domain bbc.com matches reliable domain from file raw_wikipedia_perennial_sources.csv
obesity,slanted,obesity treatment failures,3,3,https://theconversation.com/obesity-care-why-eat-less-move-more-advice-is-failing-254628,theconversation.com,"Obesity care: why “eat less, move more” advice is failing",2026-05-09 19:13:06,The Conversation,The_Conversation_(website),theconversation.com;2201-5639,reliable,Generally reliable,The Conversationpublishes articles from academics who aresubject-matter experts. It is generally reliable for subjects in the authors'areas of expertise. Opinions published inThe Conversationshould be handled withWP:RSOPINION.,domain theconversation.com matches reliable domain from file raw_wikipedia_perennial_sources.csv
plant_based_diet,neutral,vegan health impact,3,1,https://theconversation.com/vegan-diet-how-your-body-changes-from-day-one-100413,theconversation.com,Vegan diet: how your body changes from day one,2026-05-09 19:13:51,The Conversation,The_Conversation_(website),theconversation.com;2201-5639,reliable,Generally reliable,The Conversationpublishes articles from academics who aresubject-matter experts. It is generally reliable for subjects in the authors'areas of expertise. Opinions published inThe Conversationshould be handled withWP:RSOPINION.,domain theconversation.com matches reliable domain from file raw_wikipedia_perennial_sources.csv
plant_based_diet,neutral,vegan health impact,3,2,https://www.bbc.com/future/article/20250627-10-things-to-know-about-veganism-in-childhood,bbc.com,Ten things to know about veganism in childhood,2026-05-09 19:13:51,BBC(British Broadcasting Corporation),BBC,bbc.com,reliable,Generally reliable,"BBC is a Britishpublicly funded broadcaster. It is considered generally reliable. This includesBBC News, BBC documentaries, and the BBC History site (onBBC Online). However, this excludes BBC projects that incorporateuser-generated content(such ash2g2and theBBC Domesday Project) and BBC publications with reduced editorial oversight (such asCollective).Statements of opinionshould conform to the corresponding guideline.",domain bbc.com matches reliable domain from file raw_wikipedia_perennial_sources.csv
plant_based_diet,neutral,vegan health impact,3,8,https://www.theguardian.com/environment/2023/jul/20/vegan-diet-cuts-environmental-damage-climate-heating-emissions-study,theguardian.com,"Vegan diet massively cuts environmental damage, study ...",2026-05-09 19:13:54,"The Guardian(TheGuardian.com,The Manchester Guardian,The Guardian Weekly,The Observer)",The_Guardian,0261-3077;1756-3224;theguardian.com,reliable,Generally reliable,There is consensus thatThe Guardianis generally reliable.The Guardian's op-eds should be handled withWP:RSOPINION. Some editors believeThe Guardianisbiased or opinionatedfor politics.See also:The Guardian blogs.Guardian Media soldThe ObservertoTortoise Mediawith effect from 22 April 2025.,domain theguardian.com matches reliable domain from file raw_wikipedia_perennial_sources.csv
plant_based_diet,slanted,soy estrogen concerns,1,4,https://www.bbc.com/future/article/20190816-is-soy-bad-for-womens-health,bbc.com,Is soya bad for women's health?,2026-05-09 19:16:02,BBC(British Broadcasting Corporation),BBC,bbc.com,reliable,Generally reliable,"BBC is a Britishpublicly funded broadcaster. It is considered generally reliable. This includesBBC News, BBC documentaries, and the BBC History site (onBBC Online). However, this excludes BBC projects that incorporateuser-generated content(such ash2g2and theBBC Domesday Project) and BBC publications with reduced editorial oversight (such asCollective).Statements of opinionshould conform to the corresponding guideline.",domain bbc.com matches reliable domain from file raw_wikipedia_perennial_sources.csv
plant_based_diet,slanted,processed vegan food risks,1,1,https://www.bbc.com/future/article/20241011-what-explains-increasing-anxiety-about-ultra-processed-plant-based-foods,bbc.com,Should we be worried about vegan ultra-processed foods?,2026-05-09 19:17:37,BBC(British Broadcasting Corporation),BBC,bbc.com,reliable,Generally reliable,"BBC is a Britishpublicly funded broadcaster. It is considered generally reliable. This includesBBC News, BBC documentaries, and the BBC History site (onBBC Online). However, this excludes BBC projects that incorporateuser-generated content(such ash2g2and theBBC Domesday Project) and BBC publications with reduced editorial oversight (such asCollective).Statements of opinionshould conform to the corresponding guideline.",domain bbc.com matches reliable domain from file raw_wikipedia_perennial_sources.csv
plant_based_diet,slanted,processed vegan food risks,3,1,https://www.vox.com/future-perfect/391795/ultra-processed-foods-science-vegan-meat-rfk-maha,vox.com,You're being lied to about “ultra-processed” foods - Vox,2026-05-09 19:18:09,Vox(Recode),Vox_(website),vox.com,reliable,Generally reliable,"Voxis considered generally reliable. Some editors say thatVoxis apartisan sourcein the field of politics or that it does not always clearly delineate reporting and opinion content.See also:Polygon (pre-2025),The Verge,New York",domain vox.com matches reliable domain from file raw_wikipedia_perennial_sources.csv
raw_milk,neutral,raw milk impact,2,2,https://www.nbcnews.com/health/health-news/push-raw-milk-intensifies-despite-outbreaks-warnings-rcna342797,nbcnews.com,"Push for raw milk intensifies, despite illness outbreaks and ...",2026-05-09 19:18:50,NBC News,NBC_News,nbcnews.com,reliable,Generally reliable,There is consensus that NBC News is generally reliable for news.See also:MS NOW(formerly MSNBC),domain nbcnews.com matches reliable domain from file raw_wikipedia_perennial_sources.csv
raw_milk,neutral,raw milk impact,3,10,https://www.theguardian.com/wellness/2024/nov/26/what-is-unpasteurized-raw-milk,theguardian.com,The truth about raw milk and why experts are 'absolutely ...,2026-05-09 19:19:02,"The Guardian(TheGuardian.com,The Manchester Guardian,The Guardian Weekly,The Observer)",The_Guardian,0261-3077;1756-3224;theguardian.com,reliable,Generally reliable,There is consensus thatThe Guardianis generally reliable.The Guardian's op-eds should be handled withWP:RSOPINION. Some editors believeThe Guardianisbiased or opinionatedfor politics.See also:The Guardian blogs.Guardian Media soldThe ObservertoTortoise Mediawith effect from 22 April 2025.,domain theguardian.com matches reliable domain from file raw_wikipedia_perennial_sources.csv
raw_milk,slanted,raw milk bacteria dangers,3,8,https://www.theguardian.com/wellness/2024/nov/26/what-is-unpasteurized-raw-milk,theguardian.com,The truth about raw milk and why experts are 'absolutely ...,2026-05-09 19:19:50,"The Guardian(TheGuardian.com,The Manchester Guardian,The Guardian Weekly,The Observer)",The_Guardian,0261-3077;1756-3224;theguardian.com,reliable,Generally reliable,There is consensus thatThe Guardianis generally reliable.The Guardian's op-eds should be handled withWP:RSOPINION. Some editors believeThe Guardianisbiased or opinionatedfor politics.See also:The Guardian blogs.Guardian Media soldThe ObservertoTortoise Mediawith effect from 22 April 2025.,domain theguardian.com matches reliable domain from file raw_wikipedia_perennial_sources.csv
raw_milk,neutral,unpasteurized milk research,3,1,https://www.theguardian.com/wellness/2024/nov/26/what-is-unpasteurized-raw-milk,theguardian.com,The truth about raw milk and why experts are 'absolutely ...,2026-05-09 19:20:27,"The Guardian(TheGuardian.com,The Manchester Guardian,The Guardian Weekly,The Observer)",The_Guardian,0261-3077;1756-3224;theguardian.com,reliable,Generally reliable,There is consensus thatThe Guardianis generally reliable.The Guardian's op-eds should be handled withWP:RSOPINION. Some editors believeThe Guardianisbiased or opinionatedfor politics.See also:The Guardian blogs.Guardian Media soldThe ObservertoTortoise Mediawith effect from 22 April 2025.,domain theguardian.com matches reliable domain from file raw_wikipedia_perennial_sources.csv
raw_milk,neutral,unpasteurized milk research,3,5,https://www.nytimes.com/2025/01/13/magazine/raw-milk-danger-benefits.html,nytimes.com,Some Raw Truths About Raw Milk,2026-05-09 19:20:29,The New York Times(NYT),The_New_York_Times,0362-4331;1553-8095;nytimes.com,reliable,Generally reliable,"There is consensus thatThe New York Timesis generally reliable.WP:RSOPINIONshould be used to evaluate opinion columns, whileWP:NEWSBLOGshould be used for the blogs onThe New York Times's website. The 2018 RfC citesWP:MEDPOPto establish that popular press sources such asThe New York Timesshould generally not be used to supportmedical claims.",domain nytimes.com matches reliable domain from file raw_wikipedia_perennial_sources.csv
raw_milk,slanted,raw milk food poisoning,3,6,https://www.pbs.org/newshour/health/7-people-in-the-u-s-sickened-by-e-coli-linked-to-cheese-made-from-raw-milk-fda-says,pbs.org,7 people in the U.S. sickened by E. coli linked to cheese ...,2026-05-09 19:21:19,PBS(Public Broadcasting Service),PBS,pbs.org,reliable,Generally reliable,ThePublic Broadcasting Serviceis an American public broadcaster. It is considered generally reliable by editors.,domain pbs.org matches reliable domain from file raw_wikipedia_perennial_sources.csv
soy,slanted,soy estrogen effects,3,9,https://www.bbc.com/future/article/20190816-is-soy-bad-for-womens-health,bbc.com,Is soya bad for women's health?,2026-05-09 19:25:11,BBC(British Broadcasting Corporation),BBC,bbc.com,reliable,Generally reliable,"BBC is a Britishpublicly funded broadcaster. It is considered generally reliable. This includesBBC News, BBC documentaries, and the BBC History site (onBBC Online). However, this excludes BBC projects that incorporateuser-generated content(such ash2g2and theBBC Domesday Project) and BBC publications with reduced editorial oversight (such asCollective).Statements of opinionshould conform to the corresponding guideline.",domain bbc.com matches reliable domain from file raw_wikipedia_perennial_sources.csv
soy,neutral,tofu nutrition research,1,10,https://www.nytimes.com/2023/04/04/well/eat/tofu-health-benefits.html,nytimes.com,How Healthy Is Tofu?,2026-05-09 19:25:35,The New York Times(NYT),The_New_York_Times,0362-4331;1553-8095;nytimes.com,reliable,Generally reliable,"There is consensus thatThe New York Timesis generally reliable.WP:RSOPINIONshould be used to evaluate opinion columns, whileWP:NEWSBLOGshould be used for the blogs onThe New York Times's website. The 2018 RfC citesWP:MEDPOPto establish that popular press sources such asThe New York Timesshould generally not be used to supportmedical claims.",domain nytimes.com matches reliable domain from file raw_wikipedia_perennial_sources.csv
soy,neutral,tofu nutrition research,2,8,https://www.nytimes.com/2023/04/04/well/eat/tofu-health-benefits.html,nytimes.com,How Healthy Is Tofu?,2026-05-09 19:25:44,The New York Times(NYT),The_New_York_Times,0362-4331;1553-8095;nytimes.com,reliable,Generally reliable,"There is consensus thatThe New York Timesis generally reliable.WP:RSOPINIONshould be used to evaluate opinion columns, whileWP:NEWSBLOGshould be used for the blogs onThe New York Times's website. The 2018 RfC citesWP:MEDPOPto establish that popular press sources such asThe New York Timesshould generally not be used to supportmedical claims.",domain nytimes.com matches reliable domain from file raw_wikipedia_perennial_sources.csv
dairy,neutral,yogurt probiotic health impact,3,4,https://www.npr.org/2011/10/28/141800414/does-probiotic-yogurt-really-affect-digestion,npr.org,Does Probiotic Yogurt Really Affect Digestion?,2026-05-09 19:31:52,NPR(National Public Radio),NPR,npr.org,reliable,Generally reliable,"There is consensus that NPR, an American public service broadcaster, is generally reliable for news and statements of fact. NPR'sopinion piecesshould only be used withattribution.",domain npr.org matches reliable domain from file raw_wikipedia_perennial_sources.csv
dairy,slanted,raw dairy risks,3,6,https://www.theguardian.com/wellness/2024/nov/26/what-is-unpasteurized-raw-milk,theguardian.com,The truth about raw milk and why experts are 'absolutely ...,2026-05-09 19:32:34,"The Guardian(TheGuardian.com,The Manchester Guardian,The Guardian Weekly,The Observer)",The_Guardian,0261-3077;1756-3224;theguardian.com,reliable,Generally reliable,There is consensus thatThe Guardianis generally reliable.The Guardian's op-eds should be handled withWP:RSOPINION. Some editors believeThe Guardianisbiased or opinionatedfor politics.See also:The Guardian blogs.Guardian Media soldThe ObservertoTortoise Mediawith effect from 22 April 2025.,domain theguardian.com matches reliable domain from file raw_wikipedia_perennial_sources.csv
dairy,slanted,raw dairy risks,3,9,https://www.nytimes.com/2025/01/13/magazine/raw-milk-danger-benefits.html,nytimes.com,Some Raw Truths About Raw Milk,2026-05-09 19:32:35,The New York Times(NYT),The_New_York_Times,0362-4331;1553-8095;nytimes.com,reliable,Generally reliable,"There is consensus thatThe New York Timesis generally reliable.WP:RSOPINIONshould be used to evaluate opinion columns, whileWP:NEWSBLOGshould be used for the blogs onThe New York Times's website. The 2018 RfC citesWP:MEDPOPto establish that popular press sources such asThe New York Timesshould generally not be used to supportmedical claims.",domain nytimes.com matches reliable domain from file raw_wikipedia_perennial_sources.csv
eggs,slanted,egg heart disease risk,3,5,https://www.bbc.com/future/article/20190916-are-eggs-good-for-you,bbc.com,The truth about eating eggs,2026-05-09 19:34:02,BBC(British Broadcasting Corporation),BBC,bbc.com,reliable,Generally reliable,"BBC is a Britishpublicly funded broadcaster. It is considered generally reliable. This includesBBC News, BBC documentaries, and the BBC History site (onBBC Online). However, this excludes BBC projects that incorporateuser-generated content(such ash2g2and theBBC Domesday Project) and BBC publications with reduced editorial oversight (such asCollective).Statements of opinionshould conform to the corresponding guideline.",domain bbc.com matches reliable domain from file raw_wikipedia_perennial_sources.csv
eggs,slanted,raw egg safety,2,7,https://people.com/experts-raise-health-concerns-over-viral-egg-coffee-11951993,people.com,Experts Raise Health Concerns Over Viral Egg Coffee,2026-05-09 19:37:04,People,People_(magazine),people.com;0093-7673,reliable,Generally reliable,"There is consensus thatPeoplemagazine can be a reliable source inbiographies of living persons, but the magazine should not be used for contentious claims unless supplemented with a stronger source.",domain people.com matches reliable domain from file raw_wikipedia_perennial_sources.csv
sugar,neutral,sugar consumption effects,3,2,https://www.nytimes.com/interactive/2024/10/30/well/eat/sugar-health-effects-risks.html,nytimes.com,This Is Your Body on Sugar,2026-05-09 19:38:01,The New York Times(NYT),The_New_York_Times,0362-4331;1553-8095;nytimes.com,reliable,Generally reliable,"There is consensus thatThe New York Timesis generally reliable.WP:RSOPINIONshould be used to evaluate opinion columns, whileWP:NEWSBLOGshould be used for the blogs onThe New York Times's website. The 2018 RfC citesWP:MEDPOPto establish that popular press sources such asThe New York Timesshould generally not be used to supportmedical claims.",domain nytimes.com matches reliable domain from file raw_wikipedia_perennial_sources.csv
sugar,slanted,sugar addiction risks,2,9,https://www.nytimes.com/interactive/2024/10/30/well/eat/sugar-health-effects-risks.html,nytimes.com,This Is Your Body on Sugar,2026-05-09 19:38:35,The New York Times(NYT),The_New_York_Times,0362-4331;1553-8095;nytimes.com,reliable,Generally reliable,"There is consensus thatThe New York Timesis generally reliable.WP:RSOPINIONshould be used to evaluate opinion columns, whileWP:NEWSBLOGshould be used for the blogs onThe New York Times's website. The 2018 RfC citesWP:MEDPOPto establish that popular press sources such asThe New York Timesshould generally not be used to supportmedical claims.",domain nytimes.com matches reliable domain from file raw_wikipedia_perennial_sources.csv
sugar,slanted,sugar addiction risks,3,4,https://www.bbc.com/future/article/20180918-is-sugar-really-bad-for-you,bbc.com,Is sugar really bad for you?,2026-05-09 19:38:44,BBC(British Broadcasting Corporation),BBC,bbc.com,reliable,Generally reliable,"BBC is a Britishpublicly funded broadcaster. It is considered generally reliable. This includesBBC News, BBC documentaries, and the BBC History site (onBBC Online). However, this excludes BBC projects that incorporateuser-generated content(such ash2g2and theBBC Domesday Project) and BBC publications with reduced editorial oversight (such asCollective).Statements of opinionshould conform to the corresponding guideline.",domain bbc.com matches reliable domain from file raw_wikipedia_perennial_sources.csv
salt,neutral,low sodium diet research,1,4,https://www.bbc.com/future/article/20181029-eating-less-salt-benefits,bbc.com,Is a low-salt diet as unhealthy as having too much?,2026-05-09 19:47:21,BBC(British Broadcasting Corporation),BBC,bbc.com,reliable,Generally reliable,"BBC is a Britishpublicly funded broadcaster. It is considered generally reliable. This includesBBC News, BBC documentaries, and the BBC History site (onBBC Online). However, this excludes BBC projects that incorporateuser-generated content(such ash2g2and theBBC Domesday Project) and BBC publications with reduced editorial oversight (such asCollective).Statements of opinionshould conform to the corresponding guideline.",domain bbc.com matches reliable domain from file raw_wikipedia_perennial_sources.csv
salt,slanted,salt heart disease,3,7,https://www.bbc.com/future/article/20181029-eating-less-salt-benefits,bbc.com,Is a low-salt diet as unhealthy as having too much?,2026-05-09 19:48:28,BBC(British Broadcasting Corporation),BBC,bbc.com,reliable,Generally reliable,"BBC is a Britishpublicly funded broadcaster. It is considered generally reliable. This includesBBC News, BBC documentaries, and the BBC History site (onBBC Online). However, this excludes BBC projects that incorporateuser-generated content(such ash2g2and theBBC Domesday Project) and BBC publications with reduced editorial oversight (such asCollective).Statements of opinionshould conform to the corresponding guideline.",domain bbc.com matches reliable domain from file raw_wikipedia_perennial_sources.csv
caffeine,slanted,caffeine anxiety risks,3,4,https://time.com/7331760/why-does-coffee-give-me-anxiety/,time.com,Why You Feel Anxious After Drinking Coffee,2026-05-09 19:49:57,Time,Time_(magazine),time.com;0040-781x,reliable,Generally reliable,"There is consensus thatTimeis generally reliable.Time'smagazine blogs, including Techland, should be handled with the appropriate policy. Refer toWP:NEWSORGfor guidance onop-eds, which should only be used withattribution.",domain time.com matches reliable domain from file raw_wikipedia_perennial_sources.csv
caffeine,neutral,coffee antioxidant research,1,3,https://www.independent.co.uk/news/science/coffee-health-benefits-explained-study-b2971206.html,independent.co.uk,Scientists may have just found the key reason why coffee is ...,2026-05-09 19:51:24,The Independent,The_Independent,1741-9743;independent.co.uk;the-independent.com,reliable,Generally reliable,"The Independent, a British newspaper, is considered a reliable source for non-specialist information. In March 2016, the publication discontinued its print edition to become anonline newspaper; some editors advise caution for articles published after this date.",domain independent.co.uk matches reliable domain from file raw_wikipedia_perennial_sources.csv
caffeine,neutral,coffee antioxidant research,2,2,https://www.vox.com/future-perfect/488262/coffee-health-heart-disease-cancer-nutrition,vox.com,Coffee is good for you. Science keeps making the case stronger,2026-05-09 19:51:38,Vox(Recode),Vox_(website),vox.com,reliable,Generally reliable,"Voxis considered generally reliable. Some editors say thatVoxis apartisan sourcein the field of politics or that it does not always clearly delineate reporting and opinion content.See also:Polygon (pre-2025),The Verge,New York",domain vox.com matches reliable domain from file raw_wikipedia_perennial_sources.csv
caffeine,slanted,energy drink dangers,2,4,https://www.theguardian.com/society/2025/dec/09/energy-drinks-heart-disease-stroke-risk-doctors,theguardian.com,Consuming lots of energy drinks may raise heart disease ...,2026-05-09 19:52:46,"The Guardian(TheGuardian.com,The Manchester Guardian,The Guardian Weekly,The Observer)",The_Guardian,0261-3077;1756-3224;theguardian.com,reliable,Generally reliable,There is consensus thatThe Guardianis generally reliable.The Guardian's op-eds should be handled withWP:RSOPINION. Some editors believeThe Guardianisbiased or opinionatedfor politics.See also:The Guardian blogs.Guardian Media soldThe ObservertoTortoise Mediawith effect from 22 April 2025.,domain theguardian.com matches reliable domain from file raw_wikipedia_perennial_sources.csv
caffeine,slanted,caffeine addiction,2,8,https://www.theguardian.com/food/2021/jul/06/caffeine-coffee-tea-invisible-addiction-is-it-time-to-give-up,theguardian.com,The invisible addiction: is it time to give up caffeine? | Coffee,2026-05-09 19:54:22,"The Guardian(TheGuardian.com,The Manchester Guardian,The Guardian Weekly,The Observer)",The_Guardian,0261-3077;1756-3224;theguardian.com,reliable,Generally reliable,There is consensus thatThe Guardianis generally reliable.The Guardian's op-eds should be handled withWP:RSOPINION. Some editors believeThe Guardianisbiased or opinionatedfor politics.See also:The Guardian blogs.Guardian Media soldThe ObservertoTortoise Mediawith effect from 22 April 2025.,domain theguardian.com matches reliable domain from file raw_wikipedia_perennial_sources.csv
caffeine,slanted,caffeine addiction,3,6,https://www.npr.org/2023/03/06/1161394509/the-truth-about-caffeine,npr.org,How to have a healthy relationship with caffeine : Life Kit,2026-05-09 19:54:31,NPR(National Public Radio),NPR,npr.org,reliable,Generally reliable,"There is consensus that NPR, an American public service broadcaster, is generally reliable for news and statements of fact. NPR'sopinion piecesshould only be used withattribution.",domain npr.org matches reliable domain from file raw_wikipedia_perennial_sources.csv
alcohol,neutral,moderate alcohol consumption health impact,3,6,https://www.theguardian.com/commentisfree/2019/may/06/heres-why-moderate-drinking-is-probably-not-good-for-you,theguardian.com,Here's why moderate drinking is probably not good for you,2026-05-09 19:55:15,"The Guardian(TheGuardian.com,The Manchester Guardian,The Guardian Weekly,The Observer)",The_Guardian,0261-3077;1756-3224;theguardian.com,reliable,Generally reliable,There is consensus thatThe Guardianis generally reliable.The Guardian's op-eds should be handled withWP:RSOPINION. Some editors believeThe Guardianisbiased or opinionatedfor politics.See also:The Guardian blogs.Guardian Media soldThe ObservertoTortoise Mediawith effect from 22 April 2025.,domain theguardian.com matches reliable domain from file raw_wikipedia_perennial_sources.csv
alcohol,neutral,moderate alcohol consumption health impact,3,8,https://www.nbcnews.com/health/health-news/moderate-drinking-linked-lower-risk-death-major-catch-rcna184948,nbcnews.com,Is alcohol good for you? A new report adds to the confusion,2026-05-09 19:55:16,NBC News,NBC_News,nbcnews.com,reliable,Generally reliable,There is consensus that NBC News is generally reliable for news.See also:MS NOW(formerly MSNBC),domain nbcnews.com matches reliable domain from file raw_wikipedia_perennial_sources.csv
alcohol,neutral,wine heart health,1,5,https://www.theguardian.com/lifeandstyle/2025/dec/01/is-it-true-that-a-glass-of-wine-a-day-is-good-for-your-heart,theguardian.com,Is it true that … a glass of wine a day is good for your heart?,2026-05-09 19:56:36,"The Guardian(TheGuardian.com,The Manchester Guardian,The Guardian Weekly,The Observer)",The_Guardian,0261-3077;1756-3224;theguardian.com,reliable,Generally reliable,There is consensus thatThe Guardianis generally reliable.The Guardian's op-eds should be handled withWP:RSOPINION. Some editors believeThe Guardianisbiased or opinionatedfor politics.See also:The Guardian blogs.Guardian Media soldThe ObservertoTortoise Mediawith effect from 22 April 2025.,domain theguardian.com matches reliable domain from file raw_wikipedia_perennial_sources.csv
alcohol,neutral,beer nutrition research,1,2,https://www.bbc.com/news/articles/cvglqw709k1o,bbc.com,Your pint could come with a surprising health benefit,2026-05-09 19:58:07,BBC(British Broadcasting Corporation),BBC,bbc.com,reliable,Generally reliable,"BBC is a Britishpublicly funded broadcaster. It is considered generally reliable. This includesBBC News, BBC documentaries, and the BBC History site (onBBC Online). However, this excludes BBC projects that incorporateuser-generated content(such ash2g2and theBBC Domesday Project) and BBC publications with reduced editorial oversight (such asCollective).Statements of opinionshould conform to the corresponding guideline.",domain bbc.com matches reliable domain from file raw_wikipedia_perennial_sources.csv
alcohol,slanted,alcohol cancer risk,2,4,https://www.npr.org/2026/05/07/nx-s1-5807961/alcohol-warning-labels-drinking-cancer-study,npr.org,"Cancer warnings on alcohol may deter drinking, study says",2026-05-09 19:59:02,NPR(National Public Radio),NPR,npr.org,reliable,Generally reliable,"There is consensus that NPR, an American public service broadcaster, is generally reliable for news and statements of fact. NPR'sopinion piecesshould only be used withattribution.",domain npr.org matches reliable domain from file raw_wikipedia_perennial_sources.csv
alcohol,slanted,alcohol cancer risk,2,8,https://time.com/7364435/alcohol-cancer-risk-carcinogens/,time.com,Why Alcohol Raises the Risk of Cancer,2026-05-09 19:59:02,Time,Time_(magazine),time.com;0040-781x,reliable,Generally reliable,"There is consensus thatTimeis generally reliable.Time'smagazine blogs, including Techland, should be handled with the appropriate policy. Refer toWP:NEWSORGfor guidance onop-eds, which should only be used withattribution.",domain time.com matches reliable domain from file raw_wikipedia_perennial_sources.csv
alcohol,slanted,alcohol cancer risk,3,6,https://theconversation.com/alcohol-causes-cancer-and-less-than-1-drink-can-increase-your-risk-a-cancer-biologist-explains-how-245528,theconversation.com,"Alcohol causes cancer, and less than 1 drink can increase ...",2026-05-09 19:59:12,The Conversation,The_Conversation_(website),theconversation.com;2201-5639,reliable,Generally reliable,The Conversationpublishes articles from academics who aresubject-matter experts. It is generally reliable for subjects in the authors'areas of expertise. Opinions published inThe Conversationshould be handled withWP:RSOPINION.,domain theconversation.com matches reliable domain from file raw_wikipedia_perennial_sources.csv
fast_food,slanted,food additive dangers,2,6,https://www.washingtonpost.com/wellness/2025/08/20/food-additives-harmful-health-risks/,washingtonpost.com,Avoid these 5 food additives that may harm your health,2026-05-09 20:03:39,"The Washington Post(The Post,WaPo,TWP)",The_Washington_Post,0190-8286;washingtonpost.com,reliable,Generally reliable,Most editors considerThe Washington Postgenerally reliable. Some editors note thatWP:NEWSBLOGshould be used to evaluate blog posts onThe Washington Post's website.,domain washingtonpost.com matches reliable domain from file raw_wikipedia_perennial_sources.csv
fast_food,slanted,food additive dangers,3,6,https://time.com/7272178/are-food-chemicals-dangerous/,time.com,Why Food Chemicals Are a Problem—And How to Reduce ...,2026-05-09 20:03:47,Time,Time_(magazine),time.com;0040-781x,reliable,Generally reliable,"There is consensus thatTimeis generally reliable.Time'smagazine blogs, including Techland, should be handled with the appropriate policy. Refer toWP:NEWSORGfor guidance onop-eds, which should only be used withattribution.",domain time.com matches reliable domain from file raw_wikipedia_perennial_sources.csv
fast_food,slanted,food additive dangers,3,10,https://theconversation.com/busting-the-myth-that-all-food-additives-are-bad-a-quick-guide-for-label-readers-82883,theconversation.com,Busting the myth that all food additives are bad,2026-05-09 20:03:48,The Conversation,The_Conversation_(website),theconversation.com;2201-5639,reliable,Generally reliable,The Conversationpublishes articles from academics who aresubject-matter experts. It is generally reliable for subjects in the authors'areas of expertise. Opinions published inThe Conversationshould be handled withWP:RSOPINION.,domain theconversation.com matches reliable domain from file raw_wikipedia_perennial_sources.csv
fast_food,neutral,food processing research,3,5,https://theconversation.com/how-unhealthy-ultra-processed-foods-are-designed-and-marketed-to-make-us-crave-them-281217,theconversation.com,How unhealthy ultra-processed foods are designed and ...,2026-05-09 20:04:25,The Conversation,The_Conversation_(website),theconversation.com;2201-5639,reliable,Generally reliable,The Conversationpublishes articles from academics who aresubject-matter experts. It is generally reliable for subjects in the authors'areas of expertise. Opinions published inThe Conversationshould be handled withWP:RSOPINION.,domain theconversation.com matches reliable domain from file raw_wikipedia_perennial_sources.csv
fast_food,slanted,fast food antibiotic meat,1,5,https://time.com/4033496/fast-food-antibiotics/,time.com,How Fast Food Restaurants Rank on Antibiotics Usage,2026-05-09 20:04:45,Time,Time_(magazine),time.com;0040-781x,reliable,Generally reliable,"There is consensus thatTimeis generally reliable.Time'smagazine blogs, including Techland, should be handled with the appropriate policy. Refer toWP:NEWSORGfor guidance onop-eds, which should only be used withattribution.",domain time.com matches reliable domain from file raw_wikipedia_perennial_sources.csv
fast_food,slanted,fast food antibiotic meat,3,3,https://www.theguardian.com/sustainable-business/2016/sep/20/burger-king-kfc-mcdonalds-antibiotic-free-meat,theguardian.com,Burger King and KFC called out for lagging behind on ...,2026-05-09 20:05:07,"The Guardian(TheGuardian.com,The Manchester Guardian,The Guardian Weekly,The Observer)",The_Guardian,0261-3077;1756-3224;theguardian.com,reliable,Generally reliable,There is consensus thatThe Guardianis generally reliable.The Guardian's op-eds should be handled withWP:RSOPINION. Some editors believeThe Guardianisbiased or opinionatedfor politics.See also:The Guardian blogs.Guardian Media soldThe ObservertoTortoise Mediawith effect from 22 April 2025.,domain theguardian.com matches reliable domain from file raw_wikipedia_perennial_sources.csv
organic_food,neutral,organic food diet facts,1,4,https://www.bbc.com/articles/c24rm0d3993o,bbc.com,Is Organic Food Better For You?,2026-05-09 20:05:32,BBC(British Broadcasting Corporation),BBC,bbc.com,reliable,Generally reliable,"BBC is a Britishpublicly funded broadcaster. It is considered generally reliable. This includesBBC News, BBC documentaries, and the BBC History site (onBBC Online). However, this excludes BBC projects that incorporateuser-generated content(such ash2g2and theBBC Domesday Project) and BBC publications with reduced editorial oversight (such asCollective).Statements of opinionshould conform to the corresponding guideline.",domain bbc.com matches reliable domain from file raw_wikipedia_perennial_sources.csv
organic_food,slanted,organic food scam,2,2,https://www.theguardian.com/uk/2005/aug/21/foodanddrink.organics1,theguardian.com,Britain's organic food scam exposed | UK news,2026-05-09 20:06:44,"The Guardian(TheGuardian.com,The Manchester Guardian,The Guardian Weekly,The Observer)",The_Guardian,0261-3077;1756-3224;theguardian.com,reliable,Generally reliable,There is consensus thatThe Guardianis generally reliable.The Guardian's op-eds should be handled withWP:RSOPINION. Some editors believeThe Guardianisbiased or opinionatedfor politics.See also:The Guardian blogs.Guardian Media soldThe ObservertoTortoise Mediawith effect from 22 April 2025.,domain theguardian.com matches reliable domain from file raw_wikipedia_perennial_sources.csv
tap_water,slanted,chlorine water dangers,2,3,https://www.theguardian.com/us-news/2025/feb/17/water-chlorination-cancer-risk-us-eu,theguardian.com,Water chlorination levels in US and EU likely increase ...,2026-05-09 20:16:06,"The Guardian(TheGuardian.com,The Manchester Guardian,The Guardian Weekly,The Observer)",The_Guardian,0261-3077;1756-3224;theguardian.com,reliable,Generally reliable,There is consensus thatThe Guardianis generally reliable.The Guardian's op-eds should be handled withWP:RSOPINION. Some editors believeThe Guardianisbiased or opinionatedfor politics.See also:The Guardian blogs.Guardian Media soldThe ObservertoTortoise Mediawith effect from 22 April 2025.,domain theguardian.com matches reliable domain from file raw_wikipedia_perennial_sources.csv
tap_water,slanted,chlorine water dangers,3,4,https://theconversation.com/chlorine-is-a-highly-useful-chemical-thats-also-extremely-dangerous-heres-what-to-know-about-staying-safe-around-it-213998,theconversation.com,Chlorine is a highly useful chemical that's also extremely ...,2026-05-09 20:16:21,The Conversation,The_Conversation_(website),theconversation.com;2201-5639,reliable,Generally reliable,The Conversationpublishes articles from academics who aresubject-matter experts. It is generally reliable for subjects in the authors'areas of expertise. Opinions published inThe Conversationshould be handled withWP:RSOPINION.,domain theconversation.com matches reliable domain from file raw_wikipedia_perennial_sources.csv
tap_water,neutral,fluoridated water consumption,3,5,https://www.nytimes.com/2024/12/12/well/fluoride-water-health-pregnancy-children.html,nytimes.com,"The Benefits and Risks of Fluoride, Explained",2026-05-09 20:17:17,The New York Times(NYT),The_New_York_Times,0362-4331;1553-8095;nytimes.com,reliable,Generally reliable,"There is consensus thatThe New York Timesis generally reliable.WP:RSOPINIONshould be used to evaluate opinion columns, whileWP:NEWSBLOGshould be used for the blogs onThe New York Times's website. The 2018 RfC citesWP:MEDPOPto establish that popular press sources such asThe New York Timesshould generally not be used to supportmedical claims.",domain nytimes.com matches reliable domain from file raw_wikipedia_perennial_sources.csv
tap_water,neutral,fluoridated water consumption,3,10,https://www.npr.org/sections/shots-health-news/2025/01/09/nx-s1-5252874/fluoride-drinking-water-iq-analysis-safe,npr.org,Fluoride analysis triggers renewed debate over what levels ...,2026-05-09 20:17:18,NPR(National Public Radio),NPR,npr.org,reliable,Generally reliable,"There is consensus that NPR, an American public service broadcaster, is generally reliable for news and statements of fact. NPR'sopinion piecesshould only be used withattribution.",domain npr.org matches reliable domain from file raw_wikipedia_perennial_sources.csv
bottled_water,slanted,bottled water bacteria,1,3,https://theconversation.com/bottled-water-is-not-always-what-it-may-seem-and-in-many-countries-is-no-purer-than-tap-268513,theconversation.com,Bottled water is not always what it may seem,2026-05-09 20:23:29,The Conversation,The_Conversation_(website),theconversation.com;2201-5639,reliable,Generally reliable,The Conversationpublishes articles from academics who aresubject-matter experts. It is generally reliable for subjects in the authors'areas of expertise. Opinions published inThe Conversationshould be handled withWP:RSOPINION.,domain theconversation.com matches reliable domain from file raw_wikipedia_perennial_sources.csv
mining,slanted,mountaintop removal dangers,3,8,https://www.washingtonpost.com/opinions/the-dirty-effects-of-mountaintop-removal-mining/2014/10/21/851c4236-58a2-11e4-bd61-346aee66ba29_story.html,washingtonpost.com,Opinion | The dirty effects of mountaintop removal mining,2026-05-09 20:31:51,"The Washington Post(The Post,WaPo,TWP)",The_Washington_Post,0190-8286;washingtonpost.com,reliable,Generally reliable,Most editors considerThe Washington Postgenerally reliable. Some editors note thatWP:NEWSBLOGshould be used to evaluate blog posts onThe Washington Post's website.,domain washingtonpost.com matches reliable domain from file raw_wikipedia_perennial_sources.csv
mining,slanted,mercury pollution gold mining,2,8,https://theconversation.com/gold-rush-mercury-legacy-small-scale-mining-for-gold-has-produced-long-lasting-toxic-pollution-from-1860s-california-to-modern-peru-133324,theconversation.com,"Gold rush, mercury legacy: Small-scale mining for gold has ...",2026-05-09 20:33:21,The Conversation,The_Conversation_(website),theconversation.com;2201-5639,reliable,Generally reliable,The Conversationpublishes articles from academics who aresubject-matter experts. It is generally reliable for subjects in the authors'areas of expertise. Opinions published inThe Conversationshould be handled withWP:RSOPINION.,domain theconversation.com matches reliable domain from file raw_wikipedia_perennial_sources.csv
mining,slanted,mercury pollution gold mining,3,9,https://www.bbc.com/news/magazine-24127661,bbc.com,How mercury poisons gold miners and enters the food chain,2026-05-09 20:33:35,BBC(British Broadcasting Corporation),BBC,bbc.com,reliable,Generally reliable,"BBC is a Britishpublicly funded broadcaster. It is considered generally reliable. This includesBBC News, BBC documentaries, and the BBC History site (onBBC Online). However, this excludes BBC projects that incorporateuser-generated content(such ash2g2and theBBC Domesday Project) and BBC publications with reduced editorial oversight (such asCollective).Statements of opinionshould conform to the corresponding guideline.",domain bbc.com matches reliable domain from file raw_wikipedia_perennial_sources.csv
deforestation,slanted,deforestation climate impact,2,2,https://www.nytimes.com/2026/05/06/climate/amazon-rain-forest-deforestation-climate.html,nytimes.com,New Study Shows Risks of Amazon Deforestation. And ...,2026-05-09 20:35:21,The New York Times(NYT),The_New_York_Times,0362-4331;1553-8095;nytimes.com,reliable,Generally reliable,"There is consensus thatThe New York Timesis generally reliable.WP:RSOPINIONshould be used to evaluate opinion columns, whileWP:NEWSBLOGshould be used for the blogs onThe New York Times's website. The 2018 RfC citesWP:MEDPOPto establish that popular press sources such asThe New York Timesshould generally not be used to supportmedical claims.",domain nytimes.com matches reliable domain from file raw_wikipedia_perennial_sources.csv
deforestation,slanted,palm oil deforestation,3,8,https://www.nytimes.com/2024/03/26/climate/why-palm-oil-is-still-a-big-problem.html,nytimes.com,Why Palm Oil Is Still a Big Problem,2026-05-09 20:37:33,The New York Times(NYT),The_New_York_Times,0362-4331;1553-8095;nytimes.com,reliable,Generally reliable,"There is consensus thatThe New York Timesis generally reliable.WP:RSOPINIONshould be used to evaluate opinion columns, whileWP:NEWSBLOGshould be used for the blogs onThe New York Times's website. The 2018 RfC citesWP:MEDPOPto establish that popular press sources such asThe New York Timesshould generally not be used to supportmedical claims.",domain nytimes.com matches reliable domain from file raw_wikipedia_perennial_sources.csv
overfishing,slanted,overfishing ocean collapse,1,7,https://theconversation.com/investigation-reveals-global-fisheries-are-in-far-worse-shape-than-we-thought-and-many-have-already-collapsed-237306,theconversation.com,Investigation reveals global fisheries are in far worse ...,2026-05-09 20:43:55,The Conversation,The_Conversation_(website),theconversation.com;2201-5639,reliable,Generally reliable,The Conversationpublishes articles from academics who aresubject-matter experts. It is generally reliable for subjects in the authors'areas of expertise. Opinions published inThe Conversationshould be handled withWP:RSOPINION.,domain theconversation.com matches reliable domain from file raw_wikipedia_perennial_sources.csv
overfishing,neutral,fisheries management research,2,9,https://theconversation.com/recreational-fishing-in-the-us-catches-far-more-fish-than-previously-estimated-276812,theconversation.com,Recreational fishing in the US catches far more fish than ...,2026-05-09 20:45:07,The Conversation,The_Conversation_(website),theconversation.com;2201-5639,reliable,Generally reliable,The Conversationpublishes articles from academics who aresubject-matter experts. It is generally reliable for subjects in the authors'areas of expertise. Opinions published inThe Conversationshould be handled withWP:RSOPINION.,domain theconversation.com matches reliable domain from file raw_wikipedia_perennial_sources.csv
overfishing,neutral,fisheries management research,3,6,https://theconversation.com/recreational-fishing-in-the-us-catches-far-more-fish-than-previously-estimated-276812,theconversation.com,Recreational fishing in the US catches far more fish than ...,2026-05-09 20:45:19,The Conversation,The_Conversation_(website),theconversation.com;2201-5639,reliable,Generally reliable,The Conversationpublishes articles from academics who aresubject-matter experts. It is generally reliable for subjects in the authors'areas of expertise. Opinions published inThe Conversationshould be handled withWP:RSOPINION.,domain theconversation.com matches reliable domain from file raw_wikipedia_perennial_sources.csv
overfishing,slanted,bycatch dolphin deaths,3,8,https://www.bbc.com/future/article/20180515-the-crime-scene-detectives-solving-dolphin-deaths,bbc.com,The crime scene investigators solving dolphin deaths,2026-05-09 20:46:05,BBC(British Broadcasting Corporation),BBC,bbc.com,reliable,Generally reliable,"BBC is a Britishpublicly funded broadcaster. It is considered generally reliable. This includesBBC News, BBC documentaries, and the BBC History site (onBBC Online). However, this excludes BBC projects that incorporateuser-generated content(such ash2g2and theBBC Domesday Project) and BBC publications with reduced editorial oversight (such asCollective).Statements of opinionshould conform to the corresponding guideline.",domain bbc.com matches reliable domain from file raw_wikipedia_perennial_sources.csv
overfishing,slanted,fish farm pollution,1,1,https://www.theguardian.com/world/2026/may/04/norwegian-fish-farms-polluting-fjords-with-waste-likened-to-raw-sewage-of-millions-of-people,theguardian.com,Norwegian fish farms polluting fjords with waste likened to ' ...,2026-05-09 20:47:07,"The Guardian(TheGuardian.com,The Manchester Guardian,The Guardian Weekly,The Observer)",The_Guardian,0261-3077;1756-3224;theguardian.com,reliable,Generally reliable,There is consensus thatThe Guardianis generally reliable.The Guardian's op-eds should be handled withWP:RSOPINION. Some editors believeThe Guardianisbiased or opinionatedfor politics.See also:The Guardian blogs.Guardian Media soldThe ObservertoTortoise Mediawith effect from 22 April 2025.,domain theguardian.com matches reliable domain from file raw_wikipedia_perennial_sources.csv
overfishing,slanted,fish farm pollution,3,3,https://theconversation.com/fish-farming-is-booming-in-lake-victoria-but-pollution-and-disease-are-wiping-out-millions-how-to-reduce-losses-266073,theconversation.com,"Fish farming is booming in Lake Victoria, but pollution and ...",2026-05-09 20:47:45,The Conversation,The_Conversation_(website),theconversation.com;2201-5639,reliable,Generally reliable,The Conversationpublishes articles from academics who aresubject-matter experts. It is generally reliable for subjects in the authors'areas of expertise. Opinions published inThe Conversationshould be handled withWP:RSOPINION.,domain theconversation.com matches reliable domain from file raw_wikipedia_perennial_sources.csv
poverty,slanted,poverty traps,3,2,https://www.theatlantic.com/podcasts/archive/2025/05/the-myth-of-the-poverty-trap/682786/,theatlantic.com,The Myth of the Poverty Trap,2026-05-09 20:56:00,The Atlantic(The Atlantic Monthly),The_Atlantic,theatlantic.com;1072-7825;2151-9463,reliable,Generally reliable,"The Atlanticis considered generally reliable. Editors should beware thatThe Atlanticdoes not always clearly delineate between reporting and opinion content; opinion pieces, including all articles in the ""Ideas"" column (theatlantic.com/ideas/), are governed byWP:RSOPINION.",domain theatlantic.com matches reliable domain from file raw_wikipedia_perennial_sources.csv
education,neutral,public school data,1,8,https://www.nytimes.com/2026/05/08/upshot/public-schools-enrollment-crisis.html,nytimes.com,U.S. Schools Face a Crisis as the Number of Children Drops,2026-05-09 20:57:34,The New York Times(NYT),The_New_York_Times,0362-4331;1553-8095;nytimes.com,reliable,Generally reliable,"There is consensus thatThe New York Timesis generally reliable.WP:RSOPINIONshould be used to evaluate opinion columns, whileWP:NEWSBLOGshould be used for the blogs onThe New York Times's website. The 2018 RfC citesWP:MEDPOPto establish that popular press sources such asThe New York Timesshould generally not be used to supportmedical claims.",domain nytimes.com matches reliable domain from file raw_wikipedia_perennial_sources.csv
education,slanted,common core failures,3,4,https://www.nytimes.com/2019/12/06/us/common-core.html,nytimes.com,"After 10 Years of Hopes and Setbacks, What Happened to ...",2026-05-09 21:00:01,The New York Times(NYT),The_New_York_Times,0362-4331;1553-8095;nytimes.com,reliable,Generally reliable,"There is consensus thatThe New York Timesis generally reliable.WP:RSOPINIONshould be used to evaluate opinion columns, whileWP:NEWSBLOGshould be used for the blogs onThe New York Times's website. The 2018 RfC citesWP:MEDPOPto establish that popular press sources such asThe New York Timesshould generally not be used to supportmedical claims.",domain nytimes.com matches reliable domain from file raw_wikipedia_perennial_sources.csv
education,slanted,common core failures,3,6,https://www.washingtonpost.com/education/2021/04/05/common-core-failed-school-reform/,washingtonpost.com,Why the Common Core standards failed — and what it ...,2026-05-09 21:00:02,"The Washington Post(The Post,WaPo,TWP)",The_Washington_Post,0190-8286;washingtonpost.com,reliable,Generally reliable,Most editors considerThe Washington Postgenerally reliable. Some editors note thatWP:NEWSBLOGshould be used to evaluate blog posts onThe Washington Post's website.,domain washingtonpost.com matches reliable domain from file raw_wikipedia_perennial_sources.csv
education,slanted,school voucher controversy,3,3,https://time.com/6272666/school-voucher-programs-hurt-students/,time.com,How School Voucher Programs Hurt Students,2026-05-09 21:02:59,Time,Time_(magazine),time.com;0040-781x,reliable,Generally reliable,"There is consensus thatTimeis generally reliable.Time'smagazine blogs, including Techland, should be handled with the appropriate policy. Refer toWP:NEWSORGfor guidance onop-eds, which should only be used withattribution.",domain time.com matches reliable domain from file raw_wikipedia_perennial_sources.csv
education,slanted,school voucher controversy,3,5,https://ballotpedia.org/The_nation%27s_broadest_school_voucher_program_upheld_in_the_Indiana_Supreme_Court_amid_controversy,ballotpedia.org,The nation's broadest school voucher program upheld in ...,2026-05-09 21:03:00,Ballotpedia,Ballotpedia,ballotpedia.org,reliable,Generally reliable,"There is a consensus that Ballotpedia is generally reliable. It has a professional editorial staff, corrections policy, and significantWP:USEBYOTHERS.",domain ballotpedia.org matches reliable domain from file raw_wikipedia_perennial_sources.csv
education,slanted,school voucher controversy,3,10,https://nymag.com/intelligencer/article/texas-private-school-vouchers-josh-cowen-research.html,nymag.com,Why Texas Private-School Vouchers Are Bad for Children,2026-05-09 21:03:01,"New York(Vulture,The Cut,Grub Street,Daily Intelligencer)",New_York_(magazine),nymag.com;0028-7369,reliable,Generally reliable,"There is consensus thatNew Yorkmagazine, including its subsidiary websiteVulture, is generally reliable. There is no consensus on whether it is generally reliable for contentious statements.See also:Polygon (pre-2025),The Verge,Vox",domain nymag.com matches reliable domain from file raw_wikipedia_perennial_sources.csv
education,slanted,student loan debt crisis,1,7,https://www.thetimes.com/money/family-finances/article/worst-salary-with-student-loan-mz5cs8b62,thetimes.com,Why £47000 is a danger salary for a graduate with ...,2026-05-09 21:05:40,"The Times(The Times of London,The London Times,The Sunday Times)",The_Times,0140-0460;thetimes.com,reliable,Generally reliable,"The Times, including its sister paperThe Sunday Times, is considered generally reliable.",domain thetimes.com matches reliable domain from file raw_wikipedia_perennial_sources.csv
education,slanted,student loan debt crisis,2,4,https://www.npr.org/2026/02/10/nx-s1-5690186/student-loan-default-repayment,npr.org,"Student loan defaults are up, as borrowers fail to make ...",2026-05-09 21:05:53,NPR(National Public Radio),NPR,npr.org,reliable,Generally reliable,"There is consensus that NPR, an American public service broadcaster, is generally reliable for news and statements of fact. NPR'sopinion piecesshould only be used withattribution.",domain npr.org matches reliable domain from file raw_wikipedia_perennial_sources.csv
education,slanted,student loan debt crisis,3,6,https://www.csmonitor.com/USA/Education/2026/0502/trump-student-loan-debt,csmonitor.com,Student loan payments to rise for millions,2026-05-09 21:06:08,"The Christian Science Monitor(CSM,CS Monitor)",The_Christian_Science_Monitor,0882-7729;csmonitor.com,reliable,Generally reliable,The Christian Science Monitoris considered generally reliable for news.,domain csmonitor.com matches reliable domain from file raw_wikipedia_perennial_sources.csv
healthcare,slanted,medicare for all costs,1,5,https://www.npr.org/2019/11/01/775339519/heres-how-warren-finds-20-5-trillion-to-pay-for-medicare-for-all,npr.org,Here's How Warren Finds $20.5 Trillion To Pay For ' ...,2026-05-09 21:07:20,NPR(National Public Radio),NPR,npr.org,reliable,Generally reliable,"There is consensus that NPR, an American public service broadcaster, is generally reliable for news and statements of fact. NPR'sopinion piecesshould only be used withattribution.",domain npr.org matches reliable domain from file raw_wikipedia_perennial_sources.csv
healthcare,slanted,medicare for all costs,3,5,https://www.nytimes.com/interactive/2019/04/10/upshot/medicare-for-all-bernie-sanders-cost-estimates.html,nytimes.com,Would 'Medicare for All' Save Billions or Cost Billions?,2026-05-09 21:07:54,The New York Times(NYT),The_New_York_Times,0362-4331;1553-8095;nytimes.com,reliable,Generally reliable,"There is consensus thatThe New York Timesis generally reliable.WP:RSOPINIONshould be used to evaluate opinion columns, whileWP:NEWSBLOGshould be used for the blogs onThe New York Times's website. The 2018 RfC citesWP:MEDPOPto establish that popular press sources such asThe New York Timesshould generally not be used to supportmedical claims.",domain nytimes.com matches reliable domain from file raw_wikipedia_perennial_sources.csv
healthcare,slanted,medicare for all costs,3,8,https://thehill.com/policy/healthcare/465894-new-study-full-scale-medicare-for-all-costs-32-trillion-over-10-years/,thehill.com,New study: Full-scale 'Medicare for All' costs $32 trillion ...,2026-05-09 21:07:55,The Hill,The_Hill_(newspaper),1521-1568;thehill.com,reliable,Generally reliable,"The Hillis considered generally reliable for American politics. The publication'sopinion piecesshould be handled with the appropriate guideline. The publication'scontributorpieces, labeled in theirbylines, receive minimal editorial oversight and should be treated as equivalent toself-published sources. Some editors have expressed concerns about the reliability ofRising, a talk show produced byThe Hill.",domain thehill.com matches reliable domain from file raw_wikipedia_perennial_sources.csv
healthcare,slanted,medicare for all costs,3,10,https://time.com/5586744/medicare-for-all-history/,time.com,Medicare for All's Surprising Origins in Health Care,2026-05-09 21:07:56,Time,Time_(magazine),time.com;0040-781x,reliable,Generally reliable,"There is consensus thatTimeis generally reliable.Time'smagazine blogs, including Techland, should be handled with the appropriate policy. Refer toWP:NEWSORGfor guidance onop-eds, which should only be used withattribution.",domain time.com matches reliable domain from file raw_wikipedia_perennial_sources.csv
healthcare,slanted,obamacare failures,1,7,https://thehill.com/opinion/columnists/5542167-obamacare-death-spiral-subsidies/,thehill.com,What Democrats never understood about ObamaCare,2026-05-09 21:09:15,The Hill,The_Hill_(newspaper),1521-1568;thehill.com,reliable,Generally reliable,"The Hillis considered generally reliable for American politics. The publication'sopinion piecesshould be handled with the appropriate guideline. The publication'scontributorpieces, labeled in theirbylines, receive minimal editorial oversight and should be treated as equivalent toself-published sources. Some editors have expressed concerns about the reliability ofRising, a talk show produced byThe Hill.",domain thehill.com matches reliable domain from file raw_wikipedia_perennial_sources.csv
healthcare,slanted,obamacare failures,2,6,https://www.nytimes.com/2026/05/01/business/obamacare-enrollment-decline.html,nytimes.com,Obamacare Enrollment Drops Sharply as Costs Rise,2026-05-09 21:09:29,The New York Times(NYT),The_New_York_Times,0362-4331;1553-8095;nytimes.com,reliable,Generally reliable,"There is consensus thatThe New York Timesis generally reliable.WP:RSOPINIONshould be used to evaluate opinion columns, whileWP:NEWSBLOGshould be used for the blogs onThe New York Times's website. The 2018 RfC citesWP:MEDPOPto establish that popular press sources such asThe New York Timesshould generally not be used to supportmedical claims.",domain nytimes.com matches reliable domain from file raw_wikipedia_perennial_sources.csv
healthcare,slanted,obamacare failures,3,2,https://reason.com/2025/10/01/democrats-shut-down-the-government-to-obscure-obamacares-failures/,reason.com,Democrats shut down the government to obscure ...,2026-05-09 21:09:42,Reason,Reason_(magazine),reason.com;0048-6906,reliable,Generally reliable,"There is consensus thatReasonis generally reliable for news and facts. Editors considerReasonto be abiased or opinionated sourcethat primarily publishes commentary, analysis, and opinion articles.Statements of opinionshould beattributedand evaluated fordue weight.",domain reason.com matches reliable domain from file raw_wikipedia_perennial_sources.csv
cloning,slanted,human cloning ethics,3,8,http://www.nytimes.com/books/first/k/kass-cloning.html,nytimes.com,The Ethics of Human Cloning,2026-05-09 21:13:48,The New York Times(NYT),The_New_York_Times,0362-4331;1553-8095;nytimes.com,reliable,Generally reliable,"There is consensus thatThe New York Timesis generally reliable.WP:RSOPINIONshould be used to evaluate opinion columns, whileWP:NEWSBLOGshould be used for the blogs onThe New York Times's website. The 2018 RfC citesWP:MEDPOPto establish that popular press sources such asThe New York Timesshould generally not be used to supportmedical claims.",domain nytimes.com matches reliable domain from file raw_wikipedia_perennial_sources.csv
cloning,slanted,therapeutic cloning debate,1,5,https://theconversation.com/dolly-the-sheep-and-the-human-cloning-debate-twenty-years-later-63712,theconversation.com,Dolly the Sheep and the human cloning debate,2026-05-09 21:15:01,The Conversation,The_Conversation_(website),theconversation.com;2201-5639,reliable,Generally reliable,The Conversationpublishes articles from academics who aresubject-matter experts. It is generally reliable for subjects in the authors'areas of expertise. Opinions published inThe Conversationshould be handled withWP:RSOPINION.,domain theconversation.com matches reliable domain from file raw_wikipedia_perennial_sources.csv
cloning,slanted,clone farming,2,4,https://www.reuters.com/article/lifestyle/science/welcome-to-the-clone-farm-idUSTRE5AC07V/,reuters.com,Welcome to the Clone Farm,2026-05-09 21:19:18,Reuters,Reuters,reuters.com,reliable,Generally reliable,Reuters is anews agency. There is consensus that Reuters is generally reliable.Syndicatedreports from Reuters that are published in other sources are also considered generally reliable.Press releasespublished by Reuters are not automatically reliable.,domain reuters.com matches reliable domain from file raw_wikipedia_perennial_sources.csv
cloning,slanted,clone farming,3,7,https://www.theatlantic.com/magazine/archive/2025/07/animal-cloning-industry/682892/,theatlantic.com,"Inside the Creepy, Surprisingly Routine Business of Animal ...",2026-05-09 21:19:35,The Atlantic(The Atlantic Monthly),The_Atlantic,theatlantic.com;1072-7825;2151-9463,reliable,Generally reliable,"The Atlanticis considered generally reliable. Editors should beware thatThe Atlanticdoes not always clearly delineate between reporting and opinion content; opinion pieces, including all articles in the ""Ideas"" column (theatlantic.com/ideas/), are governed byWP:RSOPINION.",domain theatlantic.com matches reliable domain from file raw_wikipedia_perennial_sources.csv
gene_editing,slanted,gene editing ethics,1,7,https://www.bbc.com/news/articles/c74j2lz88pwo,bbc.com,The great gene editing debate: can it be safe and ethical?,2026-05-09 21:22:29,BBC(British Broadcasting Corporation),BBC,bbc.com,reliable,Generally reliable,"BBC is a Britishpublicly funded broadcaster. It is considered generally reliable. This includesBBC News, BBC documentaries, and the BBC History site (onBBC Online). However, this excludes BBC projects that incorporateuser-generated content(such ash2g2and theBBC Domesday Project) and BBC publications with reduced editorial oversight (such asCollective).Statements of opinionshould conform to the corresponding guideline.",domain bbc.com matches reliable domain from file raw_wikipedia_perennial_sources.csv
gene_editing,slanted,gene editing ethics,3,5,https://theconversation.com/editing-fetal-genomes-is-on-the-horizon-a-medical-anthropologist-explains-why-ethical-discussions-with-the-target-communities-should-happen-sooner-rather-than-later-229257,theconversation.com,Editing fetal genomes is on the horizon,2026-05-09 21:22:58,The Conversation,The_Conversation_(website),theconversation.com;2201-5639,reliable,Generally reliable,The Conversationpublishes articles from academics who aresubject-matter experts. It is generally reliable for subjects in the authors'areas of expertise. Opinions published inThe Conversationshould be handled withWP:RSOPINION.,domain theconversation.com matches reliable domain from file raw_wikipedia_perennial_sources.csv
gene_editing,slanted,genetic modification dangers,1,3,https://www.bbc.com/news/articles/c74j2lz88pwo,bbc.com,The great gene editing debate: can it be safe and ethical?,2026-05-09 21:24:15,BBC(British Broadcasting Corporation),BBC,bbc.com,reliable,Generally reliable,"BBC is a Britishpublicly funded broadcaster. It is considered generally reliable. This includesBBC News, BBC documentaries, and the BBC History site (onBBC Online). However, this excludes BBC projects that incorporateuser-generated content(such ash2g2and theBBC Domesday Project) and BBC publications with reduced editorial oversight (such asCollective).Statements of opinionshould conform to the corresponding guideline.",domain bbc.com matches reliable domain from file raw_wikipedia_perennial_sources.csv
gene_editing,neutral,gene drive technology,3,7,https://www.theguardian.com/global-development/2024/dec/11/what-is-gene-drive-and-how-could-it-help-in-the-fight-against-malaria,theguardian.com,What is gene drive and how could it help in the fight ...,2026-05-09 21:26:00,"The Guardian(TheGuardian.com,The Manchester Guardian,The Guardian Weekly,The Observer)",The_Guardian,0261-3077;1756-3224;theguardian.com,reliable,Generally reliable,There is consensus thatThe Guardianis generally reliable.The Guardian's op-eds should be handled withWP:RSOPINION. Some editors believeThe Guardianisbiased or opinionatedfor politics.See also:The Guardian blogs.Guardian Media soldThe ObservertoTortoise Mediawith effect from 22 April 2025.,domain theguardian.com matches reliable domain from file raw_wikipedia_perennial_sources.csv
gene_editing,slanted,designer babies,2,2,https://www.npr.org/sections/shots-health-news/2025/08/06/nx-s1-5493448/gene-editing-human-embryos-designer-babies,npr.org,The quest to create gene-edited babies gets a reboot,2026-05-09 21:26:57,NPR(National Public Radio),NPR,npr.org,reliable,Generally reliable,"There is consensus that NPR, an American public service broadcaster, is generally reliable for news and statements of fact. NPR'sopinion piecesshould only be used withattribution.",domain npr.org matches reliable domain from file raw_wikipedia_perennial_sources.csv
gene_editing,slanted,designer babies,3,3,https://www.theguardian.com/science/2017/jan/08/designer-babies-ethical-horror-waiting-to-happen,theguardian.com,Designer babies: an ethical horror waiting to happen?,2026-05-09 21:27:22,"The Guardian(TheGuardian.com,The Manchester Guardian,The Guardian Weekly,The Observer)",The_Guardian,0261-3077;1756-3224;theguardian.com,reliable,Generally reliable,There is consensus thatThe Guardianis generally reliable.The Guardian's op-eds should be handled withWP:RSOPINION. Some editors believeThe Guardianisbiased or opinionatedfor politics.See also:The Guardian blogs.Guardian Media soldThe ObservertoTortoise Mediawith effect from 22 April 2025.,domain theguardian.com matches reliable domain from file raw_wikipedia_perennial_sources.csv
gene_editing,slanted,designer babies,3,5,https://www.bbc.com/news/health-30742774,bbc.com,"'Designer babies' debate should start, scientists say",2026-05-09 21:27:22,BBC(British Broadcasting Corporation),BBC,bbc.com,reliable,Generally reliable,"BBC is a Britishpublicly funded broadcaster. It is considered generally reliable. This includesBBC News, BBC documentaries, and the BBC History site (onBBC Online). However, this excludes BBC projects that incorporateuser-generated content(such ash2g2and theBBC Domesday Project) and BBC publications with reduced editorial oversight (such asCollective).Statements of opinionshould conform to the corresponding guideline.",domain bbc.com matches reliable domain from file raw_wikipedia_perennial_sources.csv
gene_editing,slanted,designer babies,3,9,https://time.com/archive/6734369/designer-babies/,time.com,Designer Babies,2026-05-09 21:27:24,Time,Time_(magazine),time.com;0040-781x,reliable,Generally reliable,"There is consensus thatTimeis generally reliable.Time'smagazine blogs, including Techland, should be handled with the appropriate policy. Refer toWP:NEWSORGfor guidance onop-eds, which should only be used withattribution.",domain time.com matches reliable domain from file raw_wikipedia_perennial_sources.csv
cybersecurity,slanted,government backdoors,3,9,https://www.theglobeandmail.com/politics/article-us-congress-lawful-access-bill-c-22-hackers/,theglobeandmail.com,U.S. Congress warns Ottawa's lawful-access bill could ...,2026-05-09 21:29:31,The Globe and Mail,The_Globe_and_Mail,0319-0714;theglobeandmail.com,reliable,Generally reliable,"In a 2021 RfC, editors found a strong consensus thatThe Globe and Mailis generally reliable for news coverage and is considered anewspaper of record.",domain theglobeandmail.com matches reliable domain from file raw_wikipedia_perennial_sources.csv
social_credit,neutral,citizen scoring research,2,7,https://time.com/collections/davos-2019/5502592/china-social-credit-score/,time.com,How China Is Using Big Data to Create a Social Credit Score,2026-05-09 21:36:37,Time,Time_(magazine),time.com;0040-781x,reliable,Generally reliable,"There is consensus thatTimeis generally reliable.Time'smagazine blogs, including Techland, should be handled with the appropriate policy. Refer toWP:NEWSORGfor guidance onop-eds, which should only be used withattribution.",domain time.com matches reliable domain from file raw_wikipedia_perennial_sources.csv
social_credit,slanted,government surveillance,1,3,https://theconversation.com/us-government-ramps-up-mass-surveillance-with-help-of-ai-tech-data-brokers-and-your-apps-and-devices-277440,theconversation.com,US government ramps up mass surveillance with help of AI ...,2026-05-09 21:37:14,The Conversation,The_Conversation_(website),theconversation.com;2201-5639,reliable,Generally reliable,The Conversationpublishes articles from academics who aresubject-matter experts. It is generally reliable for subjects in the authors'areas of expertise. Opinions published inThe Conversationshould be handled withWP:RSOPINION.,domain theconversation.com matches reliable domain from file raw_wikipedia_perennial_sources.csv
social_credit,slanted,government surveillance,2,5,https://www.theguardian.com/technology/2026/mar/21/fbi-mass-surveillance-data-artificial-intelligence,theguardian.com,How the FBI can conduct mass surveillance – even without AI,2026-05-09 21:37:32,"The Guardian(TheGuardian.com,The Manchester Guardian,The Guardian Weekly,The Observer)",The_Guardian,0261-3077;1756-3224;theguardian.com,reliable,Generally reliable,There is consensus thatThe Guardianis generally reliable.The Guardian's op-eds should be handled withWP:RSOPINION. Some editors believeThe Guardianisbiased or opinionatedfor politics.See also:The Guardian blogs.Guardian Media soldThe ObservertoTortoise Mediawith effect from 22 April 2025.,domain theguardian.com matches reliable domain from file raw_wikipedia_perennial_sources.csv
social_credit,neutral,trustworthiness rating,3,5,https://www.bbc.com/news/technology-45257894,bbc.com,Facebook gives users trustworthiness score,2026-05-09 21:38:44,BBC(British Broadcasting Corporation),BBC,bbc.com,reliable,Generally reliable,"BBC is a Britishpublicly funded broadcaster. It is considered generally reliable. This includesBBC News, BBC documentaries, and the BBC History site (onBBC Online). However, this excludes BBC projects that incorporateuser-generated content(such ash2g2and theBBC Domesday Project) and BBC publications with reduced editorial oversight (such asCollective).Statements of opinionshould conform to the corresponding guideline.",domain bbc.com matches reliable domain from file raw_wikipedia_perennial_sources.csv
quantum_computing,slanted,quantum decryption threat,1,2,https://www.theguardian.com/technology/2026/mar/26/google-quantum-computers-crack-encryption-2029,theguardian.com,Google warns quantum computers could hack encrypted ...,2026-05-09 21:42:52,"The Guardian(TheGuardian.com,The Manchester Guardian,The Guardian Weekly,The Observer)",The_Guardian,0261-3077;1756-3224;theguardian.com,reliable,Generally reliable,There is consensus thatThe Guardianis generally reliable.The Guardian's op-eds should be handled withWP:RSOPINION. Some editors believeThe Guardianisbiased or opinionatedfor politics.See also:The Guardian blogs.Guardian Media soldThe ObservertoTortoise Mediawith effect from 22 April 2025.,domain theguardian.com matches reliable domain from file raw_wikipedia_perennial_sources.csv
quantum_computing,slanted,quantum computer hacking,1,2,https://www.theguardian.com/technology/2026/mar/26/google-quantum-computers-crack-encryption-2029,theguardian.com,Google warns quantum computers could hack encrypted ...,2026-05-09 21:46:03,"The Guardian(TheGuardian.com,The Manchester Guardian,The Guardian Weekly,The Observer)",The_Guardian,0261-3077;1756-3224;theguardian.com,reliable,Generally reliable,There is consensus thatThe Guardianis generally reliable.The Guardian's op-eds should be handled withWP:RSOPINION. Some editors believeThe Guardianisbiased or opinionatedfor politics.See also:The Guardian blogs.Guardian Media soldThe ObservertoTortoise Mediawith effect from 22 April 2025.,domain theguardian.com matches reliable domain from file raw_wikipedia_perennial_sources.csv
quantum_computing,slanted,quantum computer hacking,3,3,https://theconversation.com/quantum-computers-could-crack-the-security-codes-used-by-satellites-256167,theconversation.com,Quantum computers could crack the security codes used ...,2026-05-09 21:46:46,The Conversation,The_Conversation_(website),theconversation.com;2201-5639,reliable,Generally reliable,The Conversationpublishes articles from academics who aresubject-matter experts. It is generally reliable for subjects in the authors'areas of expertise. Opinions published inThe Conversationshould be handled withWP:RSOPINION.,domain theconversation.com matches reliable domain from file raw_wikipedia_perennial_sources.csv
quantum_computing,slanted,quantum supremacy,2,4,https://www.rottentomatoes.com/m/quantum_supremacy,rottentomatoes.com,Quantum Supremacy,2026-05-09 21:48:25,Rotten Tomatoes,Rotten_Tomatoes,rottentomatoes.com,reliable,Generally reliable,"Rotten Tomatoes is considered generally reliable for its review aggregation and its news articles on film and TV. There is no consensus on whether its blog articles and critic opinion pages are generally reliable for facts. There is consensus that user reviews on Rotten Tomatoes are generally unreliable, as they areself-published sources. Reviewers tracked by Rotten Tomatoes are not automatically reliable for their reviews, while there is no consensus on whether their ""Top Critics"" are generally reliable. There is consensus that Rotten Tomatoes should not be used for biographical information, cast and crew data, or other film and television data, as it is sourced from user-generated and user-provided content with a lack of oversight and verification.",domain rottentomatoes.com matches reliable domain from file raw_wikipedia_perennial_sources.csv
space_exploration,slanted,space junk,1,7,https://www.space.com/space-exploration/satellites/solar-activity-space-junk-crash-earth-faster,space.com,Solar activity makes space junk crash to Earth faster,2026-05-09 21:50:26,Space.com,Space.com,space.com,reliable,Generally reliable,"Space.com may be reliable for astronomy and spaceflight news, and has a reputation for being generally accurate. Space.com articles often have a sensational tone, which might degrade their quality, so it is necessary to check the author's qualification below the article. Care should also be taken as the site publishes a lot of syndicated material and is prone to occasionalchurnalism.",domain space.com matches reliable domain from file raw_wikipedia_perennial_sources.csv
space_exploration,slanted,space junk,3,1,https://time.com/article/2026/04/16/space-debris-satellites-growing-risk/,time.com,The Looming Risk of Too Many Satellites and Debris in ...,2026-05-09 21:50:53,Time,Time_(magazine),time.com;0040-781x,reliable,Generally reliable,"There is consensus thatTimeis generally reliable.Time'smagazine blogs, including Techland, should be handled with the appropriate policy. Refer toWP:NEWSORGfor guidance onop-eds, which should only be used withattribution.",domain time.com matches reliable domain from file raw_wikipedia_perennial_sources.csv
space_exploration,neutral,mars colonization,2,7,https://www.reuters.com/sustainability/boards-policy-regulation/musk-wanted-80-billion-colonize-mars-openai-president-testifies-trial-2026-05-05/,reuters.com,"Musk wanted $80 billion to colonize Mars, OpenAI ...",2026-05-09 21:52:16,Reuters,Reuters,reuters.com,reliable,Generally reliable,Reuters is anews agency. There is consensus that Reuters is generally reliable.Syndicatedreports from Reuters that are published in other sources are also considered generally reliable.Press releasespublished by Reuters are not automatically reliable.,domain reuters.com matches reliable domain from file raw_wikipedia_perennial_sources.csv
space_exploration,neutral,mars colonization,3,8,https://www.bbc.com/future/article/20141030-five-steps-to-colonising-mars,bbc.com,Five steps to colonising Mars,2026-05-09 21:52:25,BBC(British Broadcasting Corporation),BBC,bbc.com,reliable,Generally reliable,"BBC is a Britishpublicly funded broadcaster. It is considered generally reliable. This includesBBC News, BBC documentaries, and the BBC History site (onBBC Online). However, this excludes BBC projects that incorporateuser-generated content(such ash2g2and theBBC Domesday Project) and BBC publications with reduced editorial oversight (such asCollective).Statements of opinionshould conform to the corresponding guideline.",domain bbc.com matches reliable domain from file raw_wikipedia_perennial_sources.csv
space_exploration,slanted,space tourism risks,1,1,https://theconversation.com/space-tourists-and-crew-suffer-high-radiation-risks-regulation-is-needed-to-protect-them-225693,theconversation.com,Space tourists and crew suffer high radiation risks,2026-05-09 21:52:38,The Conversation,The_Conversation_(website),theconversation.com;2201-5639,reliable,Generally reliable,The Conversationpublishes articles from academics who aresubject-matter experts. It is generally reliable for subjects in the authors'areas of expertise. Opinions published inThe Conversationshould be handled withWP:RSOPINION.,domain theconversation.com matches reliable domain from file raw_wikipedia_perennial_sources.csv
space_exploration,slanted,space tourism risks,2,10,https://www.space.com/space-tourism-pros-cons,space.com,Space tourism: What are the pros and cons?,2026-05-09 21:52:54,Space.com,Space.com,space.com,reliable,Generally reliable,"Space.com may be reliable for astronomy and spaceflight news, and has a reputation for being generally accurate. Space.com articles often have a sensational tone, which might degrade their quality, so it is necessary to check the author's qualification below the article. Care should also be taken as the site publishes a lot of syndicated material and is prone to occasionalchurnalism.",domain space.com matches reliable domain from file raw_wikipedia_perennial_sources.csv
space_exploration,neutral,international space station,1,6,https://www.space.com/16748-international-space-station.html,space.com,International Space Station — Everything you need to know,2026-05-09 21:53:53,Space.com,Space.com,space.com,reliable,Generally reliable,"Space.com may be reliable for astronomy and spaceflight news, and has a reputation for being generally accurate. Space.com articles often have a sensational tone, which might degrade their quality, so it is necessary to check the author's qualification below the article. Care should also be taken as the site publishes a lot of syndicated material and is prone to occasionalchurnalism.",domain space.com matches reliable domain from file raw_wikipedia_perennial_sources.csv
space_exploration,neutral,international space station,3,3,https://www.bbc.com/future/article/20251223-25-years-of-the-international-space-station-in-numbers,bbc.com,All you need to know about the International Space ... - BBC,2026-05-09 21:54:12,BBC(British Broadcasting Corporation),BBC,bbc.com,reliable,Generally reliable,"BBC is a Britishpublicly funded broadcaster. It is considered generally reliable. This includesBBC News, BBC documentaries, and the BBC History site (onBBC Online). However, this excludes BBC projects that incorporateuser-generated content(such ash2g2and theBBC Domesday Project) and BBC publications with reduced editorial oversight (such asCollective).Statements of opinionshould conform to the corresponding guideline.",domain bbc.com matches reliable domain from file raw_wikipedia_perennial_sources.csv
immigration,slanted,immigration threath,3,4,https://www.washingtonpost.com/national/2026/05/07/ice-homan-trump-new-york-hochul/12f08d3e-4a5d-11f1-a119-857cd2bf4fd4_story.html,washingtonpost.com,New York to restrict ICE despite threat from Trump's border ...,2026-05-09 21:57:38,"The Washington Post(The Post,WaPo,TWP)",The_Washington_Post,0190-8286;washingtonpost.com,reliable,Generally reliable,Most editors considerThe Washington Postgenerally reliable. Some editors note thatWP:NEWSBLOGshould be used to evaluate blog posts onThe Washington Post's website.,domain washingtonpost.com matches reliable domain from file raw_wikipedia_perennial_sources.csv
immigration,slanted,immigration threath,3,6,https://www.theguardian.com/australia-news/2026/may/07/morning-mail-thursday-ntwnfb,theguardian.com,Morning Mail: Coalition's 'roadmap' to slash immigration ...,2026-05-09 21:57:38,"The Guardian(TheGuardian.com,The Manchester Guardian,The Guardian Weekly,The Observer)",The_Guardian,0261-3077;1756-3224;theguardian.com,reliable,Generally reliable,There is consensus thatThe Guardianis generally reliable.The Guardian's op-eds should be handled withWP:RSOPINION. Some editors believeThe Guardianisbiased or opinionatedfor politics.See also:The Guardian blogs.Guardian Media soldThe ObservertoTortoise Mediawith effect from 22 April 2025.,domain theguardian.com matches reliable domain from file raw_wikipedia_perennial_sources.csv
immigration,neutral,poulation growth,2,9,https://www.bbc.com/news/topics/c34jj3xmn41t,bbc.com,Population growth - BBC News,2026-05-09 21:58:24,BBC(British Broadcasting Corporation),BBC,bbc.com,reliable,Generally reliable,"BBC is a Britishpublicly funded broadcaster. It is considered generally reliable. This includesBBC News, BBC documentaries, and the BBC History site (onBBC Online). However, this excludes BBC projects that incorporateuser-generated content(such ash2g2and theBBC Domesday Project) and BBC publications with reduced editorial oversight (such asCollective).Statements of opinionshould conform to the corresponding guideline.",domain bbc.com matches reliable domain from file raw_wikipedia_perennial_sources.csv
immigration,neutral,poulation growth,3,6,https://time.com/article/2026/04/30/switzerland-population-cap-immigration-referendum-european-union/,time.com,What to Know About Switzerland's Proposal to Cap Its ...,2026-05-09 21:58:32,Time,Time_(magazine),time.com;0040-781x,reliable,Generally reliable,"There is consensus thatTimeis generally reliable.Time'smagazine blogs, including Techland, should be handled with the appropriate policy. Refer toWP:NEWSORGfor guidance onop-eds, which should only be used withattribution.",domain time.com matches reliable domain from file raw_wikipedia_perennial_sources.csv
Job_security,neutral,unemployment rate data,2,9,https://www.bbc.com/news/articles/cx21664lp32o,bbc.com,US jobs data beats expectations for second month in a row,2026-05-09 22:00:15,BBC(British Broadcasting Corporation),BBC,bbc.com,reliable,Generally reliable,"BBC is a Britishpublicly funded broadcaster. It is considered generally reliable. This includesBBC News, BBC documentaries, and the BBC History site (onBBC Online). However, this excludes BBC projects that incorporateuser-generated content(such ash2g2and theBBC Domesday Project) and BBC publications with reduced editorial oversight (such asCollective).Statements of opinionshould conform to the corresponding guideline.",domain bbc.com matches reliable domain from file raw_wikipedia_perennial_sources.csv
Job_security,slanted,unemployment rise,2,2,https://www.reuters.com/world/us/us-job-growth-beats-expectations-april-unemployment-rate-steady-43-2026-05-08/,reuters.com,US economy posts second straight month of strong job ...,2026-05-09 22:01:01,Reuters,Reuters,reuters.com,reliable,Generally reliable,Reuters is anews agency. There is consensus that Reuters is generally reliable.Syndicatedreports from Reuters that are published in other sources are also considered generally reliable.Press releasespublished by Reuters are not automatically reliable.,domain reuters.com matches reliable domain from file raw_wikipedia_perennial_sources.csv
Job_security,slanted,unemployment rise,2,7,https://www.bbc.com/news/articles/cjd84pkkjgpo,bbc.com,Unemployment rate unexpectedly falls as fewer students ...,2026-05-09 22:01:03,BBC(British Broadcasting Corporation),BBC,bbc.com,reliable,Generally reliable,"BBC is a Britishpublicly funded broadcaster. It is considered generally reliable. This includesBBC News, BBC documentaries, and the BBC History site (onBBC Online). However, this excludes BBC projects that incorporateuser-generated content(such ash2g2and theBBC Domesday Project) and BBC publications with reduced editorial oversight (such asCollective).Statements of opinionshould conform to the corresponding guideline.",domain bbc.com matches reliable domain from file raw_wikipedia_perennial_sources.csv
Job_security,slanted,unemployment rise,2,8,https://www.theguardian.com/society/2026/mar/03/obr-raises-uk-unemployment-estimates-amid-worrying-increase-in-young-people-out-of-work,theguardian.com,Unemployment set to hit 5.3% this year amid 'worrying' rise ...,2026-05-09 22:01:03,"The Guardian(TheGuardian.com,The Manchester Guardian,The Guardian Weekly,The Observer)",The_Guardian,0261-3077;1756-3224;theguardian.com,reliable,Generally reliable,There is consensus thatThe Guardianis generally reliable.The Guardian's op-eds should be handled withWP:RSOPINION. Some editors believeThe Guardianisbiased or opinionatedfor politics.See also:The Guardian blogs.Guardian Media soldThe ObservertoTortoise Mediawith effect from 22 April 2025.,domain theguardian.com matches reliable domain from file raw_wikipedia_perennial_sources.csv
Job_security,slanted,unemployment rise,3,1,https://www.wsj.com/economy/jobs/canada-unemployment-rate-rises-to-six-month-high-in-april-b15eec6c,wsj.com,Canada Unemployment Rate Rises to Six-Month High in ...,2026-05-09 22:01:09,The Wall Street Journal(WSJ),The_Wall_Street_Journal,0099-9660;1042-9840;wsj.com,reliable,Generally reliable,"Most editors considerThe Wall Street Journalgenerally reliable for news. UseWP:NEWSBLOGto evaluate the newspaper's blogs, including Washington Wire. UseWP:RSOPINIONfor opinion pieces.",domain wsj.com matches reliable domain from file raw_wikipedia_perennial_sources.csv
Job_security,slanted,unemployment rise,3,8,https://time.com/7341141/unemployment-report-trump-economy/,time.com,Unemployment Rises to Four-Year High in the U.S.,2026-05-09 22:01:11,Time,Time_(magazine),time.com;0040-781x,reliable,Generally reliable,"There is consensus thatTimeis generally reliable.Time'smagazine blogs, including Techland, should be handled with the appropriate policy. Refer toWP:NEWSORGfor guidance onop-eds, which should only be used withattribution.",domain time.com matches reliable domain from file raw_wikipedia_perennial_sources.csv
Job_security,neutral,unemployment projection related to Ai data,2,10,https://www.theatlantic.com/economy/2026/04/job-market-artificial-intelligence/686659/,theatlantic.com,"Young People Are Falling Behind, but Not Because of AI",2026-05-09 22:01:43,The Atlantic(The Atlantic Monthly),The_Atlantic,theatlantic.com;1072-7825;2151-9463,reliable,Generally reliable,"The Atlanticis considered generally reliable. Editors should beware thatThe Atlanticdoes not always clearly delineate between reporting and opinion content; opinion pieces, including all articles in the ""Ideas"" column (theatlantic.com/ideas/), are governed byWP:RSOPINION.",domain theatlantic.com matches reliable domain from file raw_wikipedia_perennial_sources.csv
Job_security,neutral,unemployment projection related to Ai data,3,1,https://theconversation.com/employment-data-shows-the-early-signs-of-ai-job-disruption-are-already-here-280273,theconversation.com,Employment data shows the early signs of AI job disruption ...,2026-05-09 22:01:50,The Conversation,The_Conversation_(website),theconversation.com;2201-5639,reliable,Generally reliable,The Conversationpublishes articles from academics who aresubject-matter experts. It is generally reliable for subjects in the authors'areas of expertise. Opinions published inThe Conversationshould be handled withWP:RSOPINION.,domain theconversation.com matches reliable domain from file raw_wikipedia_perennial_sources.csv
Job_security,neutral,unemployment projection related to Ai data,3,7,https://www.wsj.com/cio-journal/tech-unemployment-ticks-up-to-3-8-in-april-amid-ai-driven-layoffs-214b0ca4,wsj.com,Tech Unemployment Ticks Up to 3.8% in April Amid AI- ...,2026-05-09 22:01:52,The Wall Street Journal(WSJ),The_Wall_Street_Journal,0099-9660;1042-9840;wsj.com,reliable,Generally reliable,"Most editors considerThe Wall Street Journalgenerally reliable for news. UseWP:NEWSBLOGto evaluate the newspaper's blogs, including Washington Wire. UseWP:RSOPINIONfor opinion pieces.",domain wsj.com matches reliable domain from file raw_wikipedia_perennial_sources.csv
Job_security,slanted,Ai taking over jobs,2,4,https://www.theguardian.com/technology/2026/feb/11/big-ai-job-swap-white-collar-workers-ditching-their-careers,theguardian.com,The big AI job swap: why white-collar workers are ditching ...,2026-05-09 22:02:32,"The Guardian(TheGuardian.com,The Manchester Guardian,The Guardian Weekly,The Observer)",The_Guardian,0261-3077;1756-3224;theguardian.com,reliable,Generally reliable,There is consensus thatThe Guardianis generally reliable.The Guardian's op-eds should be handled withWP:RSOPINION. Some editors believeThe Guardianisbiased or opinionatedfor politics.See also:The Guardian blogs.Guardian Media soldThe ObservertoTortoise Mediawith effect from 22 April 2025.,domain theguardian.com matches reliable domain from file raw_wikipedia_perennial_sources.csv
Job_security,slanted,Ai taking over jobs,2,6,https://theconversation.com/fears-about-ai-taking-our-jobs-are-understandable-but-harmful-276245,theconversation.com,Fears about AI taking our jobs are understandable,2026-05-09 22:02:32,The Conversation,The_Conversation_(website),theconversation.com;2201-5639,reliable,Generally reliable,The Conversationpublishes articles from academics who aresubject-matter experts. It is generally reliable for subjects in the authors'areas of expertise. Opinions published inThe Conversationshould be handled withWP:RSOPINION.,domain theconversation.com matches reliable domain from file raw_wikipedia_perennial_sources.csv
vaccines,neutral,vaccine information,2,9,https://www.chop.edu/vaccine-education-center,chop.edu,Vaccine Education Center,2026-05-09 15:40:58,reliable,"domain chop.edu has .edu or .ac, indicating an academic institution",,,,,
vaccines,slanted,vaccine dangers,2,5,https://www.chop.edu/sites/default/files/2024-10/vaccine-education-center-vaccine-safety-eng.pdf,chop.edu,Vaccine Safety and Your Family,2026-05-09 15:41:41,reliable,"domain chop.edu has .edu or .ac, indicating an academic institution",,,,,
vaccines,slanted,vaccine dangers,3,4,https://www.vaccinesafety.edu/do-combination-vaccines-or-simultaneous-vaccination-increase-the-risk-of-adverse-events/,vaccinesafety.edu,Do Combination Vaccines or Simultaneous ...,2026-05-09 15:41:50,reliable,"domain vaccinesafety.edu has .edu or .ac, indicating an academic institution",,,,,
vaccines,neutral,vaccine facts,1,7,https://www.chop.edu/sites/default/files/vaccine-education-center-vaccines-fact.pdf,chop.edu,The Facts about Vaccine Safety: What You Should Know,2026-05-09 15:43:29,reliable,"domain chop.edu has .edu or .ac, indicating an academic institution",,,,,
vaccines,neutral,vaccine facts,2,9,https://www.canr.msu.edu/vaccineeducation/Vaccine-Facts-and-Resources,canr.msu.edu,Vaccine Facts and Resources,2026-05-09 15:43:41,reliable,"domain canr.msu.edu has .edu or .ac, indicating an academic institution",,,,,
vaccines,slanted,childhood vaccination risks,1,9,https://www.chop.edu/sites/default/files/2024-10/vaccine-education-center-vaccine-safety-eng.pdf,chop.edu,Vaccine Safety and Your Family,2026-05-09 15:47:10,reliable,"domain chop.edu has .edu or .ac, indicating an academic institution",,,,,
vaccines,slanted,childhood vaccination risks,2,4,https://med.stanford.edu/news/insights/2025/12/childhood-vaccines--five-things-parents-should-know.html,med.stanford.edu,Childhood vaccines: Five things parents should know,2026-05-09 15:47:19,reliable,"domain med.stanford.edu has .edu or .ac, indicating an academic institution",,,,,
vaccines,slanted,childhood vaccination risks,3,2,https://www.vaccinesafety.edu/do-combination-vaccines-or-simultaneous-vaccination-increase-the-risk-of-adverse-events/,vaccinesafety.edu,Do Combination Vaccines or Simultaneous ...,2026-05-09 15:47:27,reliable,"domain vaccinesafety.edu has .edu or .ac, indicating an academic institution",,,,,
vaccines,slanted,childhood vaccination risks,3,7,https://ysph.yale.edu/research/information-sheets/childhood-vaccinations/,ysph.yale.edu,Childhood Vaccinations Information Sheet,2026-05-09 15:47:29,reliable,"domain ysph.yale.edu has .edu or .ac, indicating an academic institution",,,,,
vaccines,slanted,flu shot side effects,3,2,https://health.ucsd.edu/news/features/flu-shots-what-to-know-before-you-roll-up-your-sleeve/,health.ucsd.edu,Flu Shots: What to Know Before You Roll Up Your Sleeve,2026-05-09 15:49:02,reliable,"domain health.ucsd.edu has .edu or .ac, indicating an academic institution",,,,,
vaccines,neutral,hpv vaccine effects,3,8,https://www.cidrap.umn.edu/human-papillomavirus-hpv/evidence-review-finds-hpv-vaccines-be-safe-extremely-effective,cidrap.umn.edu,"Evidence review finds HPV vaccines to be safe, extremely ...",2026-05-09 15:49:53,reliable,"domain cidrap.umn.edu has .edu or .ac, indicating an academic institution",,,,,
vaccines,slanted,hpv vaccine dangers,3,8,https://www.cidrap.umn.edu/human-papillomavirus-hpv/evidence-review-finds-hpv-vaccines-be-safe-extremely-effective,cidrap.umn.edu,"Evidence review finds HPV vaccines to be safe, extremely ...",2026-05-09 15:51:15,reliable,"domain cidrap.umn.edu has .edu or .ac, indicating an academic institution",,,,,
vaccine_passports,slanted,immunity passport discrimination,1,7,https://publications.lawschool.cornell.edu/jlpp/2021/03/19/immunity-passports-a-silver-bullet-or-a-security-blanket/,publications.lawschool.cornell.edu,Immunity Passports: A Silver Bullet or a Security Blanket?,2026-05-09 15:52:23,reliable,"domain publications.lawschool.cornell.edu has .edu or .ac, indicating an academic institution",,,,,
vaccine_passports,slanted,immunity passport discrimination,2,1,https://www.bu.edu/articles/2021/vaccine-passports-covid-19-protection-or-discrimination/,bu.edu,“Vaccine Passports”: COVID-19 Protection or ...,2026-05-09 15:52:36,reliable,"domain bu.edu has .edu or .ac, indicating an academic institution",,,,,
vaccine_passports,slanted,digital health pass privacy,3,3,https://bioethics.jhu.edu/wp-content/uploads/2021/10/jama_gostin_2021_vp_210047_1621281373.26705-2.pdf,bioethics.jhu.edu,Digital Health Passes in the Age of COVID-19: Are “Vaccine ...,2026-05-09 15:53:59,reliable,"domain bioethics.jhu.edu has .edu or .ac, indicating an academic institution",,,,,
covid19,neutral,coronavirus pandemic origin,2,1,https://www.bu.edu/neidl/2021/01/where-did-covid-19-come-from/,bu.edu,Where did COVID-19 come from?,2026-05-09 15:58:36,reliable,"domain bu.edu has .edu or .ac, indicating an academic institution",,,,,
covid19,neutral,coronavirus pandemic origin,2,4,https://publichealth.jhu.edu/2022/origins-of-sars-cov-2,publichealth.jhu.edu,Origins of SARS-CoV-2 | Johns Hopkins,2026-05-09 15:58:38,reliable,"domain publichealth.jhu.edu has .edu or .ac, indicating an academic institution",,,,,
covid19,neutral,coronavirus pandemic origin,2,7,https://www.unmc.edu/healthsecurity/transmission/2023/04/11/what-we-know-about-the-origin-of-covid-19-and-what-remains-a-mystery/,unmc.edu,"What we know about the origin of covid-19, and what ...",2026-05-09 15:58:39,reliable,"domain unmc.edu has .edu or .ac, indicating an academic institution",,,,,
covid19,slanted,lockdown harms,1,5,https://administrativestate.gmu.edu/wp-content/uploads/2021/02/Williams-Ghani-the-Unintended-Health-Consequences-of-Lockdown.pdf,administrativestate.gmu.edu,The Unintended Health Consequences of Lockdown,2026-05-09 16:01:53,reliable,"domain administrativestate.gmu.edu has .edu or .ac, indicating an academic institution",,,,,
covid19,slanted,lockdown harms,3,4,https://news.umich.edu/americans-prioritized-preventing-lockdown-harms-over-covid-19-deaths/,news.umich.edu,Americans prioritized preventing lockdown harms over COVID ...,2026-05-09 16:02:12,reliable,"domain news.umich.edu has .edu or .ac, indicating an academic institution",,,,,
climate_change,neutral,climate change evidence,1,3,https://scienceexchange.caltech.edu/topics/sustainability/evidence-climate-change,scienceexchange.caltech.edu,What Is the Evidence for Human-Caused Climate Change?,2026-05-09 16:02:33,reliable,"domain scienceexchange.caltech.edu has .edu or .ac, indicating an academic institution",,,,,
climate_change,slanted,climate change hoax,1,6,https://misinforeview.hks.harvard.edu/article/understanding-climate-change-conspiracy-beliefs-a-comparative-outlook/,misinforeview.hks.harvard.edu,Understanding climate change conspiracy beliefs,2026-05-09 16:03:39,reliable,"domain misinforeview.hks.harvard.edu has .edu or .ac, indicating an academic institution",,,,,
climate_change,slanted,climate change hoax,3,5,https://climate.law.columbia.edu/content/climate-change-described-hoax-louisiana-attorney-general-0,climate.law.columbia.edu,Climate Change Described as “Hoax” by Louisiana Attorney ...,2026-05-09 16:03:57,reliable,"domain climate.law.columbia.edu has .edu or .ac, indicating an academic institution",,,,,
climate_change,neutral,global warming science,2,8,https://press.princeton.edu/books/paperback/9780691228792/global-warming-science?srsltid=AfmBOooorGFeynVmrL2OUTSsFJDkKksENfCHg4FUJZPVEgWd0UP9qaBM,press.princeton.edu,Global Warming Science,2026-05-09 16:04:43,reliable,"domain press.princeton.edu has .edu or .ac, indicating an academic institution",,,,,
climate_change,neutral,global warming science,3,2,https://climate.envsci.rutgers.edu/robock/glwarm/housescience.html,climate.envsci.rutgers.edu,Global Warming: What is the Science,2026-05-09 16:04:50,reliable,"domain climate.envsci.rutgers.edu has .edu or .ac, indicating an academic institution",,,,,
climate_change,slanted,global warming myth,1,3,https://stephenschneider.stanford.edu/Publications/PDF_Papers/RobinsonAndRobinson.pdf,stephenschneider.stanford.edu,Science Has Spoken: Global Warming Is a Myth,2026-05-09 16:05:17,reliable,"domain stephenschneider.stanford.edu has .edu or .ac, indicating an academic institution",,,,,
climate_change,slanted,global warming myth,2,7,https://climateprimer.mit.edu/dispelling-myths/,climateprimer.mit.edu,"Dispelling Myths - Climate Science, Risk & Solutions",2026-05-09 16:05:37,reliable,"domain climateprimer.mit.edu has .edu or .ac, indicating an academic institution",,,,,
climate_change,neutral,sea level rise research,2,4,https://www.whoi.edu/ocean-learning-hub/ocean-topics/climate-weather/sea-level-rise/,whoi.edu,Sea Level Rise,2026-05-09 16:06:49,reliable,"domain whoi.edu has .edu or .ac, indicating an academic institution",,,,,
climate_change,neutral,sea level rise research,2,6,https://e360.yale.edu/features/sea-level-rise-land-subsidence,e360.yale.edu,A More Troubling Picture of Sea Level Rise Is Coming into ...,2026-05-09 16:06:49,reliable,"domain e360.yale.edu has .edu or .ac, indicating an academic institution",,,,,
climate_change,neutral,sea level rise research,3,4,https://serc.si.edu/research/research-topics/global-change/sea-level-rise,serc.si.edu,Sea-Level Rise,2026-05-09 16:06:57,reliable,"domain serc.si.edu has .edu or .ac, indicating an academic institution",,,,,
climate_change,slanted,sea level rise exaggerated,1,1,https://www.whoi.edu/ocean-learning-hub/ocean-facts/is-sea-level-rise-exaggerated/,whoi.edu,Is sea-level rise exaggerated?,2026-05-09 16:07:13,reliable,"domain whoi.edu has .edu or .ac, indicating an academic institution",,,,,
climate_change,slanted,sea level rise exaggerated,1,7,https://e360.yale.edu/features/sea-level-rise-land-subsidence,e360.yale.edu,A More Troubling Picture of Sea Level Rise Is Coming into ...,2026-05-09 16:07:17,reliable,"domain e360.yale.edu has .edu or .ac, indicating an academic institution",,,,,
climate_change,neutral,carbon emissions impact,2,7,https://css.umich.edu/publications/factsheets/sustainability-indicators/carbon-footprint-factsheet,css.umich.edu,Carbon Footprint Factsheet | Center for Sustainable Systems,2026-05-09 16:08:15,reliable,"domain css.umich.edu has .edu or .ac, indicating an academic institution",,,,,
climate_change,slanted,carbon emissions scam,1,5,https://pelr.blogs.pace.edu/2025/08/10/the-shady-side-of-carbon-credits/,pelr.blogs.pace.edu,The Shady Side of Carbon Credits,2026-05-09 16:08:42,reliable,"domain pelr.blogs.pace.edu has .edu or .ac, indicating an academic institution",,,,,
climate_change,neutral,renewable energy facts,1,8,https://www.evergladesuniversity.edu/blog/10-interesting-facts-about-renewable-energy/,evergladesuniversity.edu,10 Stunning Renewable Energy Facts,2026-05-09 16:09:37,reliable,"domain evergladesuniversity.edu has .edu or .ac, indicating an academic institution",,,,,
climate_change,neutral,renewable energy facts,2,5,https://eri.iu.edu/resources/fact-sheets/renewable-energy.html,eri.iu.edu,Renewable Energy: Fact Sheets: Resources,2026-05-09 16:09:45,reliable,"domain eri.iu.edu has .edu or .ac, indicating an academic institution",,,,,
climate_change,neutral,renewable energy facts,3,8,https://css.umich.edu/publications/factsheets/energy/us-renewable-energy-factsheet,css.umich.edu,U.S. Renewable Energy Factsheet,2026-05-09 16:09:56,reliable,"domain css.umich.edu has .edu or .ac, indicating an academic institution",,,,,
climate_change,slanted,renewable energy failures,2,2,https://iee.psu.edu/news/blog/transitioning-renewable-energy-challenges-and-opportunities,iee.psu.edu,Transitioning to renewable energy: Challenges and ...,2026-05-09 16:10:30,reliable,"domain iee.psu.edu has .edu or .ac, indicating an academic institution",,,,,
climate_change,slanted,renewable energy failures,2,3,https://digitalrepository.unm.edu/cgi/viewcontent.cgi?article=4133&context=nrj,digitalrepository.unm.edu,The Scapegoating of Renewables After Grid Failures,2026-05-09 16:10:30,reliable,"domain digitalrepository.unm.edu has .edu or .ac, indicating an academic institution",,,,,
climate_change,slanted,renewable energy failures,3,5,https://news.climate.columbia.edu/2024/10/31/how-climate-change-impacts-affect-renewable-energy/,news.climate.columbia.edu,How Climate Change Impacts Renewable Energy,2026-05-09 16:10:41,reliable,"domain news.climate.columbia.edu has .edu or .ac, indicating an academic institution",,,,,
fluoridation,neutral,water fluoridation information,1,5,https://publichealth.jhu.edu/2024/why-is-fluoride-in-our-water,publichealth.jhu.edu,Why Is Fluoride in Our Water? | Johns Hopkins,2026-05-09 16:11:01,reliable,"domain publichealth.jhu.edu has .edu or .ac, indicating an academic institution",,,,,
fluoridation,neutral,water fluoridation information,2,3,https://ysph.yale.edu/research/information-sheets/fluoride/,ysph.yale.edu,Fluoride's Impact on Health - Yale School of Public Health,2026-05-09 16:11:11,reliable,"domain ysph.yale.edu has .edu or .ac, indicating an academic institution",,,,,
fluoridation,slanted,water fluoridation dangers,1,4,https://ysph.yale.edu/research/information-sheets/fluoride/,ysph.yale.edu,Fluoride's Impact on Health - Yale School of Public Health,2026-05-09 16:12:41,reliable,"domain ysph.yale.edu has .edu or .ac, indicating an academic institution",,,,,
fluoridation,slanted,water fluoridation dangers,3,5,https://hsph.harvard.edu/news/fluoride-childrens-health-grandjean-choi/,hsph.harvard.edu,Impact of fluoride on neurological development in children,2026-05-09 16:13:13,reliable,"domain hsph.harvard.edu has .edu or .ac, indicating an academic institution",,,,,
fluoridation,neutral,fluoride dental health,1,6,https://ysph.yale.edu/research/information-sheets/fluoride/,ysph.yale.edu,Fluoride's Impact on Health - Yale School of Public Health,2026-05-09 16:13:38,reliable,"domain ysph.yale.edu has .edu or .ac, indicating an academic institution",,,,,
fluoridation,neutral,fluoride dental health,2,1,https://healthcare.utah.edu/healthfeed/2025/01/why-fluoride-essential-your-dental-health,healthcare.utah.edu,Why Fluoride Is Essential for Your Dental Health,2026-05-09 16:13:46,reliable,"domain healthcare.utah.edu has .edu or .ac, indicating an academic institution",,,,,
fluoridation,neutral,fluoride dental health,3,7,https://www.urmc.rochester.edu/news/publications/health-matters/is-fluoride-bad-for-you,urmc.rochester.edu,Is Fluoride Bad for You? | University of Rochester Medicine,2026-05-09 16:13:59,reliable,"domain urmc.rochester.edu has .edu or .ac, indicating an academic institution",,,,,
fluoridation,slanted,fluoride toxicity,1,7,https://hsph.harvard.edu/news/fluoride-childrens-health-grandjean-choi/,hsph.harvard.edu,Impact of fluoride on neurological development in children,2026-05-09 16:14:49,reliable,"domain hsph.harvard.edu has .edu or .ac, indicating an academic institution",,,,,
fluoridation,slanted,fluoride toxicity,2,3,https://ysph.yale.edu/research/information-sheets/fluoride/,ysph.yale.edu,Fluoride's Impact on Health - Yale School of Public Health,2026-05-09 16:14:58,reliable,"domain ysph.yale.edu has .edu or .ac, indicating an academic institution",,,,,
fluoridation,slanted,fluoride toxicity,2,8,https://www.canr.msu.edu/news/fluoride_toxicity_in_plants_irrigated_with_city_water,canr.msu.edu,Fluoride toxicity in plants irrigated with city water,2026-05-09 16:15:10,reliable,"domain canr.msu.edu has .edu or .ac, indicating an academic institution",,,,,
fluoridation,slanted,fluoride neurotoxicity,1,2,https://hsph.harvard.edu/news/fluoride-childrens-health-grandjean-choi/,hsph.harvard.edu,Impact of fluoride on neurological development in children,2026-05-09 16:16:16,reliable,"domain hsph.harvard.edu has .edu or .ac, indicating an academic institution",,,,,
5g,neutral,5g technology health,3,2,https://www.wtamu.edu/~cbaird/sq/2022/08/18/how-do-5g-cell-phone-signals-harm-humans/,wtamu.edu,How do 5G cell phone signals harm humans?,2026-05-09 16:17:27,reliable,"domain wtamu.edu has .edu or .ac, indicating an academic institution",,,,,
5g,slanted,5g radiation risks,2,2,https://www.wtamu.edu/~cbaird/sq/2022/08/18/how-do-5g-cell-phone-signals-harm-humans/,wtamu.edu,How do 5G cell phone signals harm humans?,2026-05-09 16:17:57,reliable,"domain wtamu.edu has .edu or .ac, indicating an academic institution",,,,,
5g,slanted,5g dangers,2,4,https://www.wtamu.edu/~cbaird/sq/2022/08/18/how-do-5g-cell-phone-signals-harm-humans/,wtamu.edu,How do 5G cell phone signals harm humans?,2026-05-09 16:19:27,reliable,"domain wtamu.edu has .edu or .ac, indicating an academic institution",,,,,
nuclear_power,slanted,nuclear power risks,1,5,https://ncdp.columbia.edu/nuclear-power-plants-earthquake-risk/,ncdp.columbia.edu,Nuclear Power Plants and Earthquake Risk,2026-05-09 16:24:15,reliable,"domain ncdp.columbia.edu has .edu or .ac, indicating an academic institution",,,,,
nuclear_power,slanted,nuclear power risks,2,5,https://www.brookings.edu/articles/terrorism-and-nuclear-energy-understanding-the-risks/,brookings.edu,Terrorism and Nuclear Energy: Understanding the Risks,2026-05-09 16:24:23,reliable,"domain brookings.edu has .edu or .ac, indicating an academic institution",,,,,
nuclear_power,neutral,nuclear waste management,2,1,https://research.gatech.edu/feature/nuclear-waste,research.gatech.edu,Nuclear Waste: What It Is — and What It Isn't,2026-05-09 16:25:31,reliable,"domain research.gatech.edu has .edu or .ac, indicating an academic institution",,,,,
nuclear_power,neutral,nuclear waste management,2,6,https://news.mit.edu/2025/what-should-countries-do-with-their-nuclear-waste-1105,news.mit.edu,What should countries do with their nuclear waste?,2026-05-09 16:25:33,reliable,"domain news.mit.edu has .edu or .ac, indicating an academic institution",,,,,
nuclear_power,slanted,nuclear waste danger,1,5,https://e360.yale.edu/features/nuclear-waste-recycling,e360.yale.edu,Recycling Nuclear Waste: A Win-Win or a Dangerous ...,2026-05-09 16:27:04,reliable,"domain e360.yale.edu has .edu or .ac, indicating an academic institution",,,,,
nuclear_power,slanted,nuclear waste danger,2,1,https://research.gatech.edu/feature/nuclear-waste,research.gatech.edu,Nuclear Waste: What It Is — and What It Isn't,2026-05-09 16:27:27,reliable,"domain research.gatech.edu has .edu or .ac, indicating an academic institution",,,,,
nuclear_power,slanted,nuclear waste danger,2,5,https://ir.lawnet.fordham.edu/cgi/viewcontent.cgi?article=1433&context=elr,ir.lawnet.fordham.edu,Nuclear Waste: The Most Compelling Environmental Issue ...,2026-05-09 16:27:28,reliable,"domain ir.lawnet.fordham.edu has .edu or .ac, indicating an academic institution",,,,,
nuclear_power,slanted,nuclear waste danger,2,6,https://crownschool.uchicago.edu/student-life/advocates-forum/our-silent-zombie-commercial-nuclear-waste-storage-united-states,crownschool.uchicago.edu,Our Silent Zombie: Commercial Nuclear Waste Storage in the ...,2026-05-09 16:27:28,reliable,"domain crownschool.uchicago.edu has .edu or .ac, indicating an academic institution",,,,,
nuclear_power,slanted,nuclear waste danger,3,9,http://large.stanford.edu/courses/2015/ph240/sherman2/,large.stanford.edu,Radioactive Waste Dangers - Stanford,2026-05-09 16:27:39,reliable,"domain large.stanford.edu has .edu or .ac, indicating an academic institution",,,,,
nuclear_power,neutral,nuclear energy carbon emissions,1,10,https://climate.mit.edu/explainers/nuclear-energy,climate.mit.edu,Nuclear Energy,2026-05-09 16:28:09,reliable,"domain climate.mit.edu has .edu or .ac, indicating an academic institution",,,,,
nuclear_power,neutral,nuclear fusion research,1,5,https://understand-energy.stanford.edu/energy-resources/nuclear-energy/fusion,understand-energy.stanford.edu,Fusion - Understand Energy Learning Hub - Stanford University,2026-05-09 16:29:46,reliable,"domain understand-energy.stanford.edu has .edu or .ac, indicating an academic institution",,,,,
nuclear_power,neutral,nuclear fusion research,2,9,https://nse.mit.edu/research/fusion-and-plasmas/,nse.mit.edu,Fusion And Plasmas,2026-05-09 16:29:57,reliable,"domain nse.mit.edu has .edu or .ac, indicating an academic institution",,,,,
nuclear_power,neutral,nuclear fusion research,3,4,https://nuc.berkeley.edu/fusion-energy/,nuc.berkeley.edu,Fusion Energy - UC Berkeley Nuclear Engineering,2026-05-09 16:30:05,reliable,"domain nuc.berkeley.edu has .edu or .ac, indicating an academic institution",,,,,
nuclear_power,slanted,nuclear proliferation risks,1,6,https://digitalcommons.ndu.edu/wmd-proceedings/7/,digitalcommons.ndu.edu,Proliferation Risks of Civilian Nuclear Power Programs,2026-05-09 16:30:21,reliable,"domain digitalcommons.ndu.edu has .edu or .ac, indicating an academic institution",,,,,
nuclear_power,slanted,nuclear proliferation risks,2,4,https://cisac.fsi.stanford.edu/research/preventing_nuclear_proliferation_and_terrorism,cisac.fsi.stanford.edu,Preventing Nuclear Proliferation and Terrorism | FSI,2026-05-09 16:30:31,reliable,"domain cisac.fsi.stanford.edu has .edu or .ac, indicating an academic institution",,,,,
nuclear_power,slanted,nuclear proliferation risks,2,7,https://matthewbunn.scholars.harvard.edu/sites/g/files/omnuum3466/files/2025-08/Nuclear%20Linkages.pdf,matthewbunn.scholars.harvard.edu,"Nuclear energy, nuclear proliferation, and nuclear terrorism",2026-05-09 16:30:32,reliable,"domain matthewbunn.scholars.harvard.edu has .edu or .ac, indicating an academic institution",,,,,
nuclear_power,slanted,nuclear proliferation risks,3,1,https://cissm.umd.edu/research-impact/publications/address-threat-nuclear-proliferation-cascades,cissm.umd.edu,Address the threat of nuclear proliferation cascades,2026-05-09 16:30:39,reliable,"domain cissm.umd.edu has .edu or .ac, indicating an academic institution",,,,,
nuclear_power,slanted,nuclear proliferation risks,3,6,https://pdxscholar.library.pdx.edu/open_access_etds/5239/,pdxscholar.library.pdx.edu,The Dangers of Nuclear Proliferation: Five Reasons More May ...,2026-05-09 16:30:42,reliable,"domain pdxscholar.library.pdx.edu has .edu or .ac, indicating an academic institution",,,,,
nuclear_waste,neutral,radioactive waste disposal research,2,3,https://news.mit.edu/2025/model-predicts-long-term-effects-nuclear-waste-underground-disposal-systems-0718,news.mit.edu,Model predicts long-term effects of nuclear waste ...,2026-05-09 16:31:18,reliable,"domain news.mit.edu has .edu or .ac, indicating an academic institution",,,,,
nuclear_waste,slanted,nuclear waste leaks,2,3,http://large.stanford.edu/courses/2015/ph241/khalaf2/,large.stanford.edu,Nuclear Waste Leaks and Remediation Strategies - Stanford,2026-05-09 16:32:10,reliable,"domain large.stanford.edu has .edu or .ac, indicating an academic institution",,,,,
nuclear_waste,slanted,radioactive waste transportation risks,3,2,https://digital.library.unt.edu/ark:/67531/metadc719525/,digital.library.unt.edu,Assessment of risks to individuals from the transportation of ...,2026-05-09 16:34:55,reliable,"domain digital.library.unt.edu has .edu or .ac, indicating an academic institution",,,,,
pesticides,neutral,pesticide regulation science,2,2,https://www.brookings.edu/articles/how-the-epas-lax-regulation-of-dangerous-pesticides-is-hurting-public-health-and-the-us-economy/,brookings.edu,How the EPA's lax regulation of dangerous pesticides is ...,2026-05-09 16:35:26,reliable,"domain brookings.edu has .edu or .ac, indicating an academic institution",,,,,
pesticides,slanted,pesticide health hazards,2,8,https://extension.psu.edu/potential-health-effects-of-pesticides/,extension.psu.edu,Potential Health Effects of Pesticides,2026-05-09 16:36:05,reliable,"domain extension.psu.edu has .edu or .ac, indicating an academic institution",,,,,
pesticides,slanted,pesticide health hazards,3,1,https://npic.orst.edu/health/risk.html,npic.orst.edu,Understanding Pesticide Risks,2026-05-09 16:36:12,reliable,"domain npic.orst.edu has .edu or .ac, indicating an academic institution",,,,,
pesticides,neutral,organic farming pesticide use,1,4,https://www.johnson.k-state.edu/programs/lawn-garden/agent-articles-fact-sheets-and-more/agent-articles/environment/organic-does-not-mean-pesticide-free.html,johnson.k-state.edu,Organic Does Not Mean Pesticide Free,2026-05-09 16:36:38,reliable,"domain johnson.k-state.edu has .edu or .ac, indicating an academic institution",,,,,
pesticides,neutral,organic farming pesticide use,2,2,https://npic.orst.edu/ingred/organic.html,npic.orst.edu,Pesticide Ingredients Used in Organic Agriculture,2026-05-09 16:36:55,reliable,"domain npic.orst.edu has .edu or .ac, indicating an academic institution",,,,,
pesticides,neutral,organic farming pesticide use,2,3,https://bren.ucsb.edu/news/organic-farms-can-have-mixed-effects-pesticide-use-depending-their-neighbor,bren.ucsb.edu,Organic farms can have mixed effects on pesticide use ...,2026-05-09 16:36:55,reliable,"domain bren.ucsb.edu has .edu or .ac, indicating an academic institution",,,,,
pesticides,slanted,conventional pesticide dangers,2,6,https://extension.psu.edu/potential-health-effects-of-pesticides/,extension.psu.edu,Potential Health Effects of Pesticides,2026-05-09 16:37:37,reliable,"domain extension.psu.edu has .edu or .ac, indicating an academic institution",,,,,
pesticides,slanted,conventional pesticide dangers,3,4,https://extension.msstate.edu/publications/pesticides-benefits-and-risks,extension.msstate.edu,Pesticides: Benefits and Risks,2026-05-09 16:37:45,reliable,"domain extension.msstate.edu has .edu or .ac, indicating an academic institution",,,,,
artificial_sweeteners,slanted,aspartame dangers,2,2,https://sph.umich.edu/news/2023posts/aspartame-and-cancer-a-toxicologists-take.html,sph.umich.edu,Aspartame and cancer: A toxicologist's take |,2026-05-09 16:42:35,reliable,"domain sph.umich.edu has .edu or .ac, indicating an academic institution",,,,,
artificial_sweeteners,neutral,diet soda health,1,1,https://health.osu.edu/wellness/exercise-and-nutrition/diet-soda-bad-for-you,health.osu.edu,Is diet soda bad for you? | Ohio State Health & Discovery,2026-05-09 16:48:56,reliable,"domain health.osu.edu has .edu or .ac, indicating an academic institution",,,,,
artificial_sweeteners,neutral,diet soda health,3,5,https://www.chhs.colostate.edu/krnc/monthly-blog/the-low-down-on-diet-drinks-how-much-is-okay/,chhs.colostate.edu,The Low Down on Diet Drinks - How Much is Okay?,2026-05-09 16:49:34,reliable,"domain chhs.colostate.edu has .edu or .ac, indicating an academic institution",,,,,
artificial_sweeteners,neutral,diet soda health,3,9,https://www.health.harvard.edu/blog/drinking-diet-soda-raise-risk-stroke-2017073112109,health.harvard.edu,Does drinking diet soda raise the risk of a stroke?,2026-05-09 16:49:35,reliable,"domain health.harvard.edu has .edu or .ac, indicating an academic institution",,,,,
artificial_sweeteners,slanted,diet soda cancer risk,2,4,https://sph.umich.edu/news/2023posts/aspartame-and-cancer-a-toxicologists-take.html,sph.umich.edu,Aspartame and cancer: A toxicologist's take |,2026-05-09 16:50:13,reliable,"domain sph.umich.edu has .edu or .ac, indicating an academic institution",,,,,
artificial_sweeteners,slanted,diet soda cancer risk,3,4,https://news.yale.edu/2018/07/19/low-or-no-calorie-soft-drinks-linked-improved-outcomes-colon-cancer,news.yale.edu,Low- or no-calorie soft drinks linked to improved outcomes in ...,2026-05-09 16:50:22,reliable,"domain news.yale.edu has .edu or .ac, indicating an academic institution",,,,,
artificial_sweeteners,slanted,diet soda cancer risk,3,6,https://www.buffalo.edu/news/releases/2021/03/009.html,buffalo.edu,Study finds increased risk of death among breast cancer ...,2026-05-09 16:50:22,reliable,"domain buffalo.edu has .edu or .ac, indicating an academic institution",,,,,
electromagnetic_fields,neutral,emf safety research,3,6,https://ehs.unc.edu/topics/electromagnetic-field-radiation/,ehs.unc.edu,Electromagnetic Field Radiation,2026-05-09 16:50:59,reliable,"domain ehs.unc.edu has .edu or .ac, indicating an academic institution",,,,,
electromagnetic_fields,slanted,emf health risks,2,1,https://ehs.unc.edu/topics/electromagnetic-field-radiation/,ehs.unc.edu,Electromagnetic Field Radiation,2026-05-09 16:51:35,reliable,"domain ehs.unc.edu has .edu or .ac, indicating an academic institution",,,,,
electromagnetic_fields,slanted,cell phone radiation brain tumors,1,5,https://hsph.harvard.edu/news/cell-phones-dont-cause-brain-cancer-study/,hsph.harvard.edu,Cell phones don't cause brain cancer: study,2026-05-09 16:54:40,reliable,"domain hsph.harvard.edu has .edu or .ac, indicating an academic institution",,,,,
electromagnetic_fields,neutral,wi-fi health effects,1,9,http://ui.adsabs.harvard.edu/abs/2021JPhCS1804a2001H/abstract,ui.adsabs.harvard.edu,Evaluation of Health Hazards Due to The Wi-Fi Router On ...,2026-05-09 16:55:37,reliable,"domain ui.adsabs.harvard.edu has .edu or .ac, indicating an academic institution",,,,,
electromagnetic_fields,slanted,wi-fi radiation dangers,1,8,https://www.safety.rochester.edu/ih/pdf/WiFi_Exposure.pdf,safety.rochester.edu,Radiation Safety Review of Hazards Associated with WiFi ...,2026-05-09 16:56:39,reliable,"domain safety.rochester.edu has .edu or .ac, indicating an academic institution",,,,,
electromagnetic_fields,slanted,wi-fi radiation dangers,2,10,http://ui.adsabs.harvard.edu/abs/2021JPhCS1804a2001H/abstract,ui.adsabs.harvard.edu,Evaluation of Health Hazards Due to The Wi-Fi Router On ...,2026-05-09 16:56:48,reliable,"domain ui.adsabs.harvard.edu has .edu or .ac, indicating an academic institution",,,,,
electromagnetic_fields,slanted,wi-fi radiation dangers,3,5,https://environmentalhealth.buffalostate.edu/sites/environmentalhealth/files/documents/wifi%20statement%20%281%29.pdf,environmentalhealth.buffalostate.edu,Position Statement on Wi-Fi Radiation Concerns,2026-05-09 16:56:56,reliable,"domain environmentalhealth.buffalostate.edu has .edu or .ac, indicating an academic institution",,,,,
essential_oils,neutral,essential oils therapeutic facts,2,6,https://cris.msu.edu/news/essential-oils/essential-oils-an-overview/,cris.msu.edu,Essential Oils – An Overview - CRIS@msu.edu,2026-05-09 16:57:33,reliable,"domain cris.msu.edu has .edu or .ac, indicating an academic institution",,,,,
essential_oils,neutral,essential oils therapeutic facts,3,1,https://health.osu.edu/wellness/integrative-healing/essential-oils,health.osu.edu,How and why to use essential oils | Ohio State Health ...,2026-05-09 16:57:58,reliable,"domain health.osu.edu has .edu or .ac, indicating an academic institution",,,,,
essential_oils,neutral,lavender oil research,1,7,https://cris.msu.edu/news/essential-oils/essential-oils-digging-deeper-lavender-oil/,cris.msu.edu,Essential Oils – Digging Deeper Lavender Oil - CRIS@msu.edu,2026-05-09 17:01:59,reliable,"domain cris.msu.edu has .edu or .ac, indicating an academic institution",,,,,
aluminum,slanted,aluminum vaccine toxicity,1,2,https://www.chop.edu/vaccine-education-center/vaccine-safety/vaccine-ingredients/aluminum,chop.edu,Vaccine ingredients: Aluminum,2026-05-09 17:04:20,reliable,"domain chop.edu has .edu or .ac, indicating an academic institution",,,,,
aluminum,slanted,aluminum vaccine toxicity,1,7,https://www.cidrap.umn.edu/anti-science/aluminum-vaccines-not-linked-autism-other-health-problems-study-finds,cidrap.umn.edu,"Aluminum in vaccines not linked to autism, other health ...",2026-05-09 17:04:24,reliable,"domain cidrap.umn.edu has .edu or .ac, indicating an academic institution",,,,,
aluminum,slanted,aluminum vaccine toxicity,2,7,https://www.cidrap.umn.edu/public-health/aluminum-our-diets-far-exceeds-vaccines-researchers-note,cidrap.umn.edu,Aluminum in our diets far exceeds that from vaccines ...,2026-05-09 17:04:35,reliable,"domain cidrap.umn.edu has .edu or .ac, indicating an academic institution",,,,,
aluminum,neutral,aluminum antiperspirants cancer research,1,7,https://health.osu.edu/health/skin-and-body/aluminum-in-antiperspirant,health.osu.edu,Should you worry about aluminum in your antiperspirant?,2026-05-09 17:06:37,reliable,"domain health.osu.edu has .edu or .ac, indicating an academic institution",,,,,
aluminum,neutral,aluminum antiperspirants cancer research,3,6,https://ui.adsabs.harvard.edu/abs/2023JTEMB..7927247M/abstract,ui.adsabs.harvard.edu,Correlation between daily life aluminium exposure and ...,2026-05-09 17:06:56,reliable,"domain ui.adsabs.harvard.edu has .edu or .ac, indicating an academic institution",,,,,
mercury,neutral,mercury in fish guidelines,2,2,https://www.stonybrook.edu/commcms/gelfond/_pdf/guide_to_mercury_levels_in_seafood.pdf,stonybrook.edu,Guide to mercury levels in,2026-05-09 17:20:03,reliable,"domain stonybrook.edu has .edu or .ac, indicating an academic institution",,,,,
mercury,neutral,mercury in fish guidelines,2,10,https://hsph.harvard.edu/advanced-learning-academy/news/the-mercury-question-how-to-understand-risk-vs-reward-when-eating-fish/,hsph.harvard.edu,How to Understand Risk vs. Reward When Eating Fish,2026-05-09 17:20:05,reliable,"domain hsph.harvard.edu has .edu or .ac, indicating an academic institution",,,,,
mercury,slanted,mercury seafood dangers,1,7,https://www.urmc.rochester.edu/news/publications/health-matters/is-mercury-in-fish-bad-for-you,urmc.rochester.edu,Is Mercury in Fish Bad for You? - URMC.Rochester.edu,2026-05-09 17:20:40,reliable,"domain urmc.rochester.edu has .edu or .ac, indicating an academic institution",,,,,
mercury,slanted,mercury seafood dangers,2,2,https://hsph.harvard.edu/advanced-learning-academy/news/the-mercury-question-how-to-understand-risk-vs-reward-when-eating-fish/,hsph.harvard.edu,How to Understand Risk vs. Reward When Eating Fish,2026-05-09 17:20:53,reliable,"domain hsph.harvard.edu has .edu or .ac, indicating an academic institution",,,,,
mercury,slanted,mercury seafood dangers,3,3,https://extension.wsu.edu/foodsafety/2016/04/28/risks-of-mercury-in-fish/,extension.wsu.edu,Risks of Mercury in Fish | Consumer Food Safety | Washington ...,2026-05-09 17:21:08,reliable,"domain extension.wsu.edu has .edu or .ac, indicating an academic institution",,,,,
cloning,neutral,animal cloning research,1,4,https://learn.genetics.utah.edu/content/cloning/clonezone/,learn.genetics.utah.edu,The History of Cloning,2026-05-09 17:21:30,reliable,"domain learn.genetics.utah.edu has .edu or .ac, indicating an academic institution",,,,,
cloning,neutral,animal cloning research,2,9,https://hms.harvard.edu/news/improving-cloning-efficiency,hms.harvard.edu,Improving Cloning Efficiency,2026-05-09 17:22:02,reliable,"domain hms.harvard.edu has .edu or .ac, indicating an academic institution",,,,,
cloning,neutral,animal cloning research,3,2,https://animalbiotech.ucdavis.edu/cloning,animalbiotech.ucdavis.edu,Cloning | animalbiotech,2026-05-09 17:22:14,reliable,"domain animalbiotech.ucdavis.edu has .edu or .ac, indicating an academic institution",,,,,
cloning,neutral,animal cloning research,3,9,https://repository.upenn.edu/bitstreams/03b6b4f3-e742-44ea-bc34-8e5509bf6f0f/download,repository.upenn.edu,Ethical Issues in Animal Cloning,2026-05-09 17:22:16,reliable,"domain repository.upenn.edu has .edu or .ac, indicating an academic institution",,,,,
cloning,slanted,cloning ethical concerns,1,6,https://digitalcommons.liberty.edu/cgi/viewcontent.cgi?article=1009&context=nexus,digitalcommons.liberty.edu,Bioethics of Human Cloning: Are We Playing God?,2026-05-09 17:22:41,reliable,"domain digitalcommons.liberty.edu has .edu or .ac, indicating an academic institution",,,,,
cloning,slanted,cloning ethical concerns,1,7,https://repository.upenn.edu/bitstreams/03b6b4f3-e742-44ea-bc34-8e5509bf6f0f/download,repository.upenn.edu,Ethical Issues in Animal Cloning,2026-05-09 17:22:42,reliable,"domain repository.upenn.edu has .edu or .ac, indicating an academic institution",,,,,
cloning,slanted,cloning ethical concerns,1,8,https://funginstitute.berkeley.edu/news/op-ed-the-dangers-of-cloning/,funginstitute.berkeley.edu,Op-ed: The dangers of cloning,2026-05-09 17:22:42,reliable,"domain funginstitute.berkeley.edu has .edu or .ac, indicating an academic institution",,,,,
cloning,slanted,cloning ethical concerns,2,3,https://hrlibrary.umn.edu/instree/cloningopinion.html,hrlibrary.umn.edu,"Opinion on Ethical Aspects of Cloning Techniques, Group ...",2026-05-09 17:22:54,reliable,"domain hrlibrary.umn.edu has .edu or .ac, indicating an academic institution",,,,,
cloning,slanted,cloning ethical concerns,2,9,https://www.scu.edu/ethics/focus-areas/bioethics/resources/the-ethics-of-human-cloning-and-stem-cell-research/,scu.edu,The Ethics of Human Cloning and Stem Cell Research,2026-05-09 17:22:57,reliable,"domain scu.edu has .edu or .ac, indicating an academic institution",,,,,
cloning,slanted,cloning ethical concerns,3,3,https://digitalcommons.fairfield.edu/cgi/viewcontent.cgi?article=1214&context=nealsb,digitalcommons.fairfield.edu,Cloning Humans: Legal and Ethical Considerations,2026-05-09 17:23:10,reliable,"domain digitalcommons.fairfield.edu has .edu or .ac, indicating an academic institution",,,,,
cloning,slanted,cloning ethical concerns,3,7,https://www.scu.edu/ethics/focus-areas/bioethics/resources/the-ethics-of-human-cloning-and-stem-cell-research/,scu.edu,The Ethics of Human Cloning and Stem Cell Research,2026-05-09 17:23:11,reliable,"domain scu.edu has .edu or .ac, indicating an academic institution",,,,,
cloning,slanted,cloned meat risks,3,6,https://www.psu.edu/news/research/story/probing-question-cloned-meat-safe-eat,psu.edu,Probing Question: Is cloned meat safe to eat?,2026-05-09 17:25:10,reliable,"domain psu.edu has .edu or .ac, indicating an academic institution",,,,,
coal,slanted,coal pollution deaths,1,5,https://hsph.harvard.edu/news/particulate-pollution-from-coal-associated-with-double-the-risk-of-mortality-than-pm2-5-from-other-sources/,hsph.harvard.edu,Particulate pollution from coal associated with double the ...,2026-05-09 17:26:45,reliable,"domain hsph.harvard.edu has .edu or .ac, indicating an academic institution",,,,,
coal,slanted,coal pollution deaths,2,10,https://cns.utexas.edu/news/research/coal-power-killed-half-million-people-us-over-two-decades,cns.utexas.edu,Coal Power Killed Half a Million People in U.S. over Two ...,2026-05-09 17:27:02,reliable,"domain cns.utexas.edu has .edu or .ac, indicating an academic institution",,,,,
coal,neutral,carbon capture research,2,5,https://news.mit.edu/2025/new-approach-carbon-capture-could-slash-costs-1211,news.mit.edu,A new approach to carbon capture could slash costs,2026-05-09 17:28:05,reliable,"domain news.mit.edu has .edu or .ac, indicating an academic institution",,,,,
coal,neutral,carbon capture research,3,1,https://energy.stanford.edu/research/research-areas/carbon-removal/co2-capture-sequestration,energy.stanford.edu,CO2 Capture & Sequestration - Stanford Energy,2026-05-09 17:28:17,reliable,"domain energy.stanford.edu has .edu or .ac, indicating an academic institution",,,,,
coal,neutral,carbon capture research,3,4,https://naturalcarboncapture.yale.edu/,naturalcarboncapture.yale.edu,Yale Center for Natural Carbon Capture: Welcome,2026-05-09 17:28:18,reliable,"domain naturalcarboncapture.yale.edu has .edu or .ac, indicating an academic institution",,,,,
coal,slanted,coal mining dangers,2,9,https://www.iup.edu/library/departments/archives/coal/a-dangerous-life/index.html,iup.edu,A Dangerous Life,2026-05-09 17:29:09,reliable,"domain iup.edu has .edu or .ac, indicating an academic institution",,,,,
coal,slanted,coal ash toxic waste,3,6,https://e360.yale.edu/features/coal-ash-united-states-epa-rule,e360.yale.edu,"As Enforcement Lags, Toxic Coal Ash Keeps Polluting U.S. ...",2026-05-09 17:31:15,reliable,"domain e360.yale.edu has .edu or .ac, indicating an academic institution",,,,,
plastic,neutral,biodegradable plastics research,1,4,https://environment.yale.edu/news/article/environmental-trade-offs-biodegradable-plastics,environment.yale.edu,The Environmental Trade-offs of Biodegradable Plastics,2026-05-09 17:36:15,reliable,"domain environment.yale.edu has .edu or .ac, indicating an academic institution",,,,,
plastic,neutral,biodegradable plastics research,1,6,https://wyss.harvard.edu/technology/bioplastic/,wyss.harvard.edu,Bioplastics - Wyss Institute,2026-05-09 17:36:16,reliable,"domain wyss.harvard.edu has .edu or .ac, indicating an academic institution",,,,,
plastic,neutral,biodegradable plastics research,2,2,https://www.binghamton.edu/news/story/5671/binghamton-university-researchers-develop-process-to-turn-food-waste-into-biodegradable-plastic,binghamton.edu,Researchers turn food waste into biodegradable plastic,2026-05-09 17:36:34,reliable,"domain binghamton.edu has .edu or .ac, indicating an academic institution",,,,,
plastic,neutral,biodegradable plastics research,2,9,https://sites.dartmouth.edu/dujs/2013/03/02/biodegradable-plastic-its-promises-and-consequences/,sites.dartmouth.edu,Biodegradable Plastic: Its Promises and Consequences,2026-05-09 17:36:36,reliable,"domain sites.dartmouth.edu has .edu or .ac, indicating an academic institution",,,,,
plastic,neutral,biodegradable plastics research,3,8,https://news.berkeley.edu/2021/04/21/new-process-makes-biodegradable-plastics-truly-compostable/,news.berkeley.edu,New process makes 'biodegradable' plastics truly compostable,2026-05-09 17:36:50,reliable,"domain news.berkeley.edu has .edu or .ac, indicating an academic institution",,,,,
plastic,slanted,bioplastics environmental impact,1,9,https://www.colorado.edu/ecenter/2021/03/10/bioplastics-are-they-good-they-seem,colorado.edu,Bioplastics: are they as good as they seem?,2026-05-09 17:37:19,reliable,"domain colorado.edu has .edu or .ac, indicating an academic institution",,,,,
plastic,neutral,microplastics health research,1,1,https://med.stanford.edu/news/insights/2025/01/microplastics-in-body-polluted-tiny-plastic-fragments.html,med.stanford.edu,Microplastics and our health: What the science says,2026-05-09 17:38:06,reliable,"domain med.stanford.edu has .edu or .ac, indicating an academic institution",,,,,
plastic,neutral,microplastics health research,1,3,https://magazine.hms.harvard.edu/articles/microplastics-everywhere,magazine.hms.harvard.edu,Microplastics Everywhere | Harvard Medicine Magazine,2026-05-09 17:38:07,reliable,"domain magazine.hms.harvard.edu has .edu or .ac, indicating an academic institution",,,,,
plastic,neutral,microplastics health research,2,7,https://iee.psu.edu/news/blog/microplastics-sources-health-risks-and-how-protect-yourself,iee.psu.edu,"Microplastics: Sources, health risks, and how to protect yourself",2026-05-09 17:38:38,reliable,"domain iee.psu.edu has .edu or .ac, indicating an academic institution",,,,,
plastic,neutral,microplastics health research,3,2,https://today.duke.edu/2025/06/microplastics-are-everywhere-heres-what-duke-research-doing-about-health-concerns,today.duke.edu,Microplastics Are Everywhere. Here's What Duke Research Is ...,2026-05-09 17:38:51,reliable,"domain today.duke.edu has .edu or .ac, indicating an academic institution",,,,,
plastic,neutral,microplastics health research,3,6,https://hsph.harvard.edu/department/environmental-health/research/microplastics/,hsph.harvard.edu,Microplastics | Research,2026-05-09 17:38:52,reliable,"domain hsph.harvard.edu has .edu or .ac, indicating an academic institution",,,,,
plastic,slanted,microplastics human toxicity,1,2,https://med.stanford.edu/news/insights/2025/01/microplastics-in-body-polluted-tiny-plastic-fragments.html,med.stanford.edu,Microplastics and our health: What the science says,2026-05-09 17:39:06,reliable,"domain med.stanford.edu has .edu or .ac, indicating an academic institution",,,,,
plastic,slanted,microplastics human toxicity,1,8,https://magazine.hms.harvard.edu/articles/microplastics-everywhere,magazine.hms.harvard.edu,Microplastics Everywhere | Harvard Medicine Magazine,2026-05-09 17:39:11,reliable,"domain magazine.hms.harvard.edu has .edu or .ac, indicating an academic institution",,,,,
wind_energy,neutral,offshore wind farm research,3,7,https://marine.unh.edu/center-ocean-renewable-energy/projects/offshore-wind-energy,marine.unh.edu,Offshore Wind Energy | Center for Ocean Renewable Energy,2026-05-09 17:43:17,reliable,"domain marine.unh.edu has .edu or .ac, indicating an academic institution",,,,,
wind_energy,slanted,wind energy bird deaths,1,1,https://climate.mit.edu/ask-mit/do-wind-turbines-kill-birds,climate.mit.edu,Do wind turbines kill birds?,2026-05-09 17:43:30,reliable,"domain climate.mit.edu has .edu or .ac, indicating an academic institution",,,,,
wind_energy,slanted,wind energy bird deaths,1,2,https://e360.yale.edu/features/wind-turbine-bird-collision-solutions,e360.yale.edu,Birds vs. Wind Turbines: New Research Aims to Prevent ...,2026-05-09 17:43:31,reliable,"domain e360.yale.edu has .edu or .ac, indicating an academic institution",,,,,
wind_energy,slanted,wind energy bird deaths,3,7,https://thereader.mitpress.mit.edu/do-wind-turbines-kill-birds-and-other-climate-questions/,thereader.mitpress.mit.edu,Do Wind Turbines Kill Birds? (And Other Climate Questions),2026-05-09 17:44:24,reliable,"domain thereader.mitpress.mit.edu has .edu or .ac, indicating an academic institution",,,,,
wind_energy,neutral,wind power health effects,1,8,https://ehsrc.public-health.uiowa.edu/wp-content/uploads/2019/01/IEC_Wind_Health_Paper_2019_FINAL.pdf,ehsrc.public-health.uiowa.edu,WIND TURBINES AND HEALTH,2026-05-09 17:44:54,reliable,"domain ehsrc.public-health.uiowa.edu has .edu or .ac, indicating an academic institution",,,,,
wind_energy,slanted,wind turbine noise complaints,2,10,https://ui.adsabs.harvard.edu/abs/2013WiEng..37...97D/abstract,ui.adsabs.harvard.edu,"A Review of Wind Turbine Noise Perception, Annoyance ...",2026-05-09 17:46:14,reliable,"domain ui.adsabs.harvard.edu has .edu or .ac, indicating an academic institution",,,,,
biodiesel,slanted,biodiesel land use change,2,7,https://its.ucdavis.edu/blog/making-policy-absence-certainty-biofuels-and-land-use-change,its.ucdavis.edu,Making Policy in the Absence of Certainty: Biofuels and ...,2026-05-09 17:48:10,reliable,"domain its.ucdavis.edu has .edu or .ac, indicating an academic institution",,,,,
biodiesel,neutral,algae biofuel research,1,7,https://sites.nicholas.duke.edu/johnson/research/algal-biofuels/,sites.nicholas.duke.edu,MAGIC – Algal biofuels and food – Johnson Lab,2026-05-09 17:48:47,reliable,"domain sites.nicholas.duke.edu has .edu or .ac, indicating an academic institution",,,,,
biodiesel,neutral,algae biofuel research,2,5,https://wrrc.arizona.edu/arizona-algae,wrrc.arizona.edu,Arizona's Algae Biofuel Research Advances Understanding ...,2026-05-09 17:49:01,reliable,"domain wrrc.arizona.edu has .edu or .ac, indicating an academic institution",,,,,
biodiesel,neutral,algae biofuel research,2,10,https://ee.calpoly.edu/projects/algae-biofuel-interdisciplinary,ee.calpoly.edu,Algae Biofuel - Electrical Engineering - Cal Poly,2026-05-09 17:49:02,reliable,"domain ee.calpoly.edu has .edu or .ac, indicating an academic institution",,,,,
biodiesel,neutral,algae biofuel research,3,4,https://e360.yale.edu/digest/algae-biofuel-carbon-footprint,e360.yale.edu,Algae-Based Biofuel May Have Bigger Carbon Footprint ...,2026-05-09 17:49:14,reliable,"domain e360.yale.edu has .edu or .ac, indicating an academic institution",,,,,
artificial_intelligence,neutral,ai safety research,1,6,https://aisafety.stanford.edu/,aisafety.stanford.edu,Stanford Center for AI Safety,2026-05-09 17:50:45,reliable,"domain aisafety.stanford.edu has .edu or .ac, indicating an academic institution",,,,,
artificial_intelligence,slanted,ai existential risk,1,3,https://www.brookings.edu/articles/are-ai-existential-risks-real-and-what-should-we-do-about-them/,brookings.edu,Are AI existential risks real—and what should we do about ...,2026-05-09 17:51:26,reliable,"domain brookings.edu has .edu or .ac, indicating an academic institution",,,,,
artificial_intelligence,slanted,ai existential risk,1,7,https://web.stanford.edu/~chadj/existentialrisk.pdf,web.stanford.edu,The AI Dilemma: Growth versus Existential Risk,2026-05-09 17:51:29,reliable,"domain web.stanford.edu has .edu or .ac, indicating an academic institution",,,,,
artificial_intelligence,slanted,ai existential risk,2,9,https://www.itas.kit.edu/english/projects_heil24_seri2.php,itas.kit.edu,Uncontrollable artificial intelligence: An existential risk?,2026-05-09 17:51:54,reliable,"domain itas.kit.edu has .edu or .ac, indicating an academic institution",,,,,
artificial_intelligence,neutral,ai alignment effects,1,7,https://www.brookings.edu/articles/hype-and-harm-why-we-must-ask-harder-questions-about-ai-and-its-alignment-with-human-values/,brookings.edu,Hype and harm: Why we must ask harder questions about ...,2026-05-09 17:52:33,reliable,"domain brookings.edu has .edu or .ac, indicating an academic institution",,,,,
artificial_intelligence,neutral,ai alignment effects,2,9,https://hai.stanford.edu/news/challenge-aligning-ai-chatbots,hai.stanford.edu,The Challenge of Aligning AI ChatBots | Stanford HAI,2026-05-09 17:52:52,reliable,"domain hai.stanford.edu has .edu or .ac, indicating an academic institution",,,,,
artificial_intelligence,neutral,ai alignment effects,3,9,https://www.scu.edu/ethics/focus-areas/technology-ethics/resources/a-multilevel-framework-for-the-ai-alignment-problem/,scu.edu,A Multilevel Framework for the AI Alignment Problem,2026-05-09 17:53:06,reliable,"domain scu.edu has .edu or .ac, indicating an academic institution",,,,,
artificial_intelligence,slanted,ai uncontrolled intelligence,1,3,https://www.itas.kit.edu/english/rg_digit_heil24_seri2.php,itas.kit.edu,Uncontrollable artificial intelligence: An existential risk?,2026-05-09 17:53:19,reliable,"domain itas.kit.edu has .edu or .ac, indicating an academic institution",,,,,
artificial_intelligence,slanted,ai uncontrolled intelligence,3,2,https://www.hbs.edu/bigs/insights-ai-wealth-gap,hbs.edu,Unchecked Power of Big Tech Poses Risks as AI ...,2026-05-09 17:53:49,reliable,"domain hbs.edu has .edu or .ac, indicating an academic institution",,,,,
artificial_intelligence,neutral,ai ethics guidelines,1,7,https://library.educause.edu/resources/2025/6/ai-ethical-guidelines,library.educause.edu,AI Ethical Guidelines,2026-05-09 17:54:50,reliable,"domain library.educause.edu has .edu or .ac, indicating an academic institution",,,,,
artificial_intelligence,slanted,ai bias dangers,1,4,https://hai.stanford.edu/news/how-harmful-are-ais-biases-on-diverse-student-populations,hai.stanford.edu,How Harmful Are AI's Biases on Diverse Student Populations?,2026-05-09 17:55:40,reliable,"domain hai.stanford.edu has .edu or .ac, indicating an academic institution",,,,,
artificial_intelligence,slanted,ai bias dangers,2,1,https://mitsloanedtech.mit.edu/ai/basics/addressing-ai-hallucinations-and-bias/,mitsloanedtech.mit.edu,When AI Gets It Wrong: Addressing AI Hallucinations and ...,2026-05-09 17:55:55,reliable,"domain mitsloanedtech.mit.edu has .edu or .ac, indicating an academic institution",,,,,
artificial_intelligence,slanted,ai bias dangers,2,3,https://www.chapman.edu/ai/bias-in-ai.aspx,chapman.edu,Bias in AI,2026-05-09 17:55:56,reliable,"domain chapman.edu has .edu or .ac, indicating an academic institution",,,,,
gene_drives,slanted,gene drive ecological risks,2,6,https://digitalcommons.unl.edu/cgi/viewcontent.cgi?article=3659&context=icwdm_usdanwrc,digitalcommons.unl.edu,Leveraging eco-evolutionary models for gene drive risk ...,2026-05-09 17:57:49,reliable,"domain digitalcommons.unl.edu has .edu or .ac, indicating an academic institution",,,,,
gene_drives,neutral,crispr gene drive research,1,8,https://naes.unr.edu/research/project.aspx?GrantID=841,naes.unr.edu,Developing CRISPR-based gene drives for Lyme disease ...,2026-05-09 17:58:40,reliable,"domain naes.unr.edu has .edu or .ac, indicating an academic institution",,,,,
gene_drives,neutral,crispr gene drive research,2,2,https://www.media.mit.edu/articles/crispr-gene-drives-and-the-future-of-evolution/,media.mit.edu,CRISPR gene drives and the future of evolution,2026-05-09 17:58:53,reliable,"domain media.mit.edu has .edu or .ac, indicating an academic institution",,,,,
gene_drives,neutral,crispr gene drive research,2,3,https://wyss.harvard.edu/technology/gene-drives/,wyss.harvard.edu,Gene Drives - Wyss Institute,2026-05-09 17:58:54,reliable,"domain wyss.harvard.edu has .edu or .ac, indicating an academic institution",,,,,
gene_drives,neutral,crispr gene drive research,2,5,https://www.caltech.edu/about/news/a-new-crispr-driven-technology-for-gene-drive-in-plants,caltech.edu,A New CRISPR-Driven Technology for Gene Drive in Plants,2026-05-09 17:58:54,reliable,"domain caltech.edu has .edu or .ac, indicating an academic institution",,,,,
gene_drives,neutral,crispr gene drive research,3,6,https://healthcare.utah.edu/newsroom/news/2026/05/new-kind-of-crispr-could-treat-viral-infection-and-cancer-shredding-sick,healthcare.utah.edu,New Kind of CRISPR Could Treat Viral Infection and ...,2026-05-09 17:59:08,reliable,"domain healthcare.utah.edu has .edu or .ac, indicating an academic institution",,,,,
gene_drives,neutral,crispr gene drive research,3,10,https://news.cornell.edu/stories/2020/03/improved-crispr-gene-drive-solves-problems-old-tech,news.cornell.edu,Improved CRISPR gene drive solves problems of old tech,2026-05-09 17:59:10,reliable,"domain news.cornell.edu has .edu or .ac, indicating an academic institution",,,,,
gene_drives,slanted,gene drive extinction threat,1,7,https://www.brookings.edu/articles/rna-guided-gene-drives-guiding-us-towards-extinction-or-a-better-public-dialogue-around-science/,brookings.edu,RNA Guided Gene Drives: Guiding us Towards Extinction ...,2026-05-09 17:59:30,reliable,"domain brookings.edu has .edu or .ac, indicating an academic institution",,,,,
gene_drives,slanted,gene drive extinction threat,2,5,https://scholarship.law.unc.edu/cgi/viewcontent.cgi?article=6741&context=nclr,scholarship.law.unc.edu,Governing Extinction in the Era of Gene Editing,2026-05-09 17:59:50,reliable,"domain scholarship.law.unc.edu has .edu or .ac, indicating an academic institution",,,,,
gene_drives,slanted,gene drive extinction threat,3,8,https://cnr.ncsu.edu/news/2019/06/could-genetic-engineering-help-save-endangered-species/,cnr.ncsu.edu,Could Genetic Engineering Help Save Endangered Species?,2026-05-09 18:00:04,reliable,"domain cnr.ncsu.edu has .edu or .ac, indicating an academic institution",,,,,
gene_drives,slanted,selfish genetic elements danger,1,7,https://news.ucsc.edu/2025/05/selfish-genintroners-proven-major-source-of-genetic-complexity/,news.ucsc.edu,'Selfish' genes called introners proven to be a major source ...,2026-05-09 18:01:32,reliable,"domain news.ucsc.edu has .edu or .ac, indicating an academic institution",,,,,
gene_drives,slanted,selfish genetic elements danger,2,8,https://www.rochester.edu/newscenter/selfish-genetic-element-segregation-distorter-supergene-525992/,rochester.edu,'Supergene' wreaks havoc in a genome,2026-05-09 18:01:48,reliable,"domain rochester.edu has .edu or .ac, indicating an academic institution",,,,,
gene_drives,slanted,selfish genetic elements danger,3,10,https://read.dukeupress.edu/environmental-humanities/article/13/2/348/235001/The-Less-Selfish-GeneForest-Altruism-Neoliberalism,read.dukeupress.edu,The Less Selfish Gene | Environmental Humanities,2026-05-09 18:02:03,reliable,"domain read.dukeupress.edu has .edu or .ac, indicating an academic institution",,,,,
synthetic_biology,neutral,synthetic biology facts,2,1,https://syntheticbiology.northwestern.edu/about-us/synthetic-biology-101/,syntheticbiology.northwestern.edu,Synthetic Biology 101,2026-05-09 18:02:48,reliable,"domain syntheticbiology.northwestern.edu has .edu or .ac, indicating an academic institution",,,,,
synthetic_biology,slanted,synthetic biology bioweapons,1,10,https://inss.ndu.edu/Media/News/Article/4250380/bold-new-bioweapons-part-1-the-burdens-of-detection-and-attribution/,inss.ndu.edu,Bold New Bioweapons: Part 1 — The Burdens of Detection ...,2026-05-09 18:03:23,reliable,"domain inss.ndu.edu has .edu or .ac, indicating an academic institution",,,,,
synthetic_biology,slanted,synthetic biology bioweapons,2,2,https://law.stanford.edu/wp-content/uploads/2021/12/FINAL-ROUND_Leach-1.pdf,law.stanford.edu,Synthetic Biology & the Biological Weapons Convention,2026-05-09 18:03:35,reliable,"domain law.stanford.edu has .edu or .ac, indicating an academic institution",,,,,
synthetic_biology,slanted,synthetic biology bioweapons,2,5,https://ctc.westpoint.edu/engineered-pathogens-and-unnatural-biological-weapons-the-future-threat-of-synthetic-biology/,ctc.westpoint.edu,Engineered Pathogens and Unnatural Biological Weapons,2026-05-09 18:03:36,reliable,"domain ctc.westpoint.edu has .edu or .ac, indicating an academic institution",,,,,
synthetic_biology,slanted,synthetic biology bioweapons,2,7,https://gjia.georgetown.edu/science-technology/deterrence-in-the-age-of-weaponizable-biotechnology/,gjia.georgetown.edu,Deterrence in the Age of Weaponizable Biotechnology,2026-05-09 18:03:37,reliable,"domain gjia.georgetown.edu has .edu or .ac, indicating an academic institution",,,,,
synthetic_biology,slanted,synthetic biology bioweapons,3,3,https://cjil.uchicago.edu/print-archive/two-terribles-day-without-space-and-ai-enabled-synthetic-biological-weapons,cjil.uchicago.edu,A Day Without Space and AI Enabled Synthetic Biological ...,2026-05-09 18:03:49,reliable,"domain cjil.uchicago.edu has .edu or .ac, indicating an academic institution",,,,,
synthetic_biology,neutral,genetic engineering research,2,10,https://libguides.northwestern.edu/geneng,libguides.northwestern.edu,Resources - Genetic Engineering,2026-05-09 18:04:33,reliable,"domain libguides.northwestern.edu has .edu or .ac, indicating an academic institution",,,,,
synthetic_biology,neutral,genetic engineering research,3,8,https://ai.umich.edu/blog-posts/genetic-engineering-how-crispr-is-revolutionizing-medicine-conservation-and-research/,ai.umich.edu,Genetic Engineering: How CRISPR is revolutionizing ...,2026-05-09 18:04:46,reliable,"domain ai.umich.edu has .edu or .ac, indicating an academic institution",,,,,
synthetic_biology,neutral,genetic engineering research,3,10,https://news.mit.edu/topic/genetic-engineering,news.mit.edu,Genetic engineering,2026-05-09 18:04:48,reliable,"domain news.mit.edu has .edu or .ac, indicating an academic institution",,,,,
synthetic_biology,slanted,designer babies ethics,1,1,https://petrieflom.law.harvard.edu/2024/03/11/designer-babies-the-ethical-and-regulatory-implications-of-polygenic-embryo-screening/,petrieflom.law.harvard.edu,Designer Babies? The Ethical and Regulatory Implications ...,2026-05-09 18:05:04,reliable,"domain petrieflom.law.harvard.edu has .edu or .ac, indicating an academic institution",,,,,
synthetic_biology,slanted,designer babies ethics,1,3,https://embryo.asu.edu/pages/ethics-designer-babies,embryo.asu.edu,Ethics of Designer Babies | Embryo Project Encyclopedia,2026-05-09 18:05:06,reliable,"domain embryo.asu.edu has .edu or .ac, indicating an academic institution",,,,,
synthetic_biology,slanted,designer babies ethics,1,8,https://digitalcommons.augustana.edu/cgi/viewcontent.cgi?article=1032&context=ethicscontest,digitalcommons.augustana.edu,The Ethicality of Gene Alteration In Human Embryos,2026-05-09 18:05:24,reliable,"domain digitalcommons.augustana.edu has .edu or .ac, indicating an academic institution",,,,,
synthetic_biology,slanted,designer babies ethics,2,6,https://med.nyu.edu/departments-institutes/population-health/divisions-sections-centers/medical-ethics/sites/default/files/medical-ethics-sex-selection-genetic-analysis.pdf,med.nyu.edu,"Sex Selection, Genetic Analysis, and Designer Babies",2026-05-09 18:05:37,reliable,"domain med.nyu.edu has .edu or .ac, indicating an academic institution",,,,,
synthetic_biology,slanted,designer babies ethics,2,8,https://morgantonscientific.ncssm.edu/articles/xgky2283,morgantonscientific.ncssm.edu,Designer Babies A Tale of Horrific Immoralities,2026-05-09 18:05:38,reliable,"domain morgantonscientific.ncssm.edu has .edu or .ac, indicating an academic institution",,,,,
synthetic_biology,slanted,designer babies ethics,2,9,https://journals.tulane.edu/ncs/article/view/3785,journals.tulane.edu,Evaluating the Ethics of Human Gene Editing,2026-05-09 18:05:38,reliable,"domain journals.tulane.edu has .edu or .ac, indicating an academic institution",,,,,
synthetic_biology,slanted,designer babies ethics,3,1,https://journals.tulane.edu/ncs/article/view/3785,journals.tulane.edu,Evaluating the Ethics of Human Gene Editing,2026-05-09 18:05:49,reliable,"domain journals.tulane.edu has .edu or .ac, indicating an academic institution",,,,,
synthetic_biology,slanted,garage biology risks,1,5,https://www.brookings.edu/articles/do-it-yourself-biology-shows-safety-risks-of-an-open-innovation-movement/,brookings.edu,Do-it-yourself biology shows safety risks of an open ...,2026-05-09 18:07:20,reliable,"domain brookings.edu has .edu or .ac, indicating an academic institution",,,,,
synthetic_biology,slanted,garage biology risks,3,3,https://alumni.berkeley.edu/california-magazine/online/do-it-yourself-biology-messing-around-dna-increasingly-garage/,alumni.berkeley.edu,Do-It-Yourself Biology? Messing Around with DNA ...,2026-05-09 18:07:54,reliable,"domain alumni.berkeley.edu has .edu or .ac, indicating an academic institution",,,,,
synthetic_biology,slanted,garage biology risks,3,10,https://publikationen.bibliothek.kit.edu/1000179263/157141898,publikationen.bibliothek.kit.edu,DIY bio(techno)logy - actors and perspektives. Chapter VI. ...,2026-05-09 18:07:56,reliable,"domain publikationen.bibliothek.kit.edu has .edu or .ac, indicating an academic institution",,,,,
nanotechnology,neutral,nanotechnology medical impact,3,2,https://engineeringonline.ucr.edu/blog/nanotechnology-in-medicine/,engineeringonline.ucr.edu,Major Nanomaterials Use Cases in Medicine,2026-05-09 18:08:48,reliable,"domain engineeringonline.ucr.edu has .edu or .ac, indicating an academic institution",,,,,
nanotechnology,slanted,nanotech environmental impact,1,4,https://ceint.duke.edu/index.html,ceint.duke.edu,Center for the Environmental Implications of NanoTechnology,2026-05-09 18:10:53,reliable,"domain ceint.duke.edu has .edu or .ac, indicating an academic institution",,,,,
nanotechnology,slanted,nanotech environmental impact,2,10,https://e360.yale.edu/features/nanotech_the_unknown_risks,e360.yale.edu,Nanotech: The Unknown Risks,2026-05-09 18:11:23,reliable,"domain e360.yale.edu has .edu or .ac, indicating an academic institution",,,,,
nanotechnology,slanted,nanotech environmental impact,3,4,https://news.wisc.edu/nanotechs-health-environment-impacts-worry-scientists/,news.wisc.edu,"Nanotech's health, environment impacts worry scientists",2026-05-09 18:11:34,reliable,"domain news.wisc.edu has .edu or .ac, indicating an academic institution",,,,,
nanotechnology,slanted,nanotech environmental impact,3,7,https://www.academia.edu/78799636/Impact_of_Nanotechnology_on_Environment,academia.edu,(PDF) Impact of Nanotechnology on Environment,2026-05-09 18:11:35,reliable,"domain academia.edu has .edu or .ac, indicating an academic institution",,,,,
nanotechnology,slanted,nanoparticle lung disease,2,7,https://ui.adsabs.harvard.edu/abs/2021Toxic...9..204F/abstract,ui.adsabs.harvard.edu,Relationship between Occupational Exposure to Airborne ...,2026-05-09 18:13:26,reliable,"domain ui.adsabs.harvard.edu has .edu or .ac, indicating an academic institution",,,,,
quantum_computing,neutral,quantum computing cryptography,1,5,https://cs.stanford.edu/people/eroberts/courses/soco/projects/2004-05/cryptography/quantum.html,cs.stanford.edu,Quantum cryptography,2026-05-09 18:14:06,reliable,"domain cs.stanford.edu has .edu or .ac, indicating an academic institution",,,,,
quantum_computing,neutral,quantum computing cryptography,2,10,https://it.umd.edu/security-privacy-audit-risk-and-compliance-services-sparcs/topic-week/quantum-computing-how-it-changes-encryption-we-know-it,it.umd.edu,Quantum Computing - How it Changes Encryption as We ...,2026-05-09 18:14:38,reliable,"domain it.umd.edu has .edu or .ac, indicating an academic institution",,,,,
quantum_computing,neutral,quantum computing cryptography,3,2,https://scienceexchange.caltech.edu/topics/quantum-science-explained/quantum-cryptography,scienceexchange.caltech.edu,How Will Quantum Technologies Change Cryptography?,2026-05-09 18:14:49,reliable,"domain scienceexchange.caltech.edu has .edu or .ac, indicating an academic institution",,,,,
quantum_computing,neutral,quantum ai research,3,6,https://researchimpact.caltech.edu/ai-quantum-computing,researchimpact.caltech.edu,AI and Quantum Computing - Research Impact - Caltech,2026-05-09 18:19:02,reliable,"domain researchimpact.caltech.edu has .edu or .ac, indicating an academic institution",,,,,
quantum_computing,slanted,quantum computing dangers,2,7,https://www.american.edu/sis/centers/security-technology/quantum-computers.cfm,american.edu,"Quantum Computers: Opportunities, Risks, and Challenges ...",2026-05-09 18:20:03,reliable,"domain american.edu has .edu or .ac, indicating an academic institution",,,,,
lab_grown_meat,slanted,lab meat health risks,2,3,https://thewell.northwell.edu/culturally-relevant-stories/synthetic-meat-safety,thewell.northwell.edu,Lab-Grown Meat: Is It Safe To Eat? - The Well by Northwell,2026-05-09 18:22:09,reliable,"domain thewell.northwell.edu has .edu or .ac, indicating an academic institution",,,,,
lab_grown_meat,neutral,cellular agriculture research,1,5,https://cellularagriculture.tufts.edu/research,cellularagriculture.tufts.edu,Research | Tufts University Center for Cellular Agriculture,2026-05-09 18:22:42,reliable,"domain cellularagriculture.tufts.edu has .edu or .ac, indicating an academic institution",,,,,
lab_grown_meat,slanted,test tube meat dangers,2,1,https://thewell.northwell.edu/culturally-relevant-stories/synthetic-meat-safety,thewell.northwell.edu,Lab-Grown Meat: Is It Safe To Eat? - The Well by Northwell,2026-05-09 18:23:57,reliable,"domain thewell.northwell.edu has .edu or .ac, indicating an academic institution",,,,,
lab_grown_meat,slanted,test tube meat dangers,2,4,https://www.ucdavis.edu/food/news/lab-grown-meat-carbon-footprint-worse-beef,ucdavis.edu,Lab-Grown Meat Potentially Worse For The Climate Than ...,2026-05-09 18:23:58,reliable,"domain ucdavis.edu has .edu or .ac, indicating an academic institution",,,,,
lab_grown_meat,neutral,clean meat environmental impact,3,9,https://woods.stanford.edu/news/meats-environmental-impact,woods.stanford.edu,Meat's Environmental Impact,2026-05-09 18:25:11,reliable,"domain woods.stanford.edu has .edu or .ac, indicating an academic institution",,,,,
lab_grown_meat,slanted,fake meat processing risks,1,2,https://hsph.harvard.edu/news/the-bottom-line-on-fake-meat-and-health/,hsph.harvard.edu,The bottom line on fake meat and health,2026-05-09 18:25:24,reliable,"domain hsph.harvard.edu has .edu or .ac, indicating an academic institution",,,,,
3d_printing,neutral,3d printed organs facts,1,2,https://seas.harvard.edu/news/3d-printed-blood-vessels-bring-artificial-organs-closer-reality,seas.harvard.edu,3D-printed blood vessels bring artificial organs closer to reality,2026-05-09 18:26:30,reliable,"domain seas.harvard.edu has .edu or .ac, indicating an academic institution",,,,,
3d_printing,neutral,3d printed organs facts,2,2,https://news.stanford.edu/stories/2025/06/blood-vessels-3d-printed-heart-organs,news.stanford.edu,Designing blood vessels for 3D printed hearts - Stanford Report,2026-05-09 18:26:58,reliable,"domain news.stanford.edu has .edu or .ac, indicating an academic institution",,,,,
3d_printing,neutral,3d printed organs facts,2,3,https://www.psu.edu/impact/story/3d-bioprinting-revolutionizing-healthcare/,psu.edu,3D Bioprinting: Revolutionizing Healthcare,2026-05-09 18:26:58,reliable,"domain psu.edu has .edu or .ac, indicating an academic institution",,,,,
3d_printing,neutral,3d printed organs facts,2,10,https://illumin.usc.edu/3d-printed-organs/,illumin.usc.edu,3D Printed Organs,2026-05-09 18:27:00,reliable,"domain illumin.usc.edu has .edu or .ac, indicating an academic institution",,,,,
3d_printing,neutral,3d printed organs facts,3,8,https://wyss.harvard.edu/technology/3d-bioprinting/,wyss.harvard.edu,3D Bioprinting of Living Tissues - Wyss Institute,2026-05-09 18:27:14,reliable,"domain wyss.harvard.edu has .edu or .ac, indicating an academic institution",,,,,
3d_printing,slanted,3d printing bioprinting risks,1,8,https://bioprinting.psu.edu/resources/legal-and-regulatory-considerations-for-3d-bioprinting,bioprinting.psu.edu,Legal and Regulatory Considerations for 3D Bioprinting,2026-05-09 18:28:48,reliable,"domain bioprinting.psu.edu has .edu or .ac, indicating an academic institution",,,,,
3d_printing,neutral,additive manufacturing research,3,9,https://engineering.cmu.edu/mfi/research/additive-manufacturing.html,engineering.cmu.edu,Additive manufacturing,2026-05-09 18:30:06,reliable,"domain engineering.cmu.edu has .edu or .ac, indicating an academic institution",,,,,
3d_printing,slanted,3d printed gun dangers,1,3,https://law.yale.edu/sites/default/files/area/center/justice/yale_regulate-3dguns_infographic_v4_08.13.21.pdf,law.yale.edu,Dangers of 3D-printed ghost guns,2026-05-09 18:30:23,reliable,"domain law.yale.edu has .edu or .ac, indicating an academic institution",,,,,
3d_printing,slanted,3d printed gun dangers,1,4,https://www.middlebury.edu/institute/academics/centers-initiatives/ctec/ctec-publications/3d-printed-guns-and-school-safety-evolution,middlebury.edu,3D-Printed Guns and School Safety: The Evolution of a ...,2026-05-09 18:30:23,reliable,"domain middlebury.edu has .edu or .ac, indicating an academic institution",,,,,
3d_printing,slanted,3d printed gun dangers,3,10,https://wvutoday.wvu.edu/media-center-blog/2018/08/01/expert-pitch-wvu-expert-says-people-3d-printing-guns-put-themselves-at-risk,wvutoday.wvu.edu,WVU expert says people 3D-printing guns put themselves at risk,2026-05-09 18:30:54,reliable,"domain wvutoday.wvu.edu has .edu or .ac, indicating an academic institution",,,,,
3d_printing,slanted,3d printing toxic emissions,2,4,https://ehs.osu.edu/kb/3d-printer-safety,ehs.osu.edu,3D Printer Safety,2026-05-09 18:33:00,reliable,"domain ehs.osu.edu has .edu or .ac, indicating an academic institution",,,,,
3d_printing,slanted,3d printing toxic emissions,2,8,https://cos.gatech.edu/news/particles-emitted-consumer-3d-printers-could-hurt-indoor-air-quality,cos.gatech.edu,Particles Emitted by Consumer 3D Printers Could Hurt ...,2026-05-09 18:33:00,reliable,"domain cos.gatech.edu has .edu or .ac, indicating an academic institution",,,,,
autonomous_vehicles,slanted,autonomous vehicle accidents,2,2,https://www.brookings.edu/articles/setting-the-standard-of-liability-for-self-driving-cars/,brookings.edu,Setting the standard of liability for self-driving cars,2026-05-09 18:34:56,reliable,"domain brookings.edu has .edu or .ac, indicating an academic institution",,,,,
autonomous_vehicles,slanted,autonomous vehicle accidents,2,8,https://www.library.hbs.edu/working-knowledge/why-people-blame-self-driving-cars-more-than-human-drivers,library.hbs.edu,Why People Blame Self-Driving Cars More Than Human Drivers,2026-05-09 18:34:58,reliable,"domain library.hbs.edu has .edu or .ac, indicating an academic institution",,,,,
autonomous_vehicles,neutral,autonomous trucking impact,2,7,https://laborcenter.berkeley.edu/driverless/,laborcenter.berkeley.edu,Driverless? Autonomous Trucks and the Future of the ...,2026-05-09 18:35:55,reliable,"domain laborcenter.berkeley.edu has .edu or .ac, indicating an academic institution",,,,,
autonomous_vehicles,slanted,self driving truck dangers,3,7,https://www.brookings.edu/articles/the-evolving-safety-and-policy-challenges-of-self-driving-cars/,brookings.edu,The evolving safety and policy challenges of self-driving cars,2026-05-09 18:36:59,reliable,"domain brookings.edu has .edu or .ac, indicating an academic institution",,,,,
autonomous_vehicles,slanted,driverless car hacking risks,1,1,https://cse.engin.umich.edu/stories/protecting-connected-self-driving-vehicles-from-hackers,cse.engin.umich.edu,"Protecting connected, self-driving vehicles from hackers",2026-05-09 18:38:12,reliable,"domain cse.engin.umich.edu has .edu or .ac, indicating an academic institution",,,,,
autonomous_vehicles,slanted,driverless car hacking risks,1,4,https://www.tesu.edu/about/blog/2020/should-we-be-worried-about-the-hacking-of-autonomous-vehicles.php,tesu.edu,Should We Be Worried About the Hacking of Autonomous ...,2026-05-09 18:38:13,reliable,"domain tesu.edu has .edu or .ac, indicating an academic institution",,,,,
autonomous_vehicles,slanted,driverless car hacking risks,3,4,https://news.fiu.edu/2023/how-ai-will-protect-your-car-and-your-privacy,news.fiu.edu,Protecting your self-driving car - and your privacy,2026-05-09 18:38:54,reliable,"domain news.fiu.edu has .edu or .ac, indicating an academic institution",,,,,
autonomous_vehicles,slanted,driverless car hacking risks,3,9,https://news.northeastern.edu/2026/02/18/connected-cars-hacking-research/,news.northeastern.edu,"Connected cars can be hacked, research finds",2026-05-09 18:38:55,reliable,"domain news.northeastern.edu has .edu or .ac, indicating an academic institution",,,,,
cryptocurrency,slanted,cryptocurrency environmental damage,1,6,https://hsph.harvard.edu/news/bitcoin-mining-increases-levels-of-air-pollution-harmful-to-human-health/,hsph.harvard.edu,Bitcoin mining increases levels of air pollution harmful to ...,2026-05-09 18:40:22,reliable,"domain hsph.harvard.edu has .edu or .ac, indicating an academic institution",,,,,
cryptocurrency,slanted,cryptocurrency environmental damage,3,1,https://unu.edu/press-release/un-study-reveals-hidden-environmental-impacts-bitcoin-carbon-not-only-harmful-product,unu.edu,UN Study Reveals the Hidden Environmental Impacts of ...,2026-05-09 18:42:24,reliable,"domain unu.edu has .edu or .ac, indicating an academic institution",,,,,
cryptocurrency,slanted,cryptocurrency environmental damage,3,4,https://grc.berkeley.edu/the-sustainability-of-bitcoin-and-its-impact-on-the-environment/,grc.berkeley.edu,The Sustainability of Bitcoin and its Impact on ...,2026-05-09 18:42:25,reliable,"domain grc.berkeley.edu has .edu or .ac, indicating an academic institution",,,,,
cryptocurrency,neutral,crypto mining energy use,2,8,https://bfi.uchicago.edu/insight/research-summary/when-cryptomining-comes-to-town-high-electricity-use-spillovers-to-the-local-economy/,bfi.uchicago.edu,When Cryptomining Comes to Town: High Electricity-Use ...,2026-05-09 18:43:07,reliable,"domain bfi.uchicago.edu has .edu or .ac, indicating an academic institution",,,,,
cryptocurrency,neutral,crypto mining energy use,3,8,https://unu.edu/press-release/un-study-reveals-hidden-environmental-impacts-bitcoin-carbon-not-only-harmful-product,unu.edu,UN Study Reveals the Hidden Environmental Impacts of ...,2026-05-09 18:43:17,reliable,"domain unu.edu has .edu or .ac, indicating an academic institution",,,,,
cryptocurrency,slanted,bitcoin carbon footprint,1,2,https://ceepr.mit.edu/wp-content/uploads/2021/09/2018-018.pdf,ceepr.mit.edu,The Carbon Footprint of Bitcoin,2026-05-09 18:43:28,reliable,"domain ceepr.mit.edu has .edu or .ac, indicating an academic institution",,,,,
cryptocurrency,slanted,bitcoin carbon footprint,1,9,https://unu.edu/press-release/un-study-reveals-hidden-environmental-impacts-bitcoin-carbon-not-only-harmful-product,unu.edu,UN Study Reveals the Hidden Environmental Impacts of ...,2026-05-09 18:43:42,reliable,"domain unu.edu has .edu or .ac, indicating an academic institution",,,,,
cryptocurrency,slanted,bitcoin carbon footprint,3,1,https://ceepr.mit.edu/workingpaper/the-carbon-footprint-of-bitcoin/,ceepr.mit.edu,The Carbon Footprint of Bitcoin,2026-05-09 18:43:57,reliable,"domain ceepr.mit.edu has .edu or .ac, indicating an academic institution",,,,,
cryptocurrency,neutral,cryptocurrency financial inclusion,1,4,https://www.brookings.edu/articles/debunking-the-narratives-about-cryptocurrency-and-financial-inclusion/,brookings.edu,Debunking the narratives about cryptocurrency and ...,2026-05-09 18:44:18,reliable,"domain brookings.edu has .edu or .ac, indicating an academic institution",,,,,
cryptocurrency,neutral,cryptocurrency financial inclusion,1,7,https://www.sipa.columbia.edu/sipa-education/capstone-workshops/cryptocurrency-and-unbankedunderbanked-world,sipa.columbia.edu,Cryptocurrency and the Unbanked/Underbanked in the World,2026-05-09 18:44:20,reliable,"domain sipa.columbia.edu has .edu or .ac, indicating an academic institution",,,,,
cryptocurrency,neutral,cryptocurrency financial inclusion,2,6,https://msb.georgetown.edu/news-story/research-and-insights/the-edge-from-bitcoin-to-banking-the-rise-of-crypto/,msb.georgetown.edu,The Edge: From Bitcoin to Banking: The Rise of Crypto,2026-05-09 18:44:37,reliable,"domain msb.georgetown.edu has .edu or .ac, indicating an academic institution",,,,,
blockchain,neutral,decentralized finance research,2,7,https://www.gatech.edu/news/2025/05/08/decentralized-finance-booming-so-are-security-risks,gatech.edu,Decentralized Finance is Booming — So Are the Security ...,2026-05-09 18:49:18,reliable,"domain gatech.edu has .edu or .ac, indicating an academic institution",,,,,
blockchain,slanted,defi hacking risks,3,8,https://www.gatech.edu/news/2025/05/08/decentralized-finance-booming-so-are-security-risks,gatech.edu,Decentralized Finance is Booming — So Are the Security ...,2026-05-09 18:50:13,reliable,"domain gatech.edu has .edu or .ac, indicating an academic institution",,,,,
social_media,neutral,instagram mental health research,2,10,https://health.ucdavis.edu/blog/cultivating-health/social-medias-impact-our-mental-health-and-tips-to-use-it-safely/2024/05,health.ucdavis.edu,Social media's impact on our mental health and tips to use ...,2026-05-09 18:50:49,reliable,"domain health.ucdavis.edu has .edu or .ac, indicating an academic institution",,,,,
social_media,neutral,instagram mental health research,3,8,https://digitalcommons.unf.edu/cgi/viewcontent.cgi?article=1026&context=pandion_unf,digitalcommons.unf.edu,#selfcare on Instagram: Proactive Mental Health Has Its Moment,2026-05-09 18:50:58,reliable,"domain digitalcommons.unf.edu has .edu or .ac, indicating an academic institution",,,,,
social_media,slanted,social media depression link,1,4,https://law.stanford.edu/2024/05/20/social-media-addiction-and-mental-health-the-growing-concern-for-youth-well-being/,law.stanford.edu,Social Media Addiction and Mental Health: The Growing ...,2026-05-09 18:51:12,reliable,"domain law.stanford.edu has .edu or .ac, indicating an academic institution",,,,,
social_media,slanted,social media depression link,2,8,https://www.ucsf.edu/news/2025/05/430011/yes-social-media-might-be-making-kids-depressed,ucsf.edu,"Yes, Social Media Might Be Making Kids Depressed",2026-05-09 18:51:28,reliable,"domain ucsf.edu has .edu or .ac, indicating an academic institution",,,,,
social_media,slanted,social media depression link,3,1,https://www.utsouthwestern.edu/newsroom/articles/year-2025/march-social-media-youth-depression.html,utsouthwestern.edu,Social media may heighten depression severity in youth,2026-05-09 18:51:35,reliable,"domain utsouthwestern.edu has .edu or .ac, indicating an academic institution",,,,,
social_media,slanted,social media depression link,3,3,https://health.ucdavis.edu/blog/cultivating-health/social-medias-impact-our-mental-health-and-tips-to-use-it-safely/2024/05,health.ucdavis.edu,Social media's impact on our mental health and tips to use ...,2026-05-09 18:51:35,reliable,"domain health.ucdavis.edu has .edu or .ac, indicating an academic institution",,,,,
social_media,slanted,social media depression link,3,5,https://mitsloan.mit.edu/ideas-made-to-matter/study-social-media-use-linked-to-decline-mental-health,mitsloan.mit.edu,Study: Social media use linked to decline in mental health,2026-05-09 18:51:36,reliable,"domain mitsloan.mit.edu has .edu or .ac, indicating an academic institution",,,,,
social_media,neutral,tiktok algorithm study,1,3,https://research.gatech.edu/new-study-could-show-how-tiktoks-algorithm-affects-youth-mental-health,research.gatech.edu,New Study Could Show How TikTok's Algorithm Affects ...,2026-05-09 18:51:54,reliable,"domain research.gatech.edu has .edu or .ac, indicating an academic institution",,,,,
social_media,neutral,tiktok algorithm study,1,6,https://www.hbs.edu/faculty/Pages/item.aspx?num=64984,hbs.edu,TikTok: The Algorithm Will See You Now - Case,2026-05-09 18:52:00,reliable,"domain hbs.edu has .edu or .ac, indicating an academic institution",,,,,
social_media,neutral,tiktok algorithm study,2,6,https://digitalcommons.lib.uconn.edu/cgi/viewcontent.cgi?article=2104&context=srhonors_theses,digitalcommons.lib.uconn.edu,The Mathematics Behind TikTok's Short-Form Content ...,2026-05-09 18:52:09,reliable,"domain digitalcommons.lib.uconn.edu has .edu or .ac, indicating an academic institution",,,,,
social_media,neutral,tiktok algorithm study,2,9,https://news.web.baylor.edu/news/story/2025/why-tiktok-keeps-you-scrolling-baylor-research-explains-science-behind-social-media,news.web.baylor.edu,Why TikTok Keeps You Scrolling: Baylor Research ...,2026-05-09 18:52:10,reliable,"domain news.web.baylor.edu has .edu or .ac, indicating an academic institution",,,,,
social_media,neutral,tiktok algorithm study,3,2,https://www.washington.edu/news/2024/04/24/tiktok-black-box-algorithm-and-design-user-behavior-recommendation/,washington.edu,Q&A: How TikTok's 'black box' algorithm and design shape ...,2026-05-09 18:52:16,reliable,"domain washington.edu has .edu or .ac, indicating an academic institution",,,,,
social_media,slanted,tiktok addiction risks,1,8,https://petrieflom.law.harvard.edu/2024/10/30/tiktok-tobacco-and-addiction-oh-my/,petrieflom.law.harvard.edu,"TikTok, Tobacco, and Addiction, Oh My!",2026-05-09 18:52:35,reliable,"domain petrieflom.law.harvard.edu has .edu or .ac, indicating an academic institution",,,,,
social_media,slanted,tiktok addiction risks,3,7,https://sites.brown.edu/publichealthjournal/2021/12/13/tiktok/,sites.brown.edu,What Makes TikTok so Addictive?: An Analysis of the ...,2026-05-09 18:52:52,reliable,"domain sites.brown.edu has .edu or .ac, indicating an academic institution",,,,,
social_media,neutral,facebook misinformation research,1,3,https://www.jou.ufl.edu/insights/spreading-misinformation-with-careless-sharing/,jou.ufl.edu,Spreading Misinformation with Careless Sharing,2026-05-09 18:53:10,reliable,"domain jou.ufl.edu has .edu or .ac, indicating an academic institution",,,,,
social_media,neutral,facebook misinformation research,1,4,https://www.uoc.edu/en/news/2025/fake-news-and-polarization-on-facebook,uoc.edu,Fake news on Facebook on the rise,2026-05-09 18:53:11,reliable,"domain uoc.edu has .edu or .ac, indicating an academic institution",,,,,
social_media,neutral,facebook misinformation research,1,9,https://insights.som.yale.edu/insights/how-social-media-rewards-misinformation,insights.som.yale.edu,How Social Media Rewards Misinformation | Yale Insights,2026-05-09 18:53:14,reliable,"domain insights.som.yale.edu has .edu or .ac, indicating an academic institution",,,,,
social_media,neutral,facebook misinformation research,2,3,https://mitsloan.mit.edu/ideas-made-to-matter/mit-sloan-research-about-social-media-misinformation-and-elections,mitsloan.mit.edu,"MIT Sloan research about social media, misinformation, ...",2026-05-09 18:53:21,reliable,"domain mitsloan.mit.edu has .edu or .ac, indicating an academic institution",,,,,
social_media,neutral,facebook misinformation research,2,5,https://www.hbs.edu/faculty/Pages/item.aspx?num=57026,hbs.edu,"Fixing Facebook: Fake News, Privacy, and Platform ...",2026-05-09 18:53:22,reliable,"domain hbs.edu has .edu or .ac, indicating an academic institution",,,,,
social_media,neutral,facebook misinformation research,2,7,https://www.asc.upenn.edu/news-events/news/new-study-uncovers-how-information-spread-facebook-lead-and-after-2020-election,asc.upenn.edu,A New Study Uncovers How Information Spread on Facebook ...,2026-05-09 18:53:22,reliable,"domain asc.upenn.edu has .edu or .ac, indicating an academic institution",,,,,
social_media,neutral,facebook misinformation research,2,8,https://stories.tamu.edu/news/2023/06/30/visual-misinformation-is-widespread-on-facebook-and-often-undercounted-by-researchers/,stories.tamu.edu,Visual Misinformation Is Widespread On Facebook,2026-05-09 18:53:23,reliable,"domain stories.tamu.edu has .edu or .ac, indicating an academic institution",,,,,
social_media,neutral,facebook misinformation research,2,10,https://www.trails.umd.edu/news/new-research-reveals-weakness-in-facebooks-fake-news-policies,trails.umd.edu,New Research Reveals Weakness In Facebook's Fake News ...,2026-05-09 18:53:23,reliable,"domain trails.umd.edu has .edu or .ac, indicating an academic institution",,,,,
social_media,neutral,facebook misinformation research,3,1,https://www.trails.umd.edu/news/new-research-reveals-weakness-in-facebooks-fake-news-policies,trails.umd.edu,New Research Reveals Weakness In Facebook's Fake News ...,2026-05-09 18:53:30,reliable,"domain trails.umd.edu has .edu or .ac, indicating an academic institution",,,,,
social_media,neutral,facebook misinformation research,3,2,https://today.usc.edu/usc-study-reveals-the-key-reason-why-fake-news-spreads-on-social-media/,today.usc.edu,Study reveals key reason why fake news spreads on social ...,2026-05-09 18:53:30,reliable,"domain today.usc.edu has .edu or .ac, indicating an academic institution",,,,,
social_media,neutral,facebook misinformation research,3,3,https://engineering.nyu.edu/news/we-research-misinformation-facebook-it-just-disabled-our-accounts,engineering.nyu.edu,"We research misinformation on Facebook, it just disabled our ...",2026-05-09 18:53:30,reliable,"domain engineering.nyu.edu has .edu or .ac, indicating an academic institution",,,,,
social_media,neutral,facebook misinformation research,3,8,https://news.northeastern.edu/2024/12/11/facebook-misinformation-2020-election/,news.northeastern.edu,How Misinformation Spread on Facebook During the 2020 ...,2026-05-09 18:53:32,reliable,"domain news.northeastern.edu has .edu or .ac, indicating an academic institution",,,,,
social_media,slanted,facebook polarizing effects,1,3,https://www.gsb.stanford.edu/insights/surprising-discovery-about-facebooks-role-driving-polarization,gsb.stanford.edu,A Surprising Discovery About Facebook's Role in Driving ...,2026-05-09 18:53:49,reliable,"domain gsb.stanford.edu has .edu or .ac, indicating an academic institution",,,,,
social_media,slanted,facebook polarizing effects,1,7,https://bhr.stern.nyu.edu/publication/fueling-the-fire-how-social-media-intensifies-u-s-political-polarization-and-what-can-be-done-about-it/,bhr.stern.nyu.edu,How Social Media Intensifies U.S. Political Polarization – ...,2026-05-09 18:53:52,reliable,"domain bhr.stern.nyu.edu has .edu or .ac, indicating an academic institution",,,,,
social_media,slanted,facebook polarizing effects,2,2,https://www.brookings.edu/articles/how-tech-platforms-fuel-u-s-political-polarization-and-what-government-can-do-about-it/,brookings.edu,How tech platforms fuel U.S. political polarization and what ...,2026-05-09 18:54:05,reliable,"domain brookings.edu has .edu or .ac, indicating an academic institution",,,,,
social_media,slanted,facebook polarizing effects,2,3,https://faculty.washington.edu/hemay/Socialmedia_polarization.pdf,faculty.washington.edu,A Comparative Study of Polarization in Facebook and Email ...,2026-05-09 18:54:06,reliable,"domain faculty.washington.edu has .edu or .ac, indicating an academic institution",,,,,
social_media,slanted,facebook polarizing effects,2,7,https://news.northeastern.edu/2025/11/27/social-media-political-polarization-research/,news.northeastern.edu,New research reveals algorithms' hidden political power,2026-05-09 18:54:07,reliable,"domain news.northeastern.edu has .edu or .ac, indicating an academic institution",,,,,
social_media,slanted,facebook polarizing effects,3,8,https://news.virginia.edu/content/study-how-facebook-pushes-users-especially-conservative-users-echo-chambers,news.virginia.edu,"Study: How Facebook Pushes Users, Especially Conservative ...",2026-05-09 18:54:17,reliable,"domain news.virginia.edu has .edu or .ac, indicating an academic institution",,,,,
social_media,neutral,twitter echo chamber,1,6,https://www.hbs.edu/faculty/Pages/item.aspx?num=61509,hbs.edu,Does Social Media Cause Polarization? Evidence ...,2026-05-09 18:54:40,reliable,"domain hbs.edu has .edu or .ac, indicating an academic institution",,,,,
social_media,neutral,twitter echo chamber,1,10,https://ui.adsabs.harvard.edu/abs/arXiv:1403.7102,ui.adsabs.harvard.edu,Echo chamber amplification and disagreement effects in ...,2026-05-09 18:54:43,reliable,"domain ui.adsabs.harvard.edu has .edu or .ac, indicating an academic institution",,,,,
social_media,neutral,twitter echo chamber,3,2,https://sloanreview.mit.edu/article/twitter-is-not-the-echo-chamber-we-think-it-is/,sloanreview.mit.edu,Twitter Is Not the Echo Chamber We Think It Is,2026-05-09 18:54:59,reliable,"domain sloanreview.mit.edu has .edu or .ac, indicating an academic institution",,,,,
social_media,slanted,online radicalization,1,3,https://extremism.gwu.edu/third-generation-online-radicalization,extremism.gwu.edu,The Third Generation of Online Radicalization,2026-05-09 18:55:19,reliable,"domain extremism.gwu.edu has .edu or .ac, indicating an academic institution",,,,,
social_media,slanted,online radicalization,1,7,https://iq.qu.edu/experiential-learning/course-projects-and-capstones/student-projects/political-extremism-and-online-radicalization/,iq.qu.edu,How Misinformation and Disinformation Fuel Online ...,2026-05-09 18:55:22,reliable,"domain iq.qu.edu has .edu or .ac, indicating an academic institution",,,,,
social_media,slanted,online radicalization,2,8,https://ctc.westpoint.edu/from-tiktok-to-terrorism-the-online-radicalization-of-european-lone-attackers-since-october-7-2023/,ctc.westpoint.edu,From TikTok to Terrorism? The Online Radicalization of ...,2026-05-09 18:55:32,reliable,"domain ctc.westpoint.edu has .edu or .ac, indicating an academic institution",,,,,
social_media,slanted,online radicalization,3,3,https://vptm.ehps.ncsu.edu/2025/07/15/staying-safe-online-what-you-need-to-know-about-radicalization-and-harmful-content/,vptm.ehps.ncsu.edu,The Basics of Online Radicalization,2026-05-09 18:55:39,reliable,"domain vptm.ehps.ncsu.edu has .edu or .ac, indicating an academic institution",,,,,
social_media,slanted,online radicalization,3,4,https://d.lib.msu.edu/etd/48077,d.lib.msu.edu,Understanding radicalization process in online far-right ...,2026-05-09 18:55:40,reliable,"domain d.lib.msu.edu has .edu or .ac, indicating an academic institution",,,,,
social_media,slanted,online radicalization,3,6,https://citap.unc.edu/publications/far-right-online-radicalization-a-review-of-the-literature/,citap.unc.edu,Far-Right Online Radicalization: A Review of the Literature,2026-05-09 18:55:40,reliable,"domain citap.unc.edu has .edu or .ac, indicating an academic institution",,,,,
online_privacy,slanted,data collection privacy risks,2,10,https://hai.stanford.edu/news/privacy-ai-era-how-do-we-protect-our-personal-information,hai.stanford.edu,Privacy in an AI Era: How Do We Protect Our Personal ...,2026-05-09 18:58:22,reliable,"domain hai.stanford.edu has .edu or .ac, indicating an academic institution",,,,,
online_privacy,neutral,encryption security research,1,9,https://www.security.uci.edu/how-to/encryption/,security.uci.edu,Protect Data with Encryption - UCI Information Security,2026-05-09 18:58:57,reliable,"domain security.uci.edu has .edu or .ac, indicating an academic institution",,,,,
online_privacy,neutral,encryption security research,3,6,https://www.brookings.edu/articles/why-encryption-and-online-safety-go-hand-in-hand/,brookings.edu,Why encryption and online safety go hand-in-hand,2026-05-09 18:59:13,reliable,"domain brookings.edu has .edu or .ac, indicating an academic institution",,,,,
online_privacy,neutral,encryption security research,3,9,https://www.bu.edu/articles/2025/our-online-world-relies-on-encryption-what-happens-if-it-fails/,bu.edu,Our Online World Relies on Encryption. What Happens If It ...,2026-05-09 18:59:14,reliable,"domain bu.edu has .edu or .ac, indicating an academic institution",,,,,
online_privacy,slanted,government backdoor dangers,1,2,https://www.bu.edu/riscs/2021/05/03/abuse-resistant-government-backdoors/,bu.edu,Abuse-Resistant Government Backdoors,2026-05-09 18:59:27,reliable,"domain bu.edu has .edu or .ac, indicating an academic institution",,,,,
online_privacy,slanted,government backdoor dangers,1,5,https://cyberlaw.stanford.edu/blog/2025/05/governments-continue-losing-efforts-to-gain-backdoor-access-to-secure-communications/,cyberlaw.stanford.edu,Governments continue losing efforts to gain backdoor ...,2026-05-09 18:59:39,reliable,"domain cyberlaw.stanford.edu has .edu or .ac, indicating an academic institution",,,,,
online_privacy,slanted,government backdoor dangers,1,7,https://engineering.jhu.edu/magazine-archive/2016/01/back-talk/,engineering.jhu.edu,Why 'Back Doors' Are a Bad Idea - JHU Engineering Magazine,2026-05-09 18:59:40,reliable,"domain engineering.jhu.edu has .edu or .ac, indicating an academic institution",,,,,
online_privacy,slanted,government backdoor dangers,2,8,https://www.unav.edu/web/global-affairs/encryption-shield-of-privacy-or-gateway-to-abuse,unav.edu,Encryption: Shield of privacy or gateway to abuse?,2026-05-09 18:59:50,reliable,"domain unav.edu has .edu or .ac, indicating an academic institution",,,,,
online_privacy,slanted,government backdoor dangers,3,2,https://www.brookings.edu/articles/the-backdoor-threat-to-encryption/,brookings.edu,The backdoor threat to encryption,2026-05-09 18:59:58,reliable,"domain brookings.edu has .edu or .ac, indicating an academic institution",,,,,
online_privacy,slanted,facial recognition surveillance,3,5,https://www.hks.harvard.edu/centers/wiener/programs/criminaljustice/news-events/surveillance-facial-recognition-policing,hks.harvard.edu,"Facial Recognition, Video Surveillance, and Policing (2/14/ ...",2026-05-09 19:01:24,reliable,"domain hks.harvard.edu has .edu or .ac, indicating an academic institution",,,,,
electronic_cigarettes,slanted,e cigarette lung disease,2,4,https://healthcare.utah.edu/healthfeed/2019/07/vaping-and-pneumonia,healthcare.utah.edu,What Vaping Really Does to Your Lungs,2026-05-09 19:02:51,reliable,"domain healthcare.utah.edu has .edu or .ac, indicating an academic institution",,,,,
electronic_cigarettes,slanted,e cigarette lung disease,3,7,https://news.harvard.edu/gazette/story/2022/09/study-links-chronic-vaping-to-progressive-lung-damage/,news.harvard.edu,Study links chronic vaping to progressive lung damage,2026-05-09 19:03:01,reliable,"domain news.harvard.edu has .edu or .ac, indicating an academic institution",,,,,
electronic_cigarettes,slanted,vaping popcorn lung,2,6,https://www.health.harvard.edu/diseases-and-conditions/popcorn-lung-what-is-it-and-who-is-at-risk,health.harvard.edu,"Popcorn lung: What is it, and who is at risk?",2026-05-09 19:04:24,reliable,"domain health.harvard.edu has .edu or .ac, indicating an academic institution",,,,,
electronic_cigarettes,slanted,teen vaping epidemic,2,1,https://knowledge.e.southern.edu/cgi/viewcontent.cgi?article=1094&context=gradnursing,knowledge.e.southern.edu,The Vaping Epidemic Among the Adolescent Population,2026-05-09 19:06:42,reliable,"domain knowledge.e.southern.edu has .edu or .ac, indicating an academic institution",,,,,
electronic_cigarettes,slanted,teen vaping epidemic,2,6,https://www.brookings.edu/articles/the-youth-vaping-epidemic-addressing-the-rise-of-e-cigarettes-in-schools/,brookings.edu,The youth vaping epidemic: Addressing the rise of e ...,2026-05-09 19:06:43,reliable,"domain brookings.edu has .edu or .ac, indicating an academic institution",,,,,
electronic_cigarettes,slanted,teen vaping epidemic,2,10,https://www.aau.edu/research-scholarship/featured-research-topics/usc-study-implicates-flavored-e-cigs-teen-vaping,aau.edu,USC study implicates flavored e-cigs in teen vaping epidemic,2026-05-09 19:06:45,reliable,"domain aau.edu has .edu or .ac, indicating an academic institution",,,,,
electronic_cigarettes,slanted,teen vaping epidemic,3,5,https://medicine.yale.edu/news-article/how-vaping-social-media-promotion-target-teens/,medicine.yale.edu,How Social Media Promotion of Vaping Targets Teens,2026-05-09 19:06:51,reliable,"domain medicine.yale.edu has .edu or .ac, indicating an academic institution",,,,,
obesity,slanted,obesity health risks,1,6,https://generalsurgery.ucsf.edu/condition/health-risks-being-overweight,generalsurgery.ucsf.edu,Health Risks of Being Overweight,2026-05-09 19:08:18,reliable,"domain generalsurgery.ucsf.edu has .edu or .ac, indicating an academic institution",,,,,
obesity,slanted,obesity health risks,2,3,https://nutritionsource.hsph.harvard.edu/obesity/,nutritionsource.hsph.harvard.edu,Obesity - The Nutrition Source,2026-05-09 19:08:26,reliable,"domain nutritionsource.hsph.harvard.edu has .edu or .ac, indicating an academic institution",,,,,
obesity,neutral,healthy diet research,1,4,https://www.health.harvard.edu/diet-and-nutrition/harvard-study-six-healthy-diets-linked-with-better-long-term-brain-health,health.harvard.edu,Harvard study: Six healthy diets linked with better long-term ...,2026-05-09 19:10:10,reliable,"domain health.harvard.edu has .edu or .ac, indicating an academic institution",,,,,
obesity,neutral,healthy diet research,1,5,https://longevity.stanford.edu/research-update-on-diet/,longevity.stanford.edu,Research Update on Diet - Stanford Center on Longevity,2026-05-09 19:10:11,reliable,"domain longevity.stanford.edu has .edu or .ac, indicating an academic institution",,,,,
obesity,neutral,healthy diet research,2,6,https://nutritionsource.hsph.harvard.edu/healthy-eating-plate/,nutritionsource.hsph.harvard.edu,Healthy Eating Plate - The Nutrition Source,2026-05-09 19:10:24,reliable,"domain nutritionsource.hsph.harvard.edu has .edu or .ac, indicating an academic institution",,,,,
obesity,slanted,processed food dangers,1,6,https://hsph.harvard.edu/news/the-dangers-of-ultra-processed-foods/,hsph.harvard.edu,The dangers of ultra-processed foods,2026-05-09 19:10:54,reliable,"domain hsph.harvard.edu has .edu or .ac, indicating an academic institution",,,,,
obesity,slanted,processed food dangers,1,8,https://ysph.yale.edu/research/information-sheets/ultra-processed-foods/,ysph.yale.edu,Ultra-Processed Foods Information Sheet,2026-05-09 19:11:00,reliable,"domain ysph.yale.edu has .edu or .ac, indicating an academic institution",,,,,
obesity,slanted,processed food dangers,2,10,https://siteman.wustl.edu/for-your-health-ultra-processed-foods-and-health-risks/,siteman.wustl.edu,For Your Health – Ultra-Processed Foods and Health Risks,2026-05-09 19:11:10,reliable,"domain siteman.wustl.edu has .edu or .ac, indicating an academic institution",,,,,
obesity,slanted,processed food dangers,3,3,https://med.stanford.edu/news/insights/2025/07/ultra-processed-food--five-things-to-know.html,med.stanford.edu,Ultra-processed food: Five things to know - Stanford Medicine,2026-05-09 19:11:18,reliable,"domain med.stanford.edu has .edu or .ac, indicating an academic institution",,,,,
obesity,slanted,processed food dangers,3,6,https://publichealth.jhu.edu/2025/what-are-ultra-processed-foods,publichealth.jhu.edu,What Are Ultra-Processed Foods? | Johns Hopkins,2026-05-09 19:11:19,reliable,"domain publichealth.jhu.edu has .edu or .ac, indicating an academic institution",,,,,
obesity,slanted,processed food dangers,3,9,https://solutions.tufts.edu/expertise/food-nutrition/more-ultra-processed-foods-you-eat-higher-your-health-risks,solutions.tufts.edu,Ultra-processed Foods and Your Health Risks - Tufts Solutions,2026-05-09 19:11:21,reliable,"domain solutions.tufts.edu has .edu or .ac, indicating an academic institution",,,,,
obesity,neutral,exercise impact,1,4,https://www.health.harvard.edu/mind-and-mood/exercise-can-boost-your-memory-and-thinking-skills,health.harvard.edu,Exercise can boost your memory and thinking skills,2026-05-09 19:11:59,reliable,"domain health.harvard.edu has .edu or .ac, indicating an academic institution",,,,,
obesity,neutral,exercise impact,2,9,https://www.fau.edu/thrive/students/thrive-thursdays/physicalheallth/,fau.edu,The Transformative Impact of Exercise on Self-Esteem,2026-05-09 19:12:19,reliable,"domain fau.edu has .edu or .ac, indicating an academic institution",,,,,
obesity,neutral,exercise impact,3,7,https://lifesciences.byu.edu/how-exercise-affects-your-brain,lifesciences.byu.edu,How exercise affects the brain,2026-05-09 19:12:28,reliable,"domain lifesciences.byu.edu has .edu or .ac, indicating an academic institution",,,,,
obesity,neutral,exercise impact,3,9,https://www.health.harvard.edu/diseases-and-conditions/how-does-exercise-affect-blood-pressure,health.harvard.edu,How does exercise affect blood pressure?,2026-05-09 19:12:28,reliable,"domain health.harvard.edu has .edu or .ac, indicating an academic institution",,,,,
obesity,slanted,obesity treatment failures,2,3,https://magazine.ucsf.edu/weight-loss-drugs-too-good-to-be-true,magazine.ucsf.edu,Are the New Weight Loss Drugs Too Good to Be True?,2026-05-09 19:12:58,reliable,"domain magazine.ucsf.edu has .edu or .ac, indicating an academic institution",,,,,
plant_based_diet,neutral,vegan health impact,2,6,https://www.health.harvard.edu/blog/plant-based-diets-are-best-or-are-they-2019103118122,health.harvard.edu,Plant-based diets are best… or are they?,2026-05-09 19:13:43,reliable,"domain health.harvard.edu has .edu or .ac, indicating an academic institution",,,,,
plant_based_diet,neutral,vegan health impact,3,10,https://www.rush.edu/news/health-benefits-vegan-diet,rush.edu,Health Benefits of a Vegan Diet,2026-05-09 19:13:55,reliable,"domain rush.edu has .edu or .ac, indicating an academic institution",,,,,
plant_based_diet,slanted,plant based nutrient deficiencies,1,8,https://www.health.harvard.edu/healthbeat/meeting-nutrient-needs-on-a-plant-based-diet,health.harvard.edu,Meeting nutrient needs on a plant-based diet,2026-05-09 19:14:10,reliable,"domain health.harvard.edu has .edu or .ac, indicating an academic institution",,,,,
plant_based_diet,slanted,plant based nutrient deficiencies,1,10,https://sph.umich.edu/pursuit/2020posts/thriving-on-a-plant-based-diet.html,sph.umich.edu,Thriving on a Plant-Based Diet | The Pursuit,2026-05-09 19:14:11,reliable,"domain sph.umich.edu has .edu or .ac, indicating an academic institution",,,,,
plant_based_diet,slanted,plant based nutrient deficiencies,3,6,https://nutrition.ucdavis.edu/outreach/nutr-health-info-sheets/pro-vegetarian,nutrition.ucdavis.edu,Nutrition & Health Info Sheets for Health Professionals,2026-05-09 19:14:29,reliable,"domain nutrition.ucdavis.edu has .edu or .ac, indicating an academic institution",,,,,
plant_based_diet,neutral,vegetarian protein sources,2,6,https://students.dartmouth.edu/health-service/sites/students_health_service.prod/files/students_health_service/wysiwyg/protein_vegetarian_nutrition.pdf,students.dartmouth.edu,Protein in Vegetarian and Vegan Diets,2026-05-09 19:15:34,reliable,"domain students.dartmouth.edu has .edu or .ac, indicating an academic institution",,,,,
plant_based_diet,slanted,soy estrogen concerns,1,1,https://nutritionsource.hsph.harvard.edu/soy/,nutritionsource.hsph.harvard.edu,Straight Talk About Soy - The Nutrition Source,2026-05-09 19:15:55,reliable,"domain nutritionsource.hsph.harvard.edu has .edu or .ac, indicating an academic institution",,,,,
plant_based_diet,slanted,soy estrogen concerns,2,1,https://bastyr.edu/about/news/debunking-three-myths-about-soy,bastyr.edu,Debunking Three Myths about Soy,2026-05-09 19:16:18,reliable,"domain bastyr.edu has .edu or .ac, indicating an academic institution",,,,,
plant_based_diet,slanted,soy estrogen concerns,2,6,https://www.montana.edu/fsnk/graduate/dietetics/blog_posts/Soy_hormonal_health.html,montana.edu,Soy Intake and Hormonal Health Complications - FSNK,2026-05-09 19:16:19,reliable,"domain montana.edu has .edu or .ac, indicating an academic institution",,,,,
plant_based_diet,slanted,soy estrogen concerns,3,3,https://www.health.harvard.edu/healthy-aging-and-longevity/confused-about-eating-soy,health.harvard.edu,Confused about eating soy?,2026-05-09 19:16:27,reliable,"domain health.harvard.edu has .edu or .ac, indicating an academic institution",,,,,
plant_based_diet,slanted,processed vegan food risks,3,8,https://www.health.harvard.edu/diet-and-nutrition/the-hidden-dangers-of-protein-powders,health.harvard.edu,The hidden dangers of protein powders,2026-05-09 19:18:12,reliable,"domain health.harvard.edu has .edu or .ac, indicating an academic institution",,,,,
raw_milk,neutral,raw milk impact,2,4,https://med.stanford.edu/nutrition/research/completed-studies/raw-milk-study.html,med.stanford.edu,Raw Milk Study | Nutrition - Stanford Medicine,2026-05-09 19:18:50,reliable,"domain med.stanford.edu has .edu or .ac, indicating an academic institution",,,,,
raw_milk,neutral,raw milk impact,3,3,https://www.health.harvard.edu/healthy-aging-and-longevity/why-drinking-raw-milk-can-be-dangerous,health.harvard.edu,Why drinking raw milk can be dangerous,2026-05-09 19:18:59,reliable,"domain health.harvard.edu has .edu or .ac, indicating an academic institution",,,,,
raw_milk,neutral,raw milk impact,3,5,https://www.pubs.ext.vt.edu/content/pubs_ext_vt_edu/en/FST/FST-139/FST-139.html,pubs.ext.vt.edu,Is Raw Milk Safe? Health Risks and Legal Facts Explained,2026-05-09 19:19:00,reliable,"domain pubs.ext.vt.edu has .edu or .ac, indicating an academic institution",,,,,
raw_milk,neutral,raw milk impact,3,9,https://cdr.wisc.edu/cdr-raw-milk-factsheet,cdr.wisc.edu,CDR Raw Milk Fact Sheet,2026-05-09 19:19:01,reliable,"domain cdr.wisc.edu has .edu or .ac, indicating an academic institution",,,,,
raw_milk,slanted,raw milk bacteria dangers,2,5,https://ucanr.edu/sites/default/files/2020-09/335712.pdf,ucanr.edu,Unpasteurized Milk Can Pose a Serious Health Risk,2026-05-09 19:19:41,reliable,"domain ucanr.edu has .edu or .ac, indicating an academic institution",,,,,
raw_milk,slanted,raw milk bacteria dangers,2,9,https://utia.tennessee.edu/publications/wp-content/uploads/sites/269/2023/10/D28.pdf,utia.tennessee.edu,Food Safety Risks Associated with Consumption of Raw Milk,2026-05-09 19:19:42,reliable,"domain utia.tennessee.edu has .edu or .ac, indicating an academic institution",,,,,
raw_milk,slanted,raw milk bacteria dangers,3,4,https://www.pubs.ext.vt.edu/content/pubs_ext_vt_edu/en/FST/FST-139/FST-139.html,pubs.ext.vt.edu,Is Raw Milk Safe? Health Risks and Legal Facts Explained,2026-05-09 19:19:48,reliable,"domain pubs.ext.vt.edu has .edu or .ac, indicating an academic institution",,,,,
raw_milk,slanted,raw milk bacteria dangers,3,7,https://med.stanford.edu/news/insights/2025/02/milk-disease-risk-bird-flu-pasteurization.html,med.stanford.edu,Understanding raw milk's disease risk - Stanford Medicine,2026-05-09 19:19:49,reliable,"domain med.stanford.edu has .edu or .ac, indicating an academic institution",,,,,
raw_milk,neutral,unpasteurized milk research,1,4,https://med.stanford.edu/nutrition/research/completed-studies/raw-milk-study.html,med.stanford.edu,Raw Milk Study | Nutrition - Stanford Medicine,2026-05-09 19:20:09,reliable,"domain med.stanford.edu has .edu or .ac, indicating an academic institution",,,,,
raw_milk,neutral,unpasteurized milk research,2,9,https://cdr.wisc.edu/cdr-raw-milk-factsheet,cdr.wisc.edu,CDR Raw Milk Fact Sheet,2026-05-09 19:20:20,reliable,"domain cdr.wisc.edu has .edu or .ac, indicating an academic institution",,,,,
raw_milk,neutral,unpasteurized milk research,3,6,https://www.health.harvard.edu/healthy-aging-and-longevity/why-drinking-raw-milk-can-be-dangerous,health.harvard.edu,Why drinking raw milk can be dangerous,2026-05-09 19:20:29,reliable,"domain health.harvard.edu has .edu or .ac, indicating an academic institution",,,,,
raw_milk,neutral,unpasteurized milk research,3,7,https://med.stanford.edu/news/insights/2025/02/milk-disease-risk-bird-flu-pasteurization.html,med.stanford.edu,Understanding raw milk's disease risk - Stanford Medicine,2026-05-09 19:20:30,reliable,"domain med.stanford.edu has .edu or .ac, indicating an academic institution",,,,,
raw_milk,slanted,raw milk food poisoning,3,7,https://www.health.harvard.edu/healthy-aging-and-longevity/why-drinking-raw-milk-can-be-dangerous,health.harvard.edu,Why drinking raw milk can be dangerous,2026-05-09 19:21:19,reliable,"domain health.harvard.edu has .edu or .ac, indicating an academic institution",,,,,
soy,neutral,soy health effects,1,3,https://nutritionsource.hsph.harvard.edu/soy/,nutritionsource.hsph.harvard.edu,Straight Talk About Soy - The Nutrition Source,2026-05-09 19:21:43,reliable,"domain nutritionsource.hsph.harvard.edu has .edu or .ac, indicating an academic institution",,,,,
soy,neutral,soy health effects,2,7,https://www.montana.edu/fsnk/graduate/dietetics/blog_posts/Soy_hormonal_health.html,montana.edu,Soy Intake and Hormonal Health Complications - FSNK,2026-05-09 19:22:11,reliable,"domain montana.edu has .edu or .ac, indicating an academic institution",,,,,
soy,neutral,soy health effects,3,3,https://nutrition.ucdavis.edu/sites/g/files/dgvnsk426/files/content/infosheets/factsheets/fact-pro-soy.pdf,nutrition.ucdavis.edu,Nutrition and Health Info Sheet: Soy,2026-05-09 19:22:19,reliable,"domain nutrition.ucdavis.edu has .edu or .ac, indicating an academic institution",,,,,
soy,slanted,soy estrogen effects,1,2,https://nutritionsource.hsph.harvard.edu/soy/,nutritionsource.hsph.harvard.edu,Straight Talk About Soy - The Nutrition Source,2026-05-09 19:24:11,reliable,"domain nutritionsource.hsph.harvard.edu has .edu or .ac, indicating an academic institution",,,,,
soy,slanted,soy estrogen effects,2,2,https://www.montana.edu/fsnk/graduate/dietetics/blog_posts/Soy_hormonal_health.html,montana.edu,Soy Intake and Hormonal Health Complications - FSNK,2026-05-09 19:24:59,reliable,"domain montana.edu has .edu or .ac, indicating an academic institution",,,,,
soy,slanted,soy estrogen effects,3,4,https://newsroom.wakehealth.edu/news-releases/2006/01/soy-phytoestrogens-may-block-estrogen-effects-in-some-postmenopausal-women-animal,newsroom.wakehealth.edu,Soy Phytoestrogens May Block Estrogen Effects in Some ...,2026-05-09 19:25:10,reliable,"domain newsroom.wakehealth.edu has .edu or .ac, indicating an academic institution",,,,,
soy,neutral,tofu nutrition research,1,1,https://www.health.harvard.edu/diet-and-nutrition/tofu-making-a-place-for-this-nutritious-plant-based-food-in-your-diet,health.harvard.edu,"Tofu: Making a place for this nutritious, plant-based food in ...",2026-05-09 19:25:27,reliable,"domain health.harvard.edu has .edu or .ac, indicating an academic institution",,,,,
soy,neutral,tofu nutrition research,2,6,https://nutrition.ucdavis.edu/outreach/nutr-health-info-sheets/pro-soy,nutrition.ucdavis.edu,Nutrition & Health Info Sheets for Health Professionals - Soy,2026-05-09 19:25:43,reliable,"domain nutrition.ucdavis.edu has .edu or .ac, indicating an academic institution",,,,,
soy,neutral,tofu nutrition research,3,6,https://nutritionsource.hsph.harvard.edu/soy/,nutritionsource.hsph.harvard.edu,Straight Talk About Soy - The Nutrition Source,2026-05-09 19:25:52,reliable,"domain nutritionsource.hsph.harvard.edu has .edu or .ac, indicating an academic institution",,,,,
soy,slanted,soy thyroid problems,2,5,https://www.nutritionletter.tufts.edu/ask-experts/q-can-too-much-soy-cause-thyroid-problems-i-drink-a-quart-of-soy-milk-and-consume-edamame-every-day-and-have-been-diagnosed-with-an-underactive-thyroid-could-there-be-a-connection/,nutritionletter.tufts.edu,Q. Can too much soy cause thyroid problems? I drink a quart ...,2026-05-09 19:26:26,reliable,"domain nutritionletter.tufts.edu has .edu or .ac, indicating an academic institution",,,,,
soy,neutral,soy protein safety,1,2,https://www.health.harvard.edu/healthy-aging-and-longevity/confused-about-eating-soy,health.harvard.edu,Confused about eating soy?,2026-05-09 19:26:54,reliable,"domain health.harvard.edu has .edu or .ac, indicating an academic institution",,,,,
soy,neutral,soy protein safety,2,6,https://research.monash.edu/en/publications/soy-protein-bioactive-peptides-and-isoflavones-a-review-of-their-/,research.monash.edu,"Soy protein, bioactive peptides, and isoflavones: A review ...",2026-05-09 19:27:13,reliable,"domain research.monash.edu has .edu or .ac, indicating an academic institution",,,,,
soy,neutral,soy protein safety,2,9,https://nutrition.ucdavis.edu/sites/g/files/dgvnsk426/files/content/infosheets/factsheets/fact-pro-soy.pdf,nutrition.ucdavis.edu,Nutrition and Health Info Sheet: Soy,2026-05-09 19:27:15,reliable,"domain nutrition.ucdavis.edu has .edu or .ac, indicating an academic institution",,,,,
soy,slanted,gmo soy dangers,1,5,https://nutritionsource.hsph.harvard.edu/soy/,nutritionsource.hsph.harvard.edu,Straight Talk About Soy - The Nutrition Source,2026-05-09 19:27:48,reliable,"domain nutritionsource.hsph.harvard.edu has .edu or .ac, indicating an academic institution",,,,,
soy,slanted,gmo soy dangers,3,7,https://www.wku.edu/news/articles/index.php?view=article&articleid=2309,wku.edu,Is Soy Healthy or Harmful?,2026-05-09 19:28:07,reliable,"domain wku.edu has .edu or .ac, indicating an academic institution",,,,,
dairy,neutral,dairy calcium consumptin facts,1,4,https://med.stanford.edu/news/all-news/2018/08/christopher-gardner-busts-myths-about-milk.html,med.stanford.edu,Christopher Gardner busts myths about milk - Stanford Medicine,2026-05-09 19:28:27,reliable,"domain med.stanford.edu has .edu or .ac, indicating an academic institution",,,,,
dairy,neutral,dairy calcium consumptin facts,2,2,https://nutritionsource.hsph.harvard.edu/dairy/,nutritionsource.hsph.harvard.edu,Dairy - The Nutrition Source,2026-05-09 19:28:35,reliable,"domain nutritionsource.hsph.harvard.edu has .edu or .ac, indicating an academic institution",,,,,
dairy,neutral,dairy calcium consumptin facts,3,7,https://ohioline.osu.edu/factsheet/hyg-5506,ohioline.osu.edu,Calcium | Ohioline,2026-05-09 19:28:46,reliable,"domain ohioline.osu.edu has .edu or .ac, indicating an academic institution",,,,,
dairy,slanted,milk hormone concerns,3,9,https://news.harvard.edu/gazette/story/2006/12/hormones-in-milk-can-be-dangerous/,news.harvard.edu,Hormones in milk can be dangerous,2026-05-09 19:29:37,reliable,"domain news.harvard.edu has .edu or .ac, indicating an academic institution",,,,,
dairy,slanted,milk hormone concerns,3,10,https://news.oregonstate.edu/news/new-national-survey-finds-consumer-concern-over-milk-hormones,news.oregonstate.edu,NEW NATIONAL SURVEY FINDS CONSUMER CONCERN ...,2026-05-09 19:29:37,reliable,"domain news.oregonstate.edu has .edu or .ac, indicating an academic institution",,,,,
dairy,neutral,cheese nutrition research,1,2,https://nutritionsource.hsph.harvard.edu/cheese/,nutritionsource.hsph.harvard.edu,Cheese - The Nutrition Source,2026-05-09 19:29:53,reliable,"domain nutritionsource.hsph.harvard.edu has .edu or .ac, indicating an academic institution",,,,,
dairy,neutral,cheese nutrition research,1,10,https://www.health.harvard.edu/heart-health/eat-cheese-if-you-please,health.harvard.edu,"Eat cheese, if you please",2026-05-09 19:29:58,reliable,"domain health.harvard.edu has .edu or .ac, indicating an academic institution",,,,,
dairy,neutral,cheese nutrition research,2,7,https://extension.psu.edu/selecting-cheese-for-health/,extension.psu.edu,Selecting Cheese for Health,2026-05-09 19:30:06,reliable,"domain extension.psu.edu has .edu or .ac, indicating an academic institution",,,,,
dairy,slanted,dairy lactose intolerance,1,7,https://www.health.harvard.edu/digestive-health/lactose-intolerance-a-to-z,health.harvard.edu,Lactose Intolerance,2026-05-09 19:30:44,reliable,"domain health.harvard.edu has .edu or .ac, indicating an academic institution",,,,,
dairy,neutral,yogurt probiotic health impact,1,7,https://nutritionsource.hsph.harvard.edu/food-features/yogurt/,nutritionsource.hsph.harvard.edu,Yogurt - The Nutrition Source - Harvard University,2026-05-09 19:31:33,reliable,"domain nutritionsource.hsph.harvard.edu has .edu or .ac, indicating an academic institution",,,,,
dairy,neutral,yogurt probiotic health impact,2,8,https://fshn.illinois.edu/news/scientists-reveal-one-tablespoon-yogurt-addition-probiotic-boost,fshn.illinois.edu,Scientists Reveal 'One Tablespoon' Yogurt Addition For ...,2026-05-09 19:31:43,reliable,"domain fshn.illinois.edu has .edu or .ac, indicating an academic institution",,,,,
dairy,neutral,yogurt probiotic health impact,3,5,https://med.stanford.edu/nutrition/education/Resources/Fermenting-the-Facts.html,med.stanford.edu,A Science-Based Guide to Fermented Foods | Nutrition,2026-05-09 19:31:52,reliable,"domain med.stanford.edu has .edu or .ac, indicating an academic institution",,,,,
dairy,neutral,yogurt probiotic health impact,3,6,https://news.clemson.edu/how-active-are-the-microorganisms-in-your-yogurt-we-created-a-new-tool-to-study-probiotic-activity-and-made-it-out-of-cardboard/,news.clemson.edu,How active are the microorganisms in your yogurt? We ...,2026-05-09 19:31:53,reliable,"domain news.clemson.edu has .edu or .ac, indicating an academic institution",,,,,
dairy,slanted,raw dairy risks,1,10,https://www.health.harvard.edu/healthy-aging-and-longevity/why-drinking-raw-milk-can-be-dangerous,health.harvard.edu,Why drinking raw milk can be dangerous,2026-05-09 19:32:16,reliable,"domain health.harvard.edu has .edu or .ac, indicating an academic institution",,,,,
dairy,slanted,raw dairy risks,2,4,https://cdr.wisc.edu/cdr-raw-milk-factsheet,cdr.wisc.edu,CDR Raw Milk Fact Sheet,2026-05-09 19:32:24,reliable,"domain cdr.wisc.edu has .edu or .ac, indicating an academic institution",,,,,
dairy,slanted,raw dairy risks,2,9,https://www.pubs.ext.vt.edu/content/pubs_ext_vt_edu/en/FST/FST-139/FST-139.html,pubs.ext.vt.edu,Is Raw Milk Safe? Health Risks and Legal Facts Explained,2026-05-09 19:32:25,reliable,"domain pubs.ext.vt.edu has .edu or .ac, indicating an academic institution",,,,,
dairy,slanted,raw dairy risks,3,4,https://med.stanford.edu/news/insights/2025/02/milk-disease-risk-bird-flu-pasteurization.html,med.stanford.edu,Understanding raw milk's disease risk - Stanford Medicine,2026-05-09 19:32:33,reliable,"domain med.stanford.edu has .edu or .ac, indicating an academic institution",,,,,
dairy,slanted,raw dairy risks,3,8,https://dairy.osu.edu/newsletter/buckeye-dairy-news/volume-7-issue-4/health-benefits-risks-and-regulations-raw-and,dairy.osu.edu,"Health Benefits, Risks, and Regulations of Raw and ...",2026-05-09 19:32:35,reliable,"domain dairy.osu.edu has .edu or .ac, indicating an academic institution",,,,,
eggs,slanted,egg heart disease risk,1,2,https://www.health.harvard.edu/heart-health/are-eggs-risky-for-heart-health,health.harvard.edu,Are eggs risky for heart health?,2026-05-09 19:33:37,reliable,"domain health.harvard.edu has .edu or .ac, indicating an academic institution",,,,,
eggs,slanted,egg heart disease risk,1,3,https://www.feinberg.northwestern.edu/research/podcast/eggs-heart-health.html,feinberg.northwestern.edu,New Evidence on Eggs and Heart Health with Norrina Allen ...,2026-05-09 19:33:38,reliable,"domain feinberg.northwestern.edu has .edu or .ac, indicating an academic institution",,,,,
eggs,slanted,egg heart disease risk,1,7,https://www.monash.edu/news/articles/regularly-eating-eggs-supports-a-lower-risk-of-cardiovascular-disease-related-death,monash.edu,Regularly eating eggs supports a lower risk of ...,2026-05-09 19:33:44,reliable,"domain monash.edu has .edu or .ac, indicating an academic institution",,,,,
eggs,slanted,egg heart disease risk,3,6,https://www.health.harvard.edu/diet-and-nutrition/eggs-protein-and-cholesterol-how-to-make-eggs-part-of-a-heart-healthy-diet,health.harvard.edu,"Eggs, protein, and cholesterol: How to make eggs part of a ...",2026-05-09 19:34:03,reliable,"domain health.harvard.edu has .edu or .ac, indicating an academic institution",,,,,
eggs,neutral,egg protein consumption,1,4,https://www.health.harvard.edu/diet-and-nutrition/eggs-protein-and-cholesterol-how-to-make-eggs-part-of-a-heart-healthy-diet,health.harvard.edu,"Eggs, protein, and cholesterol: How to make eggs part of a ...",2026-05-09 19:34:42,reliable,"domain health.harvard.edu has .edu or .ac, indicating an academic institution",,,,,
eggs,neutral,egg protein consumption,3,9,https://www.health.harvard.edu/newsletter_article/how-many-eggs-can-i-safely-eat,health.harvard.edu,How many eggs can I safely eat?,2026-05-09 19:35:04,reliable,"domain health.harvard.edu has .edu or .ac, indicating an academic institution",,,,,
eggs,slanted,salmonella egg dangers,3,2,https://extension.umn.edu/preserve-your-own-food/eggs,extension.umn.edu,"Purchase, store, and prepare: Eggs",2026-05-09 19:35:41,reliable,"domain extension.umn.edu has .edu or .ac, indicating an academic institution",,,,,
eggs,neutral,pasteurized eggs research,1,7,https://nutritionsource.hsph.harvard.edu/food-features/eggs/,nutritionsource.hsph.harvard.edu,Eggs - The Nutrition Source,2026-05-09 19:36:04,reliable,"domain nutritionsource.hsph.harvard.edu has .edu or .ac, indicating an academic institution",,,,,
eggs,neutral,pasteurized eggs research,2,6,https://www.purdue.edu/uns/html4ever/1995/9510.Muriana.html,purdue.edu,Sunny side up? Yup.,2026-05-09 19:36:13,reliable,"domain purdue.edu has .edu or .ac, indicating an academic institution",,,,,
eggs,neutral,pasteurized eggs research,3,10,https://www.princeton.edu/news/2013/08/28/pppl-teams-usda-produce-new-egg-pasteurization-method,princeton.edu,PPPL teams up with USDA to produce new egg ...,2026-05-09 19:36:24,reliable,"domain princeton.edu has .edu or .ac, indicating an academic institution",,,,,
eggs,slanted,raw egg safety,2,2,https://extension.oregonstate.edu/ask-extension/featured/are-raw-egg-yolks-dangerous,extension.oregonstate.edu,Are raw egg yolks dangerous? | OSU Extension Service,2026-05-09 19:37:02,reliable,"domain extension.oregonstate.edu has .edu or .ac, indicating an academic institution",,,,,
eggs,slanted,raw egg safety,3,2,https://extension.umn.edu/preserve-your-own-food/eggs,extension.umn.edu,"Purchase, store, and prepare: Eggs",2026-05-09 19:37:11,reliable,"domain extension.umn.edu has .edu or .ac, indicating an academic institution",,,,,
sugar,neutral,sugar consumption effects,1,1,https://www.health.harvard.edu/diabetes-and-metabolic-health/the-sweet-danger-of-sugar,health.harvard.edu,The sweet danger of sugar,2026-05-09 19:37:29,reliable,"domain health.harvard.edu has .edu or .ac, indicating an academic institution",,,,,
sugar,neutral,sugar consumption effects,1,6,https://distance.physiology.med.ufl.edu/about/articles/7-surprising-effects-of-sugar-on-the-body/,distance.physiology.med.ufl.edu,7 Surprising Effects of Sugar on the Body,2026-05-09 19:37:43,reliable,"domain distance.physiology.med.ufl.edu has .edu or .ac, indicating an academic institution",,,,,
sugar,neutral,sugar consumption effects,1,7,https://hms.harvard.edu/news-events/publications-archive/brain/sugar-brain,hms.harvard.edu,Sugar and the Brain,2026-05-09 19:37:43,reliable,"domain hms.harvard.edu has .edu or .ac, indicating an academic institution",,,,,
sugar,neutral,sugar consumption effects,2,5,https://www.uab.edu/news/news-you-can-use/how-much-sugar-is-too-much-uab-neuroscientists-weigh-in,uab.edu,How much sugar is too much? UAB neuroscientists weigh in,2026-05-09 19:37:52,reliable,"domain uab.edu has .edu or .ac, indicating an academic institution",,,,,
sugar,neutral,sugar consumption effects,3,7,https://healthcare.utah.edu/healthfeed/2023/11/sweet-nothings-truth-about-sugar-and-diabetes,healthcare.utah.edu,Sweet Nothings: The Truth About Sugar and Diabetes,2026-05-09 19:38:02,reliable,"domain healthcare.utah.edu has .edu or .ac, indicating an academic institution",,,,,
sugar,slanted,sugar addiction risks,1,2,https://www.health.harvard.edu/diabetes-and-metabolic-health/the-sweet-danger-of-sugar,health.harvard.edu,The sweet danger of sugar,2026-05-09 19:38:15,reliable,"domain health.harvard.edu has .edu or .ac, indicating an academic institution",,,,,
sugar,slanted,sugar addiction risks,1,6,https://alcoholstudies.rutgers.edu/sugar-addiction-more-serious-than-you-think/,alcoholstudies.rutgers.edu,Sugar Addiction: More Serious Than You Think,2026-05-09 19:38:18,reliable,"domain alcoholstudies.rutgers.edu has .edu or .ac, indicating an academic institution",,,,,
sugar,slanted,sugar addiction risks,1,10,https://healthcare.utah.edu/healthfeed/2023/11/sweet-nothings-truth-about-sugar-and-diabetes,healthcare.utah.edu,Sweet Nothings: The Truth About Sugar and Diabetes,2026-05-09 19:38:26,reliable,"domain healthcare.utah.edu has .edu or .ac, indicating an academic institution",,,,,
sugar,neutral,added sugar guidelines,1,7,https://www.health.harvard.edu/diet-and-nutrition/what-are-added-sugars-and-how-can-you-reduce-them-in-your-diet,health.harvard.edu,"What are added sugars, and how can you reduce them in ...",2026-05-09 19:39:10,reliable,"domain health.harvard.edu has .edu or .ac, indicating an academic institution",,,,,
sugar,neutral,added sugar guidelines,2,6,https://health.ucdavis.edu/blog/good-food/4-tips-to-reduce-added-sugar-in-your-diet-and-the-health-risks-if-you-dont/2023/06,health.ucdavis.edu,4 tips to reduce added sugar in your diet and the ...,2026-05-09 19:39:19,reliable,"domain health.ucdavis.edu has .edu or .ac, indicating an academic institution",,,,,
sugar,neutral,added sugar guidelines,3,2,https://sugarscience.ucsf.edu/the-growing-concern-of-overconsumption.html,sugarscience.ucsf.edu,How Much Is Too Much? - SugarScience - UCSF,2026-05-09 19:39:27,reliable,"domain sugarscience.ucsf.edu has .edu or .ac, indicating an academic institution",,,,,
sugar,neutral,added sugar guidelines,3,8,https://www.health.harvard.edu/diabetes-and-metabolic-health/the-sweet-danger-of-sugar,health.harvard.edu,The sweet danger of sugar,2026-05-09 19:39:29,reliable,"domain health.harvard.edu has .edu or .ac, indicating an academic institution",,,,,
sugar,slanted,high fructose corn syrup dangers,2,1,https://www.irenes.edu/2026/04/01/10-health-dangers-of-high-fructose-corn-syrup/,irenes.edu,What To Know About High Fructose Corn Syrup,2026-05-09 19:40:11,reliable,"domain irenes.edu has .edu or .ac, indicating an academic institution",,,,,
sugar,slanted,high fructose corn syrup dangers,3,1,https://www.princeton.edu/news/2010/03/22/sweet-problem-princeton-researchers-find-high-fructose-corn-syrup-prompts,princeton.edu,Princeton researchers find that high-fructose corn syrup ...,2026-05-09 19:40:20,reliable,"domain princeton.edu has .edu or .ac, indicating an academic institution",,,,,
sugar,slanted,high fructose corn syrup dangers,3,6,https://faculty.sfcc.spokane.edu/inetshare/AutoWebs/Health101/Diabetes/HighFructoseDangers.htm,faculty.sfcc.spokane.edu,High Fructose Corn Syrup,2026-05-09 19:40:21,reliable,"domain faculty.sfcc.spokane.edu has .edu or .ac, indicating an academic institution",,,,,
sugar,neutral,natural sugar vs processed,1,2,https://www.health.harvard.edu/blog/are-certain-types-of-sugars-healthier-than-others-2019052916699,health.harvard.edu,Are certain types of sugars healthier than others?,2026-05-09 19:40:48,reliable,"domain health.harvard.edu has .edu or .ac, indicating an academic institution",,,,,
sugar,neutral,natural sugar vs processed,2,1,https://extension.msstate.edu/blogs/extension-for-real-life/natural-and-added-sugars-whats-the-difference,extension.msstate.edu,Natural and Added Sugars: What's the Difference?,2026-05-09 19:41:47,reliable,"domain extension.msstate.edu has .edu or .ac, indicating an academic institution",,,,,
sugar,neutral,natural sugar vs processed,2,5,https://www.canr.msu.edu/news/fruit_versus_sugar_a_sweet_benefit,canr.msu.edu,"Fruit versus sugar, a sweet benefit - Food and Health",2026-05-09 19:41:48,reliable,"domain canr.msu.edu has .edu or .ac, indicating an academic institution",,,,,
sugar,neutral,natural sugar vs processed,3,6,https://chear.ucsd.edu/blog/understanding-natural-versus-added-sugars,chear.ucsd.edu,Understanding Natural Versus Added Sugars - Center for ...,2026-05-09 19:41:57,reliable,"domain chear.ucsd.edu has .edu or .ac, indicating an academic institution",,,,,
sugar,slanted,artificial sweeteners cancer,1,8,https://health.utoledo.edu/podcast/aspartame-cancer-risk-and-other-artificial-sweeteners-explained/index.html,health.utoledo.edu,Aspartame Cancer Risk and Other Artificial Sweeteners ...,2026-05-09 19:42:25,reliable,"domain health.utoledo.edu has .edu or .ac, indicating an academic institution",,,,,
sugar,slanted,artificial sweeteners cancer,2,9,https://sph.umich.edu/news/2023posts/aspartame-and-cancer-a-toxicologists-take.html,sph.umich.edu,Aspartame and cancer: A toxicologist's take |,2026-05-09 19:42:35,reliable,"domain sph.umich.edu has .edu or .ac, indicating an academic institution",,,,,
salt,neutral,sodium intake guidelines,3,6,https://nutritionsource.hsph.harvard.edu/salt-and-sodium/,nutritionsource.hsph.harvard.edu,Salt and Sodium - The Nutrition Source,2026-05-09 19:43:47,reliable,"domain nutritionsource.hsph.harvard.edu has .edu or .ac, indicating an academic institution",,,,,
salt,slanted,salt hypertension risk,1,2,https://www.health.harvard.edu/heart-health/dietary-salt-and-blood-pressure-a-complex-connection,health.harvard.edu,Dietary salt and blood pressure: A complex connection,2026-05-09 19:43:58,reliable,"domain health.harvard.edu has .edu or .ac, indicating an academic institution",,,,,
salt,neutral,iodized salt diet,1,7,https://www.health.harvard.edu/heart-health/cut-salt-it-wont-affect-your-iodine-intake,health.harvard.edu,Cut salt - It Won't Affect Your Iodine Intake,2026-05-09 19:44:50,reliable,"domain health.harvard.edu has .edu or .ac, indicating an academic institution",,,,,
salt,neutral,iodized salt diet,3,1,https://endocrine.ucsf.edu/sites/endocrine.ucsf.edu/files/docs/iodine-english.pdf,endocrine.ucsf.edu,LOW-IODINE DIET BEFORE IODINE SCAN,2026-05-09 19:45:19,reliable,"domain endocrine.ucsf.edu has .edu or .ac, indicating an academic institution",,,,,
salt,slanted,salt heart disease,1,1,https://www.health.harvard.edu/blog/heart-failure-and-salt-the-great-debate-2018121815563,health.harvard.edu,Heart failure and salt: The great debate,2026-05-09 19:47:56,reliable,"domain health.harvard.edu has .edu or .ac, indicating an academic institution",,,,,
caffeine,neutral,caffeine health impact,1,7,https://nutritionsource.hsph.harvard.edu/food-features/coffee/,nutritionsource.hsph.harvard.edu,Coffee - The Nutrition Source - Harvard University,2026-05-09 19:48:53,reliable,"domain nutritionsource.hsph.harvard.edu has .edu or .ac, indicating an academic institution",,,,,
caffeine,slanted,caffeine anxiety risks,2,4,https://nutritionsource.hsph.harvard.edu/food-features/coffee/,nutritionsource.hsph.harvard.edu,Coffee - The Nutrition Source - Harvard University,2026-05-09 19:49:47,reliable,"domain nutritionsource.hsph.harvard.edu has .edu or .ac, indicating an academic institution",,,,,
caffeine,neutral,coffee antioxidant research,1,6,https://nutritionsource.hsph.harvard.edu/food-features/coffee/,nutritionsource.hsph.harvard.edu,Coffee - The Nutrition Source - Harvard University,2026-05-09 19:51:27,reliable,"domain nutritionsource.hsph.harvard.edu has .edu or .ac, indicating an academic institution",,,,,
caffeine,slanted,energy drink dangers,1,2,https://www.health.harvard.edu/diet-and-nutrition/are-energy-drinks-bad-for-you,health.harvard.edu,Are energy drinks bad for you?,2026-05-09 19:52:03,reliable,"domain health.harvard.edu has .edu or .ac, indicating an academic institution",,,,,
caffeine,slanted,energy drink dangers,2,8,https://www.wakehealth.edu/about-us/history/firsts/energy-drink-dangers,wakehealth.edu,Showing the Dangers of Energy Drinks,2026-05-09 19:52:47,reliable,"domain wakehealth.edu has .edu or .ac, indicating an academic institution",,,,,
caffeine,slanted,energy drink dangers,3,4,https://extension.msstate.edu/blogs/extension-for-real-life/adolescents-and-energy-drinks-know-the-dangers,extension.msstate.edu,Adolescents and Energy Drinks: Know the Dangers,2026-05-09 19:52:54,reliable,"domain extension.msstate.edu has .edu or .ac, indicating an academic institution",,,,,
caffeine,slanted,energy drink dangers,3,9,https://health.ucdavis.edu/blog/good-food/how-do-energy-drinks-affect-your-heart-and-overall-health/2024/05,health.ucdavis.edu,How do energy drinks affect your health? | Good Food Is ...,2026-05-09 19:52:56,reliable,"domain health.ucdavis.edu has .edu or .ac, indicating an academic institution",,,,,
caffeine,neutral,tea health effects,1,2,https://www.health.harvard.edu/healthy-aging-and-longevity/does-drinking-tea-really-help-health,health.harvard.edu,Does drinking tea really help health?,2026-05-09 19:53:19,reliable,"domain health.harvard.edu has .edu or .ac, indicating an academic institution",,,,,
caffeine,neutral,tea health effects,2,7,https://www.health.harvard.edu/diet-and-nutrition/the-health-benefits-of-3-herbal-teas,health.harvard.edu,The health benefits of 3 herbal teas,2026-05-09 19:53:34,reliable,"domain health.harvard.edu has .edu or .ac, indicating an academic institution",,,,,
caffeine,slanted,caffeine addiction,1,8,https://hub.jhu.edu/2014/02/07/caffeine-really-is-a-drug/,hub.jhu.edu,"Caffeine use disorder: It's real, and it warrants more attention",2026-05-09 19:54:13,reliable,"domain hub.jhu.edu has .edu or .ac, indicating an academic institution",,,,,
caffeine,slanted,caffeine addiction,2,9,https://www.csuohio.edu/sites/default/files/168%20What%20Makes%20Caffeine%20Addictive.pdf,csuohio.edu,What Makes Caffeine Addictive,2026-05-09 19:54:23,reliable,"domain csuohio.edu has .edu or .ac, indicating an academic institution",,,,,
alcohol,neutral,moderate alcohol consumption health impact,1,1,https://news.stanford.edu/stories/2025/08/moderate-alcohol-consumption-drinking-health-benefits-impacts-research,news.stanford.edu,Is moderate drinking actually healthy? Scientists say the idea ...,2026-05-09 19:54:49,reliable,"domain news.stanford.edu has .edu or .ac, indicating an academic institution",,,,,
alcohol,neutral,moderate alcohol consumption health impact,1,5,https://nutritionsource.hsph.harvard.edu/healthy-drinks/drinks-to-consume-in-moderation/alcohol-full-story/,nutritionsource.hsph.harvard.edu,Alcohol: Balancing Risks and Benefits - The Nutrition Source,2026-05-09 19:54:52,reliable,"domain nutritionsource.hsph.harvard.edu has .edu or .ac, indicating an academic institution",,,,,
alcohol,neutral,moderate alcohol consumption health impact,3,5,https://medschool.vcu.edu/news/search/beyond-dry-january-addressing-the-health-impacts-of-light-to-moderate-alcohol-consumption.html,medschool.vcu.edu,Beyond Dry January: Addressing the health impacts of light to ...,2026-05-09 19:55:15,reliable,"domain medschool.vcu.edu has .edu or .ac, indicating an academic institution",,,,,
alcohol,neutral,wine heart health,3,6,https://www.health.harvard.edu/heart-health/want-a-healthier-heart-seriously-consider-skipping-the-drinks,health.harvard.edu,Want a healthier heart? Seriously consider skipping the ...,2026-05-09 19:57:13,reliable,"domain health.harvard.edu has .edu or .ac, indicating an academic institution",,,,,
alcohol,slanted,binge drinking dangers,2,6,https://www.urmc.rochester.edu/encyclopedia/content?contenttypeid=1&contentid=1924,urmc.rochester.edu,College Students and the Dangers of Binge Drinking,2026-05-09 19:57:40,reliable,"domain urmc.rochester.edu has .edu or .ac, indicating an academic institution",,,,,
alcohol,neutral,beer nutrition research,1,10,http://snobear.colorado.edu/WatershedBio/15/beer3.pdf,snobear.colorado.edu,Nutritional aspects of beer—a review,2026-05-09 19:58:11,reliable,"domain snobear.colorado.edu has .edu or .ac, indicating an academic institution",,,,,
alcohol,neutral,beer nutrition research,2,4,https://www.academia.edu/17150290/Beer_Health_and_Nutrition,academia.edu,(PDF) Beer : Health and Nutrition,2026-05-09 19:58:19,reliable,"domain academia.edu has .edu or .ac, indicating an academic institution",,,,,
alcohol,neutral,beer nutrition research,2,5,https://www.ucdavis.edu/news/beer-has-hidden-nutritional-value-study-says,ucdavis.edu,"Beer Has Hidden Nutritional Value, Study Says",2026-05-09 19:58:20,reliable,"domain ucdavis.edu has .edu or .ac, indicating an academic institution",,,,,
alcohol,slanted,alcohol cancer risk,2,2,https://ysph.yale.edu/news-article/the-link-between-alcohol-and-cancer/,ysph.yale.edu,The link between alcohol and cancer,2026-05-09 19:59:02,reliable,"domain ysph.yale.edu has .edu or .ac, indicating an academic institution",,,,,
fast_food,neutral,food safety regulations,2,7,https://graduate.northeastern.edu/knowledge-hub/understanding-basics-food-safety-regulations/,graduate.northeastern.edu,Understanding the Basics of Food Safety Regulations,2026-05-09 20:00:04,reliable,"domain graduate.northeastern.edu has .edu or .ac, indicating an academic institution",,,,,
fast_food,slanted,fast food obesity,2,1,https://sqonline.ucsd.edu/2013/01/fast-food-and-obesity/,sqonline.ucsd.edu,Fast Food and Obesity: A Study in a Local McDonald's,2026-05-09 20:01:46,reliable,"domain sqonline.ucsd.edu has .edu or .ac, indicating an academic institution",,,,,
fast_food,neutral,restaurant calorie labeling,2,4,https://www.nutritionletter.tufts.edu/healthy-eating/using-restaurant-calorie-labels-for-better-health/,nutritionletter.tufts.edu,Using Restaurant Calorie Labels for Better Health,2026-05-09 20:02:50,reliable,"domain nutritionletter.tufts.edu has .edu or .ac, indicating an academic institution",,,,,
fast_food,slanted,food additive dangers,1,5,https://www.health.harvard.edu/blog/common-food-additives-and-chemicals-harmful-to-children-2018072414326,health.harvard.edu,Common food additives and chemicals harmful to children,2026-05-09 20:03:17,reliable,"domain health.harvard.edu has .edu or .ac, indicating an academic institution",,,,,
fast_food,slanted,food additive dangers,3,4,https://nutritionsource.hsph.harvard.edu/food-additives/,nutritionsource.hsph.harvard.edu,Food Additives and Health - The Nutrition Source,2026-05-09 20:03:46,reliable,"domain nutritionsource.hsph.harvard.edu has .edu or .ac, indicating an academic institution",,,,,
fast_food,slanted,fast food antibiotic meat,1,2,https://www.cidrap.umn.edu/antimicrobial-stewardship/report-most-fast-food-chains-arent-making-grade-antibiotic-policies,cidrap.umn.edu,Most fast-food chains aren't making the grade on antibiotic ...,2026-05-09 20:04:40,reliable,"domain cidrap.umn.edu has .edu or .ac, indicating an academic institution",,,,,
organic_food,neutral,organic food diet facts,1,6,https://extension.umaine.edu/food-health/2025/08/14/organic-food-facts-health-safety-and-your-budget/,extension.umaine.edu,"Organic Food Facts: Health, Safety, and Your Budget",2026-05-09 20:05:33,reliable,"domain extension.umaine.edu has .edu or .ac, indicating an academic institution",,,,,
organic_food,neutral,organic food diet facts,2,2,https://www.health.harvard.edu/healthy-aging-and-longevity/should-you-go-organic,health.harvard.edu,Should you go organic?,2026-05-09 20:05:46,reliable,"domain health.harvard.edu has .edu or .ac, indicating an academic institution",,,,,
organic_food,neutral,organic food diet facts,3,1,https://njaes.rutgers.edu/sshw/message/message.php?p=Health&m=108,njaes.rutgers.edu,Small Steps to Eating Organic Food,2026-05-09 20:05:53,reliable,"domain njaes.rutgers.edu has .edu or .ac, indicating an academic institution",,,,,
organic_food,neutral,organic food diet facts,3,7,https://nutrition.ucdavis.edu/outreach/nutr-health-info-sheets/pro-organic,nutrition.ucdavis.edu,Nutrition & Health Info Sheets for Health Professionals,2026-05-09 20:05:55,reliable,"domain nutrition.ucdavis.edu has .edu or .ac, indicating an academic institution",,,,,
organic_food,slanted,organic farming pesticides,1,3,https://npic.orst.edu/ingred/organic.html,npic.orst.edu,Pesticide Ingredients Used in Organic Agriculture,2026-05-09 20:08:02,reliable,"domain npic.orst.edu has .edu or .ac, indicating an academic institution",,,,,
organic_food,slanted,organic farming pesticides,1,7,https://www.johnson.k-state.edu/programs/lawn-garden/agent-articles-fact-sheets-and-more/agent-articles/environment/organic-does-not-mean-pesticide-free.html,johnson.k-state.edu,Organic Does Not Mean Pesticide Free,2026-05-09 20:08:16,reliable,"domain johnson.k-state.edu has .edu or .ac, indicating an academic institution",,,,,
organic_food,slanted,organic farming pesticides,3,4,https://cfaes.osu.edu/fact-sheet/understanding-pesticides-organic-and-conventional-crop-production-systems,cfaes.osu.edu,Understanding Pesticides in Organic and Conventional Crop ...,2026-05-09 20:08:35,reliable,"domain cfaes.osu.edu has .edu or .ac, indicating an academic institution",,,,,
tap_water,slanted,lead in tap water,2,7,https://extension.psu.edu/lead-in-drinking-water/,extension.psu.edu,Lead in Drinking Water,2026-05-09 20:10:18,reliable,"domain extension.psu.edu has .edu or .ac, indicating an academic institution",,,,,
tap_water,slanted,lead in tap water,3,7,https://ehs.princeton.edu/lead-in-drinking-water,ehs.princeton.edu,Lead in Drinking Water - Environmental Health and Safety,2026-05-09 20:10:27,reliable,"domain ehs.princeton.edu has .edu or .ac, indicating an academic institution",,,,,
tap_water,neutral,fluoridated water consumption,1,8,https://ysph.yale.edu/research/information-sheets/fluoride/,ysph.yale.edu,Fluoride's Impact on Health - Yale School of Public Health,2026-05-09 20:16:50,reliable,"domain ysph.yale.edu has .edu or .ac, indicating an academic institution",,,,,
tap_water,neutral,fluoridated water consumption,3,8,https://lpi.oregonstate.edu/mic/minerals/fluoride,lpi.oregonstate.edu,Fluoride | Linus Pauling Institute | Oregon State University,2026-05-09 20:17:18,reliable,"domain lpi.oregonstate.edu has .edu or .ac, indicating an academic institution",,,,,
tap_water,slanted,water contamination risks,2,10,https://sph.unc.edu/superfund-pages/well-water-and-health/,sph.unc.edu,Well Water and Health,2026-05-09 20:17:59,reliable,"domain sph.unc.edu has .edu or .ac, indicating an academic institution",,,,,
bottled_water,neutral,mineral water research,1,9,https://www.montana.edu/news/10053/msu-study-finds-that-drinking-mineralized-water-might-provide-health-benefits,montana.edu,MSU study finds that drinking mineralized water might ...,2026-05-09 20:25:40,reliable,"domain montana.edu has .edu or .ac, indicating an academic institution",,,,,
bottled_water,neutral,mineral water research,2,4,https://unu.edu/inweh/collection/unu-inweh-report-critical-minerals-water-insecurity-and-injustice,unu.edu,"Critical Minerals, Water Insecurity and Injustice",2026-05-09 20:26:09,reliable,"domain unu.edu has .edu or .ac, indicating an academic institution",,,,,
bottled_water,neutral,mineral water research,2,6,https://ui.adsabs.harvard.edu/abs/2007IJEH....1..153A/abstract,ui.adsabs.harvard.edu,Drinking mineral waters: biochemical effects and health ...,2026-05-09 20:26:09,reliable,"domain ui.adsabs.harvard.edu has .edu or .ac, indicating an academic institution",,,,,
mining,slanted,mining environmental damage,1,3,https://web.mit.edu/12.000/www/m2016/finalwebsite/problems/mining.html,web.mit.edu,Environmental Risks of Mining,2026-05-09 20:28:52,reliable,"domain web.mit.edu has .edu or .ac, indicating an academic institution",,,,,
mining,slanted,mining environmental damage,2,4,https://exhibits.lib.utah.edu/s/mining-the-west/page/health-environmental,exhibits.lib.utah.edu,Health and Environmental Effects · Mining the West,2026-05-09 20:29:24,reliable,"domain exhibits.lib.utah.edu has .edu or .ac, indicating an academic institution",,,,,
mining,slanted,mining environmental damage,2,10,https://climate.mit.edu/ask-mit/how-does-environmental-impact-mining-clean-energy-metals-compare-mining-coal-oil-and-gas,climate.mit.edu,How does the environmental impact of mining for clean ...,2026-05-09 20:29:26,reliable,"domain climate.mit.edu has .edu or .ac, indicating an academic institution",,,,,
mining,neutral,coal mining technology,3,2,https://pure.psu.edu/en/publications/advances-in-coal-mining-technology-and-sustainable-mining-techniq,pure.psu.edu,Advances in coal mining technology and sustainable ...,2026-05-09 20:30:49,reliable,"domain pure.psu.edu has .edu or .ac, indicating an academic institution",,,,,
mining,neutral,coal mining technology,3,3,https://www.princeton.edu/~ota/disk3/1981/8103/810313.PDF,princeton.edu,CHAPTER 11 - Mining Technology,2026-05-09 20:30:48,reliable,"domain princeton.edu has .edu or .ac, indicating an academic institution",,,,,
mining,slanted,mountaintop removal dangers,1,2,https://e360.yale.edu/features/a-troubling-look-at-the-human-toll-of-mountaintop-removal-mining,e360.yale.edu,A Troubling Look at the Human Toll of Mountaintop ...,2026-05-09 20:31:19,reliable,"domain e360.yale.edu has .edu or .ac, indicating an academic institution",,,,,
mining,slanted,mountaintop removal dangers,2,6,https://today.duke.edu/2021/09/mountaintop-mining-causes-40-percent-loss-aquatic-biodiversity,today.duke.edu,Mountaintop Mining Causes 40 Percent Loss of Aquatic ...,2026-05-09 20:31:37,reliable,"domain today.duke.edu has .edu or .ac, indicating an academic institution",,,,,
mining,slanted,mountaintop removal dangers,2,7,https://commons.lib.jmu.edu/cgi/viewcontent.cgi?article=1076&context=evision,commons.lib.jmu.edu,Mountaintop Removal Mining - JMU Scholarly Commons,2026-05-09 20:31:37,reliable,"domain commons.lib.jmu.edu has .edu or .ac, indicating an academic institution",,,,,
mining,slanted,mountaintop removal dangers,3,9,https://www.psu.edu/news/research/story/assessing-human-impacts-mountaintop-removal-mining,psu.edu,Assessing the human impacts of mountaintop removal mining,2026-05-09 20:31:50,reliable,"domain psu.edu has .edu or .ac, indicating an academic institution",,,,,
mining,slanted,mercury pollution gold mining,3,5,https://globalhealth.duke.edu/news/breaking-mercurys-stubborn-hold-gold,globalhealth.duke.edu,Breaking Mercury's Stubborn Hold on Gold,2026-05-09 20:33:33,reliable,"domain globalhealth.duke.edu has .edu or .ac, indicating an academic institution",,,,,
deforestation,slanted,deforestation climate impact,1,8,https://climate.mit.edu/explainers/forests-and-climate-change,climate.mit.edu,Forests and Climate Change,2026-05-09 20:35:02,reliable,"domain climate.mit.edu has .edu or .ac, indicating an academic institution",,,,,
deforestation,slanted,palm oil deforestation,3,4,https://seas.umich.edu/news/palm-oil-plantations-and-deforestation-guatemala-certifying-products-sustainable-no-panacea,seas.umich.edu,Palm oil plantations and deforestation in Guatemala,2026-05-09 20:37:32,reliable,"domain seas.umich.edu has .edu or .ac, indicating an academic institution",,,,,
overfishing,slanted,overfishing ocean collapse,2,5,https://sharkresearch.earth.miami.edu/fishery-collapses-explained-by-overfishing-life-history-traits-and-climate-variability/,sharkresearch.earth.miami.edu,"Fishery Collapses Explained by Overfishing, Life-History Traits ...",2026-05-09 20:44:14,reliable,"domain sharkresearch.earth.miami.edu has .edu or .ac, indicating an academic institution",,,,,
overfishing,slanted,overfishing ocean collapse,3,2,https://faculty.washington.edu/stevehar/JacksonETAl2001-overfishing.pdf,faculty.washington.edu,Historical Overfishing and the Recent Collapse of Coastal ...,2026-05-09 20:44:27,reliable,"domain faculty.washington.edu has .edu or .ac, indicating an academic institution",,,,,
overfishing,neutral,fisheries management research,2,6,https://www.nceas.ucsb.edu/news/fisheries-management-actually-working-global-analysis-shows,nceas.ucsb.edu,"Fisheries Management Is Actually Working, Global Analysis ...",2026-05-09 20:45:06,reliable,"domain nceas.ucsb.edu has .edu or .ac, indicating an academic institution",,,,,
overfishing,neutral,fisheries management research,3,1,https://www.nceas.ucsb.edu/news/fisheries-management-actually-working-global-analysis-shows,nceas.ucsb.edu,"Fisheries Management Is Actually Working, Global Analysis ...",2026-05-09 20:45:17,reliable,"domain nceas.ucsb.edu has .edu or .ac, indicating an academic institution",,,,,
overfishing,slanted,fish farm pollution,1,6,https://hsph.harvard.edu/environmental-health/news/fish-farming-and-the-law-of-unintended-consequences/,hsph.harvard.edu,Fish farming and the law of unintended consequences,2026-05-09 20:47:16,reliable,"domain hsph.harvard.edu has .edu or .ac, indicating an academic institution",,,,,
poverty,slanted,poverty cycle,3,2,https://online.maryville.edu/blog/how-to-break-the-cycle-of-poverty/,online.maryville.edu,How to Break the Cycle of Poverty: Impact on Global Growth,2026-05-09 20:50:37,reliable,"domain online.maryville.edu has .edu or .ac, indicating an academic institution",,,,,
poverty,neutral,minimum wage economical impact,1,6,https://sites.lsa.umich.edu/mje/2026/04/13/the-minimum-wage-in-2026-economic-theory-and-evidence-in-a-changing-policy-landscape/,sites.lsa.umich.edu,The Minimum Wage in 2026: Economic Theory and ...,2026-05-09 20:51:06,reliable,"domain sites.lsa.umich.edu has .edu or .ac, indicating an academic institution",,,,,
poverty,neutral,minimum wage economical impact,2,8,https://drexel.edu/hunger-free-center/research/briefs-and-reports/minimum-wage-is-not-enough/,drexel.edu,Minimum Wage is Not Enough - Home,2026-05-09 20:51:22,reliable,"domain drexel.edu has .edu or .ac, indicating an academic institution",,,,,
poverty,neutral,minimum wage economical impact,3,4,https://drexel.edu/hunger-free-center/research/briefs-and-reports/minimum-wage-is-not-enough/,drexel.edu,Minimum Wage is Not Enough - Home,2026-05-09 20:51:34,reliable,"domain drexel.edu has .edu or .ac, indicating an academic institution",,,,,
poverty,neutral,minimum wage economical impact,3,6,https://dc.suffolk.edu/cgi/viewcontent.cgi?article=1010&context=undergrad,dc.suffolk.edu,How Does a Higher Minimum Wage Affect the Economy?,2026-05-09 20:51:35,reliable,"domain dc.suffolk.edu has .edu or .ac, indicating an academic institution",,,,,
poverty,slanted,welfare dependency,2,7,https://scholarworks.wmich.edu/jssw/vol25/iss4/7/,scholarworks.wmich.edu,Social Support's Contribution to Reduced Welfare ...,2026-05-09 20:52:20,reliable,"domain scholarworks.wmich.edu has .edu or .ac, indicating an academic institution",,,,,
poverty,slanted,welfare dependency,3,8,https://www.hks.harvard.edu/centers/cid/publications/myth-welfare-dependency,hks.harvard.edu,The Myth of Welfare Dependency | Harvard Kennedy School,2026-05-09 20:52:34,reliable,"domain hks.harvard.edu has .edu or .ac, indicating an academic institution",,,,,
poverty,neutral,universal basic income research,1,2,https://basicincome.stanford.edu/experiments-map/,basicincome.stanford.edu,Global Map of Basic Income Experiments,2026-05-09 20:52:57,reliable,"domain basicincome.stanford.edu has .edu or .ac, indicating an academic institution",,,,,
poverty,neutral,universal basic income research,1,4,https://www.unc.edu/discover/the-pros-and-cons-of-universal-basic-income/,unc.edu,The pros and cons of universal basic income,2026-05-09 20:54:17,reliable,"domain unc.edu has .edu or .ac, indicating an academic institution",,,,,
poverty,neutral,universal basic income research,2,5,https://urbanlabs.uchicago.edu/attachments/5ff88f36218ed7d9bee03d8b2e3f5e87998b51c9/store/71b4d2b6c98f6d7d0e4b8e5ac62db72a0139a748a1dc59ee192309d9e7cf/092024+IEL+GI+Literature+Review.pdf,urbanlabs.uchicago.edu,A summary of existing research on guaranteed income.,2026-05-09 20:54:37,reliable,"domain urbanlabs.uchicago.edu has .edu or .ac, indicating an academic institution",,,,,
poverty,neutral,universal basic income research,3,1,https://gspp.berkeley.edu/archived/files/research/pdf/Hoynes-Rothstein-annurev-economics-080218-030237.pdf,gspp.berkeley.edu,Universal Basic Income in the United States and Advanced ...,2026-05-09 20:54:50,reliable,"domain gspp.berkeley.edu has .edu or .ac, indicating an academic institution",,,,,
poverty,neutral,universal basic income research,3,3,https://thereader.mitpress.mit.edu/the-deep-and-enduring-history-of-universal-basic-income/,thereader.mitpress.mit.edu,The Deep and Enduring History of Universal Basic Income,2026-05-09 20:54:51,reliable,"domain thereader.mitpress.mit.edu has .edu or .ac, indicating an academic institution",,,,,
poverty,slanted,poverty traps,2,4,https://faculty.wcas.northwestern.edu/kmatsu/Poverty%20Traps.pdf,faculty.wcas.northwestern.edu,1 Poverty Trap,2026-05-09 20:55:46,reliable,"domain faculty.wcas.northwestern.edu has .edu or .ac, indicating an academic institution",,,,,
poverty,slanted,poverty traps,3,3,https://inequality.stanford.edu/sites/default/files/Pathways_Winter2019_Poverty-Traps.pdf,inequality.stanford.edu,Poverty Traps,2026-05-09 20:56:00,reliable,"domain inequality.stanford.edu has .edu or .ac, indicating an academic institution",,,,,
poverty,slanted,poverty traps,3,7,https://press.princeton.edu/books/paperback/9780691170930/poverty-traps?srsltid=AfmBOorXMZ7brwSu-_eunzcCtFk0SmlzRrVb9y12zAOKgcA0M3GPtKGT,press.princeton.edu,Poverty Traps,2026-05-09 20:56:02,reliable,"domain press.princeton.edu has .edu or .ac, indicating an academic institution",,,,,
education,slanted,common core failures,1,1,https://www.brookings.edu/articles/why-common-core-failed/,brookings.edu,Why Common Core failed,2026-05-09 20:58:23,reliable,"domain brookings.edu has .edu or .ac, indicating an academic institution",,,,,
education,slanted,common core failures,2,2,https://www.gse.harvard.edu/ideas/ed-magazine/14/09/what-happened-common-core,gse.harvard.edu,What Happened to the Common Core?,2026-05-09 20:59:45,reliable,"domain gse.harvard.edu has .edu or .ac, indicating an academic institution",,,,,
education,neutral,charter school research,1,1,https://credo.stanford.edu/research-reports/charter-studies/,credo.stanford.edu,Charter Studies - CREDO - Stanford University,2026-05-09 21:00:35,reliable,"domain credo.stanford.edu has .edu or .ac, indicating an academic institution",,,,,
education,neutral,charter school research,1,7,https://blueprintlabs.mit.edu/charter-collaborative/,blueprintlabs.mit.edu,Charter School Research Collaborative - Blueprint Labs,2026-05-09 21:01:42,reliable,"domain blueprintlabs.mit.edu has .edu or .ac, indicating an academic institution",,,,,
education,neutral,charter school research,2,1,https://blueprintlabs.mit.edu/charter-collaborative/,blueprintlabs.mit.edu,Charter School Research Collaborative - Blueprint Labs,2026-05-09 21:01:55,reliable,"domain blueprintlabs.mit.edu has .edu or .ac, indicating an academic institution",,,,,
education,neutral,charter school research,2,2,https://epaa.asu.edu/index.php/epaa/article/view/7364/3026,epaa.asu.edu,Charter schools after three decades: Reviewing ...,2026-05-09 21:01:55,reliable,"domain epaa.asu.edu has .edu or .ac, indicating an academic institution",,,,,
education,neutral,charter school research,3,8,https://fordschool.umich.edu/news/2024/lessons-learned-urban-charter-schools-demonstrate-potential-improve-student-performance,fordschool.umich.edu,Lessons learned: Urban charter schools demonstrate potential ...,2026-05-09 21:02:11,reliable,"domain fordschool.umich.edu has .edu or .ac, indicating an academic institution",,,,,
education,slanted,school voucher controversy,1,5,https://www.wwu.edu/faculty/kriegj/Econ406/Papers/Ladd.pdf,wwu.edu,School Vouchers: A Critical View,2026-05-09 21:02:25,reliable,"domain wwu.edu has .edu or .ac, indicating an academic institution",,,,,
education,slanted,school voucher controversy,2,2,https://www.gse.harvard.edu/ideas/edcast/25/10/school-vouchers-explained-what-new-federal-program-means,gse.harvard.edu,School Vouchers Explained: What the New Federal Program ...,2026-05-09 21:02:44,reliable,"domain gse.harvard.edu has .edu or .ac, indicating an academic institution",,,,,
education,slanted,student loan debt crisis,1,5,https://www.brookings.edu/articles/a-crisis-in-student-loans-how-changes-in-the-characteristics-of-borrowers-and-in-the-institutions-they-attended-contributed-to-rising-loan-defaults/,brookings.edu,A crisis in student loans? How changes ...,2026-05-09 21:05:38,reliable,"domain brookings.edu has .edu or .ac, indicating an academic institution",,,,,
education,slanted,student loan debt crisis,1,8,https://online.umich.edu/content/student-debt-crisis-teach-out/,online.umich.edu,"$1.7 Trillion Student Loan Debt, Options for Borrowers, and ...",2026-05-09 21:05:41,reliable,"domain online.umich.edu has .edu or .ac, indicating an academic institution",,,,,
education,slanted,student loan debt crisis,2,3,https://clp.law.harvard.edu/article/debt-takes-a-toll/,clp.law.harvard.edu,Debt Takes a Toll,2026-05-09 21:05:53,reliable,"domain clp.law.harvard.edu has .edu or .ac, indicating an academic institution",,,,,
education,slanted,student loan debt crisis,2,8,https://www.irp.wisc.edu/resource/the-student-loan-crisis-policy-burden-and-borrower-well-being/,irp.wisc.edu,"The Student Loan Crisis: Policy, Burden, and Borrower ...",2026-05-09 21:05:54,reliable,"domain irp.wisc.edu has .edu or .ac, indicating an academic institution",,,,,
education,slanted,student loan debt crisis,3,1,https://www.albanylaw.edu/government-law-center/higher-education-and-the-student-debt-crisis,albanylaw.edu,Higher Education and the Student Debt Crisis,2026-05-09 21:06:06,reliable,"domain albanylaw.edu has .edu or .ac, indicating an academic institution",,,,,
healthcare,neutral,universal healthcare facts,2,3,https://www.brookings.edu/articles/a-dozen-facts-about-the-economics-of-the-u-s-health-care-system/,brookings.edu,A dozen facts about the economics of the US health-care ...,2026-05-09 21:06:49,reliable,"domain brookings.edu has .edu or .ac, indicating an academic institution",,,,,
healthcare,neutral,universal healthcare facts,2,8,https://health.mit.edu/my-mit/internationals/healthcare-united-states,health.mit.edu,Healthcare in the United States: The top five things you ...,2026-05-09 21:06:50,reliable,"domain health.mit.edu has .edu or .ac, indicating an academic institution",,,,,
healthcare,slanted,obamacare failures,1,5,https://www.brookings.edu/articles/obamacares-popularity-is-the-republicans-problem/,brookings.edu,Obamacare's popularity is the Republicans' problem,2026-05-09 21:09:13,reliable,"domain brookings.edu has .edu or .ac, indicating an academic institution",,,,,
healthcare,neutral,healthcare reform,3,5,https://www.brookings.edu/articles/rising-to-the-challenge-of-real-health-care-reform/,brookings.edu,Rising to the Challenge of Real Health Care Reform,2026-05-09 21:10:43,reliable,"domain brookings.edu has .edu or .ac, indicating an academic institution",,,,,
healthcare,slanted,insurance coverage gaps,3,10,https://ccf.georgetown.edu/2021/11/22/gaps-in-coverage-a-look-at-child-health-insurance-trends/,ccf.georgetown.edu,Gaps in Coverage: A Look at Child Health Insurance Trends,2026-05-09 21:11:43,reliable,"domain ccf.georgetown.edu has .edu or .ac, indicating an academic institution",,,,,
cloning,neutral,animal cloning impact,1,6,https://learn.genetics.utah.edu/content/cloning/whyclone/,learn.genetics.utah.edu,Why Clone?,2026-05-09 21:12:01,reliable,"domain learn.genetics.utah.edu has .edu or .ac, indicating an academic institution",,,,,
cloning,neutral,animal cloning impact,2,7,https://sqonline.ucsd.edu/2024/10/stepping-into-the-future-an-insight-into-cloning-and-its-impact-on-society/,sqonline.ucsd.edu,Stepping Into The Future: An Insight into Cloning and Its ...,2026-05-09 21:12:22,reliable,"domain sqonline.ucsd.edu has .edu or .ac, indicating an academic institution",,,,,
cloning,neutral,animal cloning impact,3,4,https://repository.upenn.edu/bitstreams/03b6b4f3-e742-44ea-bc34-8e5509bf6f0f/download,repository.upenn.edu,Ethical Issues in Animal Cloning,2026-05-09 21:12:35,reliable,"domain repository.upenn.edu has .edu or .ac, indicating an academic institution",,,,,
cloning,slanted,human cloning ethics,1,6,https://digitalcommons.liberty.edu/cgi/viewcontent.cgi?article=1009&context=nexus,digitalcommons.liberty.edu,Bioethics of Human Cloning: Are We Playing God?,2026-05-09 21:12:58,reliable,"domain digitalcommons.liberty.edu has .edu or .ac, indicating an academic institution",,,,,
cloning,slanted,human cloning ethics,1,7,https://www.scu.edu/ethics/focus-areas/bioethics/resources/the-ethics-of-human-cloning-and-stem-cell-research/,scu.edu,The Ethics of Human Cloning and Stem Cell Research,2026-05-09 21:13:02,reliable,"domain scu.edu has .edu or .ac, indicating an academic institution",,,,,
cloning,slanted,human cloning ethics,3,2,https://funginstitute.berkeley.edu/news/op-ed-the-dangers-of-cloning/,funginstitute.berkeley.edu,Op-ed: The dangers of cloning,2026-05-09 21:13:45,reliable,"domain funginstitute.berkeley.edu has .edu or .ac, indicating an academic institution",,,,,
cloning,neutral,reproductive cloning research,2,2,https://learn.genetics.utah.edu/content/cloning/clonezone/,learn.genetics.utah.edu,The History of Cloning,2026-05-09 21:14:31,reliable,"domain learn.genetics.utah.edu has .edu or .ac, indicating an academic institution",,,,,
cloning,neutral,reproductive cloning research,2,4,https://chicagounbound.uchicago.edu/cgi/viewcontent.cgi?article=1388&context=uclf,chicagounbound.uchicago.edu,Reproductive Cloning: Another Look,2026-05-09 21:14:31,reliable,"domain chicagounbound.uchicago.edu has .edu or .ac, indicating an academic institution",,,,,
cloning,neutral,reproductive cloning research,2,8,https://funginstitute.berkeley.edu/news/op-ed-the-dangers-of-cloning/,funginstitute.berkeley.edu,Op-ed: The dangers of cloning,2026-05-09 21:14:31,reliable,"domain funginstitute.berkeley.edu has .edu or .ac, indicating an academic institution",,,,,
cloning,neutral,reproductive cloning research,2,10,https://www.ruf.rice.edu/~neal/temp/ST%20Policy/index/SCBooklet/World.pdf,ruf.rice.edu,World Human Cloning Policies,2026-05-09 21:14:32,reliable,"domain ruf.rice.edu has .edu or .ac, indicating an academic institution",,,,,
cloning,slanted,therapeutic cloning debate,1,3,https://en.unav.edu/web/humanities-and-medical-ethics-unit/bioethics-material/conferencias-sobre-etica-medica-de-gonzalo-herranz/la-clonacion-terapeutica-y-sus-implicaciones-eticas,en.unav.edu,Therapeutic cloning and its ethical implications,2026-05-09 21:14:59,reliable,"domain en.unav.edu has .edu or .ac, indicating an academic institution",,,,,
cloning,slanted,therapeutic cloning debate,1,7,https://digitalcommons.liberty.edu/cgi/viewcontent.cgi?article=1009&context=nexus,digitalcommons.liberty.edu,Bioethics of Human Cloning: Are We Playing God?,2026-05-09 21:15:07,reliable,"domain digitalcommons.liberty.edu has .edu or .ac, indicating an academic institution",,,,,
cloning,slanted,therapeutic cloning debate,2,6,https://www.academia.edu/53952214/The_pros_and_cons_of_human_therapeutic_cloning_in_the_public_debate,academia.edu,The pros and cons of human therapeutic cloning in ...,2026-05-09 21:15:23,reliable,"domain academia.edu has .edu or .ac, indicating an academic institution",,,,,
cloning,slanted,clone farming,2,3,https://learn.genetics.utah.edu/content/cloning/whyclone/,learn.genetics.utah.edu,Why Clone?,2026-05-09 21:19:18,reliable,"domain learn.genetics.utah.edu has .edu or .ac, indicating an academic institution",,,,,
gene_editing,slanted,gene editing ethics,2,5,https://news.harvard.edu/gazette/story/2019/01/perspectives-on-gene-editing/,news.harvard.edu,Perspectives on gene editing,2026-05-09 21:22:44,reliable,"domain news.harvard.edu has .edu or .ac, indicating an academic institution",,,,,
gene_editing,neutral,crispr cas9 research,1,9,https://www.hsci.harvard.edu/crisprcas9-how-new-genome-editing-tool-could-help-patients,hsci.harvard.edu,CRISPR/Cas9: How a new genome-editing tool could help ...,2026-05-09 21:23:23,reliable,"domain hsci.harvard.edu has .edu or .ac, indicating an academic institution",,,,,
gene_editing,slanted,genetic modification dangers,1,6,https://english.umd.edu/research-innovation/journals/interpolations/interpolations-spring-2011/genetic-engineering-serious,english.umd.edu,Genetic Engineering: A Serious Threat to Human Society,2026-05-09 21:24:15,reliable,"domain english.umd.edu has .edu or .ac, indicating an academic institution",,,,,
gene_editing,slanted,genetic modification dangers,2,8,https://www.bu.edu/wcp/Papers/Bioe/BioeHay2.htm,bu.edu,20th WCP: Genetic Engineering and the Risk of Harm,2026-05-09 21:24:36,reliable,"domain bu.edu has .edu or .ac, indicating an academic institution",,,,,
gene_editing,slanted,genetic modification dangers,3,5,https://www.scu.edu/ethics/focus-areas/bioethics/resources/risks-and-benefits-of-gmos/,scu.edu,Risks and Benefits of GMOs,2026-05-09 21:24:48,reliable,"domain scu.edu has .edu or .ac, indicating an academic institution",,,,,
gene_editing,neutral,gene drive technology,1,6,https://wyss.harvard.edu/technology/gene-drives/,wyss.harvard.edu,Gene Drives - Wyss Institute,2026-05-09 21:25:28,reliable,"domain wyss.harvard.edu has .edu or .ac, indicating an academic institution",,,,,
gene_editing,neutral,gene drive technology,3,4,https://wyss.harvard.edu/media-post/crispr-cas9-gene-drives/,wyss.harvard.edu,CRISPR-Cas9: Gene Drives - Wyss Institute,2026-05-09 21:25:58,reliable,"domain wyss.harvard.edu has .edu or .ac, indicating an academic institution",,,,,
gene_editing,neutral,gene drive technology,3,8,https://publikationen.bibliothek.kit.edu/1000179982/158009090,publikationen.bibliothek.kit.edu,Gene drives,2026-05-09 21:26:00,reliable,"domain publikationen.bibliothek.kit.edu has .edu or .ac, indicating an academic institution",,,,,
gene_editing,slanted,designer babies,1,2,https://petrieflom.law.harvard.edu/2024/03/11/designer-babies-the-ethical-and-regulatory-implications-of-polygenic-embryo-screening/,petrieflom.law.harvard.edu,Designer Babies? The Ethical and Regulatory Implications ...,2026-05-09 21:26:34,reliable,"domain petrieflom.law.harvard.edu has .edu or .ac, indicating an academic institution",,,,,
gene_editing,slanted,designer babies,1,9,https://embryo.asu.edu/pages/ethics-designer-babies,embryo.asu.edu,Ethics of Designer Babies | Embryo Project Encyclopedia,2026-05-09 21:26:45,reliable,"domain embryo.asu.edu has .edu or .ac, indicating an academic institution",,,,,
gene_editing,slanted,designer babies,2,1,https://embryo.asu.edu/pages/ethics-designer-babies,embryo.asu.edu,Ethics of Designer Babies | Embryo Project Encyclopedia,2026-05-09 21:26:56,reliable,"domain embryo.asu.edu has .edu or .ac, indicating an academic institution",,,,,
gene_editing,slanted,designer babies,2,4,https://morgantonscientific.ncssm.edu/articles/xgky2283,morgantonscientific.ncssm.edu,Designer Babies A Tale of Horrific Immoralities,2026-05-09 21:26:58,reliable,"domain morgantonscientific.ncssm.edu has .edu or .ac, indicating an academic institution",,,,,
gene_editing,slanted,designer babies,2,9,https://jost.syr.edu/are-designer-babies-morally-wrong/,jost.syr.edu,Are 'Designer Babies' Morally Wrong? - JOST,2026-05-09 21:27:01,reliable,"domain jost.syr.edu has .edu or .ac, indicating an academic institution",,,,,
gene_editing,slanted,designer babies,3,2,https://med.nyu.edu/departments-institutes/population-health/divisions-sections-centers/medical-ethics/sites/default/files/medical-ethics-sex-selection-genetic-analysis.pdf,med.nyu.edu,"Sex Selection, Genetic Analysis, and Designer Babies",2026-05-09 21:27:22,reliable,"domain med.nyu.edu has .edu or .ac, indicating an academic institution",,,,,
gene_editing,slanted,designer babies,3,7,https://law.stanford.edu/press/will-designer-babies/,law.stanford.edu,When Will We Have Designer Babies? - Stanford Law School,2026-05-09 21:27:23,reliable,"domain law.stanford.edu has .edu or .ac, indicating an academic institution",,,,,
cybersecurity,neutral,encryption security,2,9,https://www.open.edu/openlearn/digital-computing/network-security/content-section-4.1,open.edu,4.1 An introduction to encryption and cryptography,2026-05-09 21:28:28,reliable,"domain open.edu has .edu or .ac, indicating an academic institution",,,,,
cybersecurity,neutral,encryption security,3,7,https://www.security.uci.edu/how-to/encryption/,security.uci.edu,Protect Data with Encryption - UCI Information Security,2026-05-09 21:28:42,reliable,"domain security.uci.edu has .edu or .ac, indicating an academic institution",,,,,
cybersecurity,slanted,government backdoors,1,1,https://cyberlaw.stanford.edu/blog/2025/05/governments-continue-losing-efforts-to-gain-backdoor-access-to-secure-communications/,cyberlaw.stanford.edu,Governments continue losing efforts to gain backdoor ...,2026-05-09 21:28:53,reliable,"domain cyberlaw.stanford.edu has .edu or .ac, indicating an academic institution",,,,,
cybersecurity,slanted,government backdoors,1,3,https://www.bu.edu/riscs/2021/05/03/abuse-resistant-government-backdoors/,bu.edu,Abuse-Resistant Government Backdoors,2026-05-09 21:28:55,reliable,"domain bu.edu has .edu or .ac, indicating an academic institution",,,,,
cybersecurity,slanted,government backdoors,2,9,https://cs.stanford.edu/people/eroberts/cs181/projects/ethics-of-surveillance/tech_encryptionbackdoors.html,cs.stanford.edu,Encryption Backdoors,2026-05-09 21:29:18,reliable,"domain cs.stanford.edu has .edu or .ac, indicating an academic institution",,,,,
cybersecurity,slanted,government backdoors,3,6,https://www.brookings.edu/articles/the-backdoor-threat-to-encryption/,brookings.edu,The backdoor threat to encryption,2026-05-09 21:29:31,reliable,"domain brookings.edu has .edu or .ac, indicating an academic institution",,,,,
cybersecurity,slanted,government backdoors,3,7,https://www.cs.tufts.edu/comp/116/archive/fall2015/sweiss.pdf,cs.tufts.edu,Government Backdoors in Encryption Abstract Introduction,2026-05-09 21:29:31,reliable,"domain cs.tufts.edu has .edu or .ac, indicating an academic institution",,,,,
cybersecurity,slanted,ransomware attacks,1,8,https://security.berkeley.edu/faq/ransomware/,security.berkeley.edu,Frequently Asked Questions - Ransomware,2026-05-09 21:33:20,reliable,"domain security.berkeley.edu has .edu or .ac, indicating an academic institution",,,,,
cybersecurity,slanted,ransomware attacks,3,5,https://nyscas.touro.edu/stories/list/recent-ransomware-attacks.php,nyscas.touro.edu,The 10 Biggest Ransomware Attacks | New York School of ...,2026-05-09 21:33:54,reliable,"domain nyscas.touro.edu has .edu or .ac, indicating an academic institution",,,,,
social_credit,slanted,social credit system,1,2,https://sccei.fsi.stanford.edu/china-briefs/assessing-chinas-national-model-social-credit-system,sccei.fsi.stanford.edu,Assessing China's “National Model” Social Credit System | FSI,2026-05-09 21:35:00,reliable,"domain sccei.fsi.stanford.edu has .edu or .ac, indicating an academic institution",,,,,
social_credit,slanted,social credit system,3,5,https://www.brookings.edu/articles/chinas-social-credit-system-spreads-to-more-daily-transactions/,brookings.edu,China's social credit system spreads to more daily ...,2026-05-09 21:35:47,reliable,"domain brookings.edu has .edu or .ac, indicating an academic institution",,,,,
social_credit,neutral,citizen scoring research,1,1,https://sccei.fsi.stanford.edu/china-briefs/assessing-chinas-national-model-social-credit-system,sccei.fsi.stanford.edu,Assessing China's “National Model” Social Credit System | FSI,2026-05-09 21:36:19,reliable,"domain sccei.fsi.stanford.edu has .edu or .ac, indicating an academic institution",,,,,
social_credit,neutral,citizen scoring research,2,8,https://egrove.olemiss.edu/cgi/viewcontent.cgi?article=2346&context=hon_thesis,egrove.olemiss.edu,A Study of the Social Credit Score System and the ...,2026-05-09 21:36:37,reliable,"domain egrove.olemiss.edu has .edu or .ac, indicating an academic institution",,,,,
social_credit,neutral,citizen scoring research,2,10,https://libres.uncg.edu/ir/uncg/f/N_Kshetri_Chinas_2020.pdf,libres.uncg.edu,"China's Social Credit System: Data, Algorithms and ...",2026-05-09 21:36:38,reliable,"domain libres.uncg.edu has .edu or .ac, indicating an academic institution",,,,,
social_credit,neutral,citizen scoring research,3,6,https://www.brookings.edu/articles/chinas-social-credit-system-spreads-to-more-daily-transactions/,brookings.edu,China's social credit system spreads to more daily ...,2026-05-09 21:36:52,reliable,"domain brookings.edu has .edu or .ac, indicating an academic institution",,,,,
social_credit,neutral,citizen scoring research,3,9,https://www.journals.uchicago.edu/doi/full/10.1086/718358,journals.uchicago.edu,Information Control and Public Support for Social Credit ...,2026-05-09 21:36:53,reliable,"domain journals.uchicago.edu has .edu or .ac, indicating an academic institution",,,,,
social_credit,slanted,government surveillance,1,8,https://cs.stanford.edu/people/eroberts/cs181/projects/ethics-of-surveillance/ethics.html,cs.stanford.edu,The Ethics (or not) of Massive Government Surveillance,2026-05-09 21:37:18,reliable,"domain cs.stanford.edu has .edu or .ac, indicating an academic institution",,,,,
social_credit,slanted,government surveillance,2,3,https://www.brookings.edu/articles/how-ai-can-enable-public-surveillance/,brookings.edu,How AI can enable public surveillance,2026-05-09 21:37:32,reliable,"domain brookings.edu has .edu or .ac, indicating an academic institution",,,,,
social_credit,slanted,government surveillance,2,8,https://libguides.mjc.edu/governmentsurveillance,libguides.mjc.edu,Government Surveillance - Research Guides,2026-05-09 21:37:33,reliable,"domain libguides.mjc.edu has .edu or .ac, indicating an academic institution",,,,,
social_credit,slanted,government surveillance,3,2,https://safecomputing.umich.edu/protect-privacy/history-of-surveillance-timeline,safecomputing.umich.edu,History of Surveillance Timeline / safecomputing.umich.edu,2026-05-09 21:37:45,reliable,"domain safecomputing.umich.edu has .edu or .ac, indicating an academic institution",,,,,
social_credit,neutral,trustworthiness rating,3,2,https://opi.cs.cmu.edu/show/trust_rating,opi.cs.cmu.edu,PhysicalThing: trust rating - Ontology of Personal Information,2026-05-09 21:38:43,reliable,"domain opi.cs.cmu.edu has .edu or .ac, indicating an academic institution",,,,,
social_credit,slanted,privacy concerns,1,8,https://hai.stanford.edu/news/privacy-ai-era-how-do-we-protect-our-personal-information,hai.stanford.edu,Privacy in an AI Era: How Do We Protect Our Personal ...,2026-05-09 21:39:16,reliable,"domain hai.stanford.edu has .edu or .ac, indicating an academic institution",,,,,
social_credit,slanted,privacy concerns,3,6,https://sopa.tulane.edu/blog/key-social-media-privacy-issues-2020,sopa.tulane.edu,"Key Social Media Privacy Issues for 2020 | New Orleans, LA",2026-05-09 21:39:43,reliable,"domain sopa.tulane.edu has .edu or .ac, indicating an academic institution",,,,,
quantum_computing,neutral,quantum encryption research,2,8,https://scienceexchange.caltech.edu/topics/quantum-science-explained/quantum-cryptography,scienceexchange.caltech.edu,How Will Quantum Technologies Change Cryptography?,2026-05-09 21:40:32,reliable,"domain scienceexchange.caltech.edu has .edu or .ac, indicating an academic institution",,,,,
quantum_computing,neutral,quantum encryption research,3,4,https://news.fiu.edu/2026/researchers-develop-encryption-to-protect-against-quantum-computer-hacks,news.fiu.edu,Researchers develop encryption to protect against ...,2026-05-09 21:40:44,reliable,"domain news.fiu.edu has .edu or .ac, indicating an academic institution",,,,,
quantum_computing,neutral,quantum machine learning,3,6,https://hdsr.mitpress.mit.edu/pub/cgmjzm3c,hdsr.mitpress.mit.edu,The Development of Quantum Machine Learning,2026-05-09 21:44:10,reliable,"domain hdsr.mitpress.mit.edu has .edu or .ac, indicating an academic institution",,,,,
quantum_computing,slanted,quantum computer hacking,1,6,https://news.fiu.edu/2025/fiu-computer-scientists-create-algorithm-to-protect-videos-from-quantum-hacking,news.fiu.edu,Computer scientists create algorithm to protect videos from ...,2026-05-09 21:46:16,reliable,"domain news.fiu.edu has .edu or .ac, indicating an academic institution",,,,,
quantum_computing,slanted,quantum computer hacking,2,8,https://www.cs.virginia.edu/~robins/The_Quantum_Hack.pdf,cs.virginia.edu,The Quantum Hack,2026-05-09 21:46:40,reliable,"domain cs.virginia.edu has .edu or .ac, indicating an academic institution",,,,,
space_exploration,neutral,space research data,1,3,https://ui.adsabs.harvard.edu/,ui.adsabs.harvard.edu,Astrophysics Data System,2026-05-09 21:49:20,reliable,"domain ui.adsabs.harvard.edu has .edu or .ac, indicating an academic institution",,,,,
space_exploration,neutral,space research data,2,9,https://exoplanetarchive.ipac.caltech.edu/,exoplanetarchive.ipac.caltech.edu,NASA Exoplanet Archive,2026-05-09 21:49:43,reliable,"domain exoplanetarchive.ipac.caltech.edu has .edu or .ac, indicating an academic institution",,,,,
space_exploration,neutral,space research data,3,1,https://guides.lib.uiowa.edu/datasets/earth,guides.lib.uiowa.edu,Science & Engineering Datasets: Earth & Space - Guides,2026-05-09 21:49:50,reliable,"domain guides.lib.uiowa.edu has .edu or .ac, indicating an academic institution",,,,,
space_exploration,neutral,space research data,3,5,https://guides.nyu.edu/science-data/astronomy,guides.nyu.edu,Astronomy & Space - Data Sources for Physical and Earth ...,2026-05-09 21:49:49,reliable,"domain guides.nyu.edu has .edu or .ac, indicating an academic institution",,,,,
space_exploration,neutral,space research data,3,6,https://libguides.und.edu/space-studies/data,libguides.und.edu,Space Studies: Data & Statistics - Research Guides,2026-05-09 21:49:50,reliable,"domain libguides.und.edu has .edu or .ac, indicating an academic institution",,,,,
space_exploration,slanted,space junk,2,1,http://astria.tacc.utexas.edu/AstriaGraph/,astria.tacc.utexas.edu,AstriaGraph,2026-05-09 21:50:44,reliable,"domain astria.tacc.utexas.edu has .edu or .ac, indicating an academic institution",,,,,
space_exploration,slanted,space junk,2,6,https://unu.edu/ehs/article/5-things-you-should-know-about-space-debris,unu.edu,5 Things You Should Know about Space Debris,2026-05-09 21:50:47,reliable,"domain unu.edu has .edu or .ac, indicating an academic institution",,,,,
space_exploration,neutral,mars colonization,2,6,https://www.fit.edu/lp/is-our-future-dependent-on-a-mars-colony/,fit.edu,Is Our Future Dependent on a Mars Colony?,2026-05-09 21:52:16,reliable,"domain fit.edu has .edu or .ac, indicating an academic institution",,,,,
space_exploration,slanted,space tourism risks,2,1,https://school.wakehealth.edu/features/research/scientists-and-students-study-the-risks-of-space-travel,school.wakehealth.edu,Scientists and Students Study the Risks of Space Travel,2026-05-09 21:52:52,reliable,"domain school.wakehealth.edu has .edu or .ac, indicating an academic institution",,,,,
space_exploration,slanted,space tourism risks,3,3,https://news.arizona.edu/employee-news/new-conversation-space-travel-comes-risk-and-spacexs-polaris-dawn-mission-will-push,news.arizona.edu,New on the Conversation: Space travel comes with risk,2026-05-09 21:53:01,reliable,"domain news.arizona.edu has .edu or .ac, indicating an academic institution",,,,,
space_exploration,slanted,asteroid mining ethics,1,7,https://www.colorado.edu/herbst/ethics-and-equity-emerging-space-economy,colorado.edu,Ethics and Equity in the Emerging Space Economy,2026-05-09 21:54:29,reliable,"domain colorado.edu has .edu or .ac, indicating an academic institution",,,,,
space_exploration,slanted,asteroid mining ethics,2,3,https://www.academia.edu/31736455/The_Legality_and_Ethics_of_Mining_an_Asteroid,academia.edu,(PDF) The Legality and Ethics of Mining an Asteroid,2026-05-09 21:54:48,reliable,"domain academia.edu has .edu or .ac, indicating an academic institution",,,,,
space_exploration,slanted,asteroid mining ethics,2,6,https://ui.adsabs.harvard.edu/abs/2021BAAS...53d.475R/abstract,ui.adsabs.harvard.edu,Asteroid Resource Utilization: Ethical Concerns and Progress,2026-05-09 21:54:49,reliable,"domain ui.adsabs.harvard.edu has .edu or .ac, indicating an academic institution",,,,,
space_exploration,slanted,space weaponization,1,2,https://www.diplomacy.edu/blog/militarisation-of-space/,diplomacy.edu,Astropolitics and the militarisation of space: The new arms ...,2026-05-09 21:55:54,reliable,"domain diplomacy.edu has .edu or .ac, indicating an academic institution",,,,,
space_exploration,slanted,space weaponization,1,3,https://www.airuniversity.af.edu/Portals/10/AEtherJournal/Journals/Special-Edition_Winter2023/Staats.pdf,airuniversity.af.edu,Space Weaponization - Air University,2026-05-09 21:55:55,reliable,"domain airuniversity.af.edu has .edu or .ac, indicating an academic institution",,,,,
space_exploration,slanted,space weaponization,3,1,https://scholar.smu.edu/cgi/viewcontent.cgi?article=1327&context=jalc,scholar.smu.edu,The Problems and Potential Solutions Related to the ...,2026-05-09 21:56:22,reliable,"domain scholar.smu.edu has .edu or .ac, indicating an academic institution",,,,,
space_exploration,slanted,space weaponization,3,6,https://jpia.princeton.edu/document/393,jpia.princeton.edu,SPACE WEAPONIZATION AND CANADA-U.S. RELATIONS,2026-05-09 21:56:23,reliable,"domain jpia.princeton.edu has .edu or .ac, indicating an academic institution",,,,,
immigration,slanted,immigration threath,1,2,https://www.brookings.edu/articles/when-is-migration-a-security-issue/,brookings.edu,When is Migration a Security Issue?,2026-05-09 21:57:17,reliable,"domain brookings.edu has .edu or .ac, indicating an academic institution",,,,,
immigration,slanted,immigration threath,1,3,https://www.eurac.edu/en/blogs/mobile-people-and-diverse-societies/beyond-fear-how-migration-and-security-become-entangled-and-how-to-untangle-them-,eurac.edu,Beyond Fear: How Migration and Security become Entangled ...,2026-05-09 21:57:18,reliable,"domain eurac.edu has .edu or .ac, indicating an academic institution",,,,,
immigration,neutral,poulation growth,1,6,https://ugc.berkeley.edu/background-content/population-growth/,ugc.berkeley.edu,Population growth,2026-05-09 21:58:06,reliable,"domain ugc.berkeley.edu has .edu or .ac, indicating an academic institution",,,,,
immigration,slanted,overpopulation,1,6,https://mahb.stanford.edu/blog/a-brief-on-overpopulation-why-it-matters-and-what-you-can-do-about-it/,mahb.stanford.edu,A Brief on Overpopulation - Why it Matters and What You ...,2026-05-09 21:59:16,reliable,"domain mahb.stanford.edu has .edu or .ac, indicating an academic institution",,,,,
immigration,slanted,overpopulation,3,5,https://mahb.stanford.edu/library-item/is-the-earth-really-overpopulated/,mahb.stanford.edu,Is the Earth really overpopulated?,2026-05-09 21:59:47,reliable,"domain mahb.stanford.edu has .edu or .ac, indicating an academic institution",,,,,
Job_security,neutral,unemployment projection related to Ai data,1,3,https://budgetlab.yale.edu/research/tracking-impact-ai-labor-market,budgetlab.yale.edu,Tracking the Impact of AI on the Labor Market - Yale Budget Lab,2026-05-09 22:01:29,reliable,"domain budgetlab.yale.edu has .edu or .ac, indicating an academic institution",,,,,
Job_security,neutral,unemployment projection related to Ai data,3,8,https://budgetlab.yale.edu/research/what-we-do-and-dont-know-about-how-ai-affecting-labor-market,budgetlab.yale.edu,What We Do and Don't Know About How AI is Affecting the ...,2026-05-09 22:01:52,reliable,"domain budgetlab.yale.edu has .edu or .ac, indicating an academic institution",,,,,
Job_security,slanted,Ai taking over jobs,1,3,https://www.nexford.edu/insights/how-will-ai-affect-jobs,nexford.edu,How will Artificial Intelligence Affect Jobs 2026-2030,2026-05-09 22:02:17,reliable,"domain nexford.edu has .edu or .ac, indicating an academic institution",,,,,
Job_security,slanted,Ai taking over jobs,1,6,https://insights.som.yale.edu/insights/the-real-job-destruction-from-ai-is-hitting-before-careers-can-start,insights.som.yale.edu,The Real Job Destruction from AI Is Hitting Before Careers ...,2026-05-09 22:02:19,reliable,"domain insights.som.yale.edu has .edu or .ac, indicating an academic institution",,,,,
Job_security,slanted,Ai taking over jobs,1,7,https://www.library.hbs.edu/working-knowledge/riley-performance-resistance-2026,library.hbs.edu,People Are Mostly OK With AI Taking Over Many Jobs—Up to ...,2026-05-09 22:02:23,reliable,"domain library.hbs.edu has .edu or .ac, indicating an academic institution",,,,,
Job_security,slanted,Ai taking over jobs,2,1,https://knowledge.insead.edu/career/ai-really-going-take-your-job,knowledge.insead.edu,Is AI Really Going to Take Your Job?,2026-05-09 22:02:31,reliable,"domain knowledge.insead.edu has .edu or .ac, indicating an academic institution",,,,,
Job_security,slanted,Ai taking over jobs,2,9,https://www.uscareerinstitute.edu/blog/65-jobs-with-the-lowest-risk-of-automation-by-ai-and-robots,uscareerinstitute.edu,Top 65 Jobs Safest from AI & Robot Automation,2026-05-09 22:02:34,reliable,"domain uscareerinstitute.edu has .edu or .ac, indicating an academic institution",,,,,
Job_security,slanted,Ai taking over jobs,3,7,https://sites.lsa.umich.edu/mje/2024/01/03/is-ai-taking-over-the-job-market/,sites.lsa.umich.edu,Is AI taking over the job market?,2026-05-09 22:02:42,reliable,"domain sites.lsa.umich.edu has .edu or .ac, indicating an academic institution",,,,,
artificial_sweeteners,neutral,stevia information,2,4,https://nutritionfacts.org/topics/stevia/,nutritionfacts.org,stevia | Health Topics,2026-05-09 16:46:49,reliable,reliable,domain nutritionfacts.org is 'reliable' per OpenSources,,,,
essential_oils,slanted,tea tree oil poisoning,2,7,https://nutritionfacts.org/blog/safety-concerns-with-tea-tree-oil/,nutritionfacts.org,Safety Concerns with Tea Tree Oil?,2026-05-09 17:01:32,reliable,reliable,domain nutritionfacts.org is 'reliable' per OpenSources,,,,
lab_grown_meat,slanted,lab meat health risks,3,5,https://nutritionfacts.org/blog/food-safety-and-cultivated-meat/,nutritionfacts.org,Food Safety and Cultivated Meat,2026-05-09 18:22:24,reliable,reliable,domain nutritionfacts.org is 'reliable' per OpenSources,,,,
soy,neutral,tofu nutrition research,1,4,https://nutritionfacts.org/topics/tofu/,nutritionfacts.org,Tofu Nutrition Research,2026-05-09 19:25:30,reliable,reliable,domain nutritionfacts.org is 'reliable' per OpenSources,,,,
dairy,neutral,cheese nutrition research,2,9,https://nutritionfacts.org/topics/cheese/,nutritionfacts.org,Cheese and Nutrition: The Latest Research,2026-05-09 19:30:07,reliable,reliable,domain nutritionfacts.org is 'reliable' per OpenSources,,,,
organic_food,neutral,organic food diet facts,1,1,https://nutritionfacts.org/topics/organic-foods/,nutritionfacts.org,Organic Foods: The Latest Research,2026-05-09 20:05:26,reliable,reliable,domain nutritionfacts.org is 'reliable' per OpenSources,,,,
vaccines,neutral,vaccine information,1,6,https://www.who.int/health-topics/vaccines-and-immunization,who.int,Vaccines and immunization,2026-05-09 15:39:18,reliable,domain who.int rated 'high credibility' per MBFC,,,,,
vaccines,neutral,vaccine information,2,4,https://www.who.int/teams/immunization-vaccines-and-biologicals/diseases/vaccination-information-hub,who.int,Vaccination Information Hub,2026-05-09 15:40:57,reliable,domain who.int rated 'high credibility' per MBFC,,,,,
vaccines,neutral,vaccine information,3,5,https://www.britannica.com/science/vaccine,britannica.com,"Vaccine | Definition, Types, History, & Facts",2026-05-09 15:41:06,reliable,domain britannica.com rated 'high credibility' per MBFC,,,,,
vaccines,slanted,vaccine dangers,1,3,https://www.who.int/news-room/questions-and-answers/item/vaccines-and-immunization-vaccine-safety,who.int,Vaccines and immunization: Vaccine safety,2026-05-09 15:41:29,reliable,domain who.int rated 'high credibility' per MBFC,,,,,
vaccines,slanted,vaccine dangers,1,5,https://www.mayoclinic.org/healthy-lifestyle/infant-and-toddler-health/in-depth/vaccines/art-20048334,mayoclinic.org,"Childhood vaccines: Tough questions, straight answers",2026-05-09 15:41:31,reliable,domain mayoclinic.org rated 'high credibility' per MBFC,,,,,
vaccines,slanted,vaccine dangers,1,9,https://www.science.org/content/article/rare-dangerous-side-effects-some-covid-19-vaccines-explained,science.org,"Rare, dangerous side effects of some COVID-19 vaccines ...",2026-05-09 15:41:33,reliable,domain science.org rated 'high credibility' per MBFC,,,,,
vaccines,neutral,vaccine facts,1,1,https://www.who.int/mongolia/health-topics/vaccines/10-facts-on-immunization,who.int,10 facts on immunization,2026-05-09 15:42:09,reliable,domain who.int rated 'high credibility' per MBFC,,,,,
vaccines,neutral,vaccine facts,2,2,https://ourworldindata.org/covid-vaccinations,ourworldindata.org,Coronavirus (COVID-19) Vaccinations,2026-05-09 15:43:38,reliable,domain ourworldindata.org rated 'high credibility' per MBFC,,,,,
vaccines,neutral,vaccine facts,2,6,https://www.who.int/health-topics/vaccines-and-immunization,who.int,Vaccines and immunization,2026-05-09 15:43:39,reliable,domain who.int rated 'high credibility' per MBFC,,,,,
vaccines,neutral,vaccine facts,3,1,https://www.mayoclinic.org/diseases-conditions/coronavirus/in-depth/coronavirus-vaccine/art-20484859,mayoclinic.org,COVID-19 vaccines: Get the facts,2026-05-09 15:43:47,reliable,domain mayoclinic.org rated 'high credibility' per MBFC,,,,,
vaccines,neutral,vaccine facts,3,5,https://www.aap.org/en/news-room/fact-checked/?srsltid=AfmBOoreCCZpHT-evlk0XSD6C8NdK4keJMIpGkdj00DVU6jojQzVyrDC,aap.org,Fact Checked,2026-05-09 15:43:48,reliable,domain aap.org rated 'high credibility' per MBFC,,,,,
vaccines,neutral,vaccine facts,3,9,https://www.britannica.com/science/vaccine,britannica.com,"Vaccine | Definition, Types, History, & Facts",2026-05-09 15:43:49,reliable,domain britannica.com rated 'high credibility' per MBFC,,,,,
vaccines,slanted,vaccine scam,1,7,https://www.bmj.com/content/383/bmj.p2308,bmj.com,Surgeon who repeated false claims about covid and ...,2026-05-09 15:44:06,reliable,domain bmj.com rated 'high credibility' per MBFC,,,,,
vaccines,slanted,vaccine scam,3,4,https://www.kff.org/health-information-trust/volume-04/,kff.org,Pfizer Lawsuit and Debunked Study Undermine COVID-19 ...,2026-05-09 15:44:22,reliable,domain kff.org rated 'high credibility' per MBFC,,,,,
vaccines,slanted,childhood vaccination risks,1,2,https://www.mayoclinic.org/healthy-lifestyle/infant-and-toddler-health/in-depth/vaccines/art-20048334,mayoclinic.org,"Childhood vaccines: Tough questions, straight answers",2026-05-09 15:45:22,reliable,domain mayoclinic.org rated 'high credibility' per MBFC,,,,,
vaccines,slanted,childhood vaccination risks,1,6,https://www.who.int/news-room/questions-and-answers/item/vaccines-and-immunization-vaccine-safety,who.int,Vaccines and immunization: Vaccine safety,2026-05-09 15:47:07,reliable,domain who.int rated 'high credibility' per MBFC,,,,,
vaccines,slanted,flu shot side effects,3,3,https://www.webmd.com/cold-and-flu/fact-sheet-vaccines,webmd.com,The Flu Vaccine: Get the Facts,2026-05-09 15:49:02,reliable,domain webmd.com rated 'high credibility' per MBFC,,,,,
vaccines,slanted,flu shot side effects,3,9,https://www.mayoclinic.org/drugs-supplements/influenza-virus-vaccine-intradermal-route-intramuscular-route/description/drg-20071452,mayoclinic.org,"Influenza virus vaccine (intradermal route, intramuscular ...",2026-05-09 15:49:04,reliable,domain mayoclinic.org rated 'high credibility' per MBFC,,,,,
vaccines,neutral,hpv vaccine effects,1,7,https://www.who.int/groups/global-advisory-committee-on-vaccine-safety/topics/human-papillomavirus-vaccines/safety,who.int,Safety of HPV vaccines,2026-05-09 15:49:32,reliable,domain who.int rated 'high credibility' per MBFC,,,,,
vaccines,neutral,hpv vaccine effects,2,4,https://www.mayoclinic.org/diseases-conditions/hpv-infection/in-depth/hpv-vaccine/art-20047292,mayoclinic.org,"HPV vaccine: Who needs it, how it works",2026-05-09 15:49:41,reliable,domain mayoclinic.org rated 'high credibility' per MBFC,,,,,
vaccines,neutral,hpv vaccine effects,3,7,https://www.verywellhealth.com/hpv-vaccine-for-boys-514147,verywellhealth.com,HPV Vaccine Gardasil 9 Side Effects for Men and Boys,2026-05-09 15:49:53,reliable,domain verywellhealth.com rated 'high credibility' per MBFC,,,,,
vaccines,slanted,hpv vaccine dangers,2,3,https://www.who.int/groups/global-advisory-committee-on-vaccine-safety/topics/human-papillomavirus-vaccines/safety,who.int,Safety of HPV vaccines,2026-05-09 15:51:05,reliable,domain who.int rated 'high credibility' per MBFC,,,,,
vaccines,slanted,hpv vaccine dangers,2,6,https://www.cochrane.org/about-us/news/what-do-we-know-about-hpv-vaccine,cochrane.org,What do we know about the HPV vaccine?,2026-05-09 15:51:06,reliable,domain cochrane.org rated 'high credibility' per MBFC,,,,,
vaccines,slanted,hpv vaccine dangers,2,8,https://www.bmj.com/content/391/bmj.r2479,bmj.com,"HPV vaccine safe and reduces risk of cervical cancer, anti- ...",2026-05-09 15:51:06,reliable,domain bmj.com rated 'high credibility' per MBFC,,,,,
vaccines,slanted,hpv vaccine dangers,2,9,https://www.mayoclinic.org/diseases-conditions/hpv-infection/in-depth/hpv-vaccine/art-20047292,mayoclinic.org,"HPV vaccine: Who needs it, how it works",2026-05-09 15:51:07,reliable,domain mayoclinic.org rated 'high credibility' per MBFC,,,,,
vaccine_passports,neutral,vaccine passport impact,1,2,https://www.thelancet.com/journals/eclinm/article/PIIS2589-53702100389-8/fulltext,thelancet.com,The potential impact of vaccine passports on inclination to ...,2026-05-09 15:51:33,reliable,domain thelancet.com rated 'high credibility' per MBFC,,,,,
vaccine_passports,neutral,vaccine passport impact,1,7,https://www.dw.com/en/eu-vaccine-passport-an-ethical-and-legal-minefield/a-56747519,dw.com,How realistic is the EU's digital vaccine pass?,2026-05-09 15:51:41,reliable,domain dw.com rated 'high credibility' per MBFC,,,,,
vaccine_passports,neutral,vaccine passport impact,2,6,https://www.ama-assn.org/public-health/infectious-diseases/vaccine-passports-benefits-challenges-and-ethical-concerns,ama-assn.org,"Vaccine passports: Benefits, challenges and ethical concerns",2026-05-09 15:51:58,reliable,domain ama-assn.org rated 'high credibility' per MBFC,,,,,
vaccine_passports,neutral,vaccine passport impact,2,8,https://www.chathamhouse.org/2021/06/vaccine-passports-what-they-are-and-are-they-useful,chathamhouse.org,"Vaccine passports: What they are, and are they useful?",2026-05-09 15:51:59,reliable,domain chathamhouse.org rated 'high credibility' per MBFC,,,,,
vaccine_passports,neutral,vaccine passport impact,3,4,https://www.weforum.org/stories/2021/04/coronavirus-covid19-vaccine-passports-travel/,weforum.org,Coronavirus vaccine passports: everything you need to know,2026-05-09 15:52:07,reliable,domain weforum.org rated 'high credibility' per MBFC,,,,,
vaccine_passports,neutral,vaccine passport impact,3,8,https://www.nejm.org/doi/full/10.1056/NEJMp2104289,nejm.org,“Vaccine Passport” Certification — Policy and Ethical ...,2026-05-09 15:52:08,reliable,domain nejm.org rated 'high credibility' per MBFC,,,,,
vaccine_passports,slanted,immunity passport discrimination,1,4,https://www.nature.com/articles/s41598-021-93148-1,nature.com,Scientists have favorable opinions on immunity certificates ...,2026-05-09 15:52:21,reliable,domain nature.com rated 'high credibility' per MBFC,,,,,
vaccine_passports,slanted,immunity passport discrimination,2,3,https://www.scientificamerican.com/article/how-to-make-immunity-passports-more-ethical/,scientificamerican.com,How to Make 'Immunity Passports' More Ethical,2026-05-09 15:52:37,reliable,domain scientificamerican.com rated 'high credibility' per MBFC,,,,,
vaccine_passports,slanted,immunity passport discrimination,2,10,https://www.researchgate.net/publication/388643153_IS_THE_IMMUNITY_PASSPORT_POLICY_DISCRIMINATORY?_tp=eyJjb250ZXh0Ijp7InBhZ2UiOiJzY2llbnRpZmljQ29udHJpYnV0aW9ucyIsInByZXZpb3VzUGFnZSI6bnVsbH19,researchgate.net,IS THE IMMUNITY PASSPORT POLICY DISCRIMINATORY?,2026-05-09 15:52:39,reliable,domain researchgate.net rated 'high credibility' per MBFC,,,,,
vaccine_passports,slanted,immunity passport discrimination,3,4,https://www.cambridge.org/core/journals/disaster-medicine-and-public-health-preparedness/article/covid19-immunity-passports-an-emerging-threat-to-public-health/BFAE86DDA7251BB33B650661C6A5AA89,cambridge.org,COVID-19 Immunity Passports: An Emerging Threat to ...,2026-05-09 15:52:45,reliable,domain cambridge.org rated 'nan' per MBFC,,,,,
vaccine_passports,slanted,immunity passport discrimination,3,7,https://www.researchgate.net/publication/388643153_IS_THE_IMMUNITY_PASSPORT_POLICY_DISCRIMINATORY?_tp=eyJjb250ZXh0Ijp7InBhZ2UiOiJzY2llbnRpZmljQ29udHJpYnV0aW9ucyIsInByZXZpb3VzUGFnZSI6bnVsbH19,researchgate.net,IS THE IMMUNITY PASSPORT POLICY DISCRIMINATORY?,2026-05-09 15:52:46,reliable,domain researchgate.net rated 'high credibility' per MBFC,,,,,
vaccine_passports,neutral,covid passport research,1,4,https://www.seattletimes.com/nation-world/fda-blocked-publication-of-research-finding-covid-and-shingles-vaccines-were-safe/,seattletimes.com,FDA blocked publication of research finding COVID and ...,2026-05-09 15:53:05,reliable,domain seattletimes.com rated 'high credibility' per MBFC,,,,,
vaccine_passports,neutral,covid passport research,1,5,https://www.thelancet.com/journals/eclinm/article/PIIS2589-5370(21)00389-8/fulltext,thelancet.com,The potential impact of vaccine passports on inclination to ...,2026-05-09 15:53:05,reliable,domain thelancet.com rated 'high credibility' per MBFC,,,,,
vaccine_passports,neutral,covid passport research,1,6,https://www.who.int/news-room/commentaries/detail/immunity-passports-in-the-context-of-covid-19,who.int,"""Immunity passports"" in the context of COVID-19",2026-05-09 15:53:05,reliable,domain who.int rated 'high credibility' per MBFC,,,,,
vaccine_passports,neutral,covid passport research,2,5,https://www.science.org/doi/10.1126/science.abi5245,science.org,COVID-19 vaccination passports,2026-05-09 15:53:14,reliable,domain science.org rated 'high credibility' per MBFC,,,,,
vaccine_passports,neutral,covid passport research,3,1,https://www.researchgate.net/publication/358205843_Covid-19_Vaccine_Passport_Discourses_An_Exploratory_Study_of_23_Countries,researchgate.net,Covid-19 “Vaccine Passport” Discourses: An Exploratory ...,2026-05-09 15:53:21,reliable,domain researchgate.net rated 'high credibility' per MBFC,,,,,
vaccine_passports,neutral,covid passport research,3,2,https://www.instituteforgovernment.org.uk/article/explainer/covid-passports,instituteforgovernment.org.uk,Covid passports,2026-05-09 15:53:22,reliable,domain instituteforgovernment.org.uk rated 'high credibility' per MBFC,,,,,
vaccine_passports,neutral,covid passport research,3,8,https://www.thelancet.com/journals/lancet/article/PIIS0140-6736(20)31034-5/fulltext,thelancet.com,COVID-19 immunity passports and vaccination certificates,2026-05-09 15:53:25,reliable,domain thelancet.com rated 'high credibility' per MBFC,,,,,
vaccine_passports,slanted,digital health pass privacy,1,3,https://www.brennancenter.org/our-work/analysis-opinion/evaluating-privacy-and-equity-concerns-posed-digital-vaccine-credentials,brennancenter.org,Evaluating the Privacy and Equity Concerns Posed by ...,2026-05-09 15:53:38,reliable,domain brennancenter.org rated 'high credibility' per MBFC,,,,,
vaccine_passports,slanted,digital health pass privacy,2,8,https://www.who.int/initiatives/global-digital-health-certification-network,who.int,Global Digital Health Certification Network,2026-05-09 15:53:52,reliable,domain who.int rated 'high credibility' per MBFC,,,,,
vaccine_passports,slanted,vaccine segregation,1,5,https://firstdraftnews.org/articles/new-york-citys-vaccine-mandate-plan-draws-misleading-segregation-claims/,firstdraftnews.org,New York's vaccine mandate plan draws misleading ...,2026-05-09 15:55:06,reliable,domain firstdraftnews.org rated 'high credibility' per MBFC,,,,,
vaccine_passports,slanted,vaccine segregation,1,6,https://www.thelancet.com/journals/lancet/article/PIIS0140-6736(22)00328-2/fulltext,thelancet.com,Vaccine apartheid: global cooperation and equity,2026-05-09 15:55:07,reliable,domain thelancet.com rated 'high credibility' per MBFC,,,,,
vaccine_passports,slanted,vaccine segregation,2,4,https://www.researchgate.net/publication/359745507_Mandatory_vaccinations_the_imposing_of_fines_the_segregation_of_citizens_and_promotion_of_inequality_in_the_modern_democracy_of_Greece_Is_science_allowed_to_enforce_or_silently_back-up_such_policies,researchgate.net,"(PDF) Mandatory vaccinations, the imposing of fines ...",2026-05-09 15:55:17,reliable,domain researchgate.net rated 'high credibility' per MBFC,,,,,
covid19,slanted,COVID-19 vaccine side effects,1,3,https://www.science.org/content/article/rare-dangerous-side-effects-some-covid-19-vaccines-explained,science.org,"Rare, dangerous side effects of some COVID-19 vaccines ...",2026-05-09 15:57:43,reliable,domain science.org rated 'high credibility' per MBFC,,,,,
covid19,slanted,COVID-19 vaccine side effects,1,7,https://www.nature.com/articles/s41598-025-25329-1,nature.com,Vaccine side effects after vaccination against COVID-19 in ...,2026-05-09 15:57:50,reliable,domain nature.com rated 'high credibility' per MBFC,,,,,
covid19,slanted,COVID-19 vaccine side effects,3,2,https://www.bmj.com/content/384/bmj.q488,bmj.com,Covid-19: Two rare vaccine side effects detected in large ...,2026-05-09 15:58:06,reliable,domain bmj.com rated 'high credibility' per MBFC,,,,,
covid19,slanted,COVID-19 vaccine side effects,3,6,https://www.mayoclinic.org/diseases-conditions/coronavirus/in-depth/coronavirus-vaccine/art-20484859,mayoclinic.org,COVID-19 vaccines: Get the facts,2026-05-09 15:58:08,reliable,domain mayoclinic.org rated 'high credibility' per MBFC,,,,,
covid19,slanted,COVID-19 vaccine side effects,3,7,https://www.thelancet.com/journals/laninf/article/PIIS1473-3099(21)00224-3/fulltext,thelancet.com,Vaccine side-effects and SARS-CoV-2 infection after ...,2026-05-09 15:58:08,reliable,domain thelancet.com rated 'high credibility' per MBFC,,,,,
covid19,neutral,coronavirus pandemic origin,1,3,https://www.who.int/news/item/27-06-2025-who-scientific-advisory-group-issues-report-on-origins-of-covid-19,who.int,WHO Scientific advisory group issues report on origins of ...,2026-05-09 15:58:26,reliable,domain who.int rated 'high credibility' per MBFC,,,,,
covid19,neutral,coronavirus pandemic origin,1,5,https://www.nature.com/articles/d41586-026-00530-y,nature.com,COVID's origins: what we do and don't know,2026-05-09 15:58:28,reliable,domain nature.com rated 'high credibility' per MBFC,,,,,
covid19,neutral,coronavirus pandemic origin,1,7,https://www.webmd.com/covid/coronavirus-history,webmd.com,What Is the History of Coronavirus?,2026-05-09 15:58:29,reliable,domain webmd.com rated 'high credibility' per MBFC,,,,,
covid19,neutral,coronavirus pandemic origin,2,3,https://www.nejm.org/doi/full/10.1056/NEJMp2305081,nejm.org,The Origins of Covid-19 — Why It Matters (and ...,2026-05-09 15:58:37,reliable,domain nejm.org rated 'high credibility' per MBFC,,,,,
covid19,neutral,coronavirus pandemic origin,3,1,https://thebulletin.org/2025/08/why-we-still-dont-know-where-covid-19-came-from-and-why-we-need-to-find-out/,thebulletin.org,Why we still don't know where COVID-19 came from. And ...,2026-05-09 15:58:46,reliable,domain thebulletin.org rated 'high credibility' per MBFC,,,,,
covid19,neutral,coronavirus pandemic origin,3,2,https://www.science.org/content/article/house-panel-concludes-covid-19-pandemic-came-lab-leak,science.org,House panel concludes that COVID-19 pandemic came ...,2026-05-09 15:58:46,reliable,domain science.org rated 'high credibility' per MBFC,,,,,
covid19,neutral,coronavirus pandemic origin,3,5,https://www.thelancet.com/journals/lanmic/article/PIIS2666-5247(24)00206-4/fulltext,thelancet.com,COVID-19 origins: plain speaking is overdue,2026-05-09 15:58:47,reliable,domain thelancet.com rated 'high credibility' per MBFC,,,,,
covid19,slanted,coronavirus lab leak theory,1,6,https://www.who.int/news/item/27-06-2025-who-scientific-advisory-group-issues-report-on-origins-of-covid-19,who.int,WHO Scientific advisory group issues report on origins of ...,2026-05-09 15:59:00,reliable,domain who.int rated 'high credibility' per MBFC,,,,,
covid19,slanted,coronavirus lab leak theory,1,8,https://www.nature.com/articles/d41586-021-01520-y,nature.com,Coronapod: Uncertainty and the COVID 'lab-leak' theory,2026-05-09 15:59:03,reliable,domain nature.com rated 'high credibility' per MBFC,,,,,
covid19,slanted,coronavirus lab leak theory,2,2,https://www.bmj.com/content/374/bmj.n2023,bmj.com,Covid-19: China pressured WHO team to dismiss lab leak ...,2026-05-09 15:59:10,reliable,domain bmj.com rated 'high credibility' per MBFC,,,,,
covid19,slanted,coronavirus lab leak theory,2,3,https://www.lemonde.fr/en/les-decodeurs/article/2025/02/18/covid-19-how-a-group-of-amateur-investigators-pushed-the-lab-leak-theory_6738298_8.html,lemonde.fr,Covid-19: How a group of amateur investigators pushed ...,2026-05-09 15:59:10,reliable,domain lemonde.fr rated 'high credibility' per MBFC,,,,,
covid19,slanted,coronavirus lab leak theory,3,7,https://www.newyorker.com/news/annals-of-inquiry/the-sudden-rise-of-the-coronavirus-lab-leak-theory,newyorker.com,The Sudden Rise of the Coronavirus Lab-Leak Theory,2026-05-09 15:59:20,reliable,domain newyorker.com rated 'high credibility' per MBFC,,,,,
covid19,slanted,coronavirus lab leak theory,3,8,https://www.ft.com/content/4674804b-3d02-424f-8ff2-a263558c3ded?syn-25a6b1a6=1,ft.com,Why the Covid China lab leak theory still matters,2026-05-09 15:59:20,reliable,domain ft.com rated 'high credibility' per MBFC,,,,,
covid19,slanted,face masks health risks,1,2,https://www.mayoclinic.org/diseases-conditions/coronavirus/in-depth/coronavirus-mask/art-20485449,mayoclinic.org,How well do face masks protect against COVID-19?,2026-05-09 16:00:31,reliable,domain mayoclinic.org rated 'high credibility' per MBFC,,,,,
covid19,slanted,face masks health risks,1,7,https://www.nature.com/articles/s41598-022-20692-9,nature.com,Assessing the consequences of prolonged usage ...,2026-05-09 16:00:35,reliable,domain nature.com rated 'high credibility' per MBFC,,,,,
covid19,slanted,face masks health risks,3,4,https://www.pnas.org/doi/10.1073/pnas.2014564118,pnas.org,An evidence review of face masks against COVID-19,2026-05-09 16:00:54,reliable,domain pnas.org rated 'nan' per MBFC,,,,,
covid19,slanted,face masks health risks,3,9,https://www.who.int/publications/i/item/advice-on-the-use-of-masks-in-the-community-during-home-care-and-in-healthcare-settings-in-the-context-of-the-novel-coronavirus-(2019-ncov)-outbreak,who.int,Mask use in the context of COVID-19,2026-05-09 16:00:55,reliable,domain who.int rated 'high credibility' per MBFC,,,,,
covid19,slanted,lockdown harms,1,6,https://www.weforum.org/stories/2020/04/this-is-the-psychological-side-of-the-covid-19-pandemic-that-were-ignoring/,weforum.org,COVID lockdown is world's biggest psychological experiment,2026-05-09 16:01:53,reliable,domain weforum.org rated 'high credibility' per MBFC,,,,,
covid19,slanted,lockdown harms,1,8,https://www.nature.com/articles/d41586-022-02823-4,nature.com,What scientists have learnt from COVID lockdowns,2026-05-09 16:01:54,reliable,domain nature.com rated 'high credibility' per MBFC,,,,,
covid19,slanted,lockdown harms,3,3,https://www.bostonglobe.com/2025/03/10/metro/new-scientific-research-suggests-covid-lockdowns-did-more-harm-than-good/,bostonglobe.com,"COVID pandemic lockdowns, what were the impacts on ...",2026-05-09 16:02:12,reliable,domain bostonglobe.com rated 'high credibility' per MBFC,,,,,
climate_change,neutral,climate change evidence,1,5,https://www.un.org/en/climatechange/science/causes-effects-climate-change,un.org,Causes and Effects of Climate Change,2026-05-09 16:02:54,reliable,domain un.org rated 'high credibility' per MBFC,,,,,
climate_change,neutral,climate change evidence,1,8,https://www.britannica.com/science/climate-change/Evidence-for-climate-change,britannica.com,"Climate change - Evidence, Causes, Impacts",2026-05-09 16:02:57,reliable,domain britannica.com rated 'high credibility' per MBFC,,,,,
climate_change,neutral,climate change evidence,2,2,https://www.who.int/news-room/fact-sheets/detail/climate-change-and-health,who.int,Climate change,2026-05-09 16:03:04,reliable,domain who.int rated 'high credibility' per MBFC,,,,,
climate_change,slanted,climate change hoax,3,6,https://www.unep.org/news-and-stories/story/debunking-eight-common-myths-about-climate-change,unep.org,Debunking eight common myths about climate change,2026-05-09 16:03:57,reliable,domain unep.org rated 'high credibility' per MBFC,,,,,
climate_change,slanted,climate change hoax,3,9,https://www.abc.net.au/news/2025-09-29/trump-climate-hoax-comments-and-fossil-fuel-lobby/105810870,abc.net.au,Trump-style 'climate hoax' playbook spreads to Australia,2026-05-09 16:03:58,reliable,domain abc.net.au rated 'high credibility' per MBFC,,,,,
climate_change,neutral,global warming science,1,2,https://www.un.org/en/climatechange/science/causes-effects-climate-change,un.org,Causes and Effects of Climate Change,2026-05-09 16:04:21,reliable,domain un.org rated 'high credibility' per MBFC,,,,,
climate_change,neutral,global warming science,1,5,https://www.science.org/doi/10.1126/science.189.4201.460,science.org,Are We on the Brink of a Pronounced Global Warming?,2026-05-09 16:04:24,reliable,domain science.org rated 'high credibility' per MBFC,,,,,
climate_change,neutral,global warming science,1,8,https://www.britannica.com/science/global-warming,britannica.com,"Global warming | Definition, Causes, Effects, Solutions, & ...",2026-05-09 16:04:32,reliable,domain britannica.com rated 'high credibility' per MBFC,,,,,
climate_change,neutral,global warming science,2,4,https://www.nationalgeographic.com/environment/article/global-warming-effects,nationalgeographic.com,What are the effects of global warming?,2026-05-09 16:04:41,reliable,domain nationalgeographic.com rated 'high credibility' per MBFC,,,,,
climate_change,neutral,global warming science,2,10,https://www.un.org/en/climatechange/what-is-climate-change,un.org,What Is Climate Change?,2026-05-09 16:04:44,reliable,domain un.org rated 'high credibility' per MBFC,,,,,
climate_change,neutral,global warming science,3,1,https://www.un.org/en/climatechange/what-is-climate-change,un.org,What Is Climate Change?,2026-05-09 16:04:50,reliable,domain un.org rated 'high credibility' per MBFC,,,,,
climate_change,neutral,global warming science,3,6,https://www.sciencedaily.com/news/earth_climate/global_warming/,sciencedaily.com,Global Warming News -- ScienceDaily,2026-05-09 16:04:51,reliable,domain sciencedaily.com rated 'high credibility' per MBFC,,,,,
climate_change,slanted,global warming myth,1,2,https://www.un.org/en/climatechange/science/mythbusters,un.org,Myth Busters,2026-05-09 16:05:06,reliable,domain un.org rated 'high credibility' per MBFC,,,,,
climate_change,slanted,global warming myth,2,1,https://www.unep.org/news-and-stories/story/debunking-eight-common-myths-about-climate-change,unep.org,Debunking eight common myths about climate change,2026-05-09 16:05:34,reliable,domain unep.org rated 'high credibility' per MBFC,,,,,
climate_change,slanted,global warming myth,2,5,https://www.researchgate.net/publication/226308148_Global_warming_A_myth,researchgate.net,(PDF) Global warming: A myth?,2026-05-09 16:05:36,reliable,domain researchgate.net rated 'high credibility' per MBFC,,,,,
climate_change,slanted,global warming myth,3,3,https://skepticalscience.com/argument.php,skepticalscience.com,Global Warming & Climate Change Myths,2026-05-09 16:05:55,reliable,domain skepticalscience.com rated 'nan' per MBFC,,,,,
climate_change,neutral,sea level rise research,1,3,https://wmo.int/media/magazine-article/future-sea-level-rise-certain-amount-and-speed-are-uncertain,wmo.int,"Future Sea-level Rise Is Certain, but the Amount and ...",2026-05-09 16:06:31,reliable,domain wmo.int rated 'high credibility' per MBFC,,,,,
climate_change,neutral,sea level rise research,1,4,https://www.nature.com/articles/s41586-026-10196-1,nature.com,Sea level much higher than assumed in most coastal ...,2026-05-09 16:06:32,reliable,domain nature.com rated 'high credibility' per MBFC,,,,,
climate_change,neutral,sea level rise research,2,3,https://www.newscientist.com/article/2525773-there-has-been-a-sudden-increase-in-the-rate-of-sea-level-rise/,newscientist.com,There has been a sudden increase in the rate of sea level ...,2026-05-09 16:06:48,reliable,domain newscientist.com rated 'high credibility' per MBFC,,,,,
climate_change,slanted,sea level rise exaggerated,1,3,https://www.sciencealert.com/sea-levels-are-higher-than-we-thought-and-the-implications-are-huge,sciencealert.com,"Sea Levels Are Higher Than We Thought, And The ...",2026-05-09 16:07:14,reliable,domain sciencealert.com rated 'high credibility' per MBFC,,,,,
climate_change,slanted,sea level rise exaggerated,1,4,https://www.euronews.com/2026/03/06/the-sea-is-higher-than-we-thought-putting-millions-more-are-at-risk-of-extreme-flooding,euronews.com,The sea is higher than we thought putting millions more are ...,2026-05-09 16:07:15,reliable,domain euronews.com rated 'high credibility' per MBFC,,,,,
climate_change,slanted,sea level rise exaggerated,1,5,https://skepticalscience.com/fact-brief-sealevel.html,skepticalscience.com,Fact brief - Is sea level rise exaggerated?,2026-05-09 16:07:16,reliable,domain skepticalscience.com rated 'nan' per MBFC,,,,,
climate_change,slanted,sea level rise exaggerated,2,1,https://www.newscientist.com/article/2525773-there-has-been-a-sudden-increase-in-the-rate-of-sea-level-rise/,newscientist.com,There has been a sudden increase in the rate of sea level ...,2026-05-09 16:07:25,reliable,domain newscientist.com rated 'high credibility' per MBFC,,,,,
climate_change,slanted,sea level rise exaggerated,2,10,https://www.science.org/content/article/use-too-hot-climate-models-exaggerates-impacts-global-warming,science.org,Use of 'too hot' climate models exaggerates impacts ...,2026-05-09 16:07:28,reliable,domain science.org rated 'high credibility' per MBFC,,,,,
climate_change,slanted,sea level rise exaggerated,3,6,https://www.dw.com/en/fact-check-sugarloaf-images-do-not-disprove-sea-level-rise/a-69340962,dw.com,Fact check: Sugarloaf images do not disprove sea level rise,2026-05-09 16:07:35,reliable,domain dw.com rated 'high credibility' per MBFC,,,,,
climate_change,neutral,carbon emissions impact,1,1,https://ourworldindata.org/co2-and-greenhouse-gas-emissions,ourworldindata.org,CO₂ and Greenhouse Gas Emissions,2026-05-09 16:07:53,reliable,domain ourworldindata.org rated 'high credibility' per MBFC,,,,,
climate_change,neutral,carbon emissions impact,1,2,https://www.un.org/en/climatechange/science/causes-effects-climate-change,un.org,Causes and Effects of Climate Change,2026-05-09 16:07:59,reliable,domain un.org rated 'high credibility' per MBFC,,,,,
climate_change,neutral,carbon emissions impact,1,6,https://www.iea.org/reports/global-energy-review-2025/co2-emissions,iea.org,CO2 Emissions – Global Energy Review 2025 – Analysis,2026-05-09 16:08:02,reliable,domain iea.org rated 'high credibility' per MBFC,,,,,
climate_change,neutral,carbon emissions impact,2,4,https://www.researchgate.net/publication/378816706_Global_Impact_of_Carbon_Emissions_and_Strategies_for_Its_Management,researchgate.net,(PDF) Global Impact of Carbon Emissions and Strategies ...,2026-05-09 16:08:14,reliable,domain researchgate.net rated 'high credibility' per MBFC,,,,,
climate_change,neutral,carbon emissions impact,2,6,https://www.wri.org/insights/4-charts-explain-greenhouse-gas-emissions-countries-and-sectors,wri.org,These Charts Explain Greenhouse Gas Emissions by Sector,2026-05-09 16:08:14,reliable,domain wri.org rated 'high credibility' per MBFC,,,,,
climate_change,neutral,carbon emissions impact,3,1,https://www.worldometers.info/co2-emissions/co2-emissions-by-country/,worldometers.info,CO2 Emissions by Country,2026-05-09 16:08:22,reliable,domain worldometers.info rated 'high credibility' per MBFC,,,,,
climate_change,neutral,carbon emissions impact,3,6,https://www.nature.org/en-us/get-involved/how-to-help/carbon-footprint-calculator/,nature.org,Calculate Your Carbon Footprint,2026-05-09 16:08:23,reliable,domain nature.org rated 'nan' per MBFC,,,,,
climate_change,neutral,carbon emissions impact,3,9,https://www.who.int/news-room/fact-sheets/detail/climate-change-and-health,who.int,Climate change,2026-05-09 16:08:24,reliable,domain who.int rated 'high credibility' per MBFC,,,,,
climate_change,slanted,carbon emissions scam,2,2,https://www.dw.com/en/carbon-credits-erase-rare-bird-habitat-in-estonia/a-73367796,dw.com,Europe's carbon credits: Solution or environmental scam?,2026-05-09 16:08:57,reliable,domain dw.com rated 'high credibility' per MBFC,,,,,
climate_change,slanted,carbon emissions scam,3,6,https://www.zeit.de/wirtschaft/2023-01/co2-certificates-fraud-emissions-trading-climate-protection-english,zeit.de,CO2 Certificates: Phantom Offsets and Carbon Deceit,2026-05-09 16:09:06,reliable,domain zeit.de rated 'high credibility' per MBFC,,,,,
climate_change,slanted,carbon emissions scam,3,7,https://www.dw.com/en/how-a-chinese-firm-ran-a-billion-euro-carbon-credit-scam/a-71010148,dw.com,How a Chinese firm ran a billion-euro carbon credit scam,2026-05-09 16:09:07,reliable,domain dw.com rated 'high credibility' per MBFC,,,,,
climate_change,neutral,renewable energy facts,1,2,https://www.un.org/en/climatechange/raising-ambition/renewable-energy,un.org,Renewable energy – powering a safer and prosperous future,2026-05-09 16:09:29,reliable,domain un.org rated 'high credibility' per MBFC,,,,,
climate_change,neutral,renewable energy facts,1,7,https://www.iea.org/energy-system/renewables,iea.org,Renewables - Energy System,2026-05-09 16:09:36,reliable,domain iea.org rated 'high credibility' per MBFC,,,,,
climate_change,neutral,renewable energy facts,2,1,https://ourworldindata.org/renewable-energy,ourworldindata.org,Renewable Energy,2026-05-09 16:09:44,reliable,domain ourworldindata.org rated 'high credibility' per MBFC,,,,,
climate_change,neutral,renewable energy facts,2,8,https://www.irena.org/News/articles/2025/Apr/Renewables-in-2024-5-Key-Facts-Behind-a-Record-Breaking-Year,irena.org,Renewables in 2024: 5 Key Facts Behind a Record- ...,2026-05-09 16:09:46,reliable,domain irena.org rated 'high credibility' per MBFC,,,,,
climate_change,neutral,renewable energy facts,3,3,https://www.britannica.com/science/renewable-energy,britannica.com,"Renewable energy | Types, Advantages, & Facts",2026-05-09 16:09:54,reliable,domain britannica.com rated 'high credibility' per MBFC,,,,,
climate_change,slanted,renewable energy failures,1,3,https://thebreakthrough.org/issues/energy/its-okay-to-notice-when-solar-and-wind-fail,thebreakthrough.org,It's Okay to Notice When Solar and Wind Fail,2026-05-09 16:10:09,reliable,domain thebreakthrough.org rated 'high credibility' per MBFC,,,,,
climate_change,slanted,renewable energy failures,1,5,https://www.nature.com/articles/s41467-025-57565-4,nature.com,Quantifying cascading power outages during climate ...,2026-05-09 16:10:20,reliable,domain nature.com rated 'high credibility' per MBFC,,,,,
climate_change,slanted,renewable energy failures,2,9,https://www.euractiv.com/news/final-report-into-spanish-blackout-points-to-drastic-governance-failures/,euractiv.com,Final report into Spanish blackout points to drastic ...,2026-05-09 16:10:33,reliable,domain euractiv.com rated 'high credibility' per MBFC,,,,,
fluoridation,neutral,water fluoridation information,2,6,https://www.britannica.com/technology/fluoridation-of-water,britannica.com,Water fluoridation | Description & Facts,2026-05-09 16:11:12,reliable,domain britannica.com rated 'high credibility' per MBFC,,,,,
fluoridation,neutral,water fluoridation information,2,7,https://www.aap.org/en/news-room/fact-checked/fact-checked-fluoride-is-a-powerful-tool-for-preventing-tooth-decay/?srsltid=AfmBOoqQv6Qg3Ir3oRpT-i6VVk7BLQjs5dwAhqSFvPsyA_LUgwuzWXfX,aap.org,Fact Checked: Fluoride is a Powerful Tool for Preventing ...,2026-05-09 16:11:12,reliable,domain aap.org rated 'high credibility' per MBFC,,,,,
fluoridation,neutral,water fluoridation information,3,5,https://www.who.int/teams/environment-climate-change-and-health/chemical-safety-and-health/health-impacts/chemicals/inadequate-or-excess-fluoride,who.int,Inadequate or excess fluoride,2026-05-09 16:11:21,reliable,domain who.int rated 'high credibility' per MBFC,,,,,
fluoridation,slanted,water fluoridation dangers,1,1,https://www.cancer.org/cancer/risk-prevention/chemicals/water-fluoridation-and-cancer-risk.html,cancer.org,Fluoride in Water: Is There a Cancer Risk?,2026-05-09 16:11:34,reliable,domain cancer.org rated 'high credibility' per MBFC,,,,,
fluoridation,slanted,water fluoridation dangers,1,3,https://www.medicalnewstoday.com/articles/154164,medicalnewstoday.com,"Fluoride: Risks, uses, and side effects",2026-05-09 16:12:40,reliable,domain medicalnewstoday.com rated 'high credibility' per MBFC,,,,,
fluoridation,slanted,water fluoridation dangers,2,4,https://www.who.int/teams/environment-climate-change-and-health/chemical-safety-and-health/health-impacts/chemicals/inadequate-or-excess-fluoride,who.int,Inadequate or excess fluoride,2026-05-09 16:13:02,reliable,domain who.int rated 'high credibility' per MBFC,,,,,
fluoridation,slanted,water fluoridation dangers,3,10,https://www.scientificamerican.com/article/fluoride-in-drinking-water-is-safe-heres-the-evidence/,scientificamerican.com,What the Evidence Says about Fluoride in Drinking Water,2026-05-09 16:13:14,reliable,domain scientificamerican.com rated 'high credibility' per MBFC,,,,,
fluoridation,neutral,fluoride dental health,1,3,https://www.who.int/teams/environment-climate-change-and-health/chemical-safety-and-health/health-impacts/chemicals/inadequate-or-excess-fluoride,who.int,Inadequate or excess fluoride,2026-05-09 16:13:36,reliable,domain who.int rated 'high credibility' per MBFC,,,,,
fluoridation,neutral,fluoride dental health,2,2,https://www.aap.org/en/news-room/fact-checked/fact-checked-fluoride-is-a-powerful-tool-for-preventing-tooth-decay/?srsltid=AfmBOoqkwP6n1d8tjM3UTPzgdEDOG3-f87iZ9zo869pYMKTqzsq85jBx,aap.org,Fact Checked: Fluoride is a Powerful Tool for Preventing ...,2026-05-09 16:13:47,reliable,domain aap.org rated 'high credibility' per MBFC,,,,,
fluoridation,neutral,fluoride dental health,3,1,https://www.medicalnewstoday.com/articles/154164,medicalnewstoday.com,"Fluoride: Risks, uses, and side effects",2026-05-09 16:13:55,reliable,domain medicalnewstoday.com rated 'high credibility' per MBFC,,,,,
fluoridation,slanted,fluoride toxicity,3,1,https://www.nejm.org/doi/full/10.1056/NEJM199401133300203,nejm.org,Acute Fluoride Poisoning from a Public Water System,2026-05-09 16:15:17,reliable,domain nejm.org rated 'high credibility' per MBFC,,,,,
fluoridation,slanted,fluoride toxicity,3,2,https://www.cancer.org/cancer/risk-prevention/chemicals/water-fluoridation-and-cancer-risk.html,cancer.org,Fluoride in Water: Is There a Cancer Risk?,2026-05-09 16:15:18,reliable,domain cancer.org rated 'high credibility' per MBFC,,,,,
fluoridation,slanted,fluoride toxicity,3,7,https://www.medicalnewstoday.com/articles/154164,medicalnewstoday.com,"Fluoride: Risks, uses, and side effects",2026-05-09 16:15:20,reliable,domain medicalnewstoday.com rated 'high credibility' per MBFC,,,,,
fluoridation,slanted,fluoride toxicity,3,9,https://www.researchgate.net/publication/380910125_Fluoride_Toxicity,researchgate.net,(PDF) Fluoride Toxicity,2026-05-09 16:15:20,reliable,domain researchgate.net rated 'high credibility' per MBFC,,,,,
fluoridation,slanted,fluoride neurotoxicity,1,3,https://www.nature.com/articles/s41598-021-99688-w,nature.com,A systematic review and meta-analysis of the association ...,2026-05-09 16:16:21,reliable,domain nature.com rated 'high credibility' per MBFC,,,,,
fluoridation,slanted,fluoride neurotoxicity,3,4,https://www.nature.com/articles/s41598-023-38096-8,nature.com,Prolonged exposure to high fluoride levels during ...,2026-05-09 16:16:42,reliable,domain nature.com rated 'high credibility' per MBFC,,,,,
fluoridation,slanted,fluoride neurotoxicity,3,6,https://www.researchgate.net/publication/338061333_Developmental_fluoride_neurotoxicity_An_updated_review,researchgate.net,Developmental fluoride neurotoxicity: An updated review,2026-05-09 16:16:43,reliable,domain researchgate.net rated 'high credibility' per MBFC,,,,,
5g,neutral,5g technology health,1,6,https://www.nature.com/articles/d42473-019-00009-7,nature.com,What 5G means for our health,2026-05-09 16:17:08,reliable,domain nature.com rated 'high credibility' per MBFC,,,,,
5g,neutral,5g technology health,1,10,https://www.swissinfo.ch/eng/sci-tech/5g-is-not-harmful-to-health-says-government-report/47786608,swissinfo.ch,"5G is not harmful to health, says government report",2026-05-09 16:17:11,reliable,domain swissinfo.ch rated 'nan' per MBFC,,,,,
5g,neutral,5g technology health,2,8,https://fullfact.org/health/5G-towers-humans-animals-plants/,fullfact.org,5G has not been shown to be harmful,2026-05-09 16:17:20,reliable,domain fullfact.org rated 'high credibility' per MBFC,,,,,
5g,neutral,5g technology health,3,4,https://www.who.int/news-room/questions-and-answers/item/radiation-5g-mobile-networks-and-health,who.int,Radiation: 5G mobile networks and health,2026-05-09 16:17:27,reliable,domain who.int rated 'high credibility' per MBFC,,,,,
5g,slanted,5g radiation risks,2,1,https://www.nature.com/articles/d42473-019-00009-7,nature.com,What 5G means for our health,2026-05-09 16:17:57,reliable,domain nature.com rated 'high credibility' per MBFC,,,,,
5g,slanted,5g radiation risks,2,3,https://www.cancer.org/cancer/risk-prevention/radiation-exposure/cellular-phone-towers.html,cancer.org,Do Cell Phone Towers Cause Cancer?,2026-05-09 16:17:58,reliable,domain cancer.org rated 'high credibility' per MBFC,,,,,
5g,slanted,5g radiation risks,3,3,https://www.abc.net.au/news/science/2019-08-28/is-5g-safe-dr-karl-radiation-explainer/11416070,abc.net.au,"5G radiation health risks have been hyped, but Dr Karl ...",2026-05-09 16:18:06,reliable,domain abc.net.au rated 'high credibility' per MBFC,,,,,
5g,slanted,5g radiation risks,3,4,https://www.who.int/news-room/questions-and-answers/item/radiation-5g-mobile-networks-and-health,who.int,Radiation: 5G mobile networks and health,2026-05-09 16:18:06,reliable,domain who.int rated 'high credibility' per MBFC,,,,,
5g,slanted,5g radiation risks,3,5,https://www.researchgate.net/publication/351543801_5G_Radiation_and_Potential_Risks_to_the_Environment_and_Human_Health,researchgate.net,(PDF) 5G Radiation and Potential Risks to the Environment ...,2026-05-09 16:18:07,reliable,domain researchgate.net rated 'high credibility' per MBFC,,,,,
5g,neutral,5g safety research,1,8,https://www.nature.com/articles/d42473-019-00009-7,nature.com,What 5G means for our health,2026-05-09 16:18:31,reliable,domain nature.com rated 'high credibility' per MBFC,,,,,
5g,neutral,5g safety research,2,3,https://www.researchgate.net/publication/353801167_5G_Network_Security_Issues_Challenges_Opportunities_and_Future_Directions_A_Survey,researchgate.net,"5G Network Security Issues, Challenges, Opportunities and ...",2026-05-09 16:18:40,reliable,domain researchgate.net rated 'high credibility' per MBFC,,,,,
5g,slanted,5g dangers,2,8,https://www.researchgate.net/publication/393159530_The_significant_dangers_of_5G_technology,researchgate.net,(PDF) The significant dangers of 5G technology,2026-05-09 16:19:28,reliable,domain researchgate.net rated 'high credibility' per MBFC,,,,,
5g,slanted,5g dangers,2,9,https://fullfact.org/health/5g-poster-harmful-health-inaccurate/,fullfact.org,Inaccurate poster warning about 5G health risks circulates ...,2026-05-09 16:19:29,reliable,domain fullfact.org rated 'high credibility' per MBFC,,,,,
5g,slanted,5g dangers,3,3,https://www.nature.com/articles/s41370-021-00297-6,nature.com,5G mobile networks and health—a state-of-the-science ...,2026-05-09 16:19:36,reliable,domain nature.com rated 'high credibility' per MBFC,,,,,
5g,slanted,5g dangers,3,7,https://www.abc.net.au/news/science/2019-08-28/is-5g-safe-dr-karl-radiation-explainer/11416070,abc.net.au,"5G radiation health risks have been hyped, but Dr Karl ...",2026-05-09 16:19:37,reliable,domain abc.net.au rated 'high credibility' per MBFC,,,,,
5g,slanted,5g dangers,3,9,https://www.who.int/news-room/questions-and-answers/item/radiation-5g-mobile-networks-and-health,who.int,Radiation: 5G mobile networks and health,2026-05-09 16:19:38,reliable,domain who.int rated 'high credibility' per MBFC,,,,,
5g,neutral,5g health studies,1,5,https://www.nature.com/articles/d42473-019-00009-7,nature.com,What 5G means for our health,2026-05-09 16:20:02,reliable,domain nature.com rated 'high credibility' per MBFC,,,,,
5g,neutral,5g health studies,2,5,https://www.researchgate.net/publication/397485139_Potential_Health_Implications_of_Fifth_Generation_5G_Wireless_Communication_Technology_A_Review_of_Emerging_Biological_and_Epidemiological_Concerns,researchgate.net,(PDF) Potential Health Implications of Fifth Generation (5G) ...,2026-05-09 16:20:19,reliable,domain researchgate.net rated 'high credibility' per MBFC,,,,,
5g,neutral,5g health studies,2,8,https://www.who.int/news-room/questions-and-answers/item/radiation-5g-mobile-networks-and-health,who.int,Radiation: 5G mobile networks and health,2026-05-09 16:20:20,reliable,domain who.int rated 'high credibility' per MBFC,,,,,
5g,neutral,5g health studies,3,5,https://www.who.int/news-room/questions-and-answers/item/radiation-5g-mobile-networks-and-health,who.int,Radiation: 5G mobile networks and health,2026-05-09 16:20:28,reliable,domain who.int rated 'high credibility' per MBFC,,,,,
5g,neutral,5g health studies,3,8,https://www.nature.com/articles/s41598-025-15090-w,nature.com,Impact of in vitro exposure to 5G-modulated 3.5 GHz fields ...,2026-05-09 16:20:29,reliable,domain nature.com rated 'high credibility' per MBFC,,,,,
5g,slanted,5g electromagnetic hypersensitivity,1,4,https://www.webmd.com/a-to-z-guides/electromagnetic-hypersensitivity,webmd.com,Elecromagnetic Hypersensitivity,2026-05-09 16:20:46,reliable,domain webmd.com rated 'high credibility' per MBFC,,,,,
5g,slanted,5g electromagnetic hypersensitivity,1,7,https://www.who.int/teams/environment-climate-change-and-health/radiation-and-health/non-ionizing/hypersensitivity,who.int,Electromagnetic hypersensitivity,2026-05-09 16:20:53,reliable,domain who.int rated 'high credibility' per MBFC,,,,,
5g,slanted,5g electromagnetic hypersensitivity,3,1,https://www.nature.com/articles/s41598-025-15090-w,nature.com,Impact of in vitro exposure to 5G-modulated 3.5 GHz fields ...,2026-05-09 16:21:10,reliable,domain nature.com rated 'high credibility' per MBFC,,,,,
nuclear_power,slanted,nuclear power risks,3,8,https://www.jstor.org/stable/3823310,jstor.org,Risks Associated with Nuclear Power,2026-05-09 16:24:34,reliable,domain jstor.org rated 'nan' per MBFC,,,,,
nuclear_power,neutral,nuclear waste management,1,7,https://www.nature.com/collections/bebdchfbfi,nature.com,Nuclear waste management and recycling,2026-05-09 16:25:24,reliable,domain nature.com rated 'high credibility' per MBFC,,,,,
nuclear_power,slanted,nuclear waste danger,1,7,https://thebreakthrough.org/issues/energy/the-boring-truth-about-nuclear-waste,thebreakthrough.org,The Boring Truth About Nuclear Waste,2026-05-09 16:27:05,reliable,domain thebreakthrough.org rated 'high credibility' per MBFC,,,,,
nuclear_power,neutral,nuclear energy carbon emissions,1,9,https://www.iea.org/reports/global-energy-review-2025/co2-emissions,iea.org,CO2 Emissions – Global Energy Review 2025 – Analysis,2026-05-09 16:28:08,reliable,domain iea.org rated 'high credibility' per MBFC,,,,,
nuclear_power,neutral,nuclear energy carbon emissions,2,3,https://ourworldindata.org/nuclear-energy,ourworldindata.org,Nuclear Energy,2026-05-09 16:28:16,reliable,domain ourworldindata.org rated 'high credibility' per MBFC,,,,,
nuclear_power,neutral,nuclear energy carbon emissions,2,4,https://www.nature.com/articles/s41560-020-00696-3,nature.com,Differences in carbon emissions reduction between ...,2026-05-09 16:28:16,reliable,domain nature.com rated 'high credibility' per MBFC,,,,,
nuclear_power,neutral,nuclear energy carbon emissions,2,10,https://www.dw.com/en/fact-check-is-nuclear-energy-good-for-the-climate/a-59853315,dw.com,Fact check: Is nuclear energy good for the climate?,2026-05-09 16:28:18,reliable,domain dw.com rated 'high credibility' per MBFC,,,,,
nuclear_power,neutral,nuclear energy carbon emissions,3,7,https://www.eurasiareview.com/23022025-controlling-carbon-emission-through-nuclear-power-plants-oped/,eurasiareview.com,Controlling Carbon Emission Through Nuclear Power Plants,2026-05-09 16:28:27,reliable,domain eurasiareview.com rated 'high credibility' per MBFC,,,,,
nuclear_power,slanted,nuclear accidents,3,4,https://www.who.int/health-topics/radiation-emergencies,who.int,Radiation emergencies,2026-05-09 16:29:05,reliable,domain who.int rated 'high credibility' per MBFC,,,,,
nuclear_power,slanted,nuclear accidents,3,5,https://thewalrus.ca/nuclear-accidents/,thewalrus.ca,Chalk River: The Forgotten Nuclear Accidents,2026-05-09 16:29:05,reliable,domain thewalrus.ca rated 'high credibility' per MBFC,,,,,
nuclear_power,slanted,nuclear accidents,3,9,https://thebulletin.org/2020/08/critical-underlying-factors-in-three-major-nuclear-accidents/,thebulletin.org,Critical underlying factors in three major nuclear accidents,2026-05-09 16:29:07,reliable,domain thebulletin.org rated 'high credibility' per MBFC,,,,,
nuclear_power,neutral,nuclear fusion research,2,6,https://www.britannica.com/science/nuclear-fusion/History-of-fusion-energy-research,britannica.com,"Nuclear fusion - Research, Energy, History",2026-05-09 16:29:56,reliable,domain britannica.com rated 'high credibility' per MBFC,,,,,
nuclear_power,neutral,nuclear fusion research,2,7,https://www.nature.com/articles/d41586-026-00063-4,nature.com,Chinese nuclear fusion reactor pushes plasma past crucial ...,2026-05-09 16:29:56,reliable,domain nature.com rated 'high credibility' per MBFC,,,,,
nuclear_power,neutral,nuclear fusion research,3,10,https://www.science.org/content/blog-post/nuclear-fusion-palladium-metal-no-really,science.org,"Nuclear Fusion in Palladium Metal. No, Really.",2026-05-09 16:30:07,reliable,domain science.org rated 'high credibility' per MBFC,,,,,
nuclear_power,slanted,nuclear proliferation risks,1,1,https://issues.org/panofsky-nuclear-proliferation-risks/,issues.org,"Nuclear Proliferation Risks, New and Old",2026-05-09 16:30:18,reliable,domain issues.org rated 'high credibility' per MBFC,,,,,
nuclear_power,slanted,nuclear proliferation risks,1,4,https://www.chathamhouse.org/2026/03/iran-war-risks-triggering-new-wave-nuclear-proliferation,chathamhouse.org,The Iran war risks triggering a new wave of nuclear ...,2026-05-09 16:30:20,reliable,domain chathamhouse.org rated 'high credibility' per MBFC,,,,,
nuclear_power,slanted,nuclear proliferation risks,1,10,https://www.justsecurity.org/129480/risk-nuclear-proliferation-2026/,justsecurity.org,"In 2026, a Growing Risk of Nuclear Proliferation",2026-05-09 16:30:23,reliable,domain justsecurity.org rated 'high credibility' per MBFC,,,,,
nuclear_power,slanted,nuclear proliferation risks,2,5,https://www.britannica.com/topic/nuclear-proliferation,britannica.com,"Nuclear proliferation | Definition, Treaty, Risks, & ...",2026-05-09 16:30:31,reliable,domain britannica.com rated 'high credibility' per MBFC,,,,,
nuclear_power,slanted,nuclear proliferation risks,2,6,https://www.un.org/en/global-issues/disarmament,un.org,Disarmament,2026-05-09 16:30:31,reliable,domain un.org rated 'high credibility' per MBFC,,,,,
nuclear_power,slanted,nuclear proliferation risks,2,8,https://www.researchgate.net/publication/318573765_Nuclear_Proliferation_The_Risks_of_Prediction,researchgate.net,(PDF) Nuclear Proliferation: The Risks of Prediction,2026-05-09 16:30:32,reliable,domain researchgate.net rated 'high credibility' per MBFC,,,,,
nuclear_power,slanted,nuclear proliferation risks,3,4,https://www.economist.com/leaders/2026/02/05/how-to-think-about-new-risks-of-nuclear-proliferation,economist.com,How to think about new risks of nuclear proliferation,2026-05-09 16:30:41,reliable,domain economist.com rated 'high credibility' per MBFC,,,,,
nuclear_waste,neutral,radioactive waste disposal research,1,6,https://www.nature.com/collections/bebdchfbfi,nature.com,Nuclear waste management and recycling,2026-05-09 16:31:03,reliable,domain nature.com rated 'high credibility' per MBFC,,,,,
nuclear_waste,neutral,radioactive waste disposal research,2,7,https://www.researchgate.net/publication/385627547_Environmental_and_ecological_impact_of_radioactive_waste_disposal,researchgate.net,Environmental and ecological impact of radioactive waste ...,2026-05-09 16:31:19,reliable,domain researchgate.net rated 'high credibility' per MBFC,,,,,
nuclear_waste,slanted,nuclear waste leaks,1,4,https://www.sciencealert.com/this-infamous-radioactive-tomb-is-leaking-and-experts-are-worried,sciencealert.com,"This Infamous Radioactive 'Tomb' Is Leaking, And Experts ...",2026-05-09 16:31:48,reliable,domain sciencealert.com rated 'high credibility' per MBFC,,,,,
nuclear_waste,slanted,nuclear waste leaks,3,2,https://www.asahi.com/ajw/articles/16486369,asahi.com,"Nuke fuel storage capacity nears limit, with 1 site nearly full",2026-05-09 16:32:19,reliable,domain asahi.com rated 'nan' per MBFC,,,,,
nuclear_waste,slanted,nuclear waste leaks,3,9,https://japantoday.com/category/national/nuclear-reactor-in-central-japan-halted-after-steam-leak-near-turbine,japantoday.com,Nuclear reactor in central Japan halted after steam leak ...,2026-05-09 16:32:22,reliable,domain japantoday.com rated 'nan' per MBFC,,,,,
nuclear_waste,neutral,deep geological repository data,2,5,https://www.stimson.org/2021/geological-disposal-and-spent-nuclear-fuel/,stimson.org,Geological Disposal of Spent Nuclear Fuel,2026-05-09 16:34:10,reliable,domain stimson.org rated 'nan' per MBFC,,,,,
nuclear_waste,neutral,deep geological repository data,3,6,https://www.swissinfo.ch/eng/alpine-environment/three-sites-eliminated-as-deep-geological-repositories-for-radioactive-waste/83115109,swissinfo.ch,Swiss sites no longer suitable to store radioactive waste,2026-05-09 16:34:20,reliable,domain swissinfo.ch rated 'nan' per MBFC,,,,,
pesticides,neutral,pesticide regulation science,1,1,https://www.science.org/doi/10.1126/science.aea8602,science.org,Increasing applied pesticide toxicity trends counteract the ...,2026-05-09 16:35:13,reliable,domain science.org rated 'high credibility' per MBFC,,,,,
pesticides,neutral,pesticide regulation science,2,5,https://www.cambridge.org/core/journals/weed-science/article/pesticide-regulation-in-the-european-union-and-the-glyphosate-controversy/280701D3315D9AF5E80B2EB383CF593D,cambridge.org,Pesticide regulation in the European Union and ...,2026-05-09 16:35:27,reliable,domain cambridge.org rated 'nan' per MBFC,,,,,
pesticides,neutral,pesticide regulation science,3,3,https://www.science.org/doi/10.1126/science.192.4237.318.a,science.org,EPA Pesticides Regulation,2026-05-09 16:35:36,reliable,domain science.org rated 'high credibility' per MBFC,,,,,
pesticides,neutral,pesticide regulation science,3,8,https://www.researchgate.net/publication/274492286_Regulation_of_pesticides_A_comparative_analysis,researchgate.net,Regulation of pesticides: A comparative analysis,2026-05-09 16:35:37,reliable,domain researchgate.net rated 'high credibility' per MBFC,,,,,
pesticides,slanted,pesticide health hazards,1,5,https://www.unep.org/topics/chemicals-management/pollution-and-health/highly-hazardous-pesticides-hhps,unep.org,Highly Hazardous Pesticides (HHPs),2026-05-09 16:35:52,reliable,domain unep.org rated 'high credibility' per MBFC,,,,,
pesticides,slanted,pesticide health hazards,1,6,https://www.who.int/news-room/fact-sheets/detail/pesticide-residues-in-food,who.int,Pesticide residues in food,2026-05-09 16:35:53,reliable,domain who.int rated 'high credibility' per MBFC,,,,,
pesticides,neutral,organic farming pesticide use,1,3,https://geneticliteracyproject.org/2022/02/04/myth-busting-on-pesticides-despite-demonization-organic-farmers-widely-use-them/,geneticliteracyproject.org,"Myth busting on pesticides: Despite demonization, organic ...",2026-05-09 16:36:38,reliable,domain geneticliteracyproject.org rated 'high credibility' per MBFC,,,,,
pesticides,neutral,organic farming pesticide use,1,7,https://www.science.org/doi/10.1126/science.adf2572,science.org,Spillover effects of organic agriculture on pesticide use ...,2026-05-09 16:36:40,reliable,domain science.org rated 'high credibility' per MBFC,,,,,
pesticides,neutral,organic farming pesticide use,2,6,https://www.scientificamerican.com/blog/science-sushi/httpblogsscientificamericancomscience-sushi20110718mythbusting-101-organic-farming-conventional-agriculture/,scientificamerican.com,Mythbusting 101: Organic Farming > Conventional ...,2026-05-09 16:36:56,reliable,domain scientificamerican.com rated 'high credibility' per MBFC,,,,,
pesticides,neutral,organic farming pesticide use,2,10,https://www.mayoclinic.org/healthy-lifestyle/nutrition-and-healthy-eating/in-depth/organic-food/art-20043880,mayoclinic.org,Organic foods: Are they safer? More nutritious?,2026-05-09 16:36:57,reliable,domain mayoclinic.org rated 'high credibility' per MBFC,,,,,
pesticides,neutral,organic farming pesticide use,3,2,https://www.scientificamerican.com/blog/science-sushi/httpblogsscientificamericancomscience-sushi20110718mythbusting-101-organic-farming-conventional-agriculture/,scientificamerican.com,Mythbusting 101: Organic Farming > Conventional ...,2026-05-09 16:37:04,reliable,domain scientificamerican.com rated 'high credibility' per MBFC,,,,,
pesticides,slanted,conventional pesticide dangers,1,4,https://www.who.int/news-room/fact-sheets/detail/pesticide-residues-in-food,who.int,Pesticide residues in food,2026-05-09 16:37:19,reliable,domain who.int rated 'high credibility' per MBFC,,,,,
pesticides,slanted,conventional pesticide dangers,2,2,https://www.consumerreports.org/health/food-contaminants/produce-without-pesticides-a5260230325/,consumerreports.org,Produce Without Pesticides,2026-05-09 16:37:36,reliable,domain consumerreports.org rated 'high credibility' per MBFC,,,,,
artificial_sweeteners,slanted,aspartame dangers,1,1,https://www.who.int/news/item/14-07-2023-aspartame-hazard-and-risk-assessment-results-released,who.int,Aspartame hazard and risk assessment results released,2026-05-09 16:40:16,reliable,domain who.int rated 'high credibility' per MBFC,,,,,
artificial_sweeteners,slanted,aspartame dangers,1,3,https://www.medicalnewstoday.com/articles/322266,medicalnewstoday.com,"Aspartame safety, risks, and side effects",2026-05-09 16:41:49,reliable,domain medicalnewstoday.com rated 'high credibility' per MBFC,,,,,
artificial_sweeteners,slanted,aspartame dangers,1,5,https://www.webmd.com/diet/what-to-know-about-aspartame,webmd.com,What To Know About Aspartame,2026-05-09 16:42:24,reliable,domain webmd.com rated 'high credibility' per MBFC,,,,,
artificial_sweeteners,slanted,aspartame dangers,2,8,https://www.cancer.org/cancer/risk-prevention/chemicals/aspartame.html,cancer.org,Aspartame and Cancer Risk,2026-05-09 16:42:37,reliable,domain cancer.org rated 'high credibility' per MBFC,,,,,
artificial_sweeteners,neutral,sucralose research,1,9,https://www.researchgate.net/publication/378630608_Sucralose_From_Sweet_Success_to_Metabolic_Controversies-Unraveling_the_Global_Health_Implications_of_a_Pervasive_Non-Caloric_Artificial_Sweetener,researchgate.net,(PDF) Sucralose: From Sweet Success to Metabolic ...,2026-05-09 16:43:20,reliable,domain researchgate.net rated 'high credibility' per MBFC,,,,,
artificial_sweeteners,neutral,sucralose research,2,7,https://www.webmd.com/diet/what-to-know-about-sucralose,webmd.com,What to Know About Sucralose,2026-05-09 16:43:30,reliable,domain webmd.com rated 'high credibility' per MBFC,,,,,
artificial_sweeteners,neutral,sucralose research,2,8,https://www.nature.com/articles/s41586-023-05801-6,nature.com,The dietary sweetener sucralose is a negative modulator of ...,2026-05-09 16:43:30,reliable,domain nature.com rated 'high credibility' per MBFC,,,,,
artificial_sweeteners,neutral,sucralose research,3,2,https://examine.com/research-feed/study/15ymB1/?srsltid=AfmBOopS1hXY6iadG1n6l56iuKCDp1y5NAXkbUnyDDb9jOYgyEemcgXE,examine.com,Sucralose may worsen blood sugar control - Study Summary,2026-05-09 16:43:37,reliable,domain examine.com rated 'nan' per MBFC,,,,,
artificial_sweeteners,neutral,sucralose research,3,5,https://www.sciencenews.org/article/sucralose-immunotherapy-less-effective,sciencenews.org,The sugar substitute sucralose makes immunotherapy less ...,2026-05-09 16:43:37,reliable,domain sciencenews.org rated 'high credibility' per MBFC,,,,,
artificial_sweeteners,slanted,sucralose health risks,1,4,https://www.webmd.com/diet/what-to-know-about-sucralose,webmd.com,What to Know About Sucralose,2026-05-09 16:44:03,reliable,domain webmd.com rated 'high credibility' per MBFC,,,,,
artificial_sweeteners,slanted,sucralose health risks,2,8,https://www.verywellhealth.com/sucralose-vs-aspartame-7551717,verywellhealth.com,Sucralose vs. Aspartame: Differences and Health Impacts,2026-05-09 16:44:16,reliable,domain verywellhealth.com rated 'high credibility' per MBFC,,,,,
artificial_sweeteners,slanted,sucralose health risks,3,5,https://www.mayoclinic.org/healthy-lifestyle/nutrition-and-healthy-eating/in-depth/artificial-sweeteners/art-20046936,mayoclinic.org,Artificial sweeteners and other sugar substitutes,2026-05-09 16:44:25,reliable,domain mayoclinic.org rated 'high credibility' per MBFC,,,,,
artificial_sweeteners,neutral,stevia information,1,2,https://www.webmd.com/food-recipes/what-is-stevia,webmd.com,Stevia: Health Benefits and Risks,2026-05-09 16:44:45,reliable,domain webmd.com rated 'high credibility' per MBFC,,,,,
artificial_sweeteners,neutral,stevia information,2,8,https://www.medicalnewstoday.com/articles/287251,medicalnewstoday.com,"Stevia: Health benefits, facts, and safety",2026-05-09 16:46:53,reliable,domain medicalnewstoday.com rated 'high credibility' per MBFC,,,,,
artificial_sweeteners,neutral,stevia information,3,5,https://examine.com/foods/stevia/?srsltid=AfmBOorAOsWoP5cRFh5pnq7w8xdpL4HQFIU51QjQyb_VGTmsGaEhqiv4,examine.com,Stevia: Up-to-date scientific evidence.,2026-05-09 16:47:19,reliable,domain examine.com rated 'nan' per MBFC,,,,,
artificial_sweeteners,slanted,stevia side effects,1,2,https://www.webmd.com/vitamins-supplements/stevia,webmd.com,"Stevia: Uses, Side Effects, Interactions, Pictures, Warnings ...",2026-05-09 16:48:10,reliable,domain webmd.com rated 'high credibility' per MBFC,,,,,
artificial_sweeteners,slanted,stevia side effects,1,3,https://www.medicalnewstoday.com/articles/319837,medicalnewstoday.com,"Stevia: Side effects, who should avoid it, and use during ...",2026-05-09 16:48:16,reliable,domain medicalnewstoday.com rated 'high credibility' per MBFC,,,,,
artificial_sweeteners,slanted,stevia side effects,1,6,https://www.webmd.com/food-recipes/what-is-stevia,webmd.com,Stevia: Health Benefits and Risks,2026-05-09 16:48:18,reliable,domain webmd.com rated 'high credibility' per MBFC,,,,,
artificial_sweeteners,slanted,stevia side effects,2,7,https://www.verywellhealth.com/stevia-side-effects-6890614,verywellhealth.com,Is Stevia a Safe Sugar Substitute?,2026-05-09 16:48:30,reliable,domain verywellhealth.com rated 'high credibility' per MBFC,,,,,
artificial_sweeteners,neutral,diet soda health,1,2,https://www.mayoclinic.org/healthy-lifestyle/nutrition-and-healthy-eating/expert-answers/diet-soda/faq-20057855,mayoclinic.org,Diet soda: How much is too much?,2026-05-09 16:48:57,reliable,domain mayoclinic.org rated 'high credibility' per MBFC,,,,,
artificial_sweeteners,neutral,diet soda health,2,7,https://www.verywellhealth.com/is-diet-soda-bad-for-you-11851224,verywellhealth.com,What Happens to Your Body When You Drink Diet Soda ...,2026-05-09 16:49:25,reliable,domain verywellhealth.com rated 'high credibility' per MBFC,,,,,
artificial_sweeteners,neutral,diet soda health,3,4,https://www.nationalgeographic.com/health/article/artificial-sweeteners-hunger-weight-gain,nationalgeographic.com,Diet soda might be making you hungrier,2026-05-09 16:49:33,reliable,domain nationalgeographic.com rated 'high credibility' per MBFC,,,,,
artificial_sweeteners,neutral,diet soda health,3,6,https://www.everydayhealth.com/beverages/which-diet-sodas-do-not-contain-aspartame/,everydayhealth.com,A Guide to Diet Sodas Without Aspartame,2026-05-09 16:49:34,reliable,domain everydayhealth.com rated 'high credibility' per MBFC,,,,,
artificial_sweeteners,slanted,diet soda cancer risk,1,3,https://www.cancer.org/cancer/risk-prevention/chemicals/aspartame.html,cancer.org,Aspartame and Cancer Risk,2026-05-09 16:49:59,reliable,domain cancer.org rated 'high credibility' per MBFC,,,,,
artificial_sweeteners,slanted,diet soda cancer risk,1,4,https://www.who.int/news/item/14-07-2023-aspartame-hazard-and-risk-assessment-results-released,who.int,Aspartame hazard and risk assessment results released,2026-05-09 16:50:00,reliable,domain who.int rated 'high credibility' per MBFC,,,,,
artificial_sweeteners,slanted,diet soda cancer risk,3,7,https://www.medicalnewstoday.com/articles/a-chemical-found-in-common-artificial-sweetener-may-cause-dna-damage-cancer,medicalnewstoday.com,"Common artificial sweetener may cause DNA damage, ...",2026-05-09 16:50:23,reliable,domain medicalnewstoday.com rated 'high credibility' per MBFC,,,,,
artificial_sweeteners,slanted,diet soda cancer risk,3,9,https://www.france24.com/en/live-news/20220324-consuming-artificial-sweeteners-linked-to-cancer-risk-study,france24.com,Consuming artificial sweeteners linked to cancer risk: study,2026-05-09 16:50:23,reliable,domain france24.com rated 'high credibility' per MBFC,,,,,
electromagnetic_fields,neutral,emf safety research,1,1,https://www.who.int/initiatives/the-international-emf-project,who.int,The International EMF Project,2026-05-09 16:50:39,reliable,domain who.int rated 'high credibility' per MBFC,,,,,
electromagnetic_fields,neutral,emf safety research,3,4,https://www.researchgate.net/publication/383886680_Health_Risks_of_Low-Frequency_Electromagnetic_Fields_LF-EMF_and_Radio_Waves_An_Umbrella_Review_and_Meta-Analysis,researchgate.net,Health Risks of Low-Frequency Electromagnetic Fields (LF ...,2026-05-09 16:50:58,reliable,domain researchgate.net rated 'high credibility' per MBFC,,,,,
electromagnetic_fields,slanted,emf health risks,1,3,https://www.who.int/teams/environment-climate-change-and-health/radiation-and-health/non-ionizing/hypersensitivity,who.int,Electromagnetic hypersensitivity,2026-05-09 16:51:18,reliable,domain who.int rated 'high credibility' per MBFC,,,,,
electromagnetic_fields,slanted,emf health risks,2,9,https://www.who.int/teams/environment-climate-change-and-health/radiation-and-health/non-ionizing/exposure,who.int,Exposure to extremely low frequency fields,2026-05-09 16:51:37,reliable,domain who.int rated 'high credibility' per MBFC,,,,,
electromagnetic_fields,slanted,emf health risks,3,8,https://www.medicalnewstoday.com/articles/emf,medicalnewstoday.com,"EMFs: What they are, effects on health, and more",2026-05-09 16:51:46,reliable,domain medicalnewstoday.com rated 'high credibility' per MBFC,,,,,
electromagnetic_fields,neutral,power lines health,1,5,https://www.who.int/teams/environment-climate-change-and-health/radiation-and-health/non-ionizing/exposure,who.int,Exposure to extremely low frequency fields,2026-05-09 16:52:26,reliable,domain who.int rated 'high credibility' per MBFC,,,,,
electromagnetic_fields,neutral,power lines health,3,3,https://www.cancer.org/cancer/risk-prevention/radiation-exposure/extremely-low-frequency-radiation.html,cancer.org,"Power Lines, Electrical Devices, and Extremely Low ...",2026-05-09 16:52:44,reliable,domain cancer.org rated 'high credibility' per MBFC,,,,,
electromagnetic_fields,slanted,power lines cancer,1,1,https://www.cancer.org/cancer/risk-prevention/radiation-exposure/extremely-low-frequency-radiation.html,cancer.org,"Power Lines, Electrical Devices, and Extremely Low ...",2026-05-09 16:52:58,reliable,domain cancer.org rated 'high credibility' per MBFC,,,,,
electromagnetic_fields,slanted,power lines cancer,2,2,https://www.science.org/content/article/no-link-between-power-lines-and-adult-cancers,science.org,No Link Between Power Lines and Adult Cancers,2026-05-09 16:53:20,reliable,domain science.org rated 'high credibility' per MBFC,,,,,
electromagnetic_fields,slanted,power lines cancer,2,5,https://www.nature.com/articles/s41416-018-0097-7,nature.com,Proximity to overhead power lines and childhood leukaemia,2026-05-09 16:53:21,reliable,domain nature.com rated 'high credibility' per MBFC,,,,,
electromagnetic_fields,slanted,power lines cancer,3,8,https://www.abc.net.au/news/2007-08-23/study-finds-possible-link-between-cancer-and-power/648626,abc.net.au,Study finds possible link between cancer and power lines,2026-05-09 16:53:31,reliable,domain abc.net.au rated 'high credibility' per MBFC,,,,,
electromagnetic_fields,slanted,cell phone radiation brain tumors,2,4,https://www.cancer.org/cancer/risk-prevention/radiation-exposure/cellular-phones.html,cancer.org,Do Cell Phones Cause Cancer? | Cellphones and Cancer,2026-05-09 16:54:59,reliable,domain cancer.org rated 'high credibility' per MBFC,,,,,
electromagnetic_fields,slanted,cell phone radiation brain tumors,2,9,https://www.everydayhealth.com/cancer/should-you-be-worried-about-cell-phone-radiation-and-cancer/,everydayhealth.com,Can Cell Phone Radiation Cause Cancer or Brain Tumors?,2026-05-09 16:55:01,reliable,domain everydayhealth.com rated 'high credibility' per MBFC,,,,,
electromagnetic_fields,slanted,cell phone radiation brain tumors,3,9,https://www.bmj.com/content/343/bmj.d6387/rapid-responses,bmj.com,Use of mobile phones and risk of brain tumours,2026-05-09 16:55:10,reliable,domain bmj.com rated 'high credibility' per MBFC,,,,,
electromagnetic_fields,slanted,cell phone radiation brain tumors,3,10,https://www.webmd.com/cancer/cell-phones-cancer,webmd.com,Cell Phones and Cancer Risk,2026-05-09 16:55:11,reliable,domain webmd.com rated 'high credibility' per MBFC,,,,,
electromagnetic_fields,neutral,wi-fi health effects,1,8,https://www.who.int/teams/environment-climate-change-and-health/radiation-and-health/non-ionizing/wireless,who.int,Base stations and wireless technologies,2026-05-09 16:55:36,reliable,domain who.int rated 'high credibility' per MBFC,,,,,
electromagnetic_fields,neutral,wi-fi health effects,3,8,https://www.researchgate.net/publication/344302944_Radiofrequency_electromagnetic_radiation_from_Wi-fi_and_its_effects_on_human_health_in_particular_children_and_adolescents_Review,researchgate.net,Radiofrequency electromagnetic radiation from Wi-fi and its ...,2026-05-09 16:56:01,reliable,domain researchgate.net rated 'high credibility' per MBFC,,,,,
electromagnetic_fields,slanted,wi-fi radiation dangers,1,6,https://www.who.int/teams/environment-climate-change-and-health/radiation-and-health/non-ionizing/wireless,who.int,Base stations and wireless technologies,2026-05-09 16:56:37,reliable,domain who.int rated 'high credibility' per MBFC,,,,,
electromagnetic_fields,slanted,wi-fi radiation dangers,3,7,https://www.researchgate.net/publication/344302944_Radiofrequency_electromagnetic_radiation_from_Wi-fi_and_its_effects_on_human_health_in_particular_children_and_adolescents_Review,researchgate.net,Radiofrequency electromagnetic radiation from Wi-fi and its ...,2026-05-09 16:56:56,reliable,domain researchgate.net rated 'high credibility' per MBFC,,,,,
essential_oils,neutral,essential oils therapeutic facts,1,2,https://www.hopkinsmedicine.org/health/wellness-and-prevention/aromatherapy-do-essential-oils-really-work,hopkinsmedicine.org,Aromatherapy: Do Essential Oils Really Work?,2026-05-09 16:57:13,reliable,domain hopkinsmedicine.org rated 'high credibility' per MBFC,,,,,
essential_oils,neutral,essential oils therapeutic facts,1,5,https://www.webmd.com/diet/health-benefits-essential-oils,webmd.com,Health Benefits of Essential Oils,2026-05-09 16:57:14,reliable,domain webmd.com rated 'high credibility' per MBFC,,,,,
essential_oils,neutral,essential oils therapeutic facts,1,6,https://www.lung.org/blog/essential-oils-harmful-or-helpful,lung.org,Essential Oils: More Harmful Than Helpful?,2026-05-09 16:57:15,reliable,domain lung.org rated 'high credibility' per MBFC,,,,,
essential_oils,neutral,essential oils therapeutic facts,2,10,https://www.scientificamerican.com/article/do-essential-oils-work-heres-what-science-says/,scientificamerican.com,Do Essential Oils Work? Here's What Science Says,2026-05-09 16:57:36,reliable,domain scientificamerican.com rated 'high credibility' per MBFC,,,,,
essential_oils,neutral,essential oils therapeutic facts,3,3,https://www.researchgate.net/publication/221925405_The_Therapeutic_Benefits_of_Essential_Oils,researchgate.net,The Therapeutic Benefits of Essential Oils,2026-05-09 16:58:00,reliable,domain researchgate.net rated 'high credibility' per MBFC,,,,,
essential_oils,neutral,essential oils therapeutic facts,3,4,https://www.everydayhealth.com/wellness/what-are-essential-oils-a-complete-guide-on-aromatherapy-and-its-potential-health-benefits/,everydayhealth.com,"Essential Oils Guide: Benefits, Uses, and Safety Tips",2026-05-09 16:58:01,reliable,domain everydayhealth.com rated 'high credibility' per MBFC,,,,,
essential_oils,slanted,essential oils toxicity,1,5,https://www.lung.org/blog/essential-oils-harmful-or-helpful,lung.org,Essential Oils: More Harmful Than Helpful?,2026-05-09 16:58:53,reliable,domain lung.org rated 'high credibility' per MBFC,,,,,
essential_oils,slanted,essential oils toxicity,1,8,https://www.medicalnewstoday.com/articles/can-you-eat-essential-oils,medicalnewstoday.com,"Can people eat essential oils? Safety, risks, and how to ...",2026-05-09 16:59:00,reliable,domain medicalnewstoday.com rated 'high credibility' per MBFC,,,,,
essential_oils,slanted,essential oils toxicity,2,9,https://www.sciencealert.com/essential-oil-poisoning-is-on-the-rise-this-is-the-science-you-need-to-know,sciencealert.com,Essential Oil Poisoning Is on The Rise. Here's What You ...,2026-05-09 16:59:10,reliable,domain sciencealert.com rated 'high credibility' per MBFC,,,,,
essential_oils,slanted,essential oils toxicity,3,4,https://www.hopkinsmedicine.org/health/wellness-and-prevention/are-essential-oils-safe-for-children,hopkinsmedicine.org,Are Essential Oils Safe for Children?,2026-05-09 16:59:16,reliable,domain hopkinsmedicine.org rated 'high credibility' per MBFC,,,,,
essential_oils,slanted,tea tree oil poisoning,1,5,https://www.mayoclinic.org/drugs-supplements-tea-tree-oil/art-20364246,mayoclinic.org,Tea tree oil,2026-05-09 17:01:21,reliable,domain mayoclinic.org rated 'high credibility' per MBFC,,,,,
essential_oils,slanted,tea tree oil poisoning,3,7,https://www.researchgate.net/publication/365715281_Safety_assessment_and_adverse_drug_reaction_reporting_of_tea_tree_oil_Melaleuca_aetheroleum,researchgate.net,Safety assessment and adverse drug reaction reporting of ...,2026-05-09 17:01:41,reliable,domain researchgate.net rated 'high credibility' per MBFC,,,,,
essential_oils,neutral,lavender oil research,1,2,https://www.researchgate.net/publication/242116432_Lavender_essential_oil_A_review,researchgate.net,(PDF) Lavender essential oil: A review,2026-05-09 17:01:58,reliable,domain researchgate.net rated 'high credibility' per MBFC,,,,,
essential_oils,neutral,lavender oil research,1,3,https://examine.com/supplements/lavender/research/?srsltid=AfmBOortLvgh9rZ56kFLXaxnVNIiYOPLw4a7evI8PXE34GHaE8uTG---,examine.com,Research Breakdown on Lavender,2026-05-09 17:01:58,reliable,domain examine.com rated 'nan' per MBFC,,,,,
essential_oils,neutral,lavender oil research,1,9,https://www.webmd.com/diet/health-benefits-lavender-essential-oil,webmd.com,Health Benefits of Lavender Essential Oil,2026-05-09 17:02:00,reliable,domain webmd.com rated 'high credibility' per MBFC,,,,,
essential_oils,neutral,lavender oil research,2,1,https://www.nature.com/articles/s41598-024-71115-w,nature.com,Evaluation of lavender essential oils and by-products using ...,2026-05-09 17:02:07,reliable,domain nature.com rated 'high credibility' per MBFC,,,,,
essential_oils,neutral,lavender oil research,2,3,https://www.medicalnewstoday.com/articles/265922,medicalnewstoday.com,Lavender: Health benefits and uses,2026-05-09 17:02:07,reliable,domain medicalnewstoday.com rated 'high credibility' per MBFC,,,,,
essential_oils,neutral,lavender oil research,2,8,https://www.hopkinsmedicine.org/health/wellness-and-prevention/aromatherapy-do-essential-oils-really-work,hopkinsmedicine.org,Aromatherapy: Do Essential Oils Really Work?,2026-05-09 17:02:09,reliable,domain hopkinsmedicine.org rated 'high credibility' per MBFC,,,,,
essential_oils,neutral,lavender oil research,2,9,https://www.researchgate.net/publication/393449321_Lavender_Oil_A_Comprehensive_Review_of_Composition_and_Applications,researchgate.net,(PDF) Lavender Oil: A Comprehensive Review of ...,2026-05-09 17:02:09,reliable,domain researchgate.net rated 'high credibility' per MBFC,,,,,
essential_oils,slanted,lavender oil hormone disruption,1,4,https://www.nejm.org/doi/full/10.1056/NEJMoa064725,nejm.org,Prepubertal Gynecomastia Linked to Lavender and Tea ...,2026-05-09 17:02:36,reliable,domain nejm.org rated 'high credibility' per MBFC,,,,,
essential_oils,slanted,lavender oil hormone disruption,1,8,https://www.medicalnewstoday.com/articles/321262,medicalnewstoday.com,Essential oils may disrupt normal hormonal activity,2026-05-09 17:02:44,reliable,domain medicalnewstoday.com rated 'high credibility' per MBFC,,,,,
essential_oils,slanted,lavender oil hormone disruption,2,6,https://www.medpagetoday.com/reading-room/endocrine-society/adrenal-disorders/84415,medpagetoday.com,A New Link Between Lavender Oil and Hormonal ...,2026-05-09 17:03:01,reliable,domain medpagetoday.com rated 'high credibility' per MBFC,,,,,
essential_oils,slanted,lavender oil hormone disruption,3,3,https://www.sciencedaily.com/releases/2018/03/180318144856.htm,sciencedaily.com,Chemicals in lavender and tea tree oil appear to be ...,2026-05-09 17:03:20,reliable,domain sciencedaily.com rated 'high credibility' per MBFC,,,,,
aluminum,slanted,aluminum vaccine toxicity,1,3,https://www.bmj.com/content/393/bmj-2025-088921,bmj.com,Aluminium adjuvants in vaccines and potential health effects,2026-05-09 17:04:21,reliable,domain bmj.com rated 'high credibility' per MBFC,,,,,
aluminum,slanted,aluminum vaccine toxicity,1,4,https://www.aap.org/en/news-room/fact-checked/fact-checked-aluminum-in-vaccines-strengthen-immune-responses-do-not-cause-autism-serious-health-issues/?srsltid=AfmBOooExjr1VwBsYaHKeBrK_CiO5iEWUALr1EID3zpibUj3ICN8qZb_,aap.org,Fact Checked: Aluminum in Vaccines Strengthen Immune ...,2026-05-09 17:04:22,reliable,domain aap.org rated 'high credibility' per MBFC,,,,,
aluminum,slanted,aluminum vaccine toxicity,3,4,https://www.researchgate.net/publication/221738389_Mechanisms_of_aluminum_adjuvant_toxicity_and_autoimmunity_in_pediatric_populations,researchgate.net,(PDF) Mechanisms of aluminum adjuvant toxicity and ...,2026-05-09 17:04:43,reliable,domain researchgate.net rated 'high credibility' per MBFC,,,,,
aluminum,slanted,aluminum vaccine toxicity,3,9,https://www.factcheck.org/2024/04/scicheck-posts-raise-unfounded-concerns-about-aluminum-in-vaccines/,factcheck.org,Posts Raise Unfounded Concerns About Aluminum in ...,2026-05-09 17:04:44,reliable,domain factcheck.org rated 'high credibility' per MBFC,,,,,
aluminum,slanted,aluminum alzheimers link,1,9,https://www.webmd.com/alzheimers/alzheimers-causes-risk-factors,webmd.com,Risk Factors for Alzheimer's Disease,2026-05-09 17:05:57,reliable,domain webmd.com rated 'high credibility' per MBFC,,,,,
aluminum,slanted,aluminum alzheimers link,2,2,https://www.medicalnewstoday.com/articles/does-aluminum-cause-alzheimers,medicalnewstoday.com,Alzheimer's disease and aluminum: Is there a connection?,2026-05-09 17:06:05,reliable,domain medicalnewstoday.com rated 'high credibility' per MBFC,,,,,
aluminum,slanted,aluminum alzheimers link,3,1,https://www.scientificamerican.com/article/is-there-any-proof-that-a/,scientificamerican.com,Is there any proof that Alzheimer's disease is related to ...,2026-05-09 17:06:13,reliable,domain scientificamerican.com rated 'high credibility' per MBFC,,,,,
aluminum,slanted,aluminum alzheimers link,3,3,https://www.researchgate.net/publication/50597066_Link_between_Aluminum_and_the_Pathogenesis_of_Alzheimer's_Disease_The_Integration_of_the_Aluminum_and_Amyloid_Cascade_Hypotheses,researchgate.net,(PDF) Link between Aluminum and the Pathogenesis of ...,2026-05-09 17:06:14,reliable,domain researchgate.net rated 'high credibility' per MBFC,,,,,
aluminum,slanted,aluminum alzheimers link,3,5,https://scitechdaily.com/alzheimers-disease-linked-to-exposure-to-aluminum/,scitechdaily.com,Alzheimer's Disease Linked to Exposure to Aluminum,2026-05-09 17:06:15,reliable,domain scitechdaily.com rated 'medium credibility' per MBFC,,,,,
aluminum,neutral,aluminum antiperspirants cancer research,1,2,https://www.cancer.org/cancer/risk-prevention/chemicals/antiperspirants-and-breast-cancer-risk.html,cancer.org,Antiperspirants and Breast Cancer Risk,2026-05-09 17:06:34,reliable,domain cancer.org rated 'high credibility' per MBFC,,,,,
aluminum,neutral,aluminum antiperspirants cancer research,3,5,https://www.thelancet.com/article/S2352-3964(17)30233-5/fulltext,thelancet.com,Use of Underarm Cosmetic Products in Relation to Risk ...,2026-05-09 17:06:55,reliable,domain thelancet.com rated 'high credibility' per MBFC,,,,,
aluminum,slanted,aluminum breast cancer,1,1,https://www.cancer.org/cancer/risk-prevention/chemicals/antiperspirants-and-breast-cancer-risk.html,cancer.org,Antiperspirants and Breast Cancer Risk,2026-05-09 17:07:08,reliable,domain cancer.org rated 'high credibility' per MBFC,,,,,
aluminum,slanted,aluminum breast cancer,2,4,https://www.thelancet.com/article/S2352-3964(17)30233-5/fulltext,thelancet.com,Use of Underarm Cosmetic Products in Relation to Risk ...,2026-05-09 17:07:35,reliable,domain thelancet.com rated 'high credibility' per MBFC,,,,,
aluminum,slanted,aluminum breast cancer,3,4,https://www.medicalnewstoday.com/articles/does-deodorant-cause-cancer,medicalnewstoday.com,Does deodorant cause cancer? Aluminum info and more,2026-05-09 17:07:44,reliable,domain medicalnewstoday.com rated 'high credibility' per MBFC,,,,,
aluminum,slanted,aluminum breast cancer,3,10,https://www.researchgate.net/publication/387431032_The_Potential_Metalloestrogenic_Effect_of_Aluminum_on_Breast_Cancer_Risk_for_Antiperspirant_Users,researchgate.net,The Potential Metalloestrogenic Effect of Aluminum on ...,2026-05-09 17:07:45,reliable,domain researchgate.net rated 'high credibility' per MBFC,,,,,
mercury,slanted,mercury amalgam poisoning,3,10,https://www.researchgate.net/publication/235898880_Mercury_poisoning_from_dental_amalgam,researchgate.net,(PDF) Mercury poisoning from dental amalgam,2026-05-09 17:09:00,reliable,domain researchgate.net rated 'high credibility' per MBFC,,,,,
mercury,neutral,mercury in fish guidelines,2,6,https://www.webmd.com/diet/mercury-in-fish,webmd.com,What You Need to Know About Mercury in Fish and Shellfish,2026-05-09 17:20:04,reliable,domain webmd.com rated 'high credibility' per MBFC,,,,,
mercury,neutral,mercury in fish guidelines,3,4,https://www.researchgate.net/publication/276069255_Fish_consumption_recommendations_to_conform_to_current_advice_in_regard_to_mercury_intake,researchgate.net,(PDF) Fish consumption recommendations to conform to ...,2026-05-09 17:20:17,reliable,domain researchgate.net rated 'high credibility' per MBFC,,,,,
mercury,slanted,mercury seafood dangers,1,2,https://www.webmd.com/diet/mercury-in-fish,webmd.com,What You Need to Know About Mercury in Fish and Shellfish,2026-05-09 17:20:31,reliable,domain webmd.com rated 'high credibility' per MBFC,,,,,
mercury,slanted,mercury seafood dangers,3,4,https://www.who.int/news-room/fact-sheets/detail/mercury-and-health,who.int,Mercury,2026-05-09 17:21:08,reliable,domain who.int rated 'high credibility' per MBFC,,,,,
cloning,neutral,animal cloning research,1,5,https://www.researchgate.net/publication/388027304_AN_OVERVIEW_ON_ANIMAL_CLONING,researchgate.net,(PDF) AN OVERVIEW ON ANIMAL CLONING,2026-05-09 17:21:31,reliable,domain researchgate.net rated 'high credibility' per MBFC,,,,,
cloning,neutral,animal cloning research,1,7,https://www.nature.com/articles/s41598-022-15097-7,nature.com,Insights from one thousand cloned dogs | Scientific Reports,2026-05-09 17:21:33,reliable,domain nature.com rated 'high credibility' per MBFC,,,,,
cloning,slanted,cloning ethical concerns,1,1,https://www.britannica.com/science/cloning/Ethical-controversy,britannica.com,Cloning - Ethical Controversy,2026-05-09 17:22:33,reliable,domain britannica.com rated 'high credibility' per MBFC,,,,,
cloning,slanted,cloning ethical concerns,1,3,https://www.pnas.org/doi/10.1073/pnas.1501798112,pnas.org,"Cloning humans? Biological, ethical, and social ...",2026-05-09 17:22:34,reliable,domain pnas.org rated 'nan' per MBFC,,,,,
cloning,slanted,cloning ethical concerns,3,9,https://www.scientificamerican.com/article/the-ethical-consideration/,scientificamerican.com,The Ethical Considerations,2026-05-09 17:23:12,reliable,domain scientificamerican.com rated 'high credibility' per MBFC,,,,,
cloning,slanted,cloned meat risks,1,5,https://www.dw.com/en/is-meat-from-cloned-animals-dangerous/a-18701771,dw.com,Is clone meat dangerous?,2026-05-09 17:24:36,reliable,domain dw.com rated 'high credibility' per MBFC,,,,,
cloning,slanted,cloned meat risks,2,6,https://www.nature.com/articles/nbt1276,nature.com,Risk assessment of meat and milk from cloned animals,2026-05-09 17:24:57,reliable,domain nature.com rated 'high credibility' per MBFC,,,,,
cloning,slanted,cloned meat risks,2,8,https://www.researchgate.net/publication/276419191_Cloned_Meat_recent_data_regarding_its_safety_and_detection_Klonopoiemeno_kreas_prosphata_dedomena_schetika_me_ten_asphaleia_kai_ten_anichneuse_tou,researchgate.net,Cloned Meat: recent data regarding its safety and detection ...,2026-05-09 17:24:58,reliable,domain researchgate.net rated 'high credibility' per MBFC,,,,,
cloning,slanted,cloned meat risks,3,8,https://thestarphoenix.com/opinion/opinion-cloned-meat-is-coming-and-silence-not-science-is-the-problem,thestarphoenix.com,"Opinion: Cloned meat is coming, silence, not science, is ...",2026-05-09 17:25:11,reliable,domain thestarphoenix.com rated 'nan' per MBFC,,,,,
coal,slanted,coal pollution deaths,1,2,https://www.thelancet.com/journals/lanres/article/PIIS2213-2600(23)00488-5/fulltext,thelancet.com,Coal power plant pollution linked to deaths in the USA,2026-05-09 17:26:42,reliable,domain thelancet.com rated 'high credibility' per MBFC,,,,,
coal,slanted,coal pollution deaths,1,4,https://www.science.org/doi/10.1126/science.adf4915,science.org,Mortality risk from United States coal electricity generation,2026-05-09 17:26:45,reliable,domain science.org rated 'high credibility' per MBFC,,,,,
coal,slanted,coal pollution deaths,1,7,https://www.statista.com/statistics/494425/death-rate-worldwide-by-energy-source/?srsltid=AfmBOopvNphIqN4L94myojGEDuO4bwcE9d5-cR8Y0EPDh7kYqiUbynYc,statista.com,Global deaths per energy source,2026-05-09 17:26:46,reliable,domain statista.com rated 'high credibility' per MBFC,,,,,
coal,slanted,coal pollution deaths,2,2,https://ourworldindata.org/safest-sources-of-energy,ourworldindata.org,What are the safest and cleanest sources of energy?,2026-05-09 17:26:59,reliable,domain ourworldindata.org rated 'high credibility' per MBFC,,,,,
coal,slanted,coal pollution deaths,2,4,https://www.pnas.org/doi/10.1073/pnas.2017936118,pnas.org,The mortality impacts of current and planned coal-fired ...,2026-05-09 17:27:00,reliable,domain pnas.org rated 'nan' per MBFC,,,,,
coal,slanted,coal pollution deaths,2,5,https://www.scientificamerican.com/article/coal-power-kills-a-staggering-number-of-americans/,scientificamerican.com,Coal Power Kills a 'Staggering' Number of Americans,2026-05-09 17:27:00,reliable,domain scientificamerican.com rated 'high credibility' per MBFC,,,,,
coal,slanted,coal pollution deaths,2,9,https://www.who.int/news-room/fact-sheets/detail/household-air-pollution-and-health,who.int,Household air pollution,2026-05-09 17:27:01,reliable,domain who.int rated 'high credibility' per MBFC,,,,,
coal,slanted,coal pollution deaths,3,7,https://www.phillyvoice.com/pollution-coal-power-plants-deaths-new-study-6810/,phillyvoice.com,Pollution from coal power plants contributes to far more ...,2026-05-09 17:27:15,reliable,domain phillyvoice.com rated 'high credibility' per MBFC,,,,,
coal,neutral,carbon capture research,1,3,https://www.nature.com/subjects/carbon-capture-and-storage,nature.com,Carbon capture and storage - Latest research and news,2026-05-09 17:27:38,reliable,domain nature.com rated 'high credibility' per MBFC,,,,,
coal,neutral,carbon capture research,2,10,https://www.wri.org/insights/carbon-capture-technology,wri.org,"7 Things to Know About Carbon Capture, Utilization and ...",2026-05-09 17:28:06,reliable,domain wri.org rated 'high credibility' per MBFC,,,,,
coal,slanted,coal mining dangers,2,4,https://www.nature.com/articles/s41598-024-71004-2,nature.com,Research on coal mine safety risk evolution and key ...,2026-05-09 17:29:08,reliable,domain nature.com rated 'high credibility' per MBFC,,,,,
coal,slanted,coal mining dangers,2,5,https://www.britannica.com/science/coal-fossil-fuel/Problems-associated-with-the-use-of-coal,britannica.com,"Coal - Pollution, Emissions, Climate Change",2026-05-09 17:29:09,reliable,domain britannica.com rated 'high credibility' per MBFC,,,,,
coal,slanted,coal ash toxic waste,1,3,https://earthjustice.org/feature/coal-ash-map-sites-legacy-inactive-regulated,earthjustice.org,Where are Coal Ash Dump Sites?,2026-05-09 17:30:44,reliable,domain earthjustice.org rated 'high credibility' per MBFC,,,,,
coal,slanted,coal ash toxic waste,2,6,https://www.scientificamerican.com/article/coal-ash-is-more-radioactive-than-nuclear-waste/,scientificamerican.com,Coal Ash Is More Radioactive Than Nuclear Waste,2026-05-09 17:31:01,reliable,domain scientificamerican.com rated 'high credibility' per MBFC,,,,,
coal,slanted,coal ash toxic waste,2,7,https://earthjustice.org/feature/coal-ash-states,earthjustice.org,Coal Ash in the United States: Addressing Coal Plants' ...,2026-05-09 17:31:02,reliable,domain earthjustice.org rated 'high credibility' per MBFC,,,,,
coal,slanted,coal ash toxic waste,3,2,https://www.abc.net.au/news/2019-03-10/coal-ash-has-become-one-of-australias-biggest-waste-problems/10886866,abc.net.au,Coal ash has become one of Australia's biggest waste ...,2026-05-09 17:31:14,reliable,domain abc.net.au rated 'high credibility' per MBFC,,,,,
plastic,neutral,plastic recycling impact,1,2,https://www.nature.com/articles/s44296-024-00024-w,nature.com,Plastic recycling: A panacea or environmental pollution ...,2026-05-09 17:31:33,reliable,domain nature.com rated 'high credibility' per MBFC,,,,,
plastic,neutral,plastic recycling impact,1,3,https://www.unep.org/plastic-pollution,unep.org,Plastic Pollution,2026-05-09 17:31:39,reliable,domain unep.org rated 'high credibility' per MBFC,,,,,
plastic,neutral,plastic recycling impact,3,2,https://ourworldindata.org/plastic-pollution,ourworldindata.org,Plastic Pollution,2026-05-09 17:32:14,reliable,domain ourworldindata.org rated 'high credibility' per MBFC,,,,,
plastic,slanted,plastic recycling scam,3,2,https://www.euronews.com/2024/02/16/plastic-industry-knew-recycling-was-a-farce-for-decades-yet-deceived-the-public-report-rev,euronews.com,Plastic industry knew recycling was a farce for decades yet ...,2026-05-09 17:34:51,reliable,domain euronews.com rated 'high credibility' per MBFC,,,,,
plastic,slanted,plastic recycling scam,3,4,https://www.cbc.ca/documentaries/the-passionate-eye/recycling-was-a-lie-a-big-lie-to-sell-more-plastic-industry-experts-say-1.5735618,cbc.ca,"Recycling was a lie — a big lie — to sell more plastic, ...",2026-05-09 17:34:52,reliable,domain cbc.ca rated 'high credibility' per MBFC,,,,,
plastic,slanted,plastic recycling scam,3,5,https://www.propublica.org/article/delusion-advanced-chemical-plastic-recycling-pyrolysis,propublica.org,The Delusion of Advanced Plastic Recycling Using Pyrolysis,2026-05-09 17:34:52,reliable,domain propublica.org rated 'high credibility' per MBFC,,,,,
plastic,neutral,biodegradable plastics research,1,3,https://www.nature.com/articles/s44359-025-00142-1,nature.com,The role of biodegradable plastics in the global plastic future,2026-05-09 17:36:14,reliable,domain nature.com rated 'high credibility' per MBFC,,,,,
plastic,neutral,biodegradable plastics research,2,3,https://www.researchgate.net/publication/362390526_Sustainable_Biodegradable_Plastics_and_their_Applications_A_Mini_Review,researchgate.net,Sustainable Biodegradable Plastics and their Applications,2026-05-09 17:36:34,reliable,domain researchgate.net rated 'high credibility' per MBFC,,,,,
plastic,neutral,biodegradable plastics research,3,2,https://www.unep.org/plastic-pollution,unep.org,Plastic Pollution,2026-05-09 17:36:48,reliable,domain unep.org rated 'high credibility' per MBFC,,,,,
plastic,neutral,biodegradable plastics research,3,4,https://www.nature.com/articles/s44286-024-00127-0,nature.com,Environmental impacts of biodegradable microplastics,2026-05-09 17:36:48,reliable,domain nature.com rated 'high credibility' per MBFC,,,,,
plastic,neutral,biodegradable plastics research,3,9,https://www.nationalgeographic.com/science/article/bioplastic-biodegradable-compostable-plastic-pha,nationalgeographic.com,Biodegradable plastic exists—but it's not cheap,2026-05-09 17:36:50,reliable,domain nationalgeographic.com rated 'high credibility' per MBFC,,,,,
plastic,slanted,bioplastics environmental impact,1,3,https://www.nature.com/articles/s44296-026-00096-w,nature.com,"degradation pathways, chemical leaching, and life-cycle ...",2026-05-09 17:37:09,reliable,domain nature.com rated 'high credibility' per MBFC,,,,,
plastic,slanted,bioplastics environmental impact,2,8,https://www.researchgate.net/publication/390258183_Impact_of_Bioplastics_Towards_Sustainable_Environment,researchgate.net,Impact of Bioplastics Towards Sustainable Environment,2026-05-09 17:37:33,reliable,domain researchgate.net rated 'high credibility' per MBFC,,,,,
plastic,neutral,microplastics health research,2,2,https://www.nature.com/articles/s41591-024-03453-1,nature.com,Bioaccumulation of microplastics in decedent human brains,2026-05-09 17:38:36,reliable,domain nature.com rated 'high credibility' per MBFC,,,,,
plastic,neutral,microplastics health research,3,9,https://www.weforum.org/stories/2025/02/how-microplastics-get-into-the-food-chain/,weforum.org,Microplastics everywhere: Are we facing a new health crisis?,2026-05-09 17:38:53,reliable,domain weforum.org rated 'high credibility' per MBFC,,,,,
plastic,slanted,microplastics human toxicity,2,8,https://www.nationalgeographic.com/environment/article/microplastics-are-in-our-bodies-how-much-do-they-harm-us,nationalgeographic.com,Microplastics are in our bodies. How much do they harm us?,2026-05-09 17:39:25,reliable,domain nationalgeographic.com rated 'high credibility' per MBFC,,,,,
plastic,slanted,microplastics human toxicity,2,9,https://www.nature.com/articles/s41591-024-03453-1,nature.com,Bioaccumulation of microplastics in decedent human brains,2026-05-09 17:39:26,reliable,domain nature.com rated 'high credibility' per MBFC,,,,,
plastic,slanted,microplastics human toxicity,3,6,https://www.researchgate.net/publication/373053964_Potential_Health_Impact_of_Microplastics_A_Review_of_Environmental_Distribution_Human_Exposure_and_Toxic_Effects,researchgate.net,(PDF) Potential Health Impact of Microplastics: A Review ...,2026-05-09 17:39:38,reliable,domain researchgate.net rated 'high credibility' per MBFC,,,,,
wind_energy,slanted,wind turbine syndrome,1,3,https://skepticalscience.com/fact-brief-windsyndrome.html,skepticalscience.com,Is 'wind-turbine syndrome' a medically recognized diagnosis?,2026-05-09 17:41:19,reliable,domain skepticalscience.com rated 'nan' per MBFC,,,,,
wind_energy,slanted,wind turbine syndrome,1,9,https://www.researchgate.net/publication/265247204_Wind_Turbine_Syndrome_A_Report_on_a_Natural_Experiment,researchgate.net,Wind Turbine Syndrome: A Report on a Natural Experiment,2026-05-09 17:41:38,reliable,domain researchgate.net rated 'high credibility' per MBFC,,,,,
wind_energy,slanted,wind turbine syndrome,2,2,https://www.cambridge.org/core/blog/2013/01/22/wind-turbine-syndrome-fact-or-fiction/,cambridge.org,'Wind Turbine Syndrome': fact or fiction?,2026-05-09 17:41:49,reliable,domain cambridge.org rated 'nan' per MBFC,,,,,
wind_energy,slanted,wind turbine syndrome,3,3,https://www.jstor.org/stable/j.ctt1zrvhrt,jstor.org,Wind Turbine Syndrome: A Communicated Disease on ...,2026-05-09 17:42:04,reliable,domain jstor.org rated 'nan' per MBFC,,,,,
wind_energy,slanted,wind turbine syndrome,3,5,https://www.zmescience.com/science/news-science/wind-turbine-syndrome-myth/,zmescience.com,"Yet another study debunks ""wind turbine syndrome""",2026-05-09 17:42:05,reliable,domain zmescience.com rated 'high credibility' per MBFC,,,,,
wind_energy,neutral,offshore wind farm research,1,8,https://www.nature.com/articles/s41467-025-65105-3,nature.com,Increasing extreme winds challenge offshore wind energy ...,2026-05-09 17:42:49,reliable,domain nature.com rated 'high credibility' per MBFC,,,,,
wind_energy,neutral,offshore wind farm research,2,6,https://www.researchgate.net/publication/362593993_Reviewing_the_ecological_impacts_of_offshore_wind_farms,researchgate.net,Reviewing the ecological impacts of offshore wind farms,2026-05-09 17:43:03,reliable,domain researchgate.net rated 'high credibility' per MBFC,,,,,
wind_energy,neutral,offshore wind farm research,3,1,https://www.scientificamerican.com/article/offshore-wind-farm-in-china-becomes-a-haven-for-oysters-barnacles-and-more/,scientificamerican.com,Offshore Wind Farm in China Becomes a Haven for Oysters ...,2026-05-09 17:43:16,reliable,domain scientificamerican.com rated 'high credibility' per MBFC,,,,,
wind_energy,slanted,wind energy bird deaths,1,3,https://www.euronews.com/2026/04/11/two-new-studies-could-change-critics-opinions-about-how-many-birds-die-from-wind-turbines,euronews.com,How many birds die from wind turbines ...,2026-05-09 17:43:31,reliable,domain euronews.com rated 'high credibility' per MBFC,,,,,
wind_energy,slanted,wind energy bird deaths,1,5,https://www.nature.com/articles/s41598-025-03407-8,nature.com,Bird mortality at wind farms in a tropical desert,2026-05-09 17:43:33,reliable,domain nature.com rated 'high credibility' per MBFC,,,,,
wind_energy,slanted,wind energy bird deaths,1,8,https://www.statista.com/chart/15195/wind-turbines-are-not-killing-fields-for-birds/?srsltid=AfmBOooYNh_KuVPD2Ml9_K59l9v9aVIgUF5oSqEb4pJCVbBvYwyaL56L,statista.com,Chart: What Is Killing U.S. Birds?,2026-05-09 17:43:55,reliable,domain statista.com rated 'high credibility' per MBFC,,,,,
wind_energy,slanted,wind energy bird deaths,2,6,https://www.swissinfo.ch/eng/sci-tech/wildlife-impact_one-wind-turbine-kills-17-birds-a-year/42712780,swissinfo.ch,One wind turbine kills up to 29 birds a year,2026-05-09 17:44:10,reliable,domain swissinfo.ch rated 'nan' per MBFC,,,,,
wind_energy,slanted,wind energy bird deaths,3,8,https://www.nature.com/articles/s41598-023-46909-z,nature.com,Estimating mortality of small passerine birds colliding with ...,2026-05-09 17:44:25,reliable,domain nature.com rated 'high credibility' per MBFC,,,,,
wind_energy,neutral,wind power health effects,3,5,https://www.nature.com/articles/s41598-021-97107-8,nature.com,Effects of low-frequency noise from wind turbines on heart ...,2026-05-09 17:45:26,reliable,domain nature.com rated 'high credibility' per MBFC,,,,,
wind_energy,neutral,wind power health effects,3,9,https://www.researchgate.net/publication/395268603_A_Review_of_the_Health_Impacts_of_Wind_Turbine_Exposure,researchgate.net,A Review of the Health Impacts of Wind Turbine Exposure,2026-05-09 17:45:27,reliable,domain researchgate.net rated 'high credibility' per MBFC,,,,,
biodiesel,neutral,biodiesel environmental impact,1,9,https://www.pnas.org/doi/10.1073/pnas.0604600103,pnas.org,"Environmental, economic, and energetic costs and benefits ...",2026-05-09 17:47:02,reliable,domain pnas.org rated 'nan' per MBFC,,,,,
biodiesel,neutral,biodiesel environmental impact,2,7,https://www.researchgate.net/publication/336348409_ENVIRONMENTAL_IMPACTS_ASSESSMENT_OF_BIODIESEL_PRODUCTION_FROM_JATROPHA_AND_WASTE_COOKING_OIL_WCO,researchgate.net,environmental impacts assessment of biodiesel production ...,2026-05-09 17:47:16,reliable,domain researchgate.net rated 'high credibility' per MBFC,,,,,
biodiesel,slanted,biodiesel land use change,2,8,https://www.nature.com/articles/s41558-023-01711-7,nature.com,State of global land regulation inadequate to control biofuel ...,2026-05-09 17:48:10,reliable,domain nature.com rated 'high credibility' per MBFC,,,,,
biodiesel,slanted,biodiesel land use change,3,1,https://www.wri.org/insights/increased-biofuel-production-impacts-climate-change-farmers,wri.org,Increased Biofuel Production in the US Midwest May Harm ...,2026-05-09 17:48:22,reliable,domain wri.org rated 'high credibility' per MBFC,,,,,
biodiesel,slanted,biodiesel land use change,3,8,https://www.science.org/doi/10.1126/science.1151861,science.org,Use of U.S. Croplands for Biofuels Increases Greenhouse ...,2026-05-09 17:48:25,reliable,domain science.org rated 'high credibility' per MBFC,,,,,
biodiesel,neutral,algae biofuel research,1,6,https://www.americanscientist.org/article/making-biofuel-from-microalgae,americanscientist.org,Making Biofuel from Microalgae,2026-05-09 17:48:43,reliable,domain americanscientist.org rated 'high credibility' per MBFC,,,,,
biodiesel,neutral,algae biofuel research,2,6,https://www.researchgate.net/post/Which_are_the_most_promising_research_areas_on_Algal_biomass_towards_biofuels_and_bioproducts,researchgate.net,Which are the most promising research areas on 'Algal ...,2026-05-09 17:49:01,reliable,domain researchgate.net rated 'high credibility' per MBFC,,,,,
biodiesel,slanted,biofuel food vs fuel,3,10,https://www.researchgate.net/publication/250006946_Food_vs_fuel_-_A_turning_point_for_bioethanol,researchgate.net,Food vs. fuel — A turning point for bioethanol?,2026-05-09 17:50:20,reliable,domain researchgate.net rated 'high credibility' per MBFC,,,,,
artificial_intelligence,slanted,ai existential risk,1,6,https://www.nature.com/articles/d41586-026-01257-6,nature.com,AI doom warnings are getting louder. Are they realistic?,2026-05-09 17:51:28,reliable,domain nature.com rated 'high credibility' per MBFC,,,,,
artificial_intelligence,slanted,ai existential risk,2,4,https://www.pnas.org/doi/10.1073/pnas.2419055122,pnas.org,Existential risk narratives about AI do not distract from its ...,2026-05-09 17:51:53,reliable,domain pnas.org rated 'nan' per MBFC,,,,,
artificial_intelligence,slanted,ai existential risk,2,5,https://www.rand.org/pubs/research_reports/RRA3034-1.html,rand.org,On the Extinction Risk from Artificial Intelligence,2026-05-09 17:51:53,reliable,domain rand.org rated 'high credibility' per MBFC,,,,,
artificial_intelligence,neutral,ai alignment effects,3,3,https://www.nature.com/articles/s41599-025-04532-5,nature.com,Why human–AI relationships need socioaffective alignment,2026-05-09 17:53:04,reliable,domain nature.com rated 'high credibility' per MBFC,,,,,
artificial_intelligence,slanted,ai uncontrolled intelligence,1,4,https://www.cfr.org/articles/artificial-intelligence-is-facing-a-crisis-of-control-and-the-industry-knows-it,cfr.org,AI Is Facing a Crisis of Control—and the Industry Knows It,2026-05-09 17:53:19,reliable,domain cfr.org rated 'high credibility' per MBFC,,,,,
artificial_intelligence,slanted,ai uncontrolled intelligence,2,3,https://www.researchgate.net/post/Uncontrolled_development_of_AI_today_is_it_really_for_better_tomorrow_I_doubt_even_I_am_from_IT,researchgate.net,"Uncontrolled development of AI today, is it really for better ...",2026-05-09 17:53:36,reliable,domain researchgate.net rated 'high credibility' per MBFC,,,,,
artificial_intelligence,slanted,ai uncontrolled intelligence,3,6,https://www.eurekalert.org/news-releases/1032090,eurekalert.org,"There is no proof that AI can be controlled, according to ...",2026-05-09 17:53:51,reliable,domain eurekalert.org rated 'high credibility' per MBFC,,,,,
artificial_intelligence,neutral,ai ethics guidelines,2,2,https://www.nature.com/articles/s42256-019-0088-2,nature.com,The global landscape of AI ethics guidelines,2026-05-09 17:55:04,reliable,domain nature.com rated 'high credibility' per MBFC,,,,,
artificial_intelligence,neutral,ai ethics guidelines,2,3,https://www.poynter.org/ai-ethics-journalism/ai-ethics-guidelines/,poynter.org,AI ethics guidelines,2026-05-09 17:55:04,reliable,domain poynter.org rated 'high credibility' per MBFC,,,,,
artificial_intelligence,neutral,ai ethics guidelines,3,7,https://www.researchgate.net/publication/335579286_The_global_landscape_of_AI_ethics_guidelines,researchgate.net,The global landscape of AI ethics guidelines,2026-05-09 17:55:20,reliable,domain researchgate.net rated 'high credibility' per MBFC,,,,,
artificial_intelligence,slanted,ai bias dangers,2,5,https://fair.org/home/the-ai-mythos-if-we-can-destroy-the-world-imagine-what-we-can-do-for-your-hedge-fund/,fair.org,"The AI Mythos: If We Can Destroy the World, Imagine What We ...",2026-05-09 17:55:56,reliable,domain fair.org rated 'high credibility' per MBFC,,,,,
artificial_intelligence,slanted,ai bias dangers,2,7,https://www.nature.com/articles/s41599-023-02079-x,nature.com,Ethics and discrimination in artificial intelligence-enabled ...,2026-05-09 17:55:57,reliable,domain nature.com rated 'high credibility' per MBFC,,,,,
artificial_intelligence,slanted,ai bias dangers,3,3,https://www.researchgate.net/publication/390268084_The_dangers_of_algorithmic_bias_in_artificial_intelligence,researchgate.net,The Dangers Of Algorithmic Bias In Artificial Intelligence,2026-05-09 17:56:10,reliable,domain researchgate.net rated 'high credibility' per MBFC,,,,,
artificial_intelligence,slanted,ai bias dangers,3,8,https://www.weforum.org/stories/2018/09/the-biggest-risk-of-ai-youve-never-heard-of/,weforum.org,Bias in AI is a real problem. Here's what we should do ...,2026-05-09 17:56:11,reliable,domain weforum.org rated 'high credibility' per MBFC,,,,,
gene_drives,neutral,gene drive malaria control,1,1,https://www.nature.com/articles/s41434-024-00468-8,nature.com,Gene drives: an alternative approach to malaria control?,2026-05-09 17:56:33,reliable,domain nature.com rated 'high credibility' per MBFC,,,,,
gene_drives,neutral,gene drive malaria control,1,3,https://www.nature.com/articles/s41586-025-09685-6,nature.com,Gene-drive-capable mosquitoes suppress patient-derived ...,2026-05-09 17:56:35,reliable,domain nature.com rated 'high credibility' per MBFC,,,,,
gene_drives,neutral,gene drive malaria control,2,4,https://www.pnas.org/doi/10.1073/pnas.1521077112,pnas.org,Highly efficient Cas9-mediated gene drive for population ...,2026-05-09 17:56:55,reliable,domain pnas.org rated 'nan' per MBFC,,,,,
gene_drives,neutral,gene drive malaria control,2,5,https://www.science.org/content/article/controversial-gene-drive-strategy-could-make-mosquitoes-hostile-malaria-parasites,science.org,Controversial 'gene-drive' strategy could make mosquitoes ...,2026-05-09 17:56:55,reliable,domain science.org rated 'high credibility' per MBFC,,,,,
gene_drives,neutral,gene drive malaria control,3,3,https://www.who.int/news/item/19-05-2021-who-issues-new-guidance-for-research-on-genetically-modified-mosquitoes-to-fight-malaria-and-other-vector-borne-diseases,who.int,WHO issues new guidance for research on genetically ...,2026-05-09 17:57:10,reliable,domain who.int rated 'high credibility' per MBFC,,,,,
gene_drives,slanted,gene drive ecological risks,1,9,https://www.pnas.org/doi/10.1073/pnas.2512489122,pnas.org,"Gene drives, species complexes, and the risks of collateral ...",2026-05-09 17:57:35,reliable,domain pnas.org rated 'nan' per MBFC,,,,,
gene_drives,slanted,gene drive ecological risks,3,6,https://www.nature.com/articles/nature.2016.20053,nature.com,Fast-spreading genetic mutations pose ecological risk,2026-05-09 17:58:02,reliable,domain nature.com rated 'high credibility' per MBFC,,,,,
gene_drives,slanted,gene drive ecological risks,3,9,https://www.researchgate.net/publication/342006414_Gene_drives_benefits_risks_and_possible_applications,researchgate.net,"(PDF) Gene drives: benefits, risks, and possible applications",2026-05-09 17:58:03,reliable,domain researchgate.net rated 'high credibility' per MBFC,,,,,
gene_drives,neutral,crispr gene drive research,1,3,https://www.nature.com/articles/s41467-023-41834-1,nature.com,CRISPR-based gene drives generate super-Mendelian ...,2026-05-09 17:58:36,reliable,domain nature.com rated 'high credibility' per MBFC,,,,,
gene_drives,neutral,crispr gene drive research,1,4,https://www.the-scientist.com/crispr-gene-drives-and-the-future-of-evolution-71699,the-scientist.com,CRISPR Gene Drives and the Future of Evolution | The Scientist,2026-05-09 17:58:37,reliable,domain the-scientist.com rated 'high credibility' per MBFC,,,,,
gene_drives,neutral,crispr gene drive research,2,6,https://www.pnas.org/doi/10.1073/pnas.1514258112,pnas.org,Is CRISPR-based gene drive a biocontrol silver bullet or ...,2026-05-09 17:58:55,reliable,domain pnas.org rated 'nan' per MBFC,,,,,
gene_drives,neutral,crispr gene drive research,2,10,https://www.researchgate.net/post/What_are_the_effects_of_CRISPR_in_gene_drive,researchgate.net,What are the effects of CRISPR in gene drive?,2026-05-09 17:58:56,reliable,domain researchgate.net rated 'high credibility' per MBFC,,,,,
gene_drives,neutral,crispr gene drive research,3,4,https://www.nature.com/articles/s41576-021-00386-0,nature.com,Gene drives gaining speed | Nature Reviews Genetics,2026-05-09 17:59:08,reliable,domain nature.com rated 'high credibility' per MBFC,,,,,
gene_drives,neutral,crispr gene drive research,3,8,https://www.scientificamerican.com/article/controversial-crispr-gene-drives-tested-in-mammals-for-the-first-time/,scientificamerican.com,"Controversial CRISPR ""Gene Drives"" Tested in Mammals ...",2026-05-09 17:59:09,reliable,domain scientificamerican.com rated 'high credibility' per MBFC,,,,,
gene_drives,slanted,gene drive extinction threat,1,2,https://www.science.org/doi/10.1126/science.adv4045,science.org,Deliberate extinction by genome modification: An ethical ...,2026-05-09 17:59:27,reliable,domain science.org rated 'high credibility' per MBFC,,,,,
gene_drives,slanted,gene drive extinction threat,1,8,https://www.pnas.org/doi/10.1073/pnas.2512489122,pnas.org,"Gene drives, species complexes, and the risks of collateral ...",2026-05-09 17:59:30,reliable,domain pnas.org rated 'nan' per MBFC,,,,,
gene_drives,neutral,gene drive regulation,1,1,https://www.science.org/doi/10.1126/science.1254287,science.org,Regulating gene drives,2026-05-09 18:00:26,reliable,domain science.org rated 'high credibility' per MBFC,,,,,
gene_drives,slanted,selfish genetic elements danger,1,2,https://phys.org/news/2025-03-scientists-uncover-principles-underlying-toxicity.html,phys.org,Scientists uncover principles underlying the toxicity of ' ...,2026-05-09 18:01:23,reliable,domain phys.org rated 'high credibility' per MBFC,,,,,
gene_drives,slanted,selfish genetic elements danger,1,4,https://www.nature.com/articles/d41586-026-00970-6,nature.com,dissecting the body's battle to keep selfish genes in check,2026-05-09 18:01:24,reliable,domain nature.com rated 'high credibility' per MBFC,,,,,
gene_drives,slanted,selfish genetic elements danger,1,8,https://www.pnas.org/doi/abs/10.1073/pnas.1102343108,pnas.org,"Selfish genetic elements, genetic conflict, and evolutionary ...",2026-05-09 18:01:32,reliable,domain pnas.org rated 'nan' per MBFC,,,,,
gene_drives,slanted,selfish genetic elements danger,2,1,https://scitechdaily.com/selfish-genetic-elements-supergene-wreaks-havoc-in-a-genome/,scitechdaily.com,“Selfish Genetic Elements” – Supergene Wreaks Havoc in ...,2026-05-09 18:01:45,reliable,domain scitechdaily.com rated 'medium credibility' per MBFC,,,,,
gene_drives,slanted,selfish genetic elements danger,2,4,https://www.ctvnews.ca/health/article/how-dangerous-selfish-genes-succeed-according-to-new-research/,ctvnews.ca,"How dangerous 'selfish genes' succeed, according to new ...",2026-05-09 18:01:46,reliable,domain ctvnews.ca rated 'high credibility' per MBFC,,,,,
gene_drives,slanted,selfish genetic elements danger,3,3,https://www.researchgate.net/profile/Robert-Trivers/publication/37714243_Genes_in_Conflict/links/5c95217f45851506d724702d/Genes-in-Conflict.pdf,researchgate.net,Genes in conflict: the biology of selfish genetic elements,2026-05-09 18:02:01,reliable,domain researchgate.net rated 'high credibility' per MBFC,,,,,
gene_drives,slanted,selfish genetic elements danger,3,4,https://www.newscientist.com/article/2499225-selfish-sperm-see-older-fathers-pass-on-more-disease-causing-mutations/,newscientist.com,Selfish sperm see older fathers pass on more disease ...,2026-05-09 18:02:01,reliable,domain newscientist.com rated 'high credibility' per MBFC,,,,,
gene_drives,slanted,selfish genetic elements danger,3,6,https://www.eurekalert.org/news-releases/973931,eurekalert.org,How selfish genes succeed,2026-05-09 18:02:02,reliable,domain eurekalert.org rated 'high credibility' per MBFC,,,,,
gene_drives,slanted,selfish genetic elements danger,3,9,https://www.jstor.org/stable/j.ctvjhzrc6,jstor.org,Genes in Conflict: The Biology of Selfish Genetic Elements,2026-05-09 18:02:03,reliable,domain jstor.org rated 'nan' per MBFC,,,,,
synthetic_biology,neutral,synthetic biology facts,1,5,https://www.belfercenter.org/publication/technology-factsheet-synthetic-biology,belfercenter.org,Technology Factsheet: Synthetic Biology,2026-05-09 18:02:28,reliable,domain belfercenter.org rated 'high credibility' per MBFC,,,,,
synthetic_biology,neutral,synthetic biology facts,2,2,https://www.britannica.com/science/synthetic-biology,britannica.com,"Synthetic biology | DNA Engineering, Genetic Modification ...",2026-05-09 18:02:49,reliable,domain britannica.com rated 'high credibility' per MBFC,,,,,
synthetic_biology,neutral,synthetic biology facts,2,4,https://www.nature.com/articles/s41467-020-20122-2,nature.com,Synthetic biology 2020–2030: six commercially-available ...,2026-05-09 18:02:49,reliable,domain nature.com rated 'high credibility' per MBFC,,,,,
synthetic_biology,neutral,synthetic biology facts,3,6,https://www.sciencemediacentre.org/uploads/2013/04/Synthetic-biology.pdf,sciencemediacentre.org,Synthetic Biology,2026-05-09 18:03:05,reliable,domain sciencemediacentre.org rated 'nan' per MBFC,,,,,
synthetic_biology,neutral,synthetic biology facts,3,8,https://www.unep.org/news-and-stories/story/risks-and-potential-rewards-synthetic-biology,unep.org,Risks and potential rewards of synthetic biology,2026-05-09 18:03:06,reliable,domain unep.org rated 'high credibility' per MBFC,,,,,
synthetic_biology,slanted,synthetic biology bioweapons,1,3,https://www.rand.org/pubs/external_publications/EP70594.html,rand.org,The New Bioweapons: How Synthetic Biology Could ...,2026-05-09 18:03:18,reliable,domain rand.org rated 'high credibility' per MBFC,,,,,
synthetic_biology,slanted,synthetic biology bioweapons,1,4,https://carnegieendowment.org/russia-eurasia/research/2024/10/mitigating-risks-from-gene-editing-and-synthetic-biology-global-governance-priorities,carnegieendowment.org,Mitigating Risks from Gene Editing and Synthetic Biology,2026-05-09 18:03:19,reliable,domain carnegieendowment.org rated 'high credibility' per MBFC,,,,,
synthetic_biology,slanted,synthetic biology bioweapons,1,7,https://www.science.org/content/article/made-order-bioweapon-ai-designed-toxins-slip-through-safety-checks-used-companies,science.org,Made to order bioweapon? AI-designed toxins slip through ...,2026-05-09 18:03:21,reliable,domain science.org rated 'high credibility' per MBFC,,,,,
synthetic_biology,slanted,synthetic biology bioweapons,2,10,https://www.foreignaffairs.com/world/new-bioweapons-covid-biology,foreignaffairs.com,The New Bioweapons: How Synthetic Biology Could ...,2026-05-09 18:03:38,reliable,domain foreignaffairs.com rated 'high credibility' per MBFC,,,,,
synthetic_biology,slanted,synthetic biology bioweapons,3,8,https://www.researchgate.net/publication/263162191_Synthetic_Biology_and_Biosecurity_How_scared_should_we_be,researchgate.net,Synthetic Biology and Biosecurity: How scared should we ...,2026-05-09 18:03:51,reliable,domain researchgate.net rated 'high credibility' per MBFC,,,,,
synthetic_biology,slanted,synthetic biology bioweapons,3,9,https://thebulletin.org/2014/09/the-myths-and-realities-of-synthetic-bioweapons/,thebulletin.org,The myths (and realities) of synthetic bioweapons,2026-05-09 18:03:52,reliable,domain thebulletin.org rated 'high credibility' per MBFC,,,,,
synthetic_biology,neutral,genetic engineering research,1,1,https://www.nature.com/subjects/genetic-engineering,nature.com,Genetic engineering - Latest research and news,2026-05-09 18:04:12,reliable,domain nature.com rated 'high credibility' per MBFC,,,,,
synthetic_biology,neutral,genetic engineering research,2,1,https://www.genengnews.com/,genengnews.com,Genetic Engineering and Biotechnology News: GEN ...,2026-05-09 18:04:30,reliable,domain genengnews.com rated 'high credibility' per MBFC,,,,,
synthetic_biology,neutral,genetic engineering research,3,1,https://www.researchgate.net/topic/Genetic-Engineering/publications,researchgate.net,161753 PDFs | Review articles in GENETIC ENGINEERING,2026-05-09 18:04:44,reliable,domain researchgate.net rated 'high credibility' per MBFC,,,,,
synthetic_biology,neutral,genetic engineering research,3,7,https://www.britannica.com/science/genetic-engineering,britannica.com,"Genetic engineering | Definition, Process, Uses, Examples ...",2026-05-09 18:04:46,reliable,domain britannica.com rated 'high credibility' per MBFC,,,,,
synthetic_biology,slanted,designer babies ethics,1,7,https://www.scientificamerican.com/article/why-genetically-optimizing-embryos-is-misleading-unethical-and-not-even/,scientificamerican.com,The Myth of the Designer Baby—Why 'Genetic Optimization ...,2026-05-09 18:05:23,reliable,domain scientificamerican.com rated 'high credibility' per MBFC,,,,,
synthetic_biology,slanted,designer babies ethics,2,2,https://www.scientificamerican.com/article/why-genetically-optimizing-embryos-is-misleading-unethical-and-not-even/,scientificamerican.com,The Myth of the Designer Baby—Why 'Genetic Optimization ...,2026-05-09 18:05:36,reliable,domain scientificamerican.com rated 'high credibility' per MBFC,,,,,
synthetic_biology,slanted,designer babies ethics,2,7,https://www.abc.net.au/news/2025-09-22/ethics-of-gene-editing-designer-babies/105496228,abc.net.au,Gene editing is being sold on the promise of healthier babies,2026-05-09 18:05:38,reliable,domain abc.net.au rated 'high credibility' per MBFC,,,,,
synthetic_biology,slanted,designer babies ethics,3,5,https://www.researchgate.net/publication/381641271_Designer_Babies_are_No_Longer_Science_Fiction_What_are_The_Ethical_Considerations,researchgate.net,Designer Babies are No Longer Science Fiction,2026-05-09 18:05:50,reliable,domain researchgate.net rated 'high credibility' per MBFC,,,,,
synthetic_biology,slanted,garage biology risks,1,1,https://www.nature.com/scitable/blog/bio2.0/the_promises_demands_and_risks/,nature.com,"The Promises, Demands, and Risks of Garage Biology",2026-05-09 18:07:18,reliable,domain nature.com rated 'high credibility' per MBFC,,,,,
synthetic_biology,slanted,garage biology risks,1,3,https://www.science.org/content/blog-post/more-garage-biotech,science.org,More on Garage Biotech,2026-05-09 18:07:19,reliable,domain science.org rated 'high credibility' per MBFC,,,,,
synthetic_biology,slanted,garage biology risks,1,4,https://www.afr.com/companies/healthcare-and-fitness/the-garage-biohackers-who-manipulate-dna-20210921-p58tmn,afr.com,The garage biohackers who manipulate DNA,2026-05-09 18:07:20,reliable,domain afr.com rated 'high credibility' per MBFC,,,,,
synthetic_biology,slanted,garage biology risks,1,7,https://www.livescience.com/8701-genetic-science-oozes-amateurs-garages.html,livescience.com,Genetic Science Oozes Out of Amateurs' Garages,2026-05-09 18:07:21,reliable,domain livescience.com rated 'high credibility' per MBFC,,,,,
synthetic_biology,slanted,garage biology risks,1,10,https://www.nature.com/articles/467634a,nature.com,Garage biology,2026-05-09 18:07:28,reliable,domain nature.com rated 'high credibility' per MBFC,,,,,
synthetic_biology,slanted,garage biology risks,2,4,https://www.researchgate.net/publication/303699006_Do_It_Yourself_Biology-Committed_Hobbyists_or_Dangers_to_the_Public_Safety,researchgate.net,(PDF) Do It Yourself Biology-Committed Hobbyists or ...,2026-05-09 18:07:41,reliable,domain researchgate.net rated 'high credibility' per MBFC,,,,,
synthetic_biology,slanted,garage biology risks,2,10,https://www.dw.com/en/biohacking-genetic-engineering-from-your-garage/a-42030559,dw.com,Genetic engineering from your garage,2026-05-09 18:07:42,reliable,domain dw.com rated 'high credibility' per MBFC,,,,,
synthetic_biology,slanted,garage biology risks,3,2,https://www.jstor.org/stable/resrep24002,jstor.org,DO IT YOURSELF BIOLOGY,2026-05-09 18:07:53,reliable,domain jstor.org rated 'nan' per MBFC,,,,,
synthetic_biology,slanted,garage biology risks,3,7,https://www.newscientist.com/article/mg20126881-400-rise-of-the-garage-genome-hackers/,newscientist.com,Rise of the garage genome hackers,2026-05-09 18:07:55,reliable,domain newscientist.com rated 'high credibility' per MBFC,,,,,
nanotechnology,neutral,nanotechnology medical impact,1,4,https://www.who.int/europe/activities/addressing-the-impact-of-nanotechnology-on-health,who.int,Addressing the impact of nanotechnology on health,2026-05-09 18:08:19,reliable,domain who.int rated 'high credibility' per MBFC,,,,,
nanotechnology,neutral,nanotechnology medical impact,3,9,https://www.researchgate.net/publication/394642554_Nanotechnology_in_medicine_a_double-edged_sword_for_health_outcomes,researchgate.net,(PDF) Nanotechnology in medicine: a double-edged sword ...,2026-05-09 18:08:51,reliable,domain researchgate.net rated 'high credibility' per MBFC,,,,,
nanotechnology,slanted,nanoparticle toxicity,2,1,https://www.researchgate.net/post/I-would-like-advice-on-the-toxicity-and-hazards-of-nanoparticles,researchgate.net,I would like advice on the toxicity and hazards of ...,2026-05-09 18:09:31,reliable,domain researchgate.net rated 'high credibility' per MBFC,,,,,
nanotechnology,slanted,nanoparticle toxicity,3,10,https://www.nature.com/articles/s41591-024-03453-1,nature.com,Bioaccumulation of microplastics in decedent human brains,2026-05-09 18:09:49,reliable,domain nature.com rated 'high credibility' per MBFC,,,,,
nanotechnology,slanted,nanotech environmental impact,1,9,https://www.who.int/europe/activities/addressing-the-impact-of-nanotechnology-on-health,who.int,Addressing the impact of nanotechnology on health,2026-05-09 18:11:01,reliable,domain who.int rated 'high credibility' per MBFC,,,,,
nanotechnology,slanted,nanotech environmental impact,2,1,https://www.researchgate.net/post/What_are_the_environmental_risks_associated_with_using_nanotechnology_in_renewable_energy,researchgate.net,What are the environmental risks associated with using ...,2026-05-09 18:11:19,reliable,domain researchgate.net rated 'high credibility' per MBFC,,,,,
nanotechnology,slanted,nanotech environmental impact,3,2,https://www.treehugger.com/how-does-nanotechnology-impact-the-environment-5186947,treehugger.com,How Does Nanotechnology Impact the Environment?,2026-05-09 18:11:34,reliable,domain treehugger.com rated 'high credibility' per MBFC,,,,,
nanotechnology,neutral,carbon nanotube applications,2,4,https://www.science.org/doi/10.1126/science.1222453,science.org,Carbon Nanotubes: Present and Future Commercial ...,2026-05-09 18:12:39,reliable,domain science.org rated 'high credibility' per MBFC,,,,,
nanotechnology,neutral,carbon nanotube applications,3,6,https://www.researchgate.net/publication/274989660_Current_Trends_in_Carbon_Nanotubes_and_Their_Applications,researchgate.net,Current Trends in Carbon Nanotubes and Their Applications,2026-05-09 18:12:53,reliable,domain researchgate.net rated 'high credibility' per MBFC,,,,,
nanotechnology,slanted,nanoparticle lung disease,1,8,https://www.newscientist.com/article/2416072-inhalable-nanoparticles-could-help-treat-chronic-lung-disease/,newscientist.com,Inhalable nanoparticles could help treat chronic lung disease,2026-05-09 18:13:11,reliable,domain newscientist.com rated 'high credibility' per MBFC,,,,,
nanotechnology,slanted,nanoparticle lung disease,1,10,https://medicalxpress.com/news/2021-06-nanoparticle-therapy-fatal-newborn-lung.html,medicalxpress.com,Nanoparticle therapy shows promise at preventing fatal ...,2026-05-09 18:13:13,reliable,domain medicalxpress.com rated 'high credibility' per MBFC,,,,,
nanotechnology,slanted,nanoparticle lung disease,2,1,https://www.pnas.org/doi/10.1073/pnas.2406654121,pnas.org,Lung-specific supramolecular nanoparticles for efficient ...,2026-05-09 18:13:24,reliable,domain pnas.org rated 'nan' per MBFC,,,,,
nanotechnology,slanted,nanoparticle lung disease,2,3,https://www.nature.com/articles/s41467-025-61688-z,nature.com,Boosting RNA nanotherapeutics with V-ATPase activating ...,2026-05-09 18:13:25,reliable,domain nature.com rated 'high credibility' per MBFC,,,,,
nanotechnology,slanted,nanoparticle lung disease,3,4,https://www.researchgate.net/figure/Effects-of-various-nanoparticles-on-lung-fibrosis-lung-infection-and-noxious_tbl1_372495787,researchgate.net,"Effects of various nanoparticles on lung fibrosis, ...",2026-05-09 18:13:41,reliable,domain researchgate.net rated 'high credibility' per MBFC,,,,,
quantum_computing,neutral,quantum computing cryptography,2,7,https://www.researchgate.net/publication/377845746_Quantum_Computing_in_Cryptography,researchgate.net,(PDF) Quantum Computing in Cryptography,2026-05-09 18:14:37,reliable,domain researchgate.net rated 'high credibility' per MBFC,,,,,
quantum_computing,slanted,quantum computer security risks,1,7,https://www.nature.com/articles/d41586-026-01054-1,nature.com,'It's a real shock': quantum-computing breakthroughs pose ...,2026-05-09 18:15:17,reliable,domain nature.com rated 'high credibility' per MBFC,,,,,
quantum_computing,slanted,quantum computer security risks,2,6,https://www.weforum.org/stories/2026/02/quantum-security-question-leaders-cannot-ignore/,weforum.org,Why quantum security is a question leaders cannot ignore,2026-05-09 18:15:44,reliable,domain weforum.org rated 'high credibility' per MBFC,,,,,
quantum_computing,slanted,quantum computer security risks,2,10,https://www.americanscientist.org/article/is-quantum-computing-a-cybersecurity-threat,americanscientist.org,Is Quantum Computing a Cybersecurity Threat?,2026-05-09 18:15:45,reliable,domain americanscientist.org rated 'high credibility' per MBFC,,,,,
quantum_computing,slanted,quantum computer security risks,3,7,https://www.barrons.com/articles/quantum-computing-stocks-risks-rewards-opportunity-8dd2b24f,barrons.com,Quantum's Risks Are Overstated—and the Investment ...,2026-05-09 18:15:58,reliable,domain barrons.com rated 'high credibility' per MBFC,,,,,
quantum_computing,neutral,quantum supremacy research,1,1,https://www.nature.com/articles/s41586-019-1666-5,nature.com,Quantum supremacy using a programmable ...,2026-05-09 18:16:16,reliable,domain nature.com rated 'high credibility' per MBFC,,,,,
quantum_computing,neutral,quantum supremacy research,1,6,https://www.popularmechanics.com/science/a68068223/quantum-supremacy-breakthrough/,popularmechanics.com,Scientists Say We've Finally Reached Quantum Supremacy,2026-05-09 18:16:19,reliable,domain popularmechanics.com rated 'nan' per MBFC,,,,,
quantum_computing,neutral,quantum supremacy research,2,2,https://www.newscientist.com/article/2496944-quantum-computers-have-finally-achieved-unconditional-supremacy/,newscientist.com,Quantum computers have finally achieved unconditional ...,2026-05-09 18:16:48,reliable,domain newscientist.com rated 'high credibility' per MBFC,,,,,
quantum_computing,neutral,quantum supremacy research,2,5,https://www.researchgate.net/publication/384056737_Harnessing_Quantum_Supremacy_A_Global_Perspective_on_Computational_Paradigms,researchgate.net,Harnessing Quantum Supremacy: A Global Perspective on ...,2026-05-09 18:16:49,reliable,domain researchgate.net rated 'high credibility' per MBFC,,,,,
quantum_computing,neutral,quantum supremacy research,2,7,https://www.science.org/content/article/ibm-casts-doubt-googles-claims-quantum-supremacy,science.org,IBM casts doubt on Google's claims of quantum supremacy,2026-05-09 18:16:49,reliable,domain science.org rated 'high credibility' per MBFC,,,,,
quantum_computing,neutral,quantum supremacy research,3,8,https://www.nature.com/articles/d41586-019-03227-7,nature.com,Podcast: Quantum supremacy and ancient mammals,2026-05-09 18:17:03,reliable,domain nature.com rated 'high credibility' per MBFC,,,,,
quantum_computing,slanted,quantum decryption threats,2,7,https://www.researchgate.net/publication/391672226_Quantum_computing_threats_to_cybersecurity_protocols,researchgate.net,(PDF) Quantum computing threats to cybersecurity protocols,2026-05-09 18:17:52,reliable,domain researchgate.net rated 'high credibility' per MBFC,,,,,
quantum_computing,slanted,quantum decryption threats,3,1,https://www.weforum.org/stories/2026/02/quantum-security-question-leaders-cannot-ignore/,weforum.org,Why quantum security is a question leaders cannot ignore,2026-05-09 18:18:04,reliable,domain weforum.org rated 'high credibility' per MBFC,,,,,
quantum_computing,slanted,quantum decryption threats,3,2,https://www.researchgate.net/publication/391672226_Quantum_computing_threats_to_cybersecurity_protocols,researchgate.net,(PDF) Quantum computing threats to cybersecurity protocols,2026-05-09 18:18:04,reliable,domain researchgate.net rated 'high credibility' per MBFC,,,,,
quantum_computing,neutral,quantum ai research,1,6,https://www.nature.com/articles/s41467-025-65836-3,nature.com,Artificial intelligence for quantum computing,2026-05-09 18:18:29,reliable,domain nature.com rated 'high credibility' per MBFC,,,,,
quantum_computing,neutral,quantum ai research,1,7,https://www.sciencedaily.com/releases/2026/04/260417224455.htm,sciencedaily.com,Quantum AI just got shockingly good at predicting chaos,2026-05-09 18:18:33,reliable,domain sciencedaily.com rated 'high credibility' per MBFC,,,,,
quantum_computing,neutral,quantum ai research,3,8,https://www.researchgate.net/post/The_rise_of_Quantum_computing_is_transforming_the_world_of_computation_and_the_AI_How_will_the_Quantum_Computing_impact_Internet_and_Data_Centers,researchgate.net,The rise of Quantum computing is transforming the world ...,2026-05-09 18:19:03,reliable,domain researchgate.net rated 'high credibility' per MBFC,,,,,
quantum_computing,slanted,quantum computing dangers,1,3,https://www.barrons.com/articles/quantum-computing-stocks-risks-rewards-opportunity-8dd2b24f,barrons.com,Quantum's Risks Are Overstated—and the Investment ...,2026-05-09 18:19:23,reliable,domain barrons.com rated 'high credibility' per MBFC,,,,,
quantum_computing,slanted,quantum computing dangers,2,5,https://www.nature.com/articles/d41586-026-01054-1,nature.com,'It's a real shock': quantum-computing breakthroughs pose ...,2026-05-09 18:20:02,reliable,domain nature.com rated 'high credibility' per MBFC,,,,,
quantum_computing,slanted,quantum computing dangers,2,8,https://www.euronews.com/next/2026/03/27/a-new-era-of-quantum-computing-may-pose-threats-closer-than-we-think-google-warns,euronews.com,A new era of quantum computing may pose threats closer ...,2026-05-09 18:20:03,reliable,domain euronews.com rated 'high credibility' per MBFC,,,,,
quantum_computing,slanted,quantum computing dangers,3,3,https://www.wired.com/story/q-day-apocalypse-quantum-computers-encryption/,wired.com,The Quantum Apocalypse Is Coming. Be Very Afraid,2026-05-09 18:20:16,reliable,domain wired.com rated 'high credibility' per MBFC,,,,,
lab_grown_meat,slanted,lab meat health risks,2,6,https://www.webmd.com/diet/cultured-meat-what-to-know,webmd.com,Cultured Meat: What to Know,2026-05-09 18:22:10,reliable,domain webmd.com rated 'high credibility' per MBFC,,,,,
lab_grown_meat,slanted,lab meat health risks,2,7,https://www.researchgate.net/post/Is_it_hygienic_or_healthy_to_consume_laboratory_grown_meat,researchgate.net,Is it hygienic or healthy to consume laboratory grown meat?,2026-05-09 18:22:10,reliable,domain researchgate.net rated 'high credibility' per MBFC,,,,,
lab_grown_meat,slanted,lab meat health risks,3,1,https://www.popsci.com/health/is-lab-grown-meat-safe/,popsci.com,Is 'lab-grown' meat actually safe?,2026-05-09 18:22:23,reliable,domain popsci.com rated 'nan' per MBFC,,,,,
lab_grown_meat,neutral,cellular agriculture research,1,6,https://www.nature.com/articles/s42003-025-07976-2,nature.com,futures for cellular agriculture science in an uncertain world,2026-05-09 18:22:43,reliable,domain nature.com rated 'high credibility' per MBFC,,,,,
lab_grown_meat,neutral,cellular agriculture research,3,6,https://www.researchgate.net/publication/353074883_Cellular_Agriculture_Research_Progress_and_Prospects_Insights_from_Bibliometric_Analysis,researchgate.net,(PDF) Cellular Agriculture Research Progress and Prospects,2026-05-09 18:23:12,reliable,domain researchgate.net rated 'high credibility' per MBFC,,,,,
lab_grown_meat,neutral,cellular agriculture research,3,10,https://www.nature.com/collections/chhdggaffd,nature.com,Cellular agriculture of alternative protein sources,2026-05-09 18:23:14,reliable,domain nature.com rated 'high credibility' per MBFC,,,,,
lab_grown_meat,slanted,test tube meat dangers,2,9,https://www.researchgate.net/post/Is_it_hygienic_or_healthy_to_consume_laboratory_grown_meat,researchgate.net,Is it hygienic or healthy to consume laboratory grown meat?,2026-05-09 18:24:00,reliable,domain researchgate.net rated 'high credibility' per MBFC,,,,,
lab_grown_meat,slanted,test tube meat dangers,3,6,https://www.popsci.com/health/is-lab-grown-meat-safe/,popsci.com,Is 'lab-grown' meat actually safe?,2026-05-09 18:24:12,reliable,domain popsci.com rated 'nan' per MBFC,,,,,
lab_grown_meat,slanted,test tube meat dangers,3,7,https://www.sciencefocus.com/science/what-is-lab-grown-meat-a-scientist-explains-the-taste-production-and-safety-of-artificial-foods,sciencefocus.com,"What is lab-grown meat? How it's made, environmental ...",2026-05-09 18:24:13,reliable,domain sciencefocus.com rated 'high credibility' per MBFC,,,,,
lab_grown_meat,neutral,clean meat environmental impact,1,2,https://www.technologyreview.com/2023/07/03/1075809/lab-grown-meat-climate-change/,technologyreview.com,Here's what we know about lab-grown meat and climate ...,2026-05-09 18:24:32,reliable,domain technologyreview.com rated 'high credibility' per MBFC,,,,,
lab_grown_meat,neutral,clean meat environmental impact,2,4,https://www.un.org/en/climatechange/science/climate-issues/food,un.org,Food and Climate Change: Healthy diets for a healthier ...,2026-05-09 18:24:56,reliable,domain un.org rated 'high credibility' per MBFC,,,,,
lab_grown_meat,neutral,clean meat environmental impact,3,10,https://www.unep.org/news-and-stories/press-release/novel-meat-and-dairy-alternatives-could-help-curb-climate-harming,unep.org,Novel meat and dairy alternatives could help curb climate ...,2026-05-09 18:25:12,reliable,domain unep.org rated 'high credibility' per MBFC,,,,,
lab_grown_meat,slanted,fake meat processing risks,2,8,https://www.eurekalert.org/news-releases/1126893,eurekalert.org,New research finds that almost all plant-based meat ...,2026-05-09 18:25:51,reliable,domain eurekalert.org rated 'high credibility' per MBFC,,,,,
lab_grown_meat,slanted,fake meat processing risks,2,9,https://www.scientificamerican.com/article/what-a-study-on-ultraprocessed-fake-meat-and-heart-disease-really-found/,scientificamerican.com,Are Plant-Based Ultraprocessed Foods Linked to Heart ...,2026-05-09 18:25:52,reliable,domain scientificamerican.com rated 'high credibility' per MBFC,,,,,
lab_grown_meat,slanted,fake meat processing risks,3,8,https://www.nature.com/articles/s41538-023-00189-z,nature.com,Meat food fraud risk in Chinese markets 2012–2021,2026-05-09 18:26:06,reliable,domain nature.com rated 'high credibility' per MBFC,,,,,
3d_printing,neutral,3d printed organs facts,2,5,https://www.researchgate.net/publication/337166178_3D_Printed_Organs_The_Future_of_Regenerative_Medicine,researchgate.net,3D Printed Organs: The Future of Regenerative Medicine,2026-05-09 18:26:59,reliable,domain researchgate.net rated 'high credibility' per MBFC,,,,,
3d_printing,neutral,3d printed organs facts,3,9,https://www.howtogeek.com/what-happened-to-3d-printed-organs/,howtogeek.com,What Happened to 3D-Printed Organs?,2026-05-09 18:27:14,reliable,domain howtogeek.com rated 'high credibility' per MBFC,,,,,
3d_printing,slanted,3d printing bioprinting risks,2,9,https://www.researchgate.net/publication/353956682_Toxicity_risks_of_occupational_exposure_in_3D_printing_and_bioprinting_industries_A_systematic_review,researchgate.net,Toxicity risks of occupational exposure in 3D printing and ...,2026-05-09 18:29:03,reliable,domain researchgate.net rated 'high credibility' per MBFC,,,,,
3d_printing,slanted,3d printing bioprinting risks,3,1,https://www.researchgate.net/publication/353956682_Toxicity_risks_of_occupational_exposure_in_3D_printing_and_bioprinting_industries_A_systematic_review,researchgate.net,Toxicity risks of occupational exposure in 3D printing and ...,2026-05-09 18:29:15,reliable,domain researchgate.net rated 'high credibility' per MBFC,,,,,
3d_printing,slanted,3d printing bioprinting risks,3,10,https://www.cambridge.org/core/journals/european-journal-of-risk-regulation/article/3d-bioprinting-regulations-a-ukeu-perspective/ADC91ED03B04BDA7FBDF06BBCE5CD2B2,cambridge.org,3D Bioprinting Regulations: a UK/EU Perspective,2026-05-09 18:29:18,reliable,domain cambridge.org rated 'nan' per MBFC,,,,,
3d_printing,neutral,additive manufacturing research,2,3,https://www.researchgate.net/publication/257690902_Additive_manufacturing_Technology_applications_and_research_needs,researchgate.net,"(PDF) Additive manufacturing: Technology, applications ...",2026-05-09 18:29:50,reliable,domain researchgate.net rated 'high credibility' per MBFC,,,,,
3d_printing,neutral,additive manufacturing research,2,4,https://www.nature.com/collections/cbghfjhjah,nature.com,Additive manufacturing,2026-05-09 18:29:50,reliable,domain nature.com rated 'high credibility' per MBFC,,,,,
3d_printing,slanted,3d printed gun dangers,3,5,https://www.abc.net.au/news/2024-11-04/3d-printed-guns-rising-australia-semi-automatic/104538082,abc.net.au,"3D-printed guns on rise in Australia, with seizures of lethal ...",2026-05-09 18:30:54,reliable,domain abc.net.au rated 'high credibility' per MBFC,,,,,
3d_printing,slanted,3d printing toxic emissions,2,5,https://www.nature.com/articles/s41370-025-00778-y,nature.com,Review of volatile organic compound (VOC) emissions ...,2026-05-09 18:33:00,reliable,domain nature.com rated 'high credibility' per MBFC,,,,,
autonomous_vehicles,slanted,autonomous vehicle accidents,1,6,https://www.nature.com/articles/s41467-024-48526-4,nature.com,A matched case-control analysis of autonomous vs human- ...,2026-05-09 18:34:43,reliable,domain nature.com rated 'high credibility' per MBFC,,,,,
autonomous_vehicles,slanted,autonomous vehicle accidents,2,5,https://www.statista.com/chart/32985/collisions-crashes-per-motor-vehicle-vehicle-miles-traveled-by-type-of-vehicle/?srsltid=AfmBOorlovUCezNfn8hFFkCxLNoOx43mbMZOmaTMrrxcTDwJAuav7F8d,statista.com,Chart: The State of Autonomous Vehicle Safety,2026-05-09 18:34:57,reliable,domain statista.com rated 'high credibility' per MBFC,,,,,
autonomous_vehicles,slanted,autonomous vehicle accidents,2,9,https://www.researchgate.net/publication/374947350_Autonomous_vehicles_and_traffic_accidents,researchgate.net,(PDF) Autonomous vehicles and traffic accidents,2026-05-09 18:34:58,reliable,domain researchgate.net rated 'high credibility' per MBFC,,,,,
autonomous_vehicles,neutral,ai driving research,1,2,https://www.researchgate.net/publication/378664617_Autonomous_Driving_System_Driven_by_Artificial_Intelligence_Perception_Fusion,researchgate.net,(PDF) Autonomous Driving System Driven by Artificial ...,2026-05-09 18:37:21,reliable,domain researchgate.net rated 'high credibility' per MBFC,,,,,
autonomous_vehicles,neutral,ai driving research,1,3,https://www.weforum.org/stories/2025/08/how-ai-and-automation-are-changing-our-driving-experience/,weforum.org,How AI and automation are changing our driving experience,2026-05-09 18:37:22,reliable,domain weforum.org rated 'high credibility' per MBFC,,,,,
autonomous_vehicles,slanted,driverless car hacking risks,3,3,https://www.researchgate.net/post/How-threatening-is-the-potential-for-someone-to-hack-into-a-driverless-car,researchgate.net,How threatening is the potential for someone to hack into ...,2026-05-09 18:38:53,reliable,domain researchgate.net rated 'high credibility' per MBFC,,,,,
cryptocurrency,slanted,cryptocurrency environmental damage,1,2,https://www.amnesty.org/en/donate-crypto/crypto-environmental-impact/,amnesty.org,Cryptocurrencies Environmental Impact,2026-05-09 18:40:14,reliable,domain amnesty.org rated 'high credibility' per MBFC,,,,,
cryptocurrency,slanted,cryptocurrency environmental damage,1,3,https://www.investopedia.com/tech/whats-environmental-impact-cryptocurrency/,investopedia.com,What's the Environmental Impact of Cryptocurrency?,2026-05-09 18:40:20,reliable,domain investopedia.com rated 'high credibility' per MBFC,,,,,
cryptocurrency,slanted,cryptocurrency environmental damage,1,7,https://www.nature.com/articles/s41598-025-92314-z,nature.com,Evaluating the environmental effects of bitcoin mining on ...,2026-05-09 18:40:23,reliable,domain nature.com rated 'high credibility' per MBFC,,,,,
cryptocurrency,slanted,cryptocurrency environmental damage,2,2,https://www.researchgate.net/publication/378883173_ENVIRONMENTAL_IMPACT_OF_CRYPTOCURRENCY_MINING_SUSTAINABILITY_CHALLENGES_AND_SOLUTIONS,researchgate.net,environmental impact of cryptocurrency mining,2026-05-09 18:42:15,reliable,domain researchgate.net rated 'high credibility' per MBFC,,,,,
cryptocurrency,slanted,cryptocurrency environmental damage,2,4,https://www.britannica.com/money/cryptocurrency-environmental-impact,britannica.com,"Bitcoin, Crypto, and the Environment | ESG Investing Insights",2026-05-09 18:42:16,reliable,domain britannica.com rated 'high credibility' per MBFC,,,,,
cryptocurrency,slanted,cryptocurrency environmental damage,3,3,https://earthjustice.org/feature/cryptocurrency-mining-environmental-impacts,earthjustice.org,The Environmental Impacts of Cryptomining,2026-05-09 18:42:25,reliable,domain earthjustice.org rated 'high credibility' per MBFC,,,,,
cryptocurrency,neutral,crypto mining energy use,1,8,https://www.nature.com/articles/s41598-025-92314-z,nature.com,Evaluating the environmental effects of bitcoin mining on ...,2026-05-09 18:42:53,reliable,domain nature.com rated 'high credibility' per MBFC,,,,,
cryptocurrency,neutral,crypto mining energy use,2,6,https://www.statista.com/statistics/881472/worldwide-bitcoin-energy-consumption/?srsltid=AfmBOooFwK1jdY6gWlCX2zAvXx1x1rnTs9HhBIh6UJexw-Di322zsfA5,statista.com,Bitcoin energy consumption 2025,2026-05-09 18:43:07,reliable,domain statista.com rated 'high credibility' per MBFC,,,,,
cryptocurrency,neutral,crypto mining energy use,2,7,https://www.iea.org/commentaries/bitcoin-energy-use-mined-the-gap,iea.org,Bitcoin energy use - mined the gap – Analysis,2026-05-09 18:43:07,reliable,domain iea.org rated 'high credibility' per MBFC,,,,,
cryptocurrency,neutral,crypto mining energy use,3,1,https://earthjustice.org/feature/cryptocurrency-mining-environmental-impacts,earthjustice.org,The Environmental Impacts of Cryptomining,2026-05-09 18:43:14,reliable,domain earthjustice.org rated 'high credibility' per MBFC,,,,,
cryptocurrency,slanted,bitcoin carbon footprint,2,4,https://www.nature.com/articles/s41598-025-92314-z,nature.com,Evaluating the environmental effects of bitcoin mining on ...,2026-05-09 18:43:49,reliable,domain nature.com rated 'high credibility' per MBFC,,,,,
cryptocurrency,slanted,bitcoin carbon footprint,2,5,https://www.nber.org/system/files/working_papers/w31745/w31745.pdf,nber.org,Bitcoin and Carbon Dioxide Emissions: Evidence from ...,2026-05-09 18:43:50,reliable,domain nber.org rated 'high credibility' per MBFC,,,,,
cryptocurrency,slanted,bitcoin carbon footprint,2,7,https://www.britannica.com/money/cryptocurrency-environmental-impact,britannica.com,"Bitcoin, Crypto, and the Environment | ESG Investing Insights",2026-05-09 18:43:50,reliable,domain britannica.com rated 'high credibility' per MBFC,,,,,
cryptocurrency,slanted,bitcoin carbon footprint,3,6,https://www.researchgate.net/publication/358861058_Revisiting_Bitcoin's_carbon_footprint,researchgate.net,(PDF) Revisiting Bitcoin's carbon footprint,2026-05-09 18:43:58,reliable,domain researchgate.net rated 'high credibility' per MBFC,,,,,
cryptocurrency,neutral,cryptocurrency financial inclusion,1,6,https://www.weforum.org/stories/2021/06/cryptocurrencies-financial-inclusion-help-shape-it/,weforum.org,How cryptocurrencies can enable global financial inclusion,2026-05-09 18:44:20,reliable,domain weforum.org rated 'high credibility' per MBFC,,,,,
cryptocurrency,neutral,cryptocurrency financial inclusion,3,1,https://www.weforum.org/stories/2021/06/cryptocurrencies-financial-inclusion-help-shape-it/,weforum.org,How cryptocurrencies can enable global financial inclusion,2026-05-09 18:44:44,reliable,domain weforum.org rated 'high credibility' per MBFC,,,,,
blockchain,neutral,blockchain supply chain ,1,6,https://hbr.org/2020/05/building-a-transparent-supply-chain,hbr.org,Building a Transparent Supply Chain,2026-05-09 18:45:53,reliable,domain hbr.org rated 'high credibility' per MBFC,,,,,
blockchain,neutral,blockchain supply chain ,3,7,https://www.weforum.org/stories/2024/08/blockchain-food-supply-chain/,weforum.org,From source to stomach: How blockchain tracks food ...,2026-05-09 18:46:18,reliable,domain weforum.org rated 'high credibility' per MBFC,,,,,
blockchain,slanted,blockchain energy consumption,1,1,https://www.nature.com/articles/s41598-024-77792-x,nature.com,Blockchain-based energy consumption approaches in IoT,2026-05-09 18:46:31,reliable,domain nature.com rated 'high credibility' per MBFC,,,,,
blockchain,slanted,blockchain energy consumption,3,3,https://www.iea.org/events/blockchain-applications-an-energy-perspective,iea.org,Blockchain applications: an energy perspective - Event,2026-05-09 18:47:10,reliable,domain iea.org rated 'high credibility' per MBFC,,,,,
blockchain,slanted,blockchain energy consumption,3,6,https://www.statista.com/statistics/881472/worldwide-bitcoin-energy-consumption/?srsltid=AfmBOorQKzwcnHpKRgyz2b-YLVZALfl7nv2nyCqyFprcEspui4qnePVW,statista.com,Bitcoin energy consumption 2025,2026-05-09 18:47:11,reliable,domain statista.com rated 'high credibility' per MBFC,,,,,
blockchain,slanted,blockchain vulnerabilities,3,5,https://www.researchgate.net/publication/338071716_Review_of_Blockchain_Technology_Vulnerabilities_and_Blockchain-System_Attacks,researchgate.net,Review of Blockchain Technology Vulnerabilities and ...,2026-05-09 18:48:46,reliable,domain researchgate.net rated 'high credibility' per MBFC,,,,,
blockchain,neutral,decentralized finance research,1,3,https://www.researchgate.net/publication/357776852_DeFi_Decentralized_Finance_-_An_Introduction_and_Overview,researchgate.net,DeFi: Decentralized Finance - An Introduction and Overview,2026-05-09 18:49:06,reliable,domain researchgate.net rated 'high credibility' per MBFC,,,,,
blockchain,neutral,decentralized finance research,2,4,https://www.investopedia.com/decentralized-finance-defi-5113835,investopedia.com,Understanding Decentralized Finance (DeFi): Basics and ...,2026-05-09 18:49:17,reliable,domain investopedia.com rated 'high credibility' per MBFC,,,,,
blockchain,neutral,decentralized finance research,3,6,https://www.ft.com/content/eab9406a-823a-49f5-9722-ae7735f0e00c?syn-25a6b1a6=1,ft.com,Crypto's 'decentralised finance' sector hit by investor ...,2026-05-09 18:49:27,reliable,domain ft.com rated 'high credibility' per MBFC,,,,,
blockchain,neutral,decentralized finance research,3,10,https://www.nber.org/papers/w30006,nber.org,Cryptocurrencies and Decentralized Finance (DeFi),2026-05-09 18:49:28,reliable,domain nber.org rated 'high credibility' per MBFC,,,,,
blockchain,slanted,defi hacking risks,3,4,https://www.ft.com/content/eab9406a-823a-49f5-9722-ae7735f0e00c?syn-25a6b1a6=1,ft.com,Crypto's 'decentralised finance' sector hit by investor ...,2026-05-09 18:50:12,reliable,domain ft.com rated 'high credibility' per MBFC,,,,,
social_media,neutral,instagram mental health research,1,4,https://www.apa.org/monitor/2022/03/feature-minimize-instagram-effects,apa.org,How can we minimize Instagram's harmful effects?,2026-05-09 18:50:32,reliable,domain apa.org rated 'nan' per MBFC,,,,,
social_media,neutral,instagram mental health research,1,8,https://www.pewresearch.org/internet/2025/04/22/teens-social-media-and-mental-health/,pewresearch.org,"Teens, Social Media and Mental Health",2026-05-09 18:50:35,reliable,domain pewresearch.org rated 'high credibility' per MBFC,,,,,
social_media,neutral,instagram mental health research,1,9,https://www.researchgate.net/publication/397131984_THE_IMPACT_OF_MENTAL_HEALTH_CONTENT_EXPOSURE_ON_INSTAGRAM_FOLLOWERS'_SELF-DISCLOSURE,researchgate.net,the impact of mental health content exposure on instagram ...,2026-05-09 18:50:36,reliable,domain researchgate.net rated 'high credibility' per MBFC,,,,,
social_media,slanted,social media depression link,1,9,https://www.nature.com/articles/s41598-025-89762-y,nature.com,A harsher reality for adolescents with depression on social ...,2026-05-09 18:51:19,reliable,domain nature.com rated 'high credibility' per MBFC,,,,,
social_media,slanted,social media depression link,2,1,https://www.hopkinsmedicine.org/health/wellness-and-prevention/social-media-and-mental-health-in-children-and-teens,hopkinsmedicine.org,Social Media and Mental Health in Children and Teens,2026-05-09 18:51:25,reliable,domain hopkinsmedicine.org rated 'high credibility' per MBFC,,,,,
social_media,slanted,social media depression link,2,2,https://www.medicalnewstoday.com/articles/social-media-and-depression,medicalnewstoday.com,Is there a link between social media and depression?,2026-05-09 18:51:26,reliable,domain medicalnewstoday.com rated 'high credibility' per MBFC,,,,,
social_media,slanted,social media depression link,3,2,https://www.psychologytoday.com/us/blog/your-personal-renaissance/202605/freeing-our-children-from-the-harm-of-social-media,psychologytoday.com,Freeing Our Children from the Harm of Social Media,2026-05-09 18:51:35,reliable,domain psychologytoday.com rated 'high credibility' per MBFC,,,,,
social_media,slanted,social media depression link,3,7,https://www.who.int/europe/news/item/25-09-2024-teens--screens-and-mental-health,who.int,"Teens, screens and mental health",2026-05-09 18:51:37,reliable,domain who.int rated 'high credibility' per MBFC,,,,,
social_media,slanted,social media depression link,3,9,https://www.pewresearch.org/internet/2025/04/22/teens-social-media-and-mental-health/,pewresearch.org,"Teens, Social Media and Mental Health",2026-05-09 18:51:38,reliable,domain pewresearch.org rated 'high credibility' per MBFC,,,,,
social_media,neutral,tiktok algorithm study,1,2,https://www.nature.com/articles/d41586-026-01314-0,nature.com,TikTok's algorithm systematically skewed to the right during ...,2026-05-09 18:51:53,reliable,domain nature.com rated 'high credibility' per MBFC,,,,,
social_media,neutral,tiktok algorithm study,1,4,https://www.researchgate.net/publication/382423048_Understanding_the_Impact_of_TikTok's_Recommendation_Algorithm_on_User_Engagement,researchgate.net,Understanding the Impact of TikTok's Recommendation ...,2026-05-09 18:51:59,reliable,domain researchgate.net rated 'high credibility' per MBFC,,,,,
social_media,neutral,tiktok algorithm study,1,7,https://phys.org/news/2026-05-tiktok-algorithm-pro-republican-bias.html,phys.org,TikTok algorithm showed a pro-Republican bias during the ...,2026-05-09 18:52:01,reliable,domain phys.org rated 'high credibility' per MBFC,,,,,
social_media,neutral,tiktok algorithm study,3,9,https://www.upi.com/Top_News/US/2026/05/06/TikTok-study-partisan-content/2741778111880/,upi.com,Study says that TikTok algorithm prioritized Republican content,2026-05-09 18:52:18,reliable,domain upi.com rated 'high credibility' per MBFC,,,,,
social_media,slanted,tiktok addiction risks,3,3,https://www.researchgate.net/publication/358258830_TikTok_Addiction_Behaviour_Among_Users_A_Conceptual_Model_and_Research_Propositions,researchgate.net,(PDF) TikTok Addiction Behaviour Among Users,2026-05-09 18:52:50,reliable,domain researchgate.net rated 'high credibility' per MBFC,,,,,
social_media,slanted,tiktok addiction risks,3,8,https://www.cambridge.org/core/journals/american-journal-of-law-and-medicine/article/algorithms-addiction-and-adolescent-mental-health-an-interdisciplinary-study-to-inform-statelevel-policy-action-to-protect-youth-from-the-dangers-of-social-media/EC9754B533553BDD56827CD9E34DFC25,cambridge.org,"ALGORITHMS, ADDICTION, AND ADOLESCENT MENTAL ...",2026-05-09 18:52:52,reliable,domain cambridge.org rated 'nan' per MBFC,,,,,
social_media,slanted,tiktok addiction risks,3,9,https://www.amnesty.org/en/latest/news/2023/11/tiktok-risks-pushing-children-towards-harmful-content/,amnesty.org,Global: TikTok's 'For You' feed risks pushing children and ...,2026-05-09 18:52:52,reliable,domain amnesty.org rated 'high credibility' per MBFC,,,,,
social_media,neutral,facebook misinformation research,1,10,https://www.pnas.org/doi/10.1073/pnas.1517441113,pnas.org,The spreading of misinformation online,2026-05-09 18:53:15,reliable,domain pnas.org rated 'nan' per MBFC,,,,,
social_media,neutral,facebook misinformation research,2,1,https://www.science.org/doi/10.1126/science.adk3451,science.org,Quantifying the impact of misinformation and vaccine- ...,2026-05-09 18:53:20,reliable,domain science.org rated 'high credibility' per MBFC,,,,,
social_media,neutral,facebook misinformation research,2,4,https://www.researchgate.net/publication/337994869_Spreading_Disinformation_on_Facebook_Do_Trust_in_Message_Source_Risk_Propensity_or_Personality_Affect_the_Organic_Reach_of_Fake_News,researchgate.net,(PDF) Spreading Disinformation on Facebook: Do Trust in ...,2026-05-09 18:53:21,reliable,domain researchgate.net rated 'high credibility' per MBFC,,,,,
social_media,neutral,facebook misinformation research,3,6,https://www.nature.com/articles/s41586-023-06297-w,nature.com,Like-minded sources on Facebook are prevalent but not ...,2026-05-09 18:53:31,reliable,domain nature.com rated 'high credibility' per MBFC,,,,,
social_media,neutral,facebook misinformation research,3,9,https://www.scientificamerican.com/article/how-facebook-hinders-misinformation-research/,scientificamerican.com,How Facebook Hinders Misinformation Research,2026-05-09 18:53:32,reliable,domain scientificamerican.com rated 'high credibility' per MBFC,,,,,
social_media,slanted,facebook polarizing effects,1,2,https://www.nature.com/articles/s41586-023-06297-w,nature.com,Like-minded sources on Facebook are prevalent but not ...,2026-05-09 18:53:45,reliable,domain nature.com rated 'high credibility' per MBFC,,,,,
social_media,slanted,facebook polarizing effects,1,5,https://www.science.org/content/article/study-found-facebook-algorithm-didnt-promote-political-polarization-critics-doubt,science.org,A study found Facebook's algorithm didn't promote political ...,2026-05-09 18:53:51,reliable,domain science.org rated 'high credibility' per MBFC,,,,,
social_media,slanted,facebook polarizing effects,1,8,https://cepr.org/voxeu/columns/article-level-slant-and-polarisation-news-consumption-social-media,cepr.org,Article-level slant and polarisation of news consumption on ...,2026-05-09 18:53:58,reliable,domain cepr.org rated 'high credibility' per MBFC,,,,,
social_media,slanted,facebook polarizing effects,1,9,https://www.pnas.org/doi/10.1073/pnas.2022819118,pnas.org,Testing the effects of Facebook usage in an ethnically ...,2026-05-09 18:53:59,reliable,domain pnas.org rated 'nan' per MBFC,,,,,
social_media,slanted,facebook polarizing effects,3,1,https://www.nature.com/articles/s41586-026-10098-2,nature.com,The political effects of X's feed algorithm,2026-05-09 18:54:15,reliable,domain nature.com rated 'high credibility' per MBFC,,,,,
social_media,slanted,facebook polarizing effects,3,5,https://www.wired.com/story/facebook-vortex-political-polarization/,wired.com,It's Hard to Escape Facebook's Vortex of Polarization,2026-05-09 18:54:16,reliable,domain wired.com rated 'high credibility' per MBFC,,,,,
social_media,slanted,facebook polarizing effects,3,9,https://theweek.com/talking-point/1025392/turns-out-facebook-isnt-as-polarizing-as-previously-thought,theweek.com,Turns out Facebook isn't as polarizing as previously thought,2026-05-09 18:54:18,reliable,domain theweek.com rated 'high credibility' per MBFC,,,,,
social_media,neutral,twitter echo chamber,1,4,https://www.pnas.org/doi/10.1073/pnas.2023301118,pnas.org,The echo chamber effect on social media,2026-05-09 18:54:39,reliable,domain pnas.org rated 'nan' per MBFC,,,,,
social_media,neutral,twitter echo chamber,2,6,https://www.aip.org/inside-science/visualizing-twitter-echo-chambers,aip.org,Visualizing Twitter Echo Chambers,2026-05-09 18:54:51,reliable,domain aip.org rated 'high credibility' per MBFC,,,,,
social_media,neutral,twitter echo chamber,2,9,https://www.researchgate.net/publication/372888527_Entropy-based_detection_of_Twitter_echo_chambers,researchgate.net,(PDF) Entropy-based detection of Twitter echo chambers,2026-05-09 18:54:52,reliable,domain researchgate.net rated 'high credibility' per MBFC,,,,,
social_media,neutral,twitter echo chamber,3,3,https://www.aaas.org/news/how-scientists-can-break-free-twitters-echo-chambers-and-reach-new-audiences,aaas.org,How Scientists Can Break Free from Twitter's Echo ...,2026-05-09 18:54:59,reliable,domain aaas.org rated 'high credibility' per MBFC,,,,,
social_media,slanted,online radicalization,2,1,https://www.jstor.org/stable/27088390,jstor.org,Religious Extremism and Online Radicalization in Pakistan,2026-05-09 18:55:29,reliable,domain jstor.org rated 'nan' per MBFC,,,,,
social_media,slanted,online radicalization,3,8,https://www.nature.com/articles/s41599-024-03680-4,nature.com,Media framing of far-right extremism and online ...,2026-05-09 18:55:41,reliable,domain nature.com rated 'high credibility' per MBFC,,,,,
online_privacy,slanted,data collection privacy risks,1,10,https://www.researchgate.net/publication/403475014_Understanding_Privacy_Concerns_in_Big_Data_Collection_and_Analysis,researchgate.net,Understanding Privacy Concerns in Big Data Collection ...,2026-05-09 18:58:13,reliable,domain researchgate.net rated 'high credibility' per MBFC,,,,,
online_privacy,slanted,data collection privacy risks,3,10,https://www.pewresearch.org/internet/2023/10/18/views-of-data-privacy-risks-personal-data-and-digital-privacy-laws/,pewresearch.org,"1. Views of data privacy risks, personal data and digital ...",2026-05-09 18:58:30,reliable,domain pewresearch.org rated 'high credibility' per MBFC,,,,,
online_privacy,neutral,encryption security research,1,1,https://www.researchgate.net/publication/372832281_Encryption_Techniques_and_Algorithms_to_Combat_Cybersecurity_Attacks_A_Review,researchgate.net,(PDF) Encryption Techniques and Algorithms to Combat ...,2026-05-09 18:58:47,reliable,domain researchgate.net rated 'high credibility' per MBFC,,,,,
online_privacy,neutral,encryption security research,1,2,https://www.nature.com/articles/s41598-026-50509-y,nature.com,Big data information security encryption scheme based on ...,2026-05-09 18:58:52,reliable,domain nature.com rated 'high credibility' per MBFC,,,,,
online_privacy,slanted,government backdoor dangers,1,4,https://www.newamerica.org/insights/ten-reasons-why-encryption-backdoor-mandates-are-a-bad-idea/,newamerica.org,Ten Reasons Why Encryption Backdoor Mandates Are a ...,2026-05-09 18:59:38,reliable,domain newamerica.org rated 'high credibility' per MBFC,,,,,
online_privacy,slanted,government backdoor dangers,1,6,https://www.eff.org/deeplinks/2025/02/cornered-uks-demand-encryption-backdoor-apple-turns-its-strongest-security-setting,eff.org,Cornered by the UK's Demand for an Encryption Backdoor ...,2026-05-09 18:59:39,reliable,domain eff.org rated 'high credibility' per MBFC,,,,,
online_privacy,slanted,government backdoor dangers,1,8,https://www.hrw.org/news/2017/06/26/perils-back-door-encryption-mandates,hrw.org,Perils of Back Door Encryption Mandates,2026-05-09 18:59:41,reliable,domain hrw.org rated 'high credibility' per MBFC,,,,,
online_privacy,slanted,government backdoor dangers,1,9,https://www.ft.com/content/186a9bb6-9e62-47ce-b974-ce52a2d73e9f?syn-25a6b1a6=1,ft.com,Encryption 'back doors' are a bad idea,2026-05-09 18:59:42,reliable,domain ft.com rated 'high credibility' per MBFC,,,,,
online_privacy,slanted,government backdoor dangers,3,3,https://cdt.org/insights/issue-brief-a-backdoor-to-encryption-for-government-surveillance/,cdt.org,Issue Brief: A “Backdoor” to Encryption for Government ...,2026-05-09 18:59:58,reliable,domain cdt.org rated 'high credibility' per MBFC,,,,,
electronic_cigarettes,slanted,e cigarette lung disease,1,1,https://www.lung.org/lung-health-diseases/lung-disease-lookup/evali,lung.org,E-cigarette or Vaping Use-Associated Lung Injury (EVALI),2026-05-09 19:02:23,reliable,domain lung.org rated 'high credibility' per MBFC,,,,,
electronic_cigarettes,slanted,e cigarette lung disease,1,2,https://www.hopkinsmedicine.org/health/wellness-and-prevention/what-does-vaping-do-to-your-lungs,hopkinsmedicine.org,What Does Vaping Do to Your Lungs?,2026-05-09 19:02:23,reliable,domain hopkinsmedicine.org rated 'high credibility' per MBFC,,,,,
electronic_cigarettes,slanted,e cigarette lung disease,1,5,https://www.nejm.org/vaping,nejm.org,E-Cigarettes and Vaping-Related Disease,2026-05-09 19:02:41,reliable,domain nejm.org rated 'high credibility' per MBFC,,,,,
electronic_cigarettes,slanted,e cigarette lung disease,2,2,https://www.lung.org/quit-smoking/e-cigarettes-vaping/impact-of-e-cigarettes-on-lung,lung.org,Health Risks of E-Cigarettes and Vaping,2026-05-09 19:02:50,reliable,domain lung.org rated 'high credibility' per MBFC,,,,,
electronic_cigarettes,slanted,e cigarette lung disease,3,2,https://www.nature.com/articles/s41533-022-00311-w,nature.com,A systematic review of the effects of e-cigarette use on lung ...,2026-05-09 19:03:00,reliable,domain nature.com rated 'high credibility' per MBFC,,,,,
electronic_cigarettes,slanted,e cigarette lung disease,3,9,https://www.webmd.com/lung/features/vaping-illness-symptoms,webmd.com,What Are the Early Warning Signs of Vaping Illness?,2026-05-09 19:03:02,reliable,domain webmd.com rated 'high credibility' per MBFC,,,,,
electronic_cigarettes,neutral,nicotine replacement impact,1,9,https://www.webmd.com/smoking-cessation/nicotine-replacement-therapy,webmd.com,"Nicotine Replacement Therapy: Risks, Benefits, and Options",2026-05-09 19:03:23,reliable,domain webmd.com rated 'high credibility' per MBFC,,,,,
electronic_cigarettes,neutral,nicotine replacement impact,2,8,https://www.cancer.org/cancer/risk-prevention/tobacco/guide-quitting-smoking/nicotine-replacement-therapy.html,cancer.org,Nicotine Replacement Therapy to Help You Quit Tobacco,2026-05-09 19:03:37,reliable,domain cancer.org rated 'high credibility' per MBFC,,,,,
electronic_cigarettes,slanted,vaping popcorn lung,1,1,https://www.lung.org/blog/popcorn-lung-risk-ecigs,lung.org,Popcorn Lung: A Dangerous Risk of Flavored E-Cigarettes,2026-05-09 19:03:59,reliable,domain lung.org rated 'high credibility' per MBFC,,,,,
electronic_cigarettes,slanted,vaping popcorn lung,1,4,https://www.hopkinsmedicine.org/health/wellness-and-prevention/what-does-vaping-do-to-your-lungs,hopkinsmedicine.org,What Does Vaping Do to Your Lungs?,2026-05-09 19:04:12,reliable,domain hopkinsmedicine.org rated 'high credibility' per MBFC,,,,,
electronic_cigarettes,slanted,vaping popcorn lung,3,3,https://www.lung.org/blog/illnesses-vaping-causes,lung.org,The Truth About What Vaping Is Doing to Your Body,2026-05-09 19:04:33,reliable,domain lung.org rated 'high credibility' per MBFC,,,,,
electronic_cigarettes,slanted,vaping popcorn lung,3,7,https://www.dw.com/en/vaping-safer-than-cigarettes-or-a-new-health-crisis/a-72405720,dw.com,Vaping: Safer than cigarettes or a new health crisis?,2026-05-09 19:04:34,reliable,domain dw.com rated 'high credibility' per MBFC,,,,,
electronic_cigarettes,slanted,vaping popcorn lung,3,10,https://www.cbc.ca/news/health/vaping-illness-popcorn-cmaj-1.5367102,cbc.ca,Ontario teen's vaping injury consistent with 'popcorn lung ...,2026-05-09 19:04:35,reliable,domain cbc.ca rated 'high credibility' per MBFC,,,,,
electronic_cigarettes,slanted,teen vaping epidemic,3,3,https://medicalxpress.com/news/2025-07-peer-youth-vaping-epidemic.html,medicalxpress.com,"Peer influence drives youth vaping epidemic, researchers ...",2026-05-09 19:06:50,reliable,domain medicalxpress.com rated 'high credibility' per MBFC,,,,,
electronic_cigarettes,slanted,teen vaping epidemic,3,6,https://www.researchgate.net/publication/348157397_Vaping_epidemic_in_US_teens_Problem_and_solutions,researchgate.net,Vaping epidemic in US teens: Problem and solutions,2026-05-09 19:06:51,reliable,domain researchgate.net rated 'high credibility' per MBFC,,,,,
obesity,neutral,weight loss surgery facts,1,2,https://www.mayoclinic.org/tests-procedures/bariatric-surgery/about/pac-20394258,mayoclinic.org,Bariatric surgery,2026-05-09 19:07:10,reliable,domain mayoclinic.org rated 'high credibility' per MBFC,,,,,
obesity,neutral,weight loss surgery facts,1,6,https://www.hopkinsmedicine.org/health/treatment-tests-and-therapies/bariatric-surgery,hopkinsmedicine.org,Bariatric Surgery,2026-05-09 19:07:23,reliable,domain hopkinsmedicine.org rated 'high credibility' per MBFC,,,,,
obesity,neutral,weight loss surgery facts,1,9,https://www.webmd.com/obesity/what-gastric-bypass-surgery,webmd.com,Rolux-En-Y Gastric Bypass Surgery - Weight Loss & Obesity,2026-05-09 19:07:26,reliable,domain webmd.com rated 'high credibility' per MBFC,,,,,
obesity,slanted,obesity health risks,1,3,https://www.who.int/news-room/questions-and-answers/item/obesity-health-consequences-of-being-overweight,who.int,Obesity: Health consequences of being overweight,2026-05-09 19:07:57,reliable,domain who.int rated 'high credibility' per MBFC,,,,,
obesity,slanted,obesity health risks,2,1,https://www.nejm.org/doi/full/10.1056/NEJMoa1614362,nejm.org,Health Effects of Overweight and Obesity in 195 Countries ...,2026-05-09 19:08:26,reliable,domain nejm.org rated 'high credibility' per MBFC,,,,,
obesity,slanted,obesity health risks,2,2,https://www.mayoclinic.org/diseases-conditions/obesity/symptoms-causes/syc-20375742,mayoclinic.org,Obesity - Symptoms and causes,2026-05-09 19:08:26,reliable,domain mayoclinic.org rated 'high credibility' per MBFC,,,,,
obesity,slanted,obesity health risks,2,9,https://www.rand.org/pubs/research_briefs/RB4549.html,rand.org,The Health Risks of Obesity: Worse Than Smoking ...,2026-05-09 19:08:28,reliable,domain rand.org rated 'high credibility' per MBFC,,,,,
obesity,slanted,obesity health risks,3,2,https://www.webmd.com/obesity/obesity-health-risks,webmd.com,Health Risks Linked to Obesity,2026-05-09 19:08:35,reliable,domain webmd.com rated 'high credibility' per MBFC,,,,,
obesity,neutral,healthy diet research,1,2,https://www.who.int/news-room/fact-sheets/detail/healthy-diet,who.int,Healthy diet,2026-05-09 19:10:08,reliable,domain who.int rated 'high credibility' per MBFC,,,,,
obesity,neutral,healthy diet research,1,3,https://www.nature.com/articles/s41591-025-03570-5,nature.com,Optimal dietary patterns for healthy aging | Nature Medicine,2026-05-09 19:10:09,reliable,domain nature.com rated 'high credibility' per MBFC,,,,,
obesity,neutral,healthy diet research,1,6,https://www.healthdata.org/research-analysis/health-topics/diet,healthdata.org,Diet,2026-05-09 19:10:12,reliable,domain healthdata.org rated 'high credibility' per MBFC,,,,,
obesity,neutral,healthy diet research,1,10,https://www.thelancet.com/journals/lancet/article/PIIS0140-6736(18)31788-4/abstract,thelancet.com,Food in the Anthropocene: the EAT ...,2026-05-09 19:10:16,reliable,domain thelancet.com rated 'high credibility' per MBFC,,,,,
obesity,neutral,healthy diet research,2,9,https://www.who.int/initiatives/behealthy/healthy-diet,who.int,Healthy diet,2026-05-09 19:10:25,reliable,domain who.int rated 'high credibility' per MBFC,,,,,
obesity,neutral,healthy diet research,2,10,https://www.pewresearch.org/science/2025/05/07/americans-on-healthy-food-and-eating/,pewresearch.org,Americans on Healthy Food and Eating,2026-05-09 19:10:26,reliable,domain pewresearch.org rated 'high credibility' per MBFC,,,,,
obesity,neutral,healthy diet research,3,1,https://www.hopkinsmedicine.org/health/wellness-and-prevention/food-and-nutrition,hopkinsmedicine.org,Food and Nutrition,2026-05-09 19:10:31,reliable,domain hopkinsmedicine.org rated 'high credibility' per MBFC,,,,,
obesity,neutral,healthy diet research,3,6,https://ourworldindata.org/diet-affordability,ourworldindata.org,Almost three billion people cannot afford a healthy diet,2026-05-09 19:10:33,reliable,domain ourworldindata.org rated 'high credibility' per MBFC,,,,,
obesity,neutral,healthy diet research,3,9,https://www.medicalnewstoday.com/articles/322268,medicalnewstoday.com,"Benefits of eating healthy: Heart health, better mood, and ...",2026-05-09 19:10:34,reliable,domain medicalnewstoday.com rated 'high credibility' per MBFC,,,,,
obesity,neutral,healthy diet research,3,10,https://www.researchgate.net/post/what_is_the_healthy_diet,researchgate.net,What is the healthy diet?,2026-05-09 19:10:34,reliable,domain researchgate.net rated 'high credibility' per MBFC,,,,,
obesity,slanted,processed food dangers,1,4,https://www.medicalnewstoday.com/articles/318630,medicalnewstoday.com,Processed foods: Health risks and what to avoid,2026-05-09 19:10:53,reliable,domain medicalnewstoday.com rated 'high credibility' per MBFC,,,,,
obesity,slanted,processed food dangers,2,3,https://www.webmd.com/diet/ss/slideshow-processed-food,webmd.com,The Truth About Processed Food,2026-05-09 19:11:08,reliable,domain webmd.com rated 'high credibility' per MBFC,,,,,
obesity,slanted,processed food dangers,2,9,https://www.ama-assn.org/public-health/prevention-wellness/what-doctors-wish-patients-knew-about-ultraprocessed-foods,ama-assn.org,What doctors wish patients knew about ultraprocessed foods,2026-05-09 19:11:10,reliable,domain ama-assn.org rated 'high credibility' per MBFC,,,,,
obesity,slanted,processed food dangers,3,7,https://www.bmj.com/company/newsroom/new-evidence-links-ultra-processed-foods-with-a-range-of-health-%20risks/,bmj.com,New evidence links ultra-processed foods with a range of ...,2026-05-09 19:11:20,reliable,domain bmj.com rated 'high credibility' per MBFC,,,,,
obesity,neutral,exercise impact,1,1,https://www.mayoclinic.org/healthy-lifestyle/fitness/in-depth/exercise/art-20048389,mayoclinic.org,Exercise: 7 benefits of regular physical activity,2026-05-09 19:11:52,reliable,domain mayoclinic.org rated 'high credibility' per MBFC,,,,,
obesity,neutral,exercise impact,1,3,https://www.who.int/news-room/fact-sheets/detail/physical-activity,who.int,Physical activity,2026-05-09 19:12:00,reliable,domain who.int rated 'high credibility' per MBFC,,,,,
obesity,neutral,exercise impact,1,9,https://www.hopkinsmedicine.org/health/wellness-and-prevention/exercise-and-the-heart,hopkinsmedicine.org,Exercise and the Heart,2026-05-09 19:12:10,reliable,domain hopkinsmedicine.org rated 'high credibility' per MBFC,,,,,
obesity,neutral,exercise impact,2,2,https://www.webmd.com/fitness-exercise/health-benefits-exercise,webmd.com,Health Benefits of Exercise,2026-05-09 19:12:17,reliable,domain webmd.com rated 'high credibility' per MBFC,,,,,
obesity,neutral,exercise impact,2,6,https://www.nature.com/articles/s41598-025-18352-9,nature.com,The impact of physical exercise on college students' mental ...,2026-05-09 19:12:18,reliable,domain nature.com rated 'high credibility' per MBFC,,,,,
obesity,neutral,exercise impact,2,7,https://www.mayoclinic.org/healthy-lifestyle/stress-management/in-depth/exercise-and-stress/art-20044469,mayoclinic.org,Exercise and stress: Get moving to manage stress,2026-05-09 19:12:19,reliable,domain mayoclinic.org rated 'high credibility' per MBFC,,,,,
obesity,neutral,exercise impact,2,8,https://www.apa.org/topics/exercise-fitness/stress,apa.org,Working out boosts brain health,2026-05-09 19:12:19,reliable,domain apa.org rated 'nan' per MBFC,,,,,
obesity,neutral,exercise impact,3,6,https://www.ama-assn.org/public-health/prevention-wellness/massive-study-uncovers-how-much-exercise-needed-live-longer,ama-assn.org,Massive study uncovers how much exercise is needed to ...,2026-05-09 19:12:28,reliable,domain ama-assn.org rated 'high credibility' per MBFC,,,,,
obesity,slanted,obesity treatment failures,1,7,https://www.nature.com/articles/ijo2012114,nature.com,Explaining the failures of obesity therapy: willpower ...,2026-05-09 19:12:44,reliable,domain nature.com rated 'high credibility' per MBFC,,,,,
obesity,slanted,obesity treatment failures,1,9,https://www.healio.com/news/primary-care/20250502/words-matter-navigating-bias-and-stigma-when-antiobesity-treatments-fail,healio.com,Navigating bias and stigma when anti-obesity treatments fail,2026-05-09 19:12:45,reliable,domain healio.com rated 'high credibility' per MBFC,,,,,
obesity,slanted,obesity treatment failures,2,5,https://www.bmj.com/content/392/bmj-2025-085304,bmj.com,Weight regain after cessation of medication for ...,2026-05-09 19:12:59,reliable,domain bmj.com rated 'high credibility' per MBFC,,,,,
obesity,slanted,obesity treatment failures,2,6,https://www.researchgate.net/post/Reasons_for_weight_loss_attempt_failures,researchgate.net,Reasons for weight loss attempt failures.,2026-05-09 19:12:59,reliable,domain researchgate.net rated 'high credibility' per MBFC,,,,,
obesity,slanted,obesity treatment failures,3,4,https://www.healio.com/news/primary-care/20260410/weight-loss-plateaus-not-a-failure-in-obesity-care-but-part-of-the-journey,healio.com,Weight loss plateaus not 'a failure in obesity care' but 'part ...,2026-05-09 19:13:07,reliable,domain healio.com rated 'high credibility' per MBFC,,,,,
obesity,slanted,obesity treatment failures,3,5,https://www.thelancet.com/journals/lanepe/article/PIIS2666-7762(24)00267-9/fulltext,thelancet.com,Recent achievements and future directions of anti-obesity ...,2026-05-09 19:13:07,reliable,domain thelancet.com rated 'high credibility' per MBFC,,,,,
obesity,slanted,obesity treatment failures,3,6,https://www.nature.com/articles/s41591-025-03978-z,nature.com,A systematic review and meta-analysis of the efficacy and ...,2026-05-09 19:13:07,reliable,domain nature.com rated 'high credibility' per MBFC,,,,,
plant_based_diet,neutral,vegan health impact,1,3,https://www.nature.com/articles/s43856-025-01257-z,nature.com,"Dietary intake, nutritional status, and health outcomes ...",2026-05-09 19:13:26,reliable,domain nature.com rated 'high credibility' per MBFC,,,,,
plant_based_diet,neutral,vegan health impact,2,1,https://www.webmd.com/diet/vegan-diet-overview,webmd.com,"Vegan Diet: Food List, Benefits & Risks",2026-05-09 19:13:41,reliable,domain webmd.com rated 'high credibility' per MBFC,,,,,
plant_based_diet,neutral,vegan health impact,3,9,https://www.researchgate.net/publication/368645104_The_Impact_of_a_Vegan_Diet_on_Many_Aspects_of_Health_The_Overlooked_Side_of_Veganism,researchgate.net,(PDF) The Impact of a Vegan Diet on Many Aspects of Health,2026-05-09 19:13:54,reliable,domain researchgate.net rated 'high credibility' per MBFC,,,,,
plant_based_diet,slanted,plant based nutrient deficiencies,2,2,https://www.cambridge.org/core/journals/proceedings-of-the-nutrition-society/article/plantbased-diets-for-sustainability-and-health-but-are-we-ignoring-vital-micronutrients/74C09C0F5F12306D32FE6E1B9C1ABA73,cambridge.org,Plant-based diets for sustainability and health – but are we ...,2026-05-09 19:14:18,reliable,domain cambridge.org rated 'nan' per MBFC,,,,,
plant_based_diet,slanted,plant based nutrient deficiencies,3,1,https://www.mayoclinic.org/healthy-lifestyle/nutrition-and-healthy-eating/in-depth/vegetarian-diet/art-20046446,mayoclinic.org,Vegetarian diet: How to get the best nutrition,2026-05-09 19:14:27,reliable,domain mayoclinic.org rated 'high credibility' per MBFC,,,,,
plant_based_diet,neutral,vegetarian protein sources,2,8,https://www.hopkinsmedicine.org/health/wellness-and-prevention/5-protein-packed-foods-for-healthy-meatless-meals,hopkinsmedicine.org,"5 Protein-Packed Foods for Healthy, Meatless Meals",2026-05-09 19:15:35,reliable,domain hopkinsmedicine.org rated 'high credibility' per MBFC,,,,,
plant_based_diet,slanted,soy estrogen concerns,2,5,https://www.cancer.org/cancer/latest-news/soy-and-cancer-risk-our-experts-advice.html,cancer.org,Soy and Cancer Risk: Our Expert's Advice,2026-05-09 19:16:19,reliable,domain cancer.org rated 'high credibility' per MBFC,,,,,
plant_based_diet,slanted,soy estrogen concerns,3,5,https://www.scientificamerican.com/article/soybean-fertility-hormone-isoflavones-genistein/,scientificamerican.com,Could Eating Too Much Soy Be Bad for You?,2026-05-09 19:16:28,reliable,domain scientificamerican.com rated 'high credibility' per MBFC,,,,,
plant_based_diet,slanted,processed vegan food risks,1,5,https://www.thelancet.com/journals/lanepe/article/PIIS2666-7762(24)00115-7/fulltext,thelancet.com,Implications of food ultra-processing on cardiovascular risk ...,2026-05-09 19:17:40,reliable,domain thelancet.com rated 'high credibility' per MBFC,,,,,
plant_based_diet,slanted,processed vegan food risks,2,4,https://www.nature.com/articles/s41598-025-88578-0,nature.com,Ultra-processed foods and plant-based alternatives impair ...,2026-05-09 19:18:00,reliable,domain nature.com rated 'high credibility' per MBFC,,,,,
plant_based_diet,slanted,processed vegan food risks,2,10,https://www.webmd.com/diet/vegan-diet-overview,webmd.com,"Vegan Diet: Food List, Benefits & Risks",2026-05-09 19:18:02,reliable,domain webmd.com rated 'high credibility' per MBFC,,,,,
plant_based_diet,slanted,processed vegan food risks,3,3,https://www.scientificamerican.com/article/what-a-study-on-ultraprocessed-fake-meat-and-heart-disease-really-found/,scientificamerican.com,Are Plant-Based Ultraprocessed Foods Linked to Heart ...,2026-05-09 19:18:10,reliable,domain scientificamerican.com rated 'high credibility' per MBFC,,,,,
plant_based_diet,slanted,processed vegan food risks,3,4,https://www.sciencedaily.com/releases/2025/12/251214100928.htm,sciencedaily.com,New study shows some plant-based diets may raise heart ...,2026-05-09 19:18:10,reliable,domain sciencedaily.com rated 'high credibility' per MBFC,,,,,
raw_milk,neutral,raw milk impact,2,3,https://www.ama-assn.org/public-health/prevention-wellness/raw-milk-questions-patients-may-have-and-how-answer,ama-assn.org,Raw milk: Questions patients may have and how to answer,2026-05-09 19:18:50,reliable,domain ama-assn.org rated 'high credibility' per MBFC,,,,,
raw_milk,neutral,raw milk impact,2,5,https://www.webmd.com/diet/raw-milk-health-benefits,webmd.com,Raw Milk: Are There Health Benefits?,2026-05-09 19:18:51,reliable,domain webmd.com rated 'high credibility' per MBFC,,,,,
raw_milk,slanted,raw milk bacteria dangers,2,7,https://www.aap.org/en/news-room/fact-checked/fact-checked-the-dangers-of-drinking-raw-milk/?srsltid=AfmBOor6xADwXXixwcTy_Kr7j2m5JDLkTNn-0vGrBYSZ3CAMWi7xGx4w,aap.org,Fact Checked: The Dangers of Drinking Raw Milk,2026-05-09 19:19:41,reliable,domain aap.org rated 'high credibility' per MBFC,,,,,
raw_milk,slanted,raw milk bacteria dangers,2,8,https://www.ama-assn.org/public-health/prevention-wellness/raw-milk-questions-patients-may-have-and-how-answer,ama-assn.org,Raw milk: Questions patients may have and how to answer,2026-05-09 19:19:42,reliable,domain ama-assn.org rated 'high credibility' per MBFC,,,,,
raw_milk,neutral,unpasteurized milk research,2,6,https://www.researchgate.net/publication/23568749_Unpasteurized_Milk_A_Continued_Public_Health_Threat,researchgate.net,(PDF) Unpasteurized Milk: A Continued Public Health Threat,2026-05-09 19:20:19,reliable,domain researchgate.net rated 'high credibility' per MBFC,,,,,
raw_milk,neutral,unpasteurized milk research,3,3,https://www.aap.org/en/news-room/fact-checked/fact-checked-the-dangers-of-drinking-raw-milk/?srsltid=AfmBOoqzeEY2XlxFy4krX0v0mH4uKMpUfMP-yx9SH-56lKGpE9E8oAHX,aap.org,Fact Checked: The Dangers of Drinking Raw Milk,2026-05-09 19:20:28,reliable,domain aap.org rated 'high credibility' per MBFC,,,,,
raw_milk,slanted,raw milk food poisoning,2,2,https://www.mayoclinic.org/diseases-conditions/salmonella/symptoms-causes/syc-20355329,mayoclinic.org,Salmonella infection - Symptoms & causes,2026-05-09 19:21:08,reliable,domain mayoclinic.org rated 'high credibility' per MBFC,,,,,
raw_milk,slanted,raw milk food poisoning,2,5,https://www.ama-assn.org/public-health/prevention-wellness/raw-milk-questions-patients-may-have-and-how-answer,ama-assn.org,Raw milk: Questions patients may have and how to answer,2026-05-09 19:21:09,reliable,domain ama-assn.org rated 'high credibility' per MBFC,,,,,
raw_milk,slanted,raw milk food poisoning,3,9,https://www.webmd.com/food-recipes/food-poisoning/ss/slideshow-food-poisoning-most-common-foods,webmd.com,Foods Most Likely to Give You Food Poisoning,2026-05-09 19:21:19,reliable,domain webmd.com rated 'high credibility' per MBFC,,,,,
soy,neutral,soy health effects,1,6,https://www.webmd.com/diet/ss/slideshow-soy-health-benefits,webmd.com,Health Benefits of Soy,2026-05-09 19:22:02,reliable,domain webmd.com rated 'high credibility' per MBFC,,,,,
soy,neutral,soy health effects,1,7,https://www.cancer.org/cancer/latest-news/soy-and-cancer-risk-our-experts-advice.html,cancer.org,Soy and Cancer Risk: Our Expert's Advice,2026-05-09 19:22:03,reliable,domain cancer.org rated 'high credibility' per MBFC,,,,,
soy,neutral,soy health effects,2,2,https://www.cancer.org/cancer/latest-news/soy-and-cancer-risk-our-experts-advice.html,cancer.org,Soy and Cancer Risk: Our Expert's Advice,2026-05-09 19:22:10,reliable,domain cancer.org rated 'high credibility' per MBFC,,,,,
soy,neutral,soy health effects,2,6,https://www.researchgate.net/publication/346939950_Impact_of_soy_consumption_on_human_health_integrative_review,researchgate.net,(PDF) Impact of soy consumption on human health,2026-05-09 19:22:11,reliable,domain researchgate.net rated 'high credibility' per MBFC,,,,,
soy,slanted,soy estrogen effects,3,6,https://www.medicalnewstoday.com/articles/foods-high-in-estrogen,medicalnewstoday.com,"Foods high in estrogen: Benefits, examples, and side effects",2026-05-09 19:25:10,reliable,domain medicalnewstoday.com rated 'high credibility' per MBFC,,,,,
soy,neutral,tofu nutrition research,1,6,https://www.researchgate.net/publication/332343856_Tofu_A_Popular_Food_with_High_Nutritional_and_Health_Benefits,researchgate.net,A Popular Food with High Nutritional and Health Benefits,2026-05-09 19:25:31,reliable,domain researchgate.net rated 'high credibility' per MBFC,,,,,
soy,neutral,tofu nutrition research,1,7,https://www.webmd.com/food-recipes/benefits-tofu,webmd.com,Health Benefits of Tofu,2026-05-09 19:25:32,reliable,domain webmd.com rated 'high credibility' per MBFC,,,,,
soy,neutral,tofu nutrition research,2,4,https://www.verywellfit.com/tofu-nutrition-facts-calories-and-health-benefits-4113988,verywellfit.com,Tofu Nutrition Facts and Health Benefits,2026-05-09 19:25:42,reliable,domain verywellfit.com rated 'high credibility' per MBFC,,,,,
soy,neutral,tofu nutrition research,2,5,https://www.nature.com/articles/1600885,nature.com,Effects of soy as tofu vs meat on lipoprotein concentrations,2026-05-09 19:25:43,reliable,domain nature.com rated 'high credibility' per MBFC,,,,,
soy,neutral,tofu nutrition research,3,2,https://www.verywellhealth.com/is-tofu-good-for-you-11721591,verywellhealth.com,What Happens to Your Body When You Eat Tofu Regularly,2026-05-09 19:25:51,reliable,domain verywellhealth.com rated 'high credibility' per MBFC,,,,,
soy,neutral,tofu nutrition research,3,7,https://medicalxpress.com/news/2026-05-everyday-protein-quietly-reshaping-blood.html,medicalxpress.com,This everyday plant protein may be quietly reshaping blood ...,2026-05-09 19:25:53,reliable,domain medicalxpress.com rated 'high credibility' per MBFC,,,,,
soy,neutral,tofu nutrition research,3,9,https://www.sciencefocus.com/news/high-blood-pressure-hypertension-legumes-soy,sciencefocus.com,A simple dietary change could lower your blood pressure ...,2026-05-09 19:25:53,reliable,domain sciencefocus.com rated 'high credibility' per MBFC,,,,,
soy,slanted,soy thyroid problems,1,1,https://www.mayoclinic.org/diseases-conditions/hypothyroidism/expert-answers/hyperthyroidism/faq-20058188,mayoclinic.org,Soy: Does it worsen hypothyroidism?,2026-05-09 19:26:04,reliable,domain mayoclinic.org rated 'high credibility' per MBFC,,,,,
soy,slanted,soy thyroid problems,1,3,https://www.verywellhealth.com/soy-and-the-thyroid-3231800,verywellhealth.com,Can You Eat Soy if You Have a Thyroid Condition?,2026-05-09 19:26:05,reliable,domain verywellhealth.com rated 'high credibility' per MBFC,,,,,
soy,slanted,soy thyroid problems,1,4,https://www.nature.com/articles/s41598-019-40647-x,nature.com,Systematic Review and Meta-analysis on the Effect of Soy ...,2026-05-09 19:26:06,reliable,domain nature.com rated 'high credibility' per MBFC,,,,,
soy,slanted,soy thyroid problems,2,9,https://www.researchgate.net/post/Why_is_it_harmful_to_consume_too_much_soybeans2,researchgate.net,Why is it harmful to consume too much soybeans?,2026-05-09 19:26:27,reliable,domain researchgate.net rated 'high credibility' per MBFC,,,,,
soy,neutral,soy protein safety,1,7,https://www.cancer.org/cancer/latest-news/soy-and-cancer-risk-our-experts-advice.html,cancer.org,Soy and Cancer Risk: Our Expert's Advice,2026-05-09 19:27:02,reliable,domain cancer.org rated 'high credibility' per MBFC,,,,,
soy,neutral,soy protein safety,1,9,https://www.consumerreports.org/lead/protein-powders-and-shakes-contain-high-levels-of-lead-a4206364640/,consumerreports.org,Protein Powders and Shakes Contain High Levels of Lead,2026-05-09 19:27:04,reliable,domain consumerreports.org rated 'high credibility' per MBFC,,,,,
soy,neutral,soy protein safety,3,1,https://www.researchgate.net/post/Why_is_it_harmful_to_consume_too_much_soybeans2,researchgate.net,Why is it harmful to consume too much soybeans?,2026-05-09 19:27:21,reliable,domain researchgate.net rated 'high credibility' per MBFC,,,,,
soy,neutral,soy protein safety,3,6,https://www.webmd.com/vitamins-supplements/soy,webmd.com,"Soy: Uses, Side Effects, Interactions, Pictures, Warnings & ...",2026-05-09 19:27:23,reliable,domain webmd.com rated 'high credibility' per MBFC,,,,,
soy,slanted,gmo soy dangers,3,8,https://www.medicalnewstoday.com/articles/324576,medicalnewstoday.com,Pros and cons of GMO foods: Health and environment,2026-05-09 19:28:08,reliable,domain medicalnewstoday.com rated 'high credibility' per MBFC,,,,,
dairy,slanted,milk hormone concerns,1,2,https://www.scientificamerican.com/article/how-does-dairy-affect-your-hormone-levels/,scientificamerican.com,How Does Dairy Affect Your Hormone Levels?,2026-05-09 19:29:05,reliable,domain scientificamerican.com rated 'high credibility' per MBFC,,,,,
dairy,slanted,milk hormone concerns,2,4,https://www.cambridge.org/core/journals/journal-of-dairy-research/article/oestrogens-in-milk-and-breast-cancer-a-cause-for-concernor-not/3C7E68061D8CB73DFC5E6AF879AF3CA0,cambridge.org,Oestrogens in milk and breast cancer: a cause for concern ...,2026-05-09 19:29:25,reliable,domain cambridge.org rated 'nan' per MBFC,,,,,
dairy,slanted,milk hormone concerns,3,5,https://www.cancer.org/cancer/risk-prevention/chemicals/recombinant-bovine-growth-hormone.html,cancer.org,Recombinant Bovine Growth Hormone I rBGH I rBST,2026-05-09 19:29:35,reliable,domain cancer.org rated 'high credibility' per MBFC,,,,,
dairy,neutral,cheese nutrition research,1,6,https://www.researchgate.net/publication/45450821_Cheese_in_nutrition_and_health,researchgate.net,(PDF) Cheese in nutrition and health,2026-05-09 19:29:55,reliable,domain researchgate.net rated 'high credibility' per MBFC,,,,,
dairy,neutral,cheese nutrition research,2,6,https://www.consumerreports.org/health/nutrition-healthy-eating/is-cheese-good-for-you-a3337686245/,consumerreports.org,Is Cheese Good for You?,2026-05-09 19:30:06,reliable,domain consumerreports.org rated 'high credibility' per MBFC,,,,,
dairy,neutral,cheese nutrition research,3,7,https://www.everydayhealth.com/diet-nutrition/diet/cheese-health-benefits-risks-types-top-sellers-more/,everydayhealth.com,"What Is Cheese? Health Benefits, Risks, Types, Top ...",2026-05-09 19:30:14,reliable,domain everydayhealth.com rated 'high credibility' per MBFC,,,,,
dairy,slanted,dairy lactose intolerance,1,1,https://www.mayoclinic.org/diseases-conditions/lactose-intolerance/symptoms-causes/syc-20374232,mayoclinic.org,Lactose intolerance - Symptoms & causes,2026-05-09 19:30:27,reliable,domain mayoclinic.org rated 'high credibility' per MBFC,,,,,
dairy,slanted,dairy lactose intolerance,3,8,https://www.webmd.com/digestive-disorders/ss/slideshow-dairy,webmd.com,Lactose Intolerance -- 14 Ways to Still Love Dairy,2026-05-09 19:31:03,reliable,domain webmd.com rated 'high credibility' per MBFC,,,,,
dairy,neutral,yogurt probiotic health impact,2,2,https://www.everydayhealth.com/food-ingredients/how-much-yogurt-do-you-need-for-probiotics/,everydayhealth.com,Yogurt and Probiotics: How Much Do You Need Daily?,2026-05-09 19:31:41,reliable,domain everydayhealth.com rated 'high credibility' per MBFC,,,,,
dairy,neutral,yogurt probiotic health impact,2,5,https://www.webmd.com/vitamins/ai/ingredientmono-829/yogurt,webmd.com,"Yogurt - Uses, Side Effects, And More",2026-05-09 19:31:42,reliable,domain webmd.com rated 'high credibility' per MBFC,,,,,
dairy,neutral,yogurt probiotic health impact,2,9,https://www.researchgate.net/publication/280566268_Concise_Review_Importance_of_Probiotics_Yogurt_for_Human_Health_Improvement,researchgate.net,(PDF) Concise Review: Importance of Probiotics Yogurt for ...,2026-05-09 19:31:44,reliable,domain researchgate.net rated 'high credibility' per MBFC,,,,,
dairy,slanted,raw dairy risks,2,5,https://www.ama-assn.org/public-health/prevention-wellness/raw-milk-questions-patients-may-have-and-how-answer,ama-assn.org,Raw milk: Questions patients may have and how to answer,2026-05-09 19:32:24,reliable,domain ama-assn.org rated 'high credibility' per MBFC,,,,,
dairy,slanted,raw dairy risks,3,2,https://www.aap.org/en/news-room/fact-checked/fact-checked-the-dangers-of-drinking-raw-milk/?srsltid=AfmBOop5mVzLsuMjBohsFybFMz0zdjwvKLfLKj7rNEWaxVXMs5QHFj8M,aap.org,Fact Checked: The Dangers of Drinking Raw Milk,2026-05-09 19:32:32,reliable,domain aap.org rated 'high credibility' per MBFC,,,,,
eggs,slanted,egg heart disease risk,1,5,https://www.mayoclinic.org/diseases-conditions/high-blood-cholesterol/expert-answers/cholesterol/faq-20058468,mayoclinic.org,Eggs: Are they good or bad for my cholesterol?,2026-05-09 19:33:39,reliable,domain mayoclinic.org rated 'high credibility' per MBFC,,,,,
eggs,slanted,egg heart disease risk,1,6,https://www.bmj.com/content/368/bmj.m513,bmj.com,Egg consumption and risk of cardiovascular disease,2026-05-09 19:33:43,reliable,domain bmj.com rated 'high credibility' per MBFC,,,,,
eggs,slanted,egg heart disease risk,2,5,https://www.nationalgeographic.com/health/article/egg-yolks-cholesterol-heart-disease,nationalgeographic.com,The truth about egg yolks and cholesterol,2026-05-09 19:33:52,reliable,domain nationalgeographic.com rated 'high credibility' per MBFC,,,,,
eggs,slanted,egg heart disease risk,3,4,https://www.sciencedaily.com/releases/2025/07/250727235827.htm,sciencedaily.com,Eggs are off the hook—study reveals bacon's the real ...,2026-05-09 19:34:02,reliable,domain sciencedaily.com rated 'high credibility' per MBFC,,,,,
eggs,neutral,egg protein consumption,1,10,https://www.everydayhealth.com/diet-nutrition/protein-amount-for-eggs/,everydayhealth.com,How Much Protein Is in an Egg?,2026-05-09 19:34:45,reliable,domain everydayhealth.com rated 'high credibility' per MBFC,,,,,
eggs,neutral,egg protein consumption,3,4,https://www.hopkinsmedicine.org/-/media/bariatrics/nutrition_protein_content_common_foods.pdf,hopkinsmedicine.org,PROTEIN CONTENT OF COMMON FOODS,2026-05-09 19:35:03,reliable,domain hopkinsmedicine.org rated 'high credibility' per MBFC,,,,,
eggs,neutral,egg protein consumption,3,7,https://www.webmd.com/diet/ss/slideshow-more-protein-than-egg,webmd.com,Foods With More Protein Than an Egg,2026-05-09 19:35:03,reliable,domain webmd.com rated 'high credibility' per MBFC,,,,,
eggs,slanted,salmonella egg dangers,1,3,https://www.mayoclinic.org/diseases-conditions/salmonella/symptoms-causes/syc-20355329,mayoclinic.org,Salmonella infection - Symptoms & causes,2026-05-09 19:35:21,reliable,domain mayoclinic.org rated 'high credibility' per MBFC,,,,,
eggs,slanted,salmonella egg dangers,2,6,https://www.scientificamerican.com/article/bird-flu-salmonella-and-other-health-risks-from-raw-eggs-explained/,scientificamerican.com,Can You Get Bird Flu from Eggs? Your Egg Safety ...,2026-05-09 19:35:33,reliable,domain scientificamerican.com rated 'high credibility' per MBFC,,,,,
eggs,slanted,salmonella egg dangers,3,9,https://www.researchgate.net/publication/351425377_Salmonella_in_eggs_From_shopping_to_consumption-A_review_providing_an_evidence-based_analysis_of_risk_factors,researchgate.net,Salmonella in eggs: From shopping to consumption—A ...,2026-05-09 19:35:43,reliable,domain researchgate.net rated 'high credibility' per MBFC,,,,,
eggs,neutral,pasteurized eggs research,1,9,https://www.researchgate.net/publication/366449949_A_review_on_egg_pasteurization_and_disinfection_Traditional_and_novel_processing_technologies,researchgate.net,(PDF) A review on egg pasteurization and disinfection,2026-05-09 19:36:05,reliable,domain researchgate.net rated 'high credibility' per MBFC,,,,,
eggs,neutral,pasteurized eggs research,1,10,https://www.the-scientist.com/pasteurizing-eggs-in-the-shell-researchers-take-strides-against-salmonella-56889,the-scientist.com,Pasteurizing Eggs in the Shell: Researchers Take Strides ...,2026-05-09 19:36:06,reliable,domain the-scientist.com rated 'high credibility' per MBFC,,,,,
eggs,neutral,pasteurized eggs research,3,2,https://www.webmd.com/diet/health-benefits-raw-eggs,webmd.com,Raw Eggs: Are There Health Benefits?,2026-05-09 19:36:21,reliable,domain webmd.com rated 'high credibility' per MBFC,,,,,
eggs,neutral,pasteurized eggs research,3,9,https://www.researchgate.net/publication/354894129_Pasteurization_of_egg_and_egg_products_for_healthy_eating,researchgate.net,Pasteurization of egg and egg products for healthy eating,2026-05-09 19:36:23,reliable,domain researchgate.net rated 'high credibility' per MBFC,,,,,
eggs,slanted,raw egg safety,2,3,https://www.webmd.com/diet/health-benefits-raw-eggs,webmd.com,Raw Eggs: Are There Health Benefits?,2026-05-09 19:37:02,reliable,domain webmd.com rated 'high credibility' per MBFC,,,,,
eggs,slanted,raw egg safety,2,8,https://www.scientificamerican.com/article/bird-flu-salmonella-and-other-health-risks-from-raw-eggs-explained/,scientificamerican.com,Can You Get Bird Flu from Eggs? Your Egg Safety ...,2026-05-09 19:37:04,reliable,domain scientificamerican.com rated 'high credibility' per MBFC,,,,,
sugar,neutral,sugar consumption effects,2,1,https://www.everydayhealth.com/diet-nutrition/potential-signs-youre-eating-too-much-sugar/,everydayhealth.com,12 Potential Signs You're Eating Too Much Sugar,2026-05-09 19:37:51,reliable,domain everydayhealth.com rated 'high credibility' per MBFC,,,,,
sugar,neutral,sugar consumption effects,3,1,https://www.webmd.com/diet/ss/slideshow-effects-cut-added-sugar,webmd.com,What Happens When You Cut Out Added Sugar?,2026-05-09 19:38:01,reliable,domain webmd.com rated 'high credibility' per MBFC,,,,,
sugar,neutral,sugar consumption effects,3,6,https://www.verywellhealth.com/what-happens-if-you-eat-too-much-sugar-11776997,verywellhealth.com,14 Ways Eating Too Much Sugar Can Impact Your Body ...,2026-05-09 19:38:02,reliable,domain verywellhealth.com rated 'high credibility' per MBFC,,,,,
sugar,slanted,sugar addiction risks,1,7,https://www.webmd.com/diet/what-to-know-about-sugar-and-depression,webmd.com,What to Know About Sugar and Depression,2026-05-09 19:38:19,reliable,domain webmd.com rated 'high credibility' per MBFC,,,,,
sugar,slanted,sugar addiction risks,2,1,https://www.medicalnewstoday.com/articles/326575,medicalnewstoday.com,Sugar detox symptoms: Withdrawal and treatments,2026-05-09 19:38:33,reliable,domain medicalnewstoday.com rated 'high credibility' per MBFC,,,,,
sugar,slanted,sugar addiction risks,2,7,https://www.researchgate.net/publication/393669884_Sugar_Addiction_Neural_Mechanisms_and_Health_Implications,researchgate.net,Sugar Addiction: Neural Mechanisms and Health Implications,2026-05-09 19:38:35,reliable,domain researchgate.net rated 'high credibility' per MBFC,,,,,
sugar,slanted,sugar addiction risks,3,5,https://www.dw.com/en/why-sugar-is-unhealthy-and-addictive/a-72493099,dw.com,Why sugar is 'extremely dangerous' for your health,2026-05-09 19:38:44,reliable,domain dw.com rated 'high credibility' per MBFC,,,,,
sugar,neutral,added sugar guidelines,1,4,https://www.who.int/publications/i/item/9789241549028,who.int,Guideline: sugars intake for adults and children,2026-05-09 19:39:03,reliable,domain who.int rated 'high credibility' per MBFC,,,,,
sugar,neutral,added sugar guidelines,1,8,https://www.nature.com/articles/s41538-024-00332-4,nature.com,The time has come to reconsider the quantitative sugar ...,2026-05-09 19:39:10,reliable,domain nature.com rated 'high credibility' per MBFC,,,,,
sugar,neutral,added sugar guidelines,3,7,https://www.hopkinsmedicine.org/health/wellness-and-prevention/prediabetes-diet,hopkinsmedicine.org,Prediabetes Diet,2026-05-09 19:39:29,reliable,domain hopkinsmedicine.org rated 'high credibility' per MBFC,,,,,
sugar,slanted,high fructose corn syrup dangers,2,6,https://www.webmd.com/diet/what-to-know-about-high-fructose-corn-syrup,webmd.com,What to Know About High-Fructose Corn Syrup,2026-05-09 19:40:13,reliable,domain webmd.com rated 'high credibility' per MBFC,,,,,
sugar,slanted,high fructose corn syrup dangers,3,3,https://www.nature.com/scitable/blog/why-science-matters/high_fructose_corn_syrup_kills/,nature.com,"HFCS Kills Baby Giraffes; Myths about sugar, fructose, and ...",2026-05-09 19:40:20,reliable,domain nature.com rated 'high credibility' per MBFC,,,,,
sugar,slanted,high fructose corn syrup dangers,3,10,https://www.medicalnewstoday.com/articles/325315,medicalnewstoday.com,High fructose corn syrup foods: Which to avoid and why,2026-05-09 19:40:22,reliable,domain medicalnewstoday.com rated 'high credibility' per MBFC,,,,,
sugar,neutral,natural sugar vs processed,1,6,https://www.hopkinsmedicine.org/health/wellness-and-prevention/facts-about-sugar-and-sugar-substitutes,hopkinsmedicine.org,Facts About Sugar and Sugar Substitutes,2026-05-09 19:41:40,reliable,domain hopkinsmedicine.org rated 'high credibility' per MBFC,,,,,
sugar,slanted,artificial sweeteners cancer,1,4,https://www.who.int/news/item/14-07-2023-aspartame-hazard-and-risk-assessment-results-released,who.int,Aspartame hazard and risk assessment results released,2026-05-09 19:42:23,reliable,domain who.int rated 'high credibility' per MBFC,,,,,
sugar,slanted,artificial sweeteners cancer,2,4,https://www.mayoclinic.org/healthy-lifestyle/nutrition-and-healthy-eating/in-depth/artificial-sweeteners/art-20046936,mayoclinic.org,Artificial sweeteners and other sugar substitutes,2026-05-09 19:42:33,reliable,domain mayoclinic.org rated 'high credibility' per MBFC,,,,,
sugar,slanted,artificial sweeteners cancer,2,10,https://www.cancer.org/cancer/risk-prevention/chemicals/aspartame.html,cancer.org,Aspartame and Cancer Risk,2026-05-09 19:42:35,reliable,domain cancer.org rated 'high credibility' per MBFC,,,,,
sugar,slanted,artificial sweeteners cancer,3,1,https://www.medicalnewstoday.com/articles/a-chemical-found-in-common-artificial-sweetener-may-cause-dna-damage-cancer,medicalnewstoday.com,"Common artificial sweetener may cause DNA damage, ...",2026-05-09 19:42:42,reliable,domain medicalnewstoday.com rated 'high credibility' per MBFC,,,,,
salt,neutral,sodium intake guidelines,1,2,https://www.who.int/news-room/fact-sheets/detail/sodium-reduction,who.int,Sodium reduction,2026-05-09 19:43:18,reliable,domain who.int rated 'high credibility' per MBFC,,,,,
salt,neutral,sodium intake guidelines,2,5,https://www.hopkinsmedicine.org/all-childrens-hospital/services/pediatric-and-adolescent-medicine/healthy-weight-initiative/resources-for-all-ages/fda-salt-intake-guidelines-kids,hopkinsmedicine.org,FDA New Guidelines on Salt Intake,2026-05-09 19:43:36,reliable,domain hopkinsmedicine.org rated 'high credibility' per MBFC,,,,,
salt,neutral,sodium intake guidelines,2,6,https://www.mayoclinic.org/healthy-lifestyle/nutrition-and-healthy-eating/in-depth/sodium/art-20045479,mayoclinic.org,Sodium: How to tame your salt habit,2026-05-09 19:43:37,reliable,domain mayoclinic.org rated 'high credibility' per MBFC,,,,,
salt,neutral,sodium intake guidelines,3,1,https://www.ama-assn.org/public-health/prevention-wellness/what-doctors-wish-patients-knew-about-sodium-consumption,ama-assn.org,What doctors wish patients knew about sodium consumption,2026-05-09 19:43:45,reliable,domain ama-assn.org rated 'high credibility' per MBFC,,,,,
salt,slanted,salt hypertension risk,2,5,https://www.ama-assn.org/public-health/prevention-wellness/what-doctors-wish-patients-knew-about-sodium-consumption,ama-assn.org,What doctors wish patients knew about sodium consumption,2026-05-09 19:44:12,reliable,domain ama-assn.org rated 'high credibility' per MBFC,,,,,
salt,slanted,salt hypertension risk,2,6,https://www.who.int/tools/elena/interventions/sodium-cvd-adults,who.int,Reducing sodium intake to reduce blood pressure and risk ...,2026-05-09 19:44:12,reliable,domain who.int rated 'high credibility' per MBFC,,,,,
salt,slanted,salt hypertension risk,3,8,https://www.hopkinsmedicine.org/health/wellness-and-prevention/low-sodium-diet-and-lifestyle-changes-for-high-blood-pressure,hopkinsmedicine.org,Low Sodium Diet and Lifestyle Changes for High Blood ...,2026-05-09 19:44:22,reliable,domain hopkinsmedicine.org rated 'high credibility' per MBFC,,,,,
salt,neutral,iodized salt diet,1,3,https://www.webmd.com/diet/what-is-iodized-salt,webmd.com,"Iodized Salt: What It Is, Its Benefits and ...",2026-05-09 19:44:46,reliable,domain webmd.com rated 'high credibility' per MBFC,,,,,
salt,neutral,iodized salt diet,1,8,https://www.who.int/tools/elena/interventions/salt-iodization,who.int,Iodization of salt for the prevention and control of iodine ...,2026-05-09 19:44:56,reliable,domain who.int rated 'high credibility' per MBFC,,,,,
salt,slanted,sea salt heavy metals,2,6,https://www.researchgate.net/figure/The-concentration-of-heavy-metals-in-refined-salt-sea-and-rock-salt-and-mg-g_tbl1_350922364,researchgate.net,"The concentration of heavy metals in refined salt, sea, and ...",2026-05-09 19:46:53,reliable,domain researchgate.net rated 'high credibility' per MBFC,,,,,
salt,slanted,sea salt heavy metals,2,9,https://www.consumerlab.com/answers/what-are-the-health-benefits-and-safety-of-himalayan-salt/himalayan-salt-specialty-salt/,consumerlab.com,Himalayan Salt Health Benefits,2026-05-09 19:46:54,reliable,domain consumerlab.com rated 'high credibility' per MBFC,,,,,
salt,neutral,low sodium diet research,1,2,https://www.who.int/news-room/fact-sheets/detail/sodium-reduction,who.int,Sodium reduction,2026-05-09 19:47:20,reliable,domain who.int rated 'high credibility' per MBFC,,,,,
salt,neutral,low sodium diet research,1,10,https://www.hopkinsmedicine.org/health/wellness-and-prevention/low-sodium-diet-and-lifestyle-changes-for-high-blood-pressure,hopkinsmedicine.org,Low Sodium Diet and Lifestyle Changes for High Blood ...,2026-05-09 19:47:25,reliable,domain hopkinsmedicine.org rated 'high credibility' per MBFC,,,,,
salt,neutral,low sodium diet research,2,1,https://www.bmj.com/content/368/bmj.m315,bmj.com,Effect of dose and duration of reduction in dietary sodium ...,2026-05-09 19:47:32,reliable,domain bmj.com rated 'high credibility' per MBFC,,,,,
salt,neutral,low sodium diet research,2,3,https://www.nejm.org/doi/full/10.1056/NEJM200101043440101,nejm.org,Effects on Blood Pressure of Reduced Dietary Sodium and ...,2026-05-09 19:47:33,reliable,domain nejm.org rated 'high credibility' per MBFC,,,,,
salt,neutral,low sodium diet research,3,4,https://www.thelancet.com/article/S0140-6736(22)00369-5/fulltext,thelancet.com,Reduction of dietary sodium to less than 100 mmol in heart ...,2026-05-09 19:47:43,reliable,domain thelancet.com rated 'high credibility' per MBFC,,,,,
salt,neutral,low sodium diet research,3,10,https://www.researchgate.net/publication/51565847_Should_we_now_abandon_the_low-salt_diet,researchgate.net,(PDF) Should we now abandon the low-salt diet?,2026-05-09 19:47:45,reliable,domain researchgate.net rated 'high credibility' per MBFC,,,,,
salt,slanted,salt heart disease,1,7,https://www.thelancet.com/journals/lancet/article/PIIS0140-6736(18)31724-0/fulltext,thelancet.com,Salt and heart disease: a second round of “bad science”?,2026-05-09 19:48:05,reliable,domain thelancet.com rated 'high credibility' per MBFC,,,,,
salt,slanted,salt heart disease,2,1,https://www.who.int/tools/elena/interventions/sodium-cvd-adults,who.int,Reducing sodium intake to reduce blood pressure and risk ...,2026-05-09 19:48:15,reliable,domain who.int rated 'high credibility' per MBFC,,,,,
salt,slanted,salt heart disease,2,2,https://www.nature.com/articles/s41569-018-0004-1,nature.com,Role of salt intake in prevention of cardiovascular disease,2026-05-09 19:48:16,reliable,domain nature.com rated 'high credibility' per MBFC,,,,,
salt,slanted,salt heart disease,3,8,https://www.everydayhealth.com/heart-failure/how-much-sodium-consume-you-have-congestive-heart-failure/,everydayhealth.com,How Much Salt Should You Eat if You Have Congestive ...,2026-05-09 19:48:28,reliable,domain everydayhealth.com rated 'high credibility' per MBFC,,,,,
caffeine,neutral,caffeine health impact,1,3,https://www.ama-assn.org/public-health/prevention-wellness/what-doctors-wish-patients-knew-about-impact-caffeine,ama-assn.org,What doctors wish patients knew about the impact of caffeine,2026-05-09 19:48:46,reliable,domain ama-assn.org rated 'high credibility' per MBFC,,,,,
caffeine,neutral,caffeine health impact,1,5,https://www.mayoclinic.org/healthy-lifestyle/nutrition-and-healthy-eating/in-depth/caffeine/art-20045678,mayoclinic.org,Caffeine: How much is too much?,2026-05-09 19:48:52,reliable,domain mayoclinic.org rated 'high credibility' per MBFC,,,,,
caffeine,neutral,caffeine health impact,1,8,https://www.webmd.com/diet/how-caffeine-affects-your-body,webmd.com,How Does Caffeine Affect Your Body?,2026-05-09 19:48:54,reliable,domain webmd.com rated 'high credibility' per MBFC,,,,,
caffeine,neutral,caffeine health impact,2,1,https://www.hopkinsmedicine.org/health/wellness-and-prevention/9-reasons-why-the-right-amount-of-coffee-is-good-for-you,hopkinsmedicine.org,9 Reasons Why (the Right Amount of) Coffee Is Good for You,2026-05-09 19:49:01,reliable,domain hopkinsmedicine.org rated 'high credibility' per MBFC,,,,,
caffeine,neutral,caffeine health impact,2,5,https://www.psychologytoday.com/us/blog/the-basics-of-childrens-mental-health/202406/health-impacts-of-caffeine-overuse-in-youth,psychologytoday.com,Health Impacts of Caffeine Overuse in Youth,2026-05-09 19:49:03,reliable,domain psychologytoday.com rated 'high credibility' per MBFC,,,,,
caffeine,neutral,caffeine health impact,3,2,https://www.sciencedaily.com/releases/2026/05/260502233911.htm,sciencedaily.com,Scientists just discovered what coffee is really doing to your ...,2026-05-09 19:49:11,reliable,domain sciencedaily.com rated 'high credibility' per MBFC,,,,,
caffeine,neutral,caffeine health impact,3,9,https://www.webmd.com/vitamins/ai/ingredientmono-979/caffeine,webmd.com,"Caffeine - Uses, Side Effects, and More",2026-05-09 19:49:12,reliable,domain webmd.com rated 'high credibility' per MBFC,,,,,
caffeine,slanted,caffeine anxiety risks,1,5,https://www.ama-assn.org/public-health/prevention-wellness/what-doctors-wish-patients-knew-about-impact-caffeine,ama-assn.org,What doctors wish patients knew about the impact of caffeine,2026-05-09 19:49:38,reliable,domain ama-assn.org rated 'high credibility' per MBFC,,,,,
caffeine,slanted,caffeine anxiety risks,1,7,https://www.nature.com/articles/s41398-025-03668-x,nature.com,Effects of caffeine on neuroinflammation in anxiety and ...,2026-05-09 19:49:40,reliable,domain nature.com rated 'high credibility' per MBFC,,,,,
caffeine,slanted,caffeine anxiety risks,2,1,https://www.mayoclinic.org/healthy-lifestyle/nutrition-and-healthy-eating/expert-answers/coffee-and-health/faq-20058339,mayoclinic.org,Coffee and health: What does the research say?,2026-05-09 19:49:46,reliable,domain mayoclinic.org rated 'high credibility' per MBFC,,,,,
caffeine,slanted,caffeine anxiety risks,2,5,https://www.webmd.com/balance/features/brewing-trouble,webmd.com,Brewing Trouble,2026-05-09 19:49:48,reliable,domain webmd.com rated 'high credibility' per MBFC,,,,,
caffeine,slanted,caffeine anxiety risks,2,9,https://www.cambridge.org/core/journals/advances-in-psychiatric-treatment/article/neuropsychiatric-effects-of-caffeine/7C884B2106D772F02DA114C1B75D4EBF,cambridge.org,Neuropsychiatric effects of caffeine,2026-05-09 19:49:49,reliable,domain cambridge.org rated 'nan' per MBFC,,,,,
caffeine,slanted,caffeine anxiety risks,2,10,https://www.medicalnewstoday.com/articles/anxiety-and-caffeine,medicalnewstoday.com,Does caffeine cause anxiety?,2026-05-09 19:49:49,reliable,domain medicalnewstoday.com rated 'high credibility' per MBFC,,,,,
caffeine,slanted,caffeine anxiety risks,3,1,https://www.mayoclinic.org/healthy-lifestyle/nutrition-and-healthy-eating/expert-answers/coffee-and-health/faq-20058339,mayoclinic.org,Coffee and health: What does the research say?,2026-05-09 19:49:56,reliable,domain mayoclinic.org rated 'high credibility' per MBFC,,,,,
caffeine,slanted,caffeine anxiety risks,3,8,https://www.researchgate.net/publication/377920885_Caffeine_intake_and_anxiety_a_meta-analysis,researchgate.net,(PDF) Caffeine intake and anxiety: a meta-analysis,2026-05-09 19:49:58,reliable,domain researchgate.net rated 'high credibility' per MBFC,,,,,
caffeine,neutral,coffee antioxidant research,1,8,https://www.hopkinsmedicine.org/health/wellness-and-prevention/9-reasons-why-the-right-amount-of-coffee-is-good-for-you,hopkinsmedicine.org,9 Reasons Why (the Right Amount of) Coffee Is Good for You,2026-05-09 19:51:29,reliable,domain hopkinsmedicine.org rated 'high credibility' per MBFC,,,,,
caffeine,neutral,coffee antioxidant research,1,9,https://www.researchgate.net/publication/309301823_Study_of_Antioxidant_Effects_of_Selected_Types_of_Coffee,researchgate.net,Study of Antioxidant Effects of Selected Types of Coffee,2026-05-09 19:51:30,reliable,domain researchgate.net rated 'high credibility' per MBFC,,,,,
caffeine,neutral,coffee antioxidant research,3,5,https://www.verywellhealth.com/healthiest-ways-to-drink-your-coffee-11937288,verywellhealth.com,"7 Healthiest Ways to Drink Coffee for Maximum Benefits, ...",2026-05-09 19:51:48,reliable,domain verywellhealth.com rated 'high credibility' per MBFC,,,,,
caffeine,neutral,coffee antioxidant research,3,7,https://www.nature.com/articles/s41467-026-71264-8,nature.com,Habitual coffee intake shapes the gut microbiome and ...,2026-05-09 19:51:49,reliable,domain nature.com rated 'high credibility' per MBFC,,,,,
caffeine,neutral,coffee antioxidant research,3,9,https://www.researchgate.net/publication/389390010_Coffee_as_a_Source_of_Antioxidants_and_an_Elixir_of_Youth,researchgate.net,Coffee as a Source of Antioxidants and an Elixir of Youth,2026-05-09 19:51:49,reliable,domain researchgate.net rated 'high credibility' per MBFC,,,,,
caffeine,slanted,energy drink dangers,1,4,https://www.webmd.com/diet/energy-drinks,webmd.com,"Energy Drinks: Side Effects, Ingredients, and Alternatives",2026-05-09 19:52:35,reliable,domain webmd.com rated 'high credibility' per MBFC,,,,,
caffeine,slanted,energy drink dangers,2,2,https://www.hopkinsmedicine.org/health/wellness-and-prevention/energy-drinks-and-kids,hopkinsmedicine.org,Energy Drinks and Kids: What You Need to Know,2026-05-09 19:52:45,reliable,domain hopkinsmedicine.org rated 'high credibility' per MBFC,,,,,
caffeine,slanted,energy drink dangers,2,5,https://www.verywellhealth.com/what-do-energy-drinks-do-to-your-body-11780293,verywellhealth.com,7 Ways Drinking Energy Drinks Regularly Can Affect Your ...,2026-05-09 19:52:46,reliable,domain verywellhealth.com rated 'high credibility' per MBFC,,,,,
caffeine,neutral,tea health effects,1,5,https://www.webmd.com/diet/tea-health-benefits,webmd.com,Are There Health Benefits to Drinking Tea?,2026-05-09 19:53:21,reliable,domain webmd.com rated 'high credibility' per MBFC,,,,,
caffeine,neutral,tea health effects,1,7,https://www.nationalgeographic.com/science/article/how-tea-affects-body,nationalgeographic.com,Here's what happens to your body when you drink tea,2026-05-09 19:53:23,reliable,domain nationalgeographic.com rated 'high credibility' per MBFC,,,,,
caffeine,neutral,tea health effects,2,1,https://www.nationalgeographic.com/science/article/how-tea-affects-body,nationalgeographic.com,Here's what happens to your body when you drink tea,2026-05-09 19:53:32,reliable,domain nationalgeographic.com rated 'high credibility' per MBFC,,,,,
caffeine,neutral,tea health effects,3,2,https://www.researchgate.net/publication/262976928_Tea_and_Its_Consumption_Benefits_and_Risks,researchgate.net,(PDF) Tea and Its Consumption: Benefits and Risks,2026-05-09 19:53:43,reliable,domain researchgate.net rated 'high credibility' per MBFC,,,,,
caffeine,neutral,tea health effects,3,7,https://www.webmd.com/vitamins/ai/ingredientmono-997/black-tea,webmd.com,"Black Tea - Uses, Side Effects, and More",2026-05-09 19:53:44,reliable,domain webmd.com rated 'high credibility' per MBFC,,,,,
caffeine,slanted,caffeine addiction,1,5,https://www.webmd.com/diet/caffeine-myths-and-facts,webmd.com,Caffeine Myths and Facts,2026-05-09 19:54:11,reliable,domain webmd.com rated 'high credibility' per MBFC,,,,,
caffeine,slanted,caffeine addiction,1,6,https://www.ama-assn.org/public-health/prevention-wellness/what-doctors-wish-patients-knew-about-impact-caffeine,ama-assn.org,What doctors wish patients knew about the impact of caffeine,2026-05-09 19:54:12,reliable,domain ama-assn.org rated 'high credibility' per MBFC,,,,,
caffeine,slanted,caffeine addiction,2,5,https://www.ama-assn.org/public-health/prevention-wellness/what-doctors-wish-patients-knew-about-impact-caffeine,ama-assn.org,What doctors wish patients knew about the impact of caffeine,2026-05-09 19:54:23,reliable,domain ama-assn.org rated 'high credibility' per MBFC,,,,,
alcohol,neutral,moderate alcohol consumption health impact,1,4,https://www.mayoclinic.org/healthy-lifestyle/nutrition-and-healthy-eating/in-depth/alcohol/art-20044551,mayoclinic.org,Alcohol use: Weighing risks and benefits,2026-05-09 19:54:51,reliable,domain mayoclinic.org rated 'high credibility' per MBFC,,,,,
alcohol,neutral,moderate alcohol consumption health impact,1,6,https://www.who.int/europe/news/item/04-01-2023-no-level-of-alcohol-consumption-is-safe-for-our-health,who.int,No level of alcohol consumption is safe for our health,2026-05-09 19:54:52,reliable,domain who.int rated 'high credibility' per MBFC,,,,,
alcohol,neutral,moderate alcohol consumption health impact,1,9,https://www.hopkinsmedicine.org/health/wellness-and-prevention/alcohol-and-heart-health-separating-fact-from-fiction,hopkinsmedicine.org,Alcohol and Heart Health: Separating Fact from Fiction,2026-05-09 19:54:57,reliable,domain hopkinsmedicine.org rated 'high credibility' per MBFC,,,,,
alcohol,neutral,moderate alcohol consumption health impact,2,2,https://www.nature.com/articles/s41598-022-11427-x,nature.com,The effects of modest drinking on life expectancy and ...,2026-05-09 19:55:05,reliable,domain nature.com rated 'high credibility' per MBFC,,,,,
alcohol,neutral,moderate alcohol consumption health impact,2,3,https://www.everydayhealth.com/diet-nutrition/is-moderate-drinking-good-or-bad-for-you/,everydayhealth.com,Moderate Drinking: What Are the Benefits and Risks?,2026-05-09 19:55:05,reliable,domain everydayhealth.com rated 'high credibility' per MBFC,,,,,
alcohol,neutral,moderate alcohol consumption health impact,2,4,https://www.thelancet.com/journals/lanrhe/article/PIIS2665-9913(23)00073-5/fulltext,thelancet.com,"Alcohol and health: all, none, or somewhere in-between?",2026-05-09 19:55:05,reliable,domain thelancet.com rated 'high credibility' per MBFC,,,,,
alcohol,neutral,moderate alcohol consumption health impact,2,8,https://www.medicalnewstoday.com/articles/even-a-little-alcohol-here-and-there-damages-brain-health,medicalnewstoday.com,Brain health: Even a little alcohol impairs brain blood flow,2026-05-09 19:55:06,reliable,domain medicalnewstoday.com rated 'high credibility' per MBFC,,,,,
alcohol,neutral,moderate alcohol consumption health impact,3,4,https://www.webmd.com/diet/ss/slideshow-alcohol-health-benefits,webmd.com,Surprising Ways Alcohol May Be Good for You,2026-05-09 19:55:14,reliable,domain webmd.com rated 'high credibility' per MBFC,,,,,
alcohol,neutral,moderate alcohol consumption health impact,3,7,https://www.statnews.com/2025/01/14/alcohol-health-effects-new-federal-report-says-single-drink-daily-raises-risk/,statnews.com,New federal report finds even moderate alcohol use carries risk,2026-05-09 19:55:15,reliable,domain statnews.com rated 'high credibility' per MBFC,,,,,
alcohol,slanted,alcohol liver disease risk,1,6,https://www.abc.net.au/news/health/2026-04-03/heavy-drinking-fatty-liver-disease/106499570,abc.net.au,Occasional heavy drinking may triple liver damage risk for ...,2026-05-09 19:55:31,reliable,domain abc.net.au rated 'high credibility' per MBFC,,,,,
alcohol,slanted,alcohol liver disease risk,1,7,https://www.hopkinsmedicine.org/health/conditions-and-diseases/alcoholinduced-liver-disease,hopkinsmedicine.org,Alcohol-Associated Liver Disease,2026-05-09 19:55:35,reliable,domain hopkinsmedicine.org rated 'high credibility' per MBFC,,,,,
alcohol,slanted,alcohol liver disease risk,3,1,https://www.mayoclinic.org/diseases-conditions/cirrhosis/symptoms-causes/syc-20351487,mayoclinic.org,Cirrhosis - Symptoms and causes,2026-05-09 19:56:08,reliable,domain mayoclinic.org rated 'high credibility' per MBFC,,,,,
alcohol,slanted,alcohol liver disease risk,3,7,https://www.medicalnewstoday.com/articles/215638,medicalnewstoday.com,"Alcohol-related liver disease: Stages, symptoms, and ...",2026-05-09 19:56:10,reliable,domain medicalnewstoday.com rated 'high credibility' per MBFC,,,,,
alcohol,neutral,wine heart health,1,1,https://www.mayoclinic.org/diseases-conditions/heart-disease/in-depth/red-wine/art-20048281,mayoclinic.org,Red wine and resveratrol: Good for your heart?,2026-05-09 19:56:27,reliable,domain mayoclinic.org rated 'high credibility' per MBFC,,,,,
alcohol,neutral,wine heart health,1,6,https://www.hopkinsmedicine.org/health/wellness-and-prevention/alcohol-and-heart-health-separating-fact-from-fiction,hopkinsmedicine.org,Alcohol and Heart Health: Separating Fact from Fiction,2026-05-09 19:56:55,reliable,domain hopkinsmedicine.org rated 'high credibility' per MBFC,,,,,
alcohol,neutral,wine heart health,3,1,https://nautil.us/if-youre-going-to-drink-make-it-this-kind-of-alcohol-1279091,nautil.us,"If You're Going to Drink, Make It This Kind of Alcohol",2026-05-09 19:57:12,reliable,domain nautil.us rated 'nan' per MBFC,,,,,
alcohol,slanted,binge drinking dangers,1,5,https://www.webmd.com/mental-health/addiction/binge-drinking,webmd.com,"Binge Drinking: Health Effects, Signs, and Prevention",2026-05-09 19:57:30,reliable,domain webmd.com rated 'high credibility' per MBFC,,,,,
alcohol,slanted,binge drinking dangers,3,5,https://www.mayoclinic.org/diseases-conditions/alcohol-use-disorder/symptoms-causes/syc-20369243,mayoclinic.org,Alcohol use disorder - Symptoms and causes,2026-05-09 19:57:49,reliable,domain mayoclinic.org rated 'high credibility' per MBFC,,,,,
alcohol,neutral,beer nutrition research,1,3,https://www.sciencealert.com/does-beer-have-a-surprising-health-benefit-heres-what-the-science-says,sciencealert.com,Does Beer Have a 'Surprising Health Benefit'? Here's What ...,2026-05-09 19:58:07,reliable,domain sciencealert.com rated 'high credibility' per MBFC,,,,,
alcohol,neutral,beer nutrition research,1,6,https://www.webmd.com/diet/beer-good-for-you,webmd.com,Beer: Is It Good for You?,2026-05-09 19:58:09,reliable,domain webmd.com rated 'high credibility' per MBFC,,,,,
alcohol,neutral,beer nutrition research,2,3,https://www.researchgate.net/publication/349926691_Moderate_Consumption_of_Beer_and_Its_Effects_on_Cardiovascular_and_Metabolic_Health_An_Updated_Review_of_Recent_Scientific_Evidence,researchgate.net,(PDF) Moderate Consumption of Beer and Its Effects on ...,2026-05-09 19:58:19,reliable,domain researchgate.net rated 'high credibility' per MBFC,,,,,
alcohol,neutral,beer nutrition research,2,7,https://www.medicalnewstoday.com/articles/is-beer-healthy,medicalnewstoday.com,Is beer healthy? How much should people drink?,2026-05-09 19:58:20,reliable,domain medicalnewstoday.com rated 'high credibility' per MBFC,,,,,
alcohol,neutral,beer nutrition research,2,9,https://www.verywellfit.com/diet-friendly-beer-choices-3495641,verywellfit.com,Beer Nutrition Facts and Health Benefits,2026-05-09 19:58:21,reliable,domain verywellfit.com rated 'high credibility' per MBFC,,,,,
alcohol,slanted,alcohol cancer risk,1,2,https://www.who.int/europe/news-room/fact-sheets/item/alcohol-and-cancer,who.int,Alcohol and cancer,2026-05-09 19:58:41,reliable,domain who.int rated 'high credibility' per MBFC,,,,,
alcohol,slanted,alcohol cancer risk,1,7,https://www.hopkinsmedicine.org/health/expert-qa/alcohol-and-cancer-risk,hopkinsmedicine.org,Alcohol and Cancer Risk,2026-05-09 19:58:53,reliable,domain hopkinsmedicine.org rated 'high credibility' per MBFC,,,,,
alcohol,slanted,alcohol cancer risk,2,5,https://www.cancer.org/cancer/risk-prevention/diet-physical-activity/alcohol-use-and-cancer.html,cancer.org,Alcohol Use and Cancer,2026-05-09 19:59:03,reliable,domain cancer.org rated 'high credibility' per MBFC,,,,,
alcohol,slanted,alcohol cancer risk,2,6,https://www.nature.com/articles/d41586-025-00729-5,nature.com,Alcohol and cancer risk: what you need to know,2026-05-09 19:59:02,reliable,domain nature.com rated 'high credibility' per MBFC,,,,,
alcohol,slanted,alcohol cancer risk,2,9,https://www.thelancet.com/journals/lanpub/article/PIIS2468-2667(22)00317-6/fulltext,thelancet.com,Health and cancer risks associated with low levels of ...,2026-05-09 19:59:03,reliable,domain thelancet.com rated 'high credibility' per MBFC,,,,,
fast_food,neutral,food safety regulations,1,5,https://www.who.int/news-room/fact-sheets/detail/food-safety,who.int,Food safety,2026-05-09 19:59:53,reliable,domain who.int rated 'high credibility' per MBFC,,,,,
fast_food,neutral,food safety regulations,3,4,https://www.who.int/health-topics/food-safety,who.int,Food Safety,2026-05-09 20:00:13,reliable,domain who.int rated 'high credibility' per MBFC,,,,,
fast_food,slanted,fast food obesity,1,4,https://www.medicalnewstoday.com/articles/324847,medicalnewstoday.com,"Fast food effects: Short-term, long-term, and how to eat less",2026-05-09 20:01:31,reliable,domain medicalnewstoday.com rated 'high credibility' per MBFC,,,,,
fast_food,slanted,fast food obesity,2,4,https://www.nber.org/bah/2009no1/do-fast-food-restaurants-contribute-obesity,nber.org,Do Fast Food Restaurants Contribute to Obesity?,2026-05-09 20:01:47,reliable,domain nber.org rated 'high credibility' per MBFC,,,,,
fast_food,slanted,fast food obesity,3,8,https://www.verywellhealth.com/what-happens-if-you-eat-fast-food-every-day-11860552,verywellhealth.com,What Happens to Your Body When You Eat Fast Food ...,2026-05-09 20:01:59,reliable,domain verywellhealth.com rated 'high credibility' per MBFC,,,,,
fast_food,neutral,restaurant calorie labeling,1,7,https://www.sagepub.com/explore-our-content/blogs/posts/sage-perspectives/2025/05/07/when-and-why-calorie-labeling-on-menus-can-backfire,sagepub.com,When and why calorie labeling on menus can backfire,2026-05-09 20:02:35,reliable,domain sagepub.com rated 'nan' per MBFC,,,,,
fast_food,neutral,restaurant calorie labeling,1,10,https://www.euronews.com/health/2025/10/08/calorie-labelling-rules-on-menus-dont-prompt-restaurants-to-make-healthy-changes-study-fin,euronews.com,Calorie labelling rules on menus don't prompt restaurants ...,2026-05-09 20:02:37,reliable,domain euronews.com rated 'high credibility' per MBFC,,,,,
fast_food,neutral,restaurant calorie labeling,2,7,https://www.healthaffairs.org/content/briefs/fda-s-menu-labeling-rule-updated,healthaffairs.org,The FDA's Menu-Labeling Rule (Updated),2026-05-09 20:02:51,reliable,domain healthaffairs.org rated 'high credibility' per MBFC,,,,,
fast_food,neutral,restaurant calorie labeling,2,9,https://www.rand.org/pubs/research_reports/RR1957.html,rand.org,Examining Consumer Responses to Calorie Information on ...,2026-05-09 20:02:52,reliable,domain rand.org rated 'high credibility' per MBFC,,,,,
fast_food,neutral,restaurant calorie labeling,3,4,https://www.bmj.com/content/367/bmj.l5837,bmj.com,Estimating the effect of calorie menu labeling on ...,2026-05-09 20:03:00,reliable,domain bmj.com rated 'high credibility' per MBFC,,,,,
fast_food,neutral,restaurant calorie labeling,3,6,https://www.researchgate.net/publication/376578395_Menu_Labeling_and_Calories_Purchased_in_Restaurants_in_a_US_National_Fast_Food_Chain,researchgate.net,Menu Labeling and Calories Purchased in Restaurants ...,2026-05-09 20:03:01,reliable,domain researchgate.net rated 'high credibility' per MBFC,,,,,
fast_food,slanted,food additive dangers,1,3,https://www.bmj.com/content/392/bmj-2025-084917,bmj.com,Intake of food additive preservatives and incidence of cancer,2026-05-09 20:03:15,reliable,domain bmj.com rated 'high credibility' per MBFC,,,,,
fast_food,slanted,food additive dangers,2,1,https://www.who.int/news-room/fact-sheets/detail/food-additives,who.int,Food additives,2026-05-09 20:03:37,reliable,domain who.int rated 'high credibility' per MBFC,,,,,
fast_food,neutral,food processing research,1,4,https://www.nature.com/collections/giafiaegda,nature.com,Food processing,2026-05-09 20:04:05,reliable,domain nature.com rated 'high credibility' per MBFC,,,,,
fast_food,neutral,food processing research,2,5,https://www.sciencemediacentre.org/expert-reaction-to-clinical-consensus-statement-on-ultra-processed-foods-and-cardiovascular-diseases/,sciencemediacentre.org,expert reaction to clinical consensus statement on ultra ...,2026-05-09 20:04:15,reliable,domain sciencemediacentre.org rated 'nan' per MBFC,,,,,
fast_food,neutral,food processing research,3,8,https://ourworldindata.org/environmental-impacts-of-food,ourworldindata.org,Environmental Impacts of Food Production,2026-05-09 20:04:26,reliable,domain ourworldindata.org rated 'high credibility' per MBFC,,,,,
fast_food,slanted,fast food antibiotic meat,2,5,https://www.consumerreports.org/overuse-of-antibiotics/most-fast-food-chains-still-serve-beef-raised-with-antibiotics/,consumerreports.org,Fast-Food Chains Serve Beef Raised With Antibiotics,2026-05-09 20:04:58,reliable,domain consumerreports.org rated 'high credibility' per MBFC,,,,,
fast_food,slanted,fast food antibiotic meat,3,7,https://www.thrillist.com/news/nation/antibiotics-beef-fast-food-restaurants-grades,thrillist.com,Antibiotics in Beef: Which Fast Food Restaurants Got ...,2026-05-09 20:05:09,reliable,domain thrillist.com rated 'high credibility' per MBFC,,,,,
fast_food,slanted,fast food antibiotic meat,3,8,https://www.latimes.com/business/la-fi-antibiotics-fast-food-20160919-snap-htmlstory.html,latimes.com,Which fast-food chains served the meat and held ...,2026-05-09 20:05:09,reliable,domain latimes.com rated 'high credibility' per MBFC,,,,,
organic_food,neutral,organic food diet facts,1,2,https://www.mayoclinic.org/healthy-lifestyle/nutrition-and-healthy-eating/in-depth/organic-food/art-20043880,mayoclinic.org,Organic foods: Are they safer? More nutritious?,2026-05-09 20:05:31,reliable,domain mayoclinic.org rated 'high credibility' per MBFC,,,,,
organic_food,neutral,organic food diet facts,2,10,https://www.un.org/en/climatechange/science/climate-issues/food,un.org,Food and Climate Change: Healthy diets for a healthier ...,2026-05-09 20:05:47,reliable,domain un.org rated 'high credibility' per MBFC,,,,,
organic_food,neutral,organic food diet facts,3,6,https://www.everydayhealth.com/food-ingredients/advantages-disadvantages-of-organic-foods/,everydayhealth.com,What Are the Pros and Cons of Eating Organic Foods?,2026-05-09 20:05:55,reliable,domain everydayhealth.com rated 'high credibility' per MBFC,,,,,
organic_food,slanted,organic food scam,1,1,https://www.acsh.org/news/2025/03/18/organic-agriculture-52-billion-hoax-49337,acsh.org,'Organic' Agriculture: The $52 Billion Hoax,2026-05-09 20:06:17,reliable,domain acsh.org rated 'high credibility' per MBFC,,,,,
organic_food,slanted,organic food scam,1,3,https://www.newyorker.com/magazine/2021/11/15/the-great-organic-food-fraud,newyorker.com,The Great Organic-Food Fraud,2026-05-09 20:06:17,reliable,domain newyorker.com rated 'high credibility' per MBFC,,,,,
organic_food,slanted,organic food scam,1,4,https://geneticliteracyproject.org/2025/10/10/viewpoint-the-organic-foods-industry-is-a-180-billion-marketing-fraud/,geneticliteracyproject.org,Viewpoint: The organic food industry is a $180 billion ...,2026-05-09 20:06:18,reliable,domain geneticliteracyproject.org rated 'high credibility' per MBFC,,,,,
organic_food,slanted,organic food scam,1,8,https://www.mayoclinic.org/healthy-lifestyle/nutrition-and-healthy-eating/in-depth/organic-food/art-20043880,mayoclinic.org,Organic foods: Are they safer? More nutritious?,2026-05-09 20:06:37,reliable,domain mayoclinic.org rated 'high credibility' per MBFC,,,,,
organic_food,slanted,organic food scam,3,3,https://www.hoover.org/research/organic-food-hoax,hoover.org,The Organic Food Hoax,2026-05-09 20:06:52,reliable,domain hoover.org rated 'high credibility' per MBFC,,,,,
organic_food,slanted,organic farming pesticides,1,6,https://www.agdaily.com/technology/the-list-of-pesticides-approved-for-organic-production/,agdaily.com,The list of organic pesticides approved by the USDA,2026-05-09 20:08:15,reliable,domain agdaily.com rated 'high credibility' per MBFC,,,,,
organic_food,slanted,organic farming pesticides,2,5,https://geneticliteracyproject.org/2022/02/04/myth-busting-on-pesticides-despite-demonization-organic-farmers-widely-use-them/,geneticliteracyproject.org,"Myth busting on pesticides: Despite demonization, organic ...",2026-05-09 20:08:26,reliable,domain geneticliteracyproject.org rated 'high credibility' per MBFC,,,,,
organic_food,slanted,organic farming pesticides,2,6,https://www.science.org/doi/10.1126/science.adf2572,science.org,Spillover effects of organic agriculture on pesticide use ...,2026-05-09 20:08:26,reliable,domain science.org rated 'high credibility' per MBFC,,,,,
organic_food,slanted,organic farming pesticides,2,9,https://www.mayoclinic.org/healthy-lifestyle/nutrition-and-healthy-eating/in-depth/organic-food/art-20043880,mayoclinic.org,Organic foods: Are they safer? More nutritious?,2026-05-09 20:08:27,reliable,domain mayoclinic.org rated 'high credibility' per MBFC,,,,,
tap_water,slanted,lead in tap water,1,8,https://www.who.int/publications/i/item/9789240020863,who.int,"Lead in drinking-water: Health risks, monitoring and ...",2026-05-09 20:10:09,reliable,domain who.int rated 'high credibility' per MBFC,,,,,
tap_water,neutral,water quality regulations,1,2,https://www.who.int/teams/environment-climate-change-and-health/water-sanitation-and-health/water-safety-and-quality/drinking-water-quality-regulation,who.int,Drinking-water quality regulation,2026-05-09 20:14:50,reliable,domain who.int rated 'high credibility' per MBFC,,,,,
tap_water,neutral,water quality regulations,1,5,https://www.who.int/teams/environment-climate-change-and-health/water-sanitation-and-health/water-safety-and-quality/drinking-water-quality-guidelines,who.int,Drinking-water quality guidelines,2026-05-09 20:14:52,reliable,domain who.int rated 'high credibility' per MBFC,,,,,
tap_water,neutral,water quality regulations,2,8,https://www.who.int/publications/i/item/9789240023642,who.int,A global overview of national regulations and standards for ...,2026-05-09 20:15:10,reliable,domain who.int rated 'high credibility' per MBFC,,,,,
tap_water,slanted,chlorine water dangers,2,6,https://www.webmd.com/first-aid/what-to-know-about-chlorine,webmd.com,"Chlorine: Uses, Benefits, & Poisoning Risks",2026-05-09 20:16:07,reliable,domain webmd.com rated 'high credibility' per MBFC,,,,,
tap_water,slanted,chlorine water dangers,3,5,https://www.researchgate.net/publication/336532964_HEALTH_EFFECTS_OF_CHLORINATED_WATER_A_REVIEW_ARTICLE,researchgate.net,health effects of chlorinated water: a review article,2026-05-09 20:16:21,reliable,domain researchgate.net rated 'high credibility' per MBFC,,,,,
tap_water,neutral,fluoridated water consumption,1,6,https://www.who.int/publications/i/item/WHO-CED-PHE-EPE-19.4.5,who.int,Inadequate or excess fluoride: a major public health concern,2026-05-09 20:16:49,reliable,domain who.int rated 'high credibility' per MBFC,,,,,
tap_water,neutral,fluoridated water consumption,1,9,https://www.cancer.org/cancer/risk-prevention/chemicals/water-fluoridation-and-cancer-risk.html,cancer.org,Fluoride in Water: Is There a Cancer Risk?,2026-05-09 20:16:50,reliable,domain cancer.org rated 'high credibility' per MBFC,,,,,
tap_water,neutral,fluoridated water consumption,2,4,https://www.scientificamerican.com/article/fluoride-in-drinking-water-is-safe-heres-the-evidence/,scientificamerican.com,What the Evidence Says about Fluoride in Drinking Water,2026-05-09 20:17:02,reliable,domain scientificamerican.com rated 'high credibility' per MBFC,,,,,
tap_water,neutral,fluoridated water consumption,3,9,https://www.researchgate.net/figure/Fluoride-intake-mg-day-through-consumption-of-tap-water-and-bottled-water-by-age-group_fig2_26308105,researchgate.net,Fluoride intake (mg/day) through consumption of tap water ...,2026-05-09 20:17:18,reliable,domain researchgate.net rated 'high credibility' per MBFC,,,,,
tap_water,slanted,water contamination risks,1,1,https://www.who.int/news-room/fact-sheets/detail/drinking-water,who.int,Drinking-water,2026-05-09 20:17:34,reliable,domain who.int rated 'high credibility' per MBFC,,,,,
bottled_water,slanted,plastic bottle pollution,1,5,https://www.unep.org/plastic-pollution,unep.org,Plastic Pollution,2026-05-09 20:21:12,reliable,domain unep.org rated 'high credibility' per MBFC,,,,,
bottled_water,slanted,plastic bottle pollution,2,8,https://oceana.org/blog/recycling-myth-month-plastic-bottle-you-thought-you-recycled-may-have-been-downcycled-instead/,oceana.org,That Plastic Bottle You Thought You Recycled May Have ...,2026-05-09 20:21:57,reliable,domain oceana.org rated 'high credibility' per MBFC,,,,,
bottled_water,slanted,plastic bottle pollution,3,8,https://ourworldindata.org/plastic-pollution,ourworldindata.org,Plastic Pollution,2026-05-09 20:22:11,reliable,domain ourworldindata.org rated 'high credibility' per MBFC,,,,,
bottled_water,neutral,spring water consumption health impact,1,8,https://www.webmd.com/diet/health-benefits-mineral-water,webmd.com,Health Benefits of Mineral Water,2026-05-09 20:22:37,reliable,domain webmd.com rated 'high credibility' per MBFC,,,,,
bottled_water,neutral,spring water consumption health impact,2,1,https://www.who.int/news-room/fact-sheets/detail/drinking-water,who.int,Drinking-water,2026-05-09 20:22:55,reliable,domain who.int rated 'high credibility' per MBFC,,,,,
bottled_water,neutral,spring water consumption health impact,2,10,https://www.researchgate.net/publication/228469193_Drinking_mineral_waters_Biochemical_effects_and_health_implications_-_The_state-of-the-art,researchgate.net,(PDF) Drinking mineral waters: Biochemical effects and ...,2026-05-09 20:22:58,reliable,domain researchgate.net rated 'high credibility' per MBFC,,,,,
bottled_water,neutral,spring water consumption health impact,3,5,https://www.medicalnewstoday.com/articles/324910,medicalnewstoday.com,Is mineral water good for you? Benefits and risks,2026-05-09 20:23:10,reliable,domain medicalnewstoday.com rated 'high credibility' per MBFC,,,,,
bottled_water,slanted,bottled water bacteria,1,1,https://www.sciencedaily.com/releases/2026/01/260122074031.htm,sciencedaily.com,The bottled water everyone trusts may be the riskiest,2026-05-09 20:23:23,reliable,domain sciencedaily.com rated 'high credibility' per MBFC,,,,,
bottled_water,slanted,bottled water bacteria,1,8,https://www.sciencealert.com/bottled-water-isnt-as-pure-as-you-might-think-expert-warns,sciencealert.com,"Bottled Water Isn't as Pure as You Might Think, Expert Warns",2026-05-09 20:23:40,reliable,domain sciencealert.com rated 'high credibility' per MBFC,,,,,
bottled_water,slanted,bottled water bacteria,2,1,https://scitechdaily.com/bottled-water-isnt-as-safe-as-you-think-study-warns/,scitechdaily.com,"Bottled Water Isn't as Safe as You Think, Study Warns",2026-05-09 20:23:52,reliable,domain scitechdaily.com rated 'medium credibility' per MBFC,,,,,
bottled_water,slanted,bottled water bacteria,2,6,https://www.thelancet.com/journals/laninf/article/PIIS1473309908702123/fulltext,thelancet.com,Bottled water and bacteria,2026-05-09 20:23:54,reliable,domain thelancet.com rated 'high credibility' per MBFC,,,,,
bottled_water,slanted,bottled water bacteria,3,5,https://www.verywellhealth.com/bottled-water-contains-plastic-particles-8546698,verywellhealth.com,How to Make Your Bottled Water Safer to Drink,2026-05-09 20:24:07,reliable,domain verywellhealth.com rated 'high credibility' per MBFC,,,,,
bottled_water,slanted,bottled water bacteria,3,9,https://www.sciencefocus.com/the-human-body/reusable-water-bottle-clean-2,sciencefocus.com,You're (probably) cleaning your reusable water bottle wrong,2026-05-09 20:24:08,reliable,domain sciencefocus.com rated 'high credibility' per MBFC,,,,,
bottled_water,neutral,mineral water research,1,3,https://www.researchgate.net/publication/228469193_Drinking_mineral_waters_Biochemical_effects_and_health_implications_-_The_state-of-the-art,researchgate.net,(PDF) Drinking mineral waters: Biochemical effects and ...,2026-05-09 20:25:36,reliable,domain researchgate.net rated 'high credibility' per MBFC,,,,,
bottled_water,neutral,mineral water research,1,8,https://www.webmd.com/diet/health-benefits-mineral-water,webmd.com,Health Benefits of Mineral Water,2026-05-09 20:25:39,reliable,domain webmd.com rated 'high credibility' per MBFC,,,,,
bottled_water,neutral,mineral water research,2,9,https://www.medicalnewstoday.com/articles/324910,medicalnewstoday.com,Is mineral water good for you? Benefits and risks,2026-05-09 20:26:10,reliable,domain medicalnewstoday.com rated 'high credibility' per MBFC,,,,,
bottled_water,neutral,mineral water research,3,5,https://www.researchgate.net/publication/370083189_Natural_Mineral_Water_and_Diuresis_A_Systematic_Review,researchgate.net,(PDF) Natural Mineral Water and Diuresis: A Systematic ...,2026-05-09 20:26:23,reliable,domain researchgate.net rated 'high credibility' per MBFC,,,,,
bottled_water,neutral,mineral water research,3,9,https://www.britannica.com/science/mineral-water,britannica.com,"Mineral water | Health Benefits, Natural Sources & ...",2026-05-09 20:26:24,reliable,domain britannica.com rated 'high credibility' per MBFC,,,,,
bottled_water,slanted,phthalate leaching,1,4,https://www.nature.com/articles/s42004-024-01310-3,nature.com,Photoaging enhances the leaching of di(2-ethylhexyl) ...,2026-05-09 20:26:42,reliable,domain nature.com rated 'high credibility' per MBFC,,,,,
bottled_water,slanted,phthalate leaching,1,10,https://www.sciencenews.org/article/plasticizers-kept-leaching-out,sciencenews.org,Plasticizers kept from leaching out,2026-05-09 20:26:50,reliable,domain sciencenews.org rated 'high credibility' per MBFC,,,,,
bottled_water,slanted,phthalate leaching,2,8,https://www.researchgate.net/publication/361930627_Effects_of_pH_and_Temperature_on_the_Leaching_of_Di2-_Ethylhexyl_Phthalate_and_Di-n-butyl_Phthalate_from_Microplastics_in_Simulated_Marine_Environment,researchgate.net,(PDF) Effects of pH and Temperature on the Leaching of Di(2,2026-05-09 20:27:04,reliable,domain researchgate.net rated 'high credibility' per MBFC,,,,,
bottled_water,slanted,phthalate leaching,3,8,https://www.researchgate.net/publication/370607423_Leaching_of_Phthalates_from_Medical_Supplies_and_Their_Implications_for_Exposure,researchgate.net,Leaching of Phthalates from Medical Supplies and Their ...,2026-05-09 20:27:17,reliable,domain researchgate.net rated 'high credibility' per MBFC,,,,,
bottled_water,slanted,phthalate leaching,3,9,https://www.aol.com/articles/cooking-plastic-free-kitchen-may-224441000.html,aol.com,Cooking in a Plastic-Free Kitchen May Show Positive ...,2026-05-09 20:27:18,reliable,domain aol.com rated 'high credibility' per MBFC,,,,,
mining,neutral,mining safety regulations,1,5,https://www.researchgate.net/publication/283408658_Safety_regulation_and_the_mining_industry,researchgate.net,"(PDF) Safety, regulation and the mining industry",2026-05-09 20:27:43,reliable,domain researchgate.net rated 'high credibility' per MBFC,,,,,
mining,slanted,mining environmental damage,3,4,https://www.researchgate.net/publication/305269336_The_environmental_impact_of_mining_and_its_countermeasures,researchgate.net,The environmental impact of mining and its countermeasures,2026-05-09 20:29:38,reliable,domain researchgate.net rated 'high credibility' per MBFC,,,,,
mining,slanted,mining environmental damage,3,6,https://www.wri.org/insights/how-mining-impacts-forests,wri.org,Mining Is Increasingly Pushing into Critical Rainforests and ...,2026-05-09 20:29:39,reliable,domain wri.org rated 'high credibility' per MBFC,,,,,
mining,slanted,mining environmental damage,3,8,https://www.livescience.com/planet-earth/sacrifice-zones-around-critical-mineral-mines-are-rife-with-pollution-child-workers-and-birth-defects,livescience.com,'Sacrifice zones' around critical mineral mines are rife with ...,2026-05-09 20:29:40,reliable,domain livescience.com rated 'high credibility' per MBFC,,,,,
mining,neutral,coal mining technology,2,5,https://www.britannica.com/technology/coal-mining/Choosing-a-mining-method,britannica.com,"Coal mining - Underground, Surface, & Drilling",2026-05-09 20:30:35,reliable,domain britannica.com rated 'high credibility' per MBFC,,,,,
mining,slanted,mountaintop removal dangers,3,2,https://www.hrw.org/news/2018/12/10/us-deregulating-mountaintop-removal-threatens-drinking-water-and-public-health,hrw.org,US: Deregulating Mountaintop Removal Threatens ...,2026-05-09 20:31:49,reliable,domain hrw.org rated 'high credibility' per MBFC,,,,,
mining,neutral,gold mining economic impact,2,2,https://www.researchgate.net/publication/377429423_Impacts_of_Gold_Mining_on_the_Social_Cultural_and_Economic_Structures_of_Kotabunan_Village_East_Bolaang_Mongondow_Regency,researchgate.net,"(PDF) Impacts of Gold Mining on the Social, Cultural, and ...",2026-05-09 20:32:34,reliable,domain researchgate.net rated 'high credibility' per MBFC,,,,,
mining,slanted,mercury pollution gold mining,1,2,https://www.unep.org/news-and-stories/story/mercury-has-long-poisoned-gold-miners-new-strategy-helping-change,unep.org,Mercury has long poisoned gold miners. This new strategy ...,2026-05-09 20:33:03,reliable,domain unep.org rated 'high credibility' per MBFC,,,,,
mining,slanted,mercury pollution gold mining,1,8,https://www.nature.com/articles/s41467-022-27997-3,nature.com,Amazon forests capture high levels of atmospheric mercury ...,2026-05-09 20:33:04,reliable,domain nature.com rated 'high credibility' per MBFC,,,,,
mining,slanted,mercury pollution gold mining,3,1,https://www.scientificamerican.com/article/gold-mining-is-poisoning-amazon-forests-with-mercury/,scientificamerican.com,Gold Mining Is Poisoning Amazon Forests with Mercury,2026-05-09 20:33:32,reliable,domain scientificamerican.com rated 'high credibility' per MBFC,,,,,
mining,slanted,mercury pollution gold mining,3,2,https://www.unep.org/technical-highlight/how-countries-are-reducing-anthropogenic-mercury-pollution,unep.org,How countries are reducing anthropogenic mercury pollution,2026-05-09 20:33:33,reliable,domain unep.org rated 'high credibility' per MBFC,,,,,
mining,slanted,mercury pollution gold mining,3,7,https://www.who.int/publications/m/item/mercury-exposure-and-health-impacts-among-individuals-in-the-artisanal-and-small-scale-gold-mining-(asgm)-community,who.int,Mercury Exposure and Health Impacts among Individuals ...,2026-05-09 20:33:34,reliable,domain who.int rated 'high credibility' per MBFC,,,,,
deforestation,slanted,deforestation climate impact,1,4,https://www.nature.com/articles/s41586-026-10456-0,nature.com,Deforestation-induced drying lowers Amazon climate ...,2026-05-09 20:34:59,reliable,domain nature.com rated 'high credibility' per MBFC,,,,,
deforestation,slanted,deforestation climate impact,2,5,https://www.nature.org/en-us/about-us/where-we-work/latin-america/brazil/stories-in-brazil/deforestation-and-climate-change/,nature.org,Deforestation And Climate Change,2026-05-09 20:35:22,reliable,domain nature.org rated 'nan' per MBFC,,,,,
deforestation,slanted,deforestation climate impact,2,10,https://www.un.org/en/climatechange/science/climate-issues/forests,un.org,Forests - nature's solution to carbon pollution,2026-05-09 20:35:23,reliable,domain un.org rated 'high credibility' per MBFC,,,,,
deforestation,slanted,deforestation climate impact,3,8,https://www.unep.org/news-and-stories/story/how-halting-deforestation-can-help-counter-climate-crisis,unep.org,How halting deforestation can help counter the climate crisis,2026-05-09 20:35:36,reliable,domain unep.org rated 'high credibility' per MBFC,,,,,
deforestation,slanted,palm oil deforestation,3,7,https://www.nationalgeographic.com/magazine/article/palm-oil-products-borneo-africa-environment-impact,nationalgeographic.com,Palm oil is unavoidable. Can it be sustainable?,2026-05-09 20:37:33,reliable,domain nationalgeographic.com rated 'high credibility' per MBFC,,,,,
deforestation,neutral,reforestation projects,1,6,https://www.nature.org/en-us/what-we-do/our-priorities/tackle-climate-change/climate-change-stories/reforestation-natural-climate-solutions/,nature.org,Restoring the World's Forests,2026-05-09 20:40:13,reliable,domain nature.org rated 'nan' per MBFC,,,,,
deforestation,slanted,illegal logging,3,7,https://www.researchgate.net/publication/249923359_Illegal_logging_and_the_illegal_trade_in_forest_and_timber_products,researchgate.net,Illegal logging and the illegal trade in forest and timber ...,2026-05-09 20:42:25,reliable,domain researchgate.net rated 'high credibility' per MBFC,,,,,
overfishing,slanted,overfishing ocean collapse,1,4,https://ourworldindata.org/fish-and-overfishing,ourworldindata.org,Fish and Overfishing,2026-05-09 20:43:52,reliable,domain ourworldindata.org rated 'high credibility' per MBFC,,,,,
overfishing,slanted,overfishing ocean collapse,1,5,https://www.pnas.org/doi/10.1073/pnas.1015313108,pnas.org,Unexpected patterns of fisheries collapse in the world's ...,2026-05-09 20:43:53,reliable,domain pnas.org rated 'nan' per MBFC,,,,,
overfishing,slanted,overfishing ocean collapse,1,10,https://www.nationalgeographic.com/environment/article/critical-issues-overfishing,nationalgeographic.com,"What is overfishing—causes, impacts, and solutions",2026-05-09 20:44:02,reliable,domain nationalgeographic.com rated 'high credibility' per MBFC,,,,,
overfishing,slanted,overfishing ocean collapse,2,6,https://www.researchgate.net/publication/385879757_Overfishing_and_Marine_Ecosystem_Collapse_A_Global_Perspective,researchgate.net,Overfishing and Marine Ecosystem Collapse: A Global ...,2026-05-09 20:44:14,reliable,domain researchgate.net rated 'high credibility' per MBFC,,,,,
overfishing,slanted,overfishing ocean collapse,3,5,https://www.nature.com/articles/s41598-025-02642-3,nature.com,Overfishing and sea warming drive the collapse of ...,2026-05-09 20:44:29,reliable,domain nature.com rated 'high credibility' per MBFC,,,,,
overfishing,neutral,fisheries management research,1,2,https://www.nature.com/nature-index/topics/l3/fisheries-management,nature.com,Nature Index Fisheries Management,2026-05-09 20:44:47,reliable,domain nature.com rated 'high credibility' per MBFC,,,,,
overfishing,neutral,fisheries management research,2,1,https://www.researchgate.net/publication/380884947_Fisheries_Management,researchgate.net,Fisheries Management,2026-05-09 20:45:04,reliable,domain researchgate.net rated 'high credibility' per MBFC,,,,,
overfishing,neutral,aquaculture data,1,4,https://ourworldindata.org/grapher/aquaculture-farmed-fish-production,ourworldindata.org,Aquaculture production,2026-05-09 20:46:26,reliable,domain ourworldindata.org rated 'high credibility' per MBFC,,,,,
overfishing,neutral,aquaculture data,2,9,https://ourworldindata.org/grapher/capture-fisheries-vs-aquaculture,ourworldindata.org,"Seafood production: wild fish catch vs. aquaculture, World",2026-05-09 20:46:42,reliable,domain ourworldindata.org rated 'high credibility' per MBFC,,,,,
overfishing,slanted,fish farm pollution,2,9,https://oceana.org/aquaculture/,oceana.org,Aquaculture,2026-05-09 20:47:32,reliable,domain oceana.org rated 'high credibility' per MBFC,,,,,
overfishing,slanted,fish farm pollution,3,1,https://www.anthropocenemagazine.org/2026/05/sustainable-aquacultures-climate-fix-is-growing-right-next-to-the-fish/,anthropocenemagazine.org,Aquaculture's climate fix is growing right next to the fish.,2026-05-09 20:47:44,reliable,domain anthropocenemagazine.org rated 'high credibility' per MBFC,,,,,
overfishing,slanted,fish farm pollution,3,4,https://www.researchgate.net/publication/229545064_Pollution_from_Fish_Farms,researchgate.net,Pollution from Fish Farms,2026-05-09 20:47:45,reliable,domain researchgate.net rated 'high credibility' per MBFC,,,,,
poverty,slanted,poverty cycle,2,2,https://www.nature.com/articles/s41599-025-05302-z,nature.com,The unbreakable chain: the cycle of social inequality,2026-05-09 20:50:13,reliable,domain nature.com rated 'high credibility' per MBFC,,,,,
poverty,slanted,poverty cycle,2,7,https://www.investopedia.com/terms/p/poverty-trap.asp,investopedia.com,"Understanding the Poverty Trap: Causes, Solutions, and ...",2026-05-09 20:50:15,reliable,domain investopedia.com rated 'high credibility' per MBFC,,,,,
poverty,slanted,poverty cycle,2,8,https://www.researchgate.net/publication/344454984_The_Entrapment_of_the_Poor_The_Cycle_of_Poverty,researchgate.net,(PDF) The Entrapment of the Poor: The Cycle of Poverty,2026-05-09 20:50:15,reliable,domain researchgate.net rated 'high credibility' per MBFC,,,,,
poverty,neutral,minimum wage economical impact,1,3,https://www.cbpp.org/research/policy-basics-the-minimum-wage,cbpp.org,The Minimum Wage,2026-05-09 20:51:04,reliable,domain cbpp.org rated 'high credibility' per MBFC,,,,,
poverty,neutral,minimum wage economical impact,1,5,https://www.epi.org/publication/rtwa-2025-impact-fact-sheet/,epi.org,The impact of the Raise the Wage Act of 2025,2026-05-09 20:51:05,reliable,domain epi.org rated 'high credibility' per MBFC,,,,,
poverty,neutral,minimum wage economical impact,2,5,https://www.researchgate.net/publication/397764028_The_Effects_of_Minimum_Wage_Policies_on_Employment_and_Inflation,researchgate.net,(PDF) The Effects of Minimum Wage Policies on ...,2026-05-09 20:51:21,reliable,domain researchgate.net rated 'high credibility' per MBFC,,,,,
poverty,neutral,minimum wage economical impact,3,3,https://www.cato.org/downsizing-government-essay/negative-effects-minimum-wage-laws,cato.org,The Negative Effects of Minimum Wage Laws,2026-05-09 20:51:34,reliable,domain cato.org rated 'high credibility' per MBFC,,,,,
poverty,neutral,minimum wage economical impact,3,5,https://www.investopedia.com/articles/markets-economy/090516/what-are-pros-and-cons-raising-minimum-wage.asp,investopedia.com,What Are the Pros and Cons of Raising the Minimum Wage?,2026-05-09 20:51:35,reliable,domain investopedia.com rated 'high credibility' per MBFC,,,,,
poverty,neutral,minimum wage economical impact,3,7,https://www.nber.org/papers/w32925,nber.org,Quantifying the Impact of Minimum Wages on Employment,2026-05-09 20:51:35,reliable,domain nber.org rated 'high credibility' per MBFC,,,,,
poverty,slanted,welfare dependency,1,2,https://www.lemonde.fr/en/politics/article/2026/05/07/le-pen-condemns-welfare-dependency-marking-ideological-about-face_6753231_5.html,lemonde.fr,"Le Pen condemns 'welfare dependency,' marking ...",2026-05-09 20:51:49,reliable,domain lemonde.fr rated 'high credibility' per MBFC,,,,,
poverty,slanted,welfare dependency,1,4,https://www.nationalaffairs.com/public_interest/detail/welfare-and-dependency-in-switzerland,nationalaffairs.com,Welfare and dependency in Switzerland,2026-05-09 20:51:56,reliable,domain nationalaffairs.com rated 'nan' per MBFC,,,,,
poverty,slanted,welfare dependency,2,3,https://www.researchgate.net/publication/371603102_Welfare_dependency_the_history_of_an_idea,researchgate.net,(PDF) Welfare dependency: the history of an idea,2026-05-09 20:52:19,reliable,domain researchgate.net rated 'high credibility' per MBFC,,,,,
poverty,slanted,welfare dependency,3,2,https://www.jstor.org/stable/40720082,jstor.org,WELFARE DEPENDENCY: FACT OR MYTH?,2026-05-09 20:52:32,reliable,domain jstor.org rated 'nan' per MBFC,,,,,
poverty,neutral,universal basic income research,2,6,https://www.nber.org/system/files/working_papers/w25538/w25538.pdf,nber.org,Universal Basic Income in the US and Advanced Countries,2026-05-09 20:54:37,reliable,domain nber.org rated 'high credibility' per MBFC,,,,,
poverty,neutral,universal basic income research,3,7,https://www.researchgate.net/publication/388700872_THE_ECONOMICS_OF_UNIVERSAL_BASIC_INCOME,researchgate.net,(PDF) THE ECONOMICS OF UNIVERSAL BASIC INCOME,2026-05-09 20:54:52,reliable,domain researchgate.net rated 'high credibility' per MBFC,,,,,
poverty,neutral,universal basic income research,3,8,https://www.un.org/en/un-chronicle/rethinking-universal-basic-income-economic-productivity-quality-life-and-sustainable,un.org,"Rethinking Universal Basic Income: Economic Productivity, ...",2026-05-09 20:54:52,reliable,domain un.org rated 'high credibility' per MBFC,,,,,
poverty,neutral,universal basic income research,3,9,https://www.jstor.org/stable/48713465,jstor.org,Universal basic income: An idea whose time has come or ...,2026-05-09 20:54:52,reliable,domain jstor.org rated 'nan' per MBFC,,,,,
poverty,slanted,poverty traps,1,1,https://www.investopedia.com/terms/p/poverty-trap.asp,investopedia.com,"Understanding the Poverty Trap: Causes, Solutions, and ...",2026-05-09 20:55:09,reliable,domain investopedia.com rated 'high credibility' per MBFC,,,,,
poverty,slanted,poverty traps,2,3,https://www.nature.com/articles/s41599-025-06089-9,nature.com,Emergent poverty traps at multiple levels impede social ...,2026-05-09 20:55:46,reliable,domain nature.com rated 'high credibility' per MBFC,,,,,
poverty,slanted,poverty traps,2,5,https://www.nber.org/books-and-chapters/economics-poverty-traps,nber.org,The Economics of Poverty Traps,2026-05-09 20:55:46,reliable,domain nber.org rated 'high credibility' per MBFC,,,,,
poverty,slanted,poverty traps,2,7,https://www.cambridge.org/core/books/economic-growth/poverty-traps/AC32D247DDBFB2067A1E986AB6FCD83D,cambridge.org,Poverty traps (Chapter 3) - Economic Growth,2026-05-09 20:55:47,reliable,domain cambridge.org rated 'nan' per MBFC,,,,,
poverty,slanted,poverty traps,2,10,https://www.jstor.org/stable/j.ctt7t9m7,jstor.org,Poverty Traps,2026-05-09 20:55:48,reliable,domain jstor.org rated 'nan' per MBFC,,,,,
education,neutral,public school data,2,4,https://www.chalkbeat.org/2026/05/07/education-department-ies-cuts-weaken-school-data-and-digest-statistics/,chalkbeat.org,School data goes stale after Trump cuts Education ...,2026-05-09 20:57:49,reliable,domain chalkbeat.org rated 'high credibility' per MBFC,,,,,
education,slanted,common core failures,3,5,https://www.the74million.org/article/some-15-years-after-disastrous-debut-common-core-math-endures-in-many-states/,the74million.org,"Some 15 Years After Disastrous Debut, Common Core ...",2026-05-09 21:00:01,reliable,domain the74million.org rated 'high credibility' per MBFC,,,,,
education,slanted,common core failures,3,7,https://www.hoover.org/research/californias-common-core-mistake,hoover.org,California's Common Core Mistake,2026-05-09 21:00:02,reliable,domain hoover.org rated 'high credibility' per MBFC,,,,,
education,slanted,common core failures,3,8,https://www.chalkbeat.org/2019/4/29/21121004/nearly-a-decade-later-did-the-common-core-work-new-research-offers-clues/,chalkbeat.org,"Nearly a decade later, did the Common Core work?",2026-05-09 21:00:03,reliable,domain chalkbeat.org rated 'high credibility' per MBFC,,,,,
education,slanted,common core failures,3,9,https://www.yahoo.com/news/articles/15-years-disastrous-debut-common-103000886.html,yahoo.com,"Some 15 Years After Disastrous Debut, Common Core ...",2026-05-09 21:00:03,reliable,domain yahoo.com rated 'high credibility' per MBFC,,,,,
education,neutral,charter school research,1,3,https://www.epi.org/publication/book_charter_school/,epi.org,The Charter School Dust-Up: Examining the evidence on ...,2026-05-09 21:01:39,reliable,domain epi.org rated 'high credibility' per MBFC,,,,,
education,neutral,charter school research,1,6,https://www.nber.org/papers/w32120,nber.org,Competitive Effects of Charter Schools,2026-05-09 21:01:41,reliable,domain nber.org rated 'high credibility' per MBFC,,,,,
education,neutral,charter school research,1,8,https://www.cato.org/research-briefs-economic-policy/competitive-effects-charter-schools,cato.org,Competitive Effects of Charter Schools,2026-05-09 21:01:41,reliable,domain cato.org rated 'high credibility' per MBFC,,,,,
education,neutral,charter school research,1,10,https://www.pewresearch.org/short-reads/2024/06/06/us-public-private-and-charter-schools-in-5-charts/,pewresearch.org,"U.S. public, private and charter schools in 5 charts",2026-05-09 21:01:43,reliable,domain pewresearch.org rated 'high credibility' per MBFC,,,,,
education,neutral,charter school research,2,4,https://www.rand.org/pubs/monographs/MG869.html,rand.org,"Charter Schools in Eight States: Effects on Achievement, ...",2026-05-09 21:01:56,reliable,domain rand.org rated 'high credibility' per MBFC,,,,,
education,neutral,charter school research,2,7,https://www.researchgate.net/publication/367209372_Charter_schools_after_three_decades_Reviewing_the_research_on_school_organizational_and_instructional_conditions,researchgate.net,(PDF) Charter schools after three decades: Reviewing the ...,2026-05-09 21:01:57,reliable,domain researchgate.net rated 'high credibility' per MBFC,,,,,
education,neutral,charter school research,2,9,https://www.the74million.org/article/analysis-new-research-confirms-that-charter-schools-drive-academic-gains-for-their-own-students-and-for-kids-in-nearby-district-schools/,the74million.org,Analysis: New Research Confirms that Charter Schools ...,2026-05-09 21:01:57,reliable,domain the74million.org rated 'high credibility' per MBFC,,,,,
education,neutral,charter school research,3,1,https://www.the74million.org/article/research-shows-charter-school-networks-can-help-close-student-achievement-gap/,the74million.org,Research Shows Charter School Networks Can Help ...,2026-05-09 21:02:09,reliable,domain the74million.org rated 'high credibility' per MBFC,,,,,
education,slanted,school voucher controversy,1,2,https://www.epi.org/publication/vouchers-harm-public-schools/,epi.org,How vouchers harm public schools: Calculating the cost of ...,2026-05-09 21:02:23,reliable,domain epi.org rated 'high credibility' per MBFC,,,,,
education,slanted,school voucher controversy,1,3,https://www.britannica.com/procon/school-vouchers-debate,britannica.com,"School Vouchers | Pros, Cons, Debate, Arguments, & ...",2026-05-09 21:02:24,reliable,domain britannica.com rated 'high credibility' per MBFC,,,,,
education,slanted,school voucher controversy,2,9,https://tcf.org/content/commentary/a-backdoor-school-voucher-scheme-that-sidesteps-civil-rights-and-undermines-public-oversight/,tcf.org,A Backdoor School Voucher Scheme That Sidesteps Civil ...,2026-05-09 21:02:47,reliable,domain tcf.org rated 'nan' per MBFC,,,,,
education,slanted,school voucher controversy,3,9,https://hechingerreport.org/opinion-after-two-decades-of-studying-voucher-programs-im-now-firmly-opposed-to-them/,hechingerreport.org,"OPINION: After decades studying vouchers, I'm opposed to ...",2026-05-09 21:03:01,reliable,domain hechingerreport.org rated 'high credibility' per MBFC,,,,,
education,slanted,student loan debt crisis,1,3,https://www.weforum.org/stories/2025/08/student-debt-tsunami-global-economy/,weforum.org,The student debt tsunami our economy is not prepared for,2026-05-09 21:05:18,reliable,domain weforum.org rated 'high credibility' per MBFC,,,,,
education,slanted,student loan debt crisis,1,4,https://www.cfr.org/backgrounders/us-student-loan-debt-trends-economic-impact,cfr.org,Is Rising Student Debt Harming the U.S. Economy?,2026-05-09 21:05:19,reliable,domain cfr.org rated 'high credibility' per MBFC,,,,,
education,slanted,student loan debt crisis,2,10,https://tcf.org/content/report/trumps-student-loan-delinquency-crisis-unmasked/,tcf.org,"Trump's Student Loan Delinquency Crisis, Unmasked",2026-05-09 21:05:55,reliable,domain tcf.org rated 'nan' per MBFC,,,,,
education,slanted,student loan debt crisis,3,2,https://www.investopedia.com/financial-edge/0212/is-student-loan-debt-the-next-financial-crisis.aspx,investopedia.com,Is Student Loan Debt the Next Financial Crisis?,2026-05-09 21:06:07,reliable,domain investopedia.com rated 'high credibility' per MBFC,,,,,
education,slanted,student loan debt crisis,3,5,https://www.pgpf.org/article/10-key-facts-about-student-debt-in-the-united-states/,pgpf.org,10 Key Facts about Student Debt in the United States,2026-05-09 21:06:08,reliable,domain pgpf.org rated 'nan' per MBFC,,,,,
education,slanted,student loan debt crisis,3,8,https://rooseveltinstitute.org/press-releases/new-report-corruption-fuels-the-student-loan-debt-crisis/,rooseveltinstitute.org,New Report: Corruption Fuels the Student Loan Debt Crisis,2026-05-09 21:06:08,reliable,domain rooseveltinstitute.org rated 'nan' per MBFC,,,,,
healthcare,neutral,universal healthcare facts,1,1,https://www.who.int/news-room/fact-sheets/detail/universal-health-coverage-(uhc),who.int,Universal health coverage (UHC),2026-05-09 21:06:24,reliable,domain who.int rated 'high credibility' per MBFC,,,,,
healthcare,neutral,universal healthcare facts,1,3,https://www.who.int/health-topics/universal-health-coverage,who.int,Universal Health Coverage,2026-05-09 21:06:32,reliable,domain who.int rated 'high credibility' per MBFC,,,,,
healthcare,neutral,universal healthcare facts,1,5,https://www.commonwealthfund.org/international-health-policy-center/system-features/how-does-universal-health-coverage-work,commonwealthfund.org,How does universal health coverage work?,2026-05-09 21:06:33,reliable,domain commonwealthfund.org rated 'high credibility' per MBFC,,,,,
healthcare,neutral,universal healthcare facts,1,8,https://www.britannica.com/procon/universal-health-care-debate,britannica.com,"Universal Health Care | Pros, Cons, Debate, Arguments ...",2026-05-09 21:06:36,reliable,domain britannica.com rated 'high credibility' per MBFC,,,,,
healthcare,neutral,universal healthcare facts,2,1,https://www.kff.org/global-health-policy/health-policy-101-international-comparison-of-health-systems/,kff.org,International Comparison of Health Systems,2026-05-09 21:06:50,reliable,domain kff.org rated 'high credibility' per MBFC,,,,,
healthcare,neutral,universal healthcare facts,2,4,https://www.un.org/en/global-issues/health,un.org,Health,2026-05-09 21:06:49,reliable,domain un.org rated 'high credibility' per MBFC,,,,,
healthcare,neutral,universal healthcare facts,2,10,https://theweek.com/health/pros-and-cons-of-universal-health-care,theweek.com,Pros and cons of universal health care,2026-05-09 21:06:51,reliable,domain theweek.com rated 'high credibility' per MBFC,,,,,
healthcare,neutral,universal healthcare facts,3,1,https://www.globalcitizen.org/en/content/5-reasons-we-all-must-have-universal-health-covera/,globalcitizen.org,5 Reasons Everyone Must Have Universal Health Coverage,2026-05-09 21:07:03,reliable,domain globalcitizen.org rated 'high credibility' per MBFC,,,,,
healthcare,neutral,universal healthcare facts,3,6,https://www.pewresearch.org/short-reads/2025/12/10/most-americans-say-government-has-a-responsibility-to-ensure-health-care-coverage/,pewresearch.org,Is ensuring health care coverage a government ...,2026-05-09 21:07:04,reliable,domain pewresearch.org rated 'high credibility' per MBFC,,,,,
healthcare,slanted,medicare for all costs,1,2,https://www.citizen.org/news/fact-check-medicare-for-all-would-save-the-u-s-trillions-public-option-would-leave-millions-uninsured-not-garner-savings/,citizen.org,FACT CHECK: Medicare for All Would Save the U.S. Trillions,2026-05-09 21:07:18,reliable,domain citizen.org rated 'nan' per MBFC,,,,,
healthcare,slanted,medicare for all costs,1,8,https://www.rand.org/pubs/research_reports/RR3106.html,rand.org,National Health Spending Estimates Under Medicare for All,2026-05-09 21:07:25,reliable,domain rand.org rated 'high credibility' per MBFC,,,,,
healthcare,slanted,medicare for all costs,1,10,https://www.crfb.org/papers/choices-financing-medicare-all,crfb.org,Choices for Financing Medicare for All,2026-05-09 21:07:27,reliable,domain crfb.org rated 'high credibility' per MBFC,,,,,
healthcare,slanted,medicare for all costs,2,2,https://www.crfb.org/papers/choices-financing-medicare-all,crfb.org,Choices for Financing Medicare for All,2026-05-09 21:07:39,reliable,domain crfb.org rated 'high credibility' per MBFC,,,,,
healthcare,slanted,medicare for all costs,2,3,https://www.healthaffairs.org/content/forefront/congressional-budget-office-scores-medicare-for-all-universal-coverage-less-spending,healthaffairs.org,Congressional Budget Office Scores Medicare-For-All,2026-05-09 21:07:39,reliable,domain healthaffairs.org rated 'high credibility' per MBFC,,,,,
healthcare,slanted,medicare for all costs,2,9,https://www.mercatus.org/research/working-papers/costs-national-single-payer-healthcare-system,mercatus.org,The Costs of a National Single-Payer Healthcare System,2026-05-09 21:07:41,reliable,domain mercatus.org rated 'nan' per MBFC,,,,,
healthcare,slanted,medicare for all costs,3,1,https://www.healthaffairs.org/content/forefront/congressional-budget-office-scores-medicare-for-all-universal-coverage-less-spending,healthaffairs.org,Congressional Budget Office Scores Medicare-For-All,2026-05-09 21:07:52,reliable,domain healthaffairs.org rated 'high credibility' per MBFC,,,,,
healthcare,neutral,private insurance research,1,3,https://www.kff.org/topic/private-insurance/,kff.org,Private Insurance - Research and Data from KFF,2026-05-09 21:08:16,reliable,domain kff.org rated 'high credibility' per MBFC,,,,,
healthcare,neutral,private insurance research,1,9,https://www.cambridge.org/core/journals/health-economics-policy-and-law/article/financial-risk-protection-in-private-health-insurance-empirical-evidence-on-catastrophic-and-impoverishing-spending-from-germanys-dual-insurance-system/99A7CBA1DF213640A6648BDA8FB7D71A,cambridge.org,Financial risk protection in private health insurance,2026-05-09 21:08:20,reliable,domain cambridge.org rated 'nan' per MBFC,,,,,
healthcare,neutral,private insurance research,3,3,https://cepr.org/voxeu/columns/expanding-private-insurance-long-term-care-reduce-public-spending,cepr.org,Expanding private insurance for long-term care to reduce ...,2026-05-09 21:08:52,reliable,domain cepr.org rated 'high credibility' per MBFC,,,,,
healthcare,neutral,private insurance research,3,5,https://www.researchgate.net/publication/346124610_Why_private_health_insurance,researchgate.net,(PDF) Why private health insurance?,2026-05-09 21:08:53,reliable,domain researchgate.net rated 'high credibility' per MBFC,,,,,
healthcare,neutral,private insurance research,3,8,https://www.nber.org/reporter/2012number1/private-health-insurance-markets,nber.org,Private Health Insurance Markets,2026-05-09 21:08:54,reliable,domain nber.org rated 'high credibility' per MBFC,,,,,
healthcare,slanted,obamacare failures,2,3,https://www.cato.org/blog/what-will-it-take-congress-admit-obamacare-has-failed,cato.org,What Will It Take for Congress to Admit Obamacare Has ...,2026-05-09 21:09:28,reliable,domain cato.org rated 'high credibility' per MBFC,,,,,
healthcare,slanted,obamacare failures,2,7,https://www.britannica.com/procon/Obamacare-debate,britannica.com,"Obamacare | Pros, Cons, Debate, Arguments, & Health Care",2026-05-09 21:09:29,reliable,domain britannica.com rated 'high credibility' per MBFC,,,,,
healthcare,slanted,obamacare failures,3,4,https://www.politico.com/news/2026/02/17/inside-congress-failed-battle-to-keep-obamacare-premiums-from-skyrocketing-00781825,politico.com,Why Congress failed to reach an Obamacare deal,2026-05-09 21:09:43,reliable,domain politico.com rated 'high credibility' per MBFC,,,,,
healthcare,slanted,obamacare failures,3,7,https://www.marketwatch.com/story/7-obamacare-failures-that-have-hurt-americans-2016-03-24,marketwatch.com,Opinion: 7 Obamacare failures that have hurt Americans,2026-05-09 21:09:44,reliable,domain marketwatch.com rated 'high credibility' per MBFC,,,,,
healthcare,neutral,healthcare reform,1,2,https://www.dw.com/en/germany-merz-hails-historic-health-care-reform/a-76984736,dw.com,Germany: Merz hails 'historic' health care reform,2026-05-09 21:10:05,reliable,domain dw.com rated 'high credibility' per MBFC,,,,,
healthcare,neutral,healthcare reform,1,9,https://www.rand.org/topics/health-care-reform.html,rand.org,Health Care Reform,2026-05-09 21:10:16,reliable,domain rand.org rated 'high credibility' per MBFC,,,,,
healthcare,neutral,healthcare reform,2,2,https://www.rand.org/topics/health-care-reform.html,rand.org,Health Care Reform,2026-05-09 21:10:27,reliable,domain rand.org rated 'high credibility' per MBFC,,,,,
healthcare,neutral,healthcare reform,3,6,https://www.ama-assn.org/health-care-advocacy/access-care/ama-vision-health-care-reform,ama-assn.org,AMA vision on health care reform,2026-05-09 21:10:43,reliable,domain ama-assn.org rated 'high credibility' per MBFC,,,,,
healthcare,neutral,healthcare reform,3,8,https://www.healthaffairs.org/doi/10.1377/hlthaff.24.6.1399,healthaffairs.org,Health Care Reform: Why? What? When?,2026-05-09 21:10:45,reliable,domain healthaffairs.org rated 'high credibility' per MBFC,,,,,
healthcare,slanted,insurance coverage gaps,2,5,https://www.commonwealthfund.org/publications/issue-briefs/2025/oct/closing-health-coverage-gaps-impact-enrollment-retention,commonwealthfund.org,Closing Health Coverage Gaps: Impact Enrollment ...,2026-05-09 21:11:26,reliable,domain commonwealthfund.org rated 'high credibility' per MBFC,,,,,
healthcare,slanted,insurance coverage gaps,3,2,https://www.statista.com/statistics/1039967/health-insurance-coverage-gaps-us-by-gap-length/?srsltid=AfmBOorGlRu_HANoVwELrt7u7dVHAKS84ul4HX46jtf262ysAbIGV_OJ,statista.com,Health insurance gaps by length U.S. 2001-2018,2026-05-09 21:11:41,reliable,domain statista.com rated 'high credibility' per MBFC,,,,,
cloning,neutral,animal cloning impact,2,1,https://www.researchgate.net/post/Is_it_ethical_to_clone_animals_for_food_production,researchgate.net,Is it ethical to clone animals for food production?,2026-05-09 21:12:20,reliable,domain researchgate.net rated 'high credibility' per MBFC,,,,,
cloning,slanted,human cloning ethics,1,1,https://www.pnas.org/doi/10.1073/pnas.1501798112,pnas.org,"Cloning humans? Biological, ethical, and social ...",2026-05-09 21:12:54,reliable,domain pnas.org rated 'nan' per MBFC,,,,,
cloning,slanted,human cloning ethics,1,3,https://www.britannica.com/science/cloning/Ethical-controversy,britannica.com,Cloning - Ethical Controversy,2026-05-09 21:12:55,reliable,domain britannica.com rated 'high credibility' per MBFC,,,,,
cloning,slanted,human cloning ethics,2,3,https://www.thenewatlantis.com/publications/the-threat-of-human-cloning,thenewatlantis.com,The Threat of Human Cloning,2026-05-09 21:13:30,reliable,domain thenewatlantis.com rated 'high credibility' per MBFC,,,,,
cloning,slanted,human cloning ethics,3,3,https://www.nature.com/articles/palcomms201719,nature.com,The global governance of human cloning: the case ...,2026-05-09 21:13:46,reliable,domain nature.com rated 'high credibility' per MBFC,,,,,
cloning,neutral,reproductive cloning research,1,2,https://www.pnas.org/doi/10.1073/pnas.1501798112,pnas.org,"Cloning humans? Biological, ethical, and social ...",2026-05-09 21:14:04,reliable,domain pnas.org rated 'nan' per MBFC,,,,,
cloning,neutral,reproductive cloning research,2,6,https://www.researchgate.net/publication/230222736_Human_Reproductive_Cloning,researchgate.net,(PDF) Human Reproductive Cloning,2026-05-09 21:14:30,reliable,domain researchgate.net rated 'high credibility' per MBFC,,,,,
cloning,neutral,reproductive cloning research,3,1,https://www.britannica.com/science/cloning/Reproductive-cloning,britannica.com,"Cloning - Embryo, DNA, Animals",2026-05-09 21:14:43,reliable,domain britannica.com rated 'high credibility' per MBFC,,,,,
cloning,neutral,reproductive cloning research,3,6,https://www.science.org/doi/10.1126/science.297.5586.1477a,science.org,Human Reproductive Cloning,2026-05-09 21:14:45,reliable,domain science.org rated 'high credibility' per MBFC,,,,,
cloning,neutral,reproductive cloning research,3,10,https://www.nature.com/articles/palcomms201719,nature.com,The global governance of human cloning: the case ...,2026-05-09 21:14:46,reliable,domain nature.com rated 'high credibility' per MBFC,,,,,
cloning,slanted,therapeutic cloning debate,1,6,https://www.britannica.com/science/cloning/Ethical-controversy,britannica.com,Cloning - Ethical Controversy,2026-05-09 21:15:06,reliable,domain britannica.com rated 'high credibility' per MBFC,,,,,
cloning,slanted,therapeutic cloning debate,3,3,https://www.researchgate.net/publication/286128642_The_therapeutic_cloning_debate_Global_science_and_journalism_in_the_Public_sphere,researchgate.net,The therapeutic cloning debate: Global science and ...,2026-05-09 21:15:35,reliable,domain researchgate.net rated 'high credibility' per MBFC,,,,,
cloning,slanted,therapeutic cloning debate,3,4,https://www.cambridge.org/core/services/aop-cambridge-core/content/view/2E8D2C9E437B44A543A0887E8B9ECB38/S1477175612000152a.pdf/therapeutic_cloning_can_we_all_agree.pdf,cambridge.org,therapeutic cloning – can we all agree?,2026-05-09 21:15:35,reliable,domain cambridge.org rated 'nan' per MBFC,,,,,
cloning,slanted,therapeutic cloning debate,3,9,https://www.nature.com/articles/palcomms201719,nature.com,The global governance of human cloning: the case ...,2026-05-09 21:15:38,reliable,domain nature.com rated 'high credibility' per MBFC,,,,,
cloning,slanted,clone farming,2,1,https://geneticliteracyproject.org/2021/03/04/cloned-animals-a-safe-sustainable-alternative-source-of-meat-and-milk/,geneticliteracyproject.org,"Cloned animals: A safe, sustainable source of food and ...",2026-05-09 21:19:17,reliable,domain geneticliteracyproject.org rated 'high credibility' per MBFC,,,,,
cloning,slanted,clone farming,2,6,https://www.researchgate.net/publication/322977295_Review_on_the_major_challenges_and_difficulties_of_farm_animal_cloning,researchgate.net,Review on the major challenges and difficulties of farm ...,2026-05-09 21:19:19,reliable,domain researchgate.net rated 'high credibility' per MBFC,,,,,
cloning,slanted,clone farming,3,8,https://www.newscientist.com/article/mg17123040-300-clone-farm/,newscientist.com,Clone farm,2026-05-09 21:19:35,reliable,domain newscientist.com rated 'high credibility' per MBFC,,,,,
gene_editing,slanted,gene editing ethics,1,6,https://www.who.int/teams/health-ethics-governance/emerging-technologies/human-genome-editing,who.int,Human Genome Editing,2026-05-09 21:22:28,reliable,domain who.int rated 'high credibility' per MBFC,,,,,
gene_editing,slanted,gene editing ethics,1,8,https://www.nature.com/articles/s41599-022-01147-y,nature.com,Beyond safety: mapping the ethical debate on heritable ...,2026-05-09 21:22:30,reliable,domain nature.com rated 'high credibility' per MBFC,,,,,
gene_editing,slanted,gene editing ethics,2,8,https://www.thelancet.com/journals/lancet/article/PIIS0140-6736(23)01084-X/fulltext,thelancet.com,Balancing potential benefits and ethical considerations of ...,2026-05-09 21:22:45,reliable,domain thelancet.com rated 'high credibility' per MBFC,,,,,
gene_editing,slanted,gene editing ethics,3,3,https://www.who.int/health-topics/human-genome-editing,who.int,Human genome editing,2026-05-09 21:22:58,reliable,domain who.int rated 'high credibility' per MBFC,,,,,
gene_editing,slanted,gene editing ethics,3,8,https://www.abc.net.au/news/2025-09-22/ethics-of-gene-editing-designer-babies/105496228,abc.net.au,Gene editing is being sold on the promise of healthier babies,2026-05-09 21:22:59,reliable,domain abc.net.au rated 'high credibility' per MBFC,,,,,
gene_editing,neutral,crispr cas9 research,1,2,https://www.nature.com/articles/s41392-023-01309-7,nature.com,CRISPR/Cas9 therapeutics: progress and prospects,2026-05-09 21:23:17,reliable,domain nature.com rated 'high credibility' per MBFC,,,,,
gene_editing,neutral,crispr cas9 research,2,2,https://www.researchgate.net/publication/387444991_A_Review_of_Research_on_CRISPRCas9_Gene_Editing_Technology_in_Disease_Treatment,researchgate.net,(PDF) A Review of Research on CRISPR/Cas9 Gene ...,2026-05-09 21:23:36,reliable,domain researchgate.net rated 'high credibility' per MBFC,,,,,
gene_editing,neutral,crispr cas9 research,2,4,https://www.nature.com/subjects/cas9-endonuclease,nature.com,CRISPR-Cas9 genome editing - Latest research and news,2026-05-09 21:23:36,reliable,domain nature.com rated 'high credibility' per MBFC,,,,,
gene_editing,neutral,crispr cas9 research,3,4,https://www.nejm.org/doi/full/10.1056/NEJMoa2031054,nejm.org,CRISPR-Cas9 Gene Editing for Sickle Cell Disease and β ...,2026-05-09 21:23:49,reliable,domain nejm.org rated 'high credibility' per MBFC,,,,,
gene_editing,slanted,genetic modification dangers,2,2,https://carnegieendowment.org/russia-eurasia/research/2024/10/mitigating-risks-from-gene-editing-and-synthetic-biology-global-governance-priorities,carnegieendowment.org,Mitigating Risks from Gene Editing and Synthetic Biology,2026-05-09 21:24:34,reliable,domain carnegieendowment.org rated 'high credibility' per MBFC,,,,,
gene_editing,slanted,genetic modification dangers,3,1,https://www.researchgate.net/post/What_are_some_potential_ethical_concerns_associated_with_using_genetic_engineering_to_create_genetically_modified_humans,researchgate.net,What are some potential ethical concerns associated with ...,2026-05-09 21:24:47,reliable,domain researchgate.net rated 'high credibility' per MBFC,,,,,
gene_editing,slanted,genetic modification dangers,3,6,https://www.scientificamerican.com/article/the-dark-side-of-crispr/,scientificamerican.com,The Dark Side of CRISPR,2026-05-09 21:24:49,reliable,domain scientificamerican.com rated 'high credibility' per MBFC,,,,,
gene_editing,neutral,gene drive technology,1,9,https://www.nature.com/articles/s41586-025-09685-6,nature.com,Gene-drive-capable mosquitoes suppress patient-derived ...,2026-05-09 21:25:31,reliable,domain nature.com rated 'high credibility' per MBFC,,,,,
gene_editing,neutral,gene drive technology,2,9,https://www.belfercenter.org/publication/technology-factsheet-gene-drives,belfercenter.org,Technology Factsheet: Gene Drives,2026-05-09 21:25:46,reliable,domain belfercenter.org rated 'high credibility' per MBFC,,,,,
gene_editing,neutral,gene drive technology,3,9,https://www.science.org/content/article/controversial-gene-drive-strategy-could-make-mosquitoes-hostile-malaria-parasites,science.org,Controversial 'gene-drive' strategy could make mosquitoes ...,2026-05-09 21:26:01,reliable,domain science.org rated 'high credibility' per MBFC,,,,,
gene_editing,slanted,designer babies,1,7,https://www.wired.com/story/your-next-job-designer-baby-therapist/,wired.com,Designer Babies Are Teenagers Now—and Some of Them ...,2026-05-09 21:26:39,reliable,domain wired.com rated 'high credibility' per MBFC,,,,,
gene_editing,slanted,designer babies,2,6,https://www.scientificamerican.com/article/why-genetically-optimizing-embryos-is-misleading-unethical-and-not-even/,scientificamerican.com,The Myth of the Designer Baby—Why 'Genetic Optimization ...,2026-05-09 21:27:00,reliable,domain scientificamerican.com rated 'high credibility' per MBFC,,,,,
gene_editing,slanted,designer babies,2,7,https://www.aspeninstitute.org/blog-posts/designer-babies-ethical-moral-biological-implications-future-genetic-technology/,aspeninstitute.org,Designer Babies: Where Does Society Draw the Line?,2026-05-09 21:27:00,reliable,domain aspeninstitute.org rated 'high credibility' per MBFC,,,,,
gene_editing,slanted,designer babies,3,1,https://www.thelancet.com/journals/lancet/article/PIIS014067360861538X/fulltext,thelancet.com,Designer babies: choosing our children's genes,2026-05-09 21:27:21,reliable,domain thelancet.com rated 'high credibility' per MBFC,,,,,
gene_editing,slanted,designer babies,3,4,https://www.swissinfo.ch/eng/science/designer-babies-divide-opinion/1013918,swissinfo.ch,Designer babies divide opinion,2026-05-09 21:27:22,reliable,domain swissinfo.ch rated 'nan' per MBFC,,,,,
gene_editing,slanted,designer babies,3,10,https://www.science.org/content/article/creator-crispr-babies-nears-release-prison-where-does-embryo-editing-stand,science.org,As creator of 'CRISPR babies' nears release from prison ...,2026-05-09 21:27:24,reliable,domain science.org rated 'high credibility' per MBFC,,,,,
cybersecurity,neutral,encryption security,2,6,https://www.researchgate.net/publication/381545968_DATA_ENCRYPTION_The_Definitive_Guide_to_Protecting_Your_Digital_Assets,researchgate.net,The Definitive Guide to Protecting Your Digital Assets,2026-05-09 21:28:27,reliable,domain researchgate.net rated 'high credibility' per MBFC,,,,,
cybersecurity,slanted,government backdoors,1,7,https://www.eff.org/issues/government-hacking-digital-security,eff.org,Government Hacking and Subversion of Digital Security,2026-05-09 21:29:02,reliable,domain eff.org rated 'high credibility' per MBFC,,,,,
cybersecurity,slanted,government backdoors,3,2,https://www.newamerica.org/insights/ten-reasons-why-encryption-backdoor-mandates-are-a-bad-idea/,newamerica.org,Ten Reasons Why Encryption Backdoor Mandates Are a ...,2026-05-09 21:29:29,reliable,domain newamerica.org rated 'high credibility' per MBFC,,,,,
cybersecurity,slanted,government backdoors,3,5,https://cdt.org/insights/canadian-government-proposes-legislation-to-enable-encryption-backdoors/,cdt.org,Canadian Government Proposes Legislation To Enable ...,2026-05-09 21:29:30,reliable,domain cdt.org rated 'high credibility' per MBFC,,,,,
cybersecurity,slanted,hacking vulnerabilities,3,7,https://www.researchgate.net/publication/361558831_Hacking_and_Its_Vulnerabilities,researchgate.net,(PDF) Hacking and Its Vulnerabilities,2026-05-09 21:31:47,reliable,domain researchgate.net rated 'high credibility' per MBFC,,,,,
cybersecurity,slanted,ransomware attacks,2,6,https://www.statista.com/topics/4136/ransomware/?srsltid=AfmBOopZNV4P94gir78umFEefd-SOXqYEC-g2bpEcm_woQQOIZtSSDzh,statista.com,Statistics & Facts about Ransomware,2026-05-09 21:33:39,reliable,domain statista.com rated 'high credibility' per MBFC,,,,,
social_credit,slanted,social credit system,1,3,https://www.swissinfo.ch/eng/digital-democracy/are-social-scoring-systems-a-threat-to-democracies/89576473,swissinfo.ch,Are social scoring systems a threat to democracies?,2026-05-09 21:35:01,reliable,domain swissinfo.ch rated 'nan' per MBFC,,,,,
social_credit,slanted,social credit system,3,3,https://www.cambridge.org/core/journals/law-and-social-inquiry/article/from-datafication-to-data-state-making-sense-of-chinas-social-credit-system-and-its-implications/EDF66228C909BE5A24180EFC1904BE00,cambridge.org,From Datafication to Data State: Making Sense of China's ...,2026-05-09 21:35:46,reliable,domain cambridge.org rated 'nan' per MBFC,,,,,
social_credit,neutral,citizen scoring research,2,4,https://www.swissinfo.ch/eng/digital-democracy/are-social-scoring-systems-a-threat-to-democracies/89576473,swissinfo.ch,Are social scoring systems a threat to democracies?,2026-05-09 21:36:36,reliable,domain swissinfo.ch rated 'nan' per MBFC,,,,,
social_credit,neutral,citizen scoring research,2,6,https://www.researchgate.net/publication/345766636_Data_Scores_as_Governance_Investigating_uses_of_citizen_scoring_in_public_services,researchgate.net,Investigating uses of citizen scoring in public services,2026-05-09 21:36:37,reliable,domain researchgate.net rated 'high credibility' per MBFC,,,,,
social_credit,neutral,citizen scoring research,3,5,https://ourworldindata.org/grapher/democracy-index-eiu,ourworldindata.org,Democracy Index,2026-05-09 21:36:51,reliable,domain ourworldindata.org rated 'high credibility' per MBFC,,,,,
social_credit,slanted,government surveillance,1,4,https://www.eff.org/nsa-spying,eff.org,NSA Spying,2026-05-09 21:37:15,reliable,domain eff.org rated 'high credibility' per MBFC,,,,,
social_credit,slanted,government surveillance,2,1,https://cdt.org/area-of-focus/government-surveillance/,cdt.org,Government Surveillance Archives,2026-05-09 21:37:31,reliable,domain cdt.org rated 'high credibility' per MBFC,,,,,
social_credit,slanted,government surveillance,3,5,https://www.wired.com/story/the-wired-guide-to-protecting-yourself-from-government-surveillance/,wired.com,The WIRED Guide to Protecting Yourself From Government ...,2026-05-09 21:37:46,reliable,domain wired.com rated 'high credibility' per MBFC,,,,,
social_credit,neutral,trustworthiness rating,1,2,https://www.ipsos.com/en/global-opinion-polls/trustworthiness,ipsos.com,Trustworthiness,2026-05-09 21:38:12,reliable,domain ipsos.com rated 'high credibility' per MBFC,,,,,
social_credit,neutral,trustworthiness rating,3,3,https://www.researchgate.net/publication/364125882_Measurement_of_Trustworthiness_of_the_Online_Reviews,researchgate.net,Measurement of Trustworthiness of the Online Reviews,2026-05-09 21:38:43,reliable,domain researchgate.net rated 'high credibility' per MBFC,,,,,
social_credit,neutral,trustworthiness rating,3,7,https://www.ipsos.com/sites/default/files/ct/publication/documents/2023-01/ipsos-global-trustworthiness-monitor-2022-charts.pdf,ipsos.com,Ipsos Global Trustworthiness Monitor,2026-05-09 21:38:45,reliable,domain ipsos.com rated 'high credibility' per MBFC,,,,,
social_credit,neutral,trustworthiness rating,3,8,https://www.charitynavigator.org/,charitynavigator.org,Charity Navigator: Charity Ratings and Donor Resources,2026-05-09 21:38:45,reliable,domain charitynavigator.org rated 'high credibility' per MBFC,,,,,
social_credit,slanted,privacy concerns,1,5,https://www.eff.org/issues/privacy,eff.org,Privacy,2026-05-09 21:39:14,reliable,domain eff.org rated 'high credibility' per MBFC,,,,,
social_credit,slanted,privacy concerns,3,1,https://www.researchgate.net/publication/282268951_Online_privacy_concerns_A_broad_approach_to_understanding_the_concerns_of_different_groups_for_different_uses,researchgate.net,Online privacy concerns: A broad approach to ...,2026-05-09 21:39:42,reliable,domain researchgate.net rated 'high credibility' per MBFC,,,,,
quantum_computing,neutral,quantum encryption research,1,6,https://www.researchgate.net/publication/387523863_Quantum_Computing_and_the_Future_of_Encryption,researchgate.net,Quantum Computing and the Future of Encryption,2026-05-09 21:40:12,reliable,domain researchgate.net rated 'high credibility' per MBFC,,,,,
quantum_computing,neutral,quantum encryption research,2,6,https://www.nature.com/articles/s41746-025-02082-3,nature.com,Quantum cryptography and data protection for medical ...,2026-05-09 21:40:31,reliable,domain nature.com rated 'high credibility' per MBFC,,,,,
quantum_computing,slanted,quantum decryption threat,2,9,https://www.weforum.org/stories/2026/02/quantum-security-question-leaders-cannot-ignore/,weforum.org,Why quantum security is a question leaders cannot ignore,2026-05-09 21:43:18,reliable,domain weforum.org rated 'high credibility' per MBFC,,,,,
quantum_computing,slanted,quantum decryption threat,3,9,https://www.wired.com/story/q-day-apocalypse-quantum-computers-encryption/,wired.com,The Quantum Apocalypse Is Coming. Be Very Afraid,2026-05-09 21:43:27,reliable,domain wired.com rated 'high credibility' per MBFC,,,,,
quantum_computing,neutral,quantum machine learning,1,8,https://www.nature.com/articles/nature23474,nature.com,Quantum machine learning,2026-05-09 21:43:49,reliable,domain nature.com rated 'high credibility' per MBFC,,,,,
quantum_computing,slanted,quantum computer hacking,1,7,https://www.nature.com/articles/d41586-026-01054-1,nature.com,'It's a real shock': quantum-computing breakthroughs pose ...,2026-05-09 21:46:29,reliable,domain nature.com rated 'high credibility' per MBFC,,,,,
quantum_computing,slanted,quantum computer hacking,2,3,https://www.researchgate.net/publication/389601024_Ethical_Hacking_and_Quantum_Computing_Addressing_Emerging_Cyber_Security_Challenges,researchgate.net,(PDF) Ethical Hacking and Quantum Computing,2026-05-09 21:46:38,reliable,domain researchgate.net rated 'high credibility' per MBFC,,,,,
quantum_computing,slanted,quantum computer hacking,3,4,https://www.wired.com/story/youre-not-ready-quantum-cracks/,wired.com,See How Much Faster a Quantum Computer Will Crack ...,2026-05-09 21:46:46,reliable,domain wired.com rated 'high credibility' per MBFC,,,,,
quantum_computing,slanted,quantum computer hacking,3,10,https://www.science.org/content/article/worried-quantum-computers-will-supercharge-hacking-white-house-calls-encryption-shift,science.org,Worried that quantum computers will supercharge hacking ...,2026-05-09 21:46:48,reliable,domain science.org rated 'high credibility' per MBFC,,,,,
quantum_computing,neutral,post quantum cryptography,2,2,https://www.nature.com/articles/nature23461,nature.com,Post-quantum cryptography,2026-05-09 21:47:34,reliable,domain nature.com rated 'high credibility' per MBFC,,,,,
quantum_computing,slanted,quantum supremacy,1,4,https://www.nature.com/articles/s41586-019-1666-5,nature.com,Quantum supremacy using a programmable ...,2026-05-09 21:48:08,reliable,domain nature.com rated 'high credibility' per MBFC,,,,,
quantum_computing,slanted,quantum supremacy,1,9,https://www.quantamagazine.org/john-preskill-explains-quantum-supremacy-20191002/,quantamagazine.org,Why I Called It 'Quantum Supremacy',2026-05-09 21:48:18,reliable,domain quantamagazine.org rated 'high credibility' per MBFC,,,,,
quantum_computing,slanted,quantum supremacy,2,6,https://bigthink.com/starts-with-a-bang/quantum-supremacy-explained/,bigthink.com,Quantum supremacy explained,2026-05-09 21:48:26,reliable,domain bigthink.com rated 'high credibility' per MBFC,,,,,
quantum_computing,slanted,quantum supremacy,3,8,https://www.popularmechanics.com/science/a68068223/quantum-supremacy-breakthrough/,popularmechanics.com,Scientists Say We've Finally Reached Quantum Supremacy,2026-05-09 21:48:48,reliable,domain popularmechanics.com rated 'nan' per MBFC,,,,,
quantum_computing,slanted,quantum supremacy,3,9,https://www.science.org/content/article/ibm-casts-doubt-googles-claims-quantum-supremacy,science.org,IBM casts doubt on Google's claims of quantum supremacy,2026-05-09 21:48:48,reliable,domain science.org rated 'high credibility' per MBFC,,,,,
space_exploration,neutral,space research data,1,5,https://ourworldindata.org/space-exploration-satellites,ourworldindata.org,Space Exploration and Satellites,2026-05-09 21:49:22,reliable,domain ourworldindata.org rated 'high credibility' per MBFC,,,,,
space_exploration,neutral,space research data,3,8,https://www.researchgate.net/publication/319865504_ANALYSIS_OF_BIG_DATA_FROM_SPACE,researchgate.net,(PDF) ANALYSIS OF BIG DATA FROM SPACE,2026-05-09 21:49:50,reliable,domain researchgate.net rated 'high credibility' per MBFC,,,,,
space_exploration,slanted,space junk,2,3,https://www.sciencenews.org/article/space-debris-altitude-loss-increase,sciencenews.org,Solar activity can influence how fast space junk loses orbit,2026-05-09 21:50:45,reliable,domain sciencenews.org rated 'high credibility' per MBFC,,,,,
space_exploration,slanted,space junk,2,4,https://www.britannica.com/technology/space-debris,britannica.com,"Space debris | Facts, Removal, & Examples",2026-05-09 21:50:45,reliable,domain britannica.com rated 'high credibility' per MBFC,,,,,
space_exploration,slanted,space junk,3,7,https://www.nationalgeographic.com/science/article/space-junk,nationalgeographic.com,Space junk is a huge problem—and it's only getting bigger,2026-05-09 21:50:57,reliable,domain nationalgeographic.com rated 'high credibility' per MBFC,,,,,
space_exploration,neutral,mars colonization,2,1,https://www.britannica.com/procon/space-colonization-debate,britannica.com,"Space Colonization | Pros, Cons, Debate, Arguments, Mars ...",2026-05-09 21:52:14,reliable,domain britannica.com rated 'high credibility' per MBFC,,,,,
space_exploration,neutral,mars colonization,2,2,https://www.nature.com/articles/s41598-023-42971-9,nature.com,Sustainable colonization of Mars using shape optimized ...,2026-05-09 21:52:14,reliable,domain nature.com rated 'high credibility' per MBFC,,,,,
space_exploration,neutral,mars colonization,3,3,https://thebulletin.org/2025/03/mars-attacks-how-elon-musks-plans-to-colonize-mars-threaten-earth/,thebulletin.org,How Elon Musk's plans to colonize Mars threaten Earth,2026-05-09 21:52:23,reliable,domain thebulletin.org rated 'high credibility' per MBFC,,,,,
space_exploration,slanted,space tourism risks,2,3,https://www.science.org/content/article/astronauts-face-health-risks-even-short-trips-space,science.org,Astronauts face health risks—even on short trips in space,2026-05-09 21:52:53,reliable,domain science.org rated 'high credibility' per MBFC,,,,,
space_exploration,slanted,space tourism risks,2,9,https://www.researchgate.net/publication/352967662_Space_Tourism_Challenges,researchgate.net,(PDF) Space Tourism Challenges,2026-05-09 21:52:53,reliable,domain researchgate.net rated 'high credibility' per MBFC,,,,,
space_exploration,slanted,space tourism risks,3,6,https://www.britannica.com/science/space-exploration/Human-beings-in-space-debate-and-consequences,britannica.com,"Space exploration - Human, Debate, Consequences",2026-05-09 21:53:02,reliable,domain britannica.com rated 'high credibility' per MBFC,,,,,
space_exploration,neutral,international space station,1,7,https://www.britannica.com/topic/International-Space-Station,britannica.com,"International Space Station (ISS) | Facts, Missions, & History",2026-05-09 21:53:56,reliable,domain britannica.com rated 'high credibility' per MBFC,,,,,
space_exploration,slanted,asteroid mining ethics,2,7,https://www.researchgate.net/post/Do_we_need_environmental_ethics_for_guiding_space_mining_operations_in_the_solar_system,researchgate.net,Do we need environmental ethics for guiding space mining ...,2026-05-09 21:54:50,reliable,domain researchgate.net rated 'high credibility' per MBFC,,,,,
space_exploration,slanted,asteroid mining ethics,3,6,https://www.euronews.com/next/2025/11/12/we-may-be-able-to-mine-asteroids-in-space-one-day-should-we-euronews-tech-talks,euronews.com,We may be able to mine asteroids in space one day. ...,2026-05-09 21:54:57,reliable,domain euronews.com rated 'high credibility' per MBFC,,,,,
space_exploration,slanted,space weaponization,3,4,https://www.armscontrol.org/act/2005-12/features/actionreaction-us-space-weaponization-and-china,armscontrol.org,Action/Reaction: U.S. Space Weaponization and China,2026-05-09 21:56:22,reliable,domain armscontrol.org rated 'high credibility' per MBFC,,,,,
immigration,neutral,immigration data,1,5,https://www.un.org/development/desa/pd/global-migration-database,un.org,Global Migration Database | Population Division,2026-05-09 21:56:40,reliable,domain un.org rated 'high credibility' per MBFC,,,,,
immigration,neutral,immigration data,1,9,https://www.migrationpolicy.org/programs/migration-data-hub,migrationpolicy.org,Migration Data Hub,2026-05-09 21:56:42,reliable,domain migrationpolicy.org rated 'nan' per MBFC,,,,,
immigration,neutral,immigration data,2,2,https://ourworldindata.org/migration,ourworldindata.org,Migration,2026-05-09 21:56:49,reliable,domain ourworldindata.org rated 'high credibility' per MBFC,,,,,
immigration,neutral,immigration data,2,3,https://www.pewresearch.org/topic/immigration-migration/,pewresearch.org,Immigration & Migration,2026-05-09 21:56:49,reliable,domain pewresearch.org rated 'high credibility' per MBFC,,,,,
immigration,neutral,immigration data,2,9,https://www.un.org/development/desa/pd/content/international-migrant-stock,un.org,International Migrant Stock | Population Division,2026-05-09 21:56:51,reliable,domain un.org rated 'high credibility' per MBFC,,,,,
immigration,neutral,immigration data,3,3,https://ourworldindata.org/countries-measure-immigration-accurate-data,ourworldindata.org,"How do countries measure immigration, and how accurate ...",2026-05-09 21:56:58,reliable,domain ourworldindata.org rated 'high credibility' per MBFC,,,,,
immigration,slanted,immigration threath,1,5,https://www.americanimmigrationcouncil.org/report/immigration-enforcement/,americanimmigrationcouncil.org,Restoring Credibility and Humanity: A New Framework for ...,2026-05-09 21:57:19,reliable,domain americanimmigrationcouncil.org rated 'high credibility' per MBFC,,,,,
immigration,slanted,immigration threath,1,6,https://www.swissinfo.ch/eng/workplace-switzerland/immigration-in-switzerland-a-threat-or-a-chance-for-prosperity/75453974,swissinfo.ch,Immigration in Switzerland: a threat or a chance for ...,2026-05-09 21:57:20,reliable,domain swissinfo.ch rated 'nan' per MBFC,,,,,
immigration,slanted,immigration threath,1,8,https://www.politico.com/news/2026/05/06/tom-homans-new-york-ice-surge-threat-isnt-stopping-sanctuary-bills-00908594,politico.com,Tom Homan's ICE surge threat isn't stopping sanctuary bills ...,2026-05-09 21:57:22,reliable,domain politico.com rated 'high credibility' per MBFC,,,,,
immigration,slanted,immigration threath,3,3,https://www.who.int/news-room/fact-sheets/detail/refugee-and-migrant-mental-health,who.int,Refugee and migrant mental health,2026-05-09 21:57:38,reliable,domain who.int rated 'high credibility' per MBFC,,,,,
immigration,slanted,immigration threath,3,10,https://www.cato.org/policy-analysis/terrorism-immigration,cato.org,Terrorism and Immigration,2026-05-09 21:57:40,reliable,domain cato.org rated 'high credibility' per MBFC,,,,,
immigration,neutral,poulation growth,1,2,https://ourworldindata.org/population-growth,ourworldindata.org,Population Growth,2026-05-09 21:57:58,reliable,domain ourworldindata.org rated 'high credibility' per MBFC,,,,,
immigration,neutral,poulation growth,1,4,https://www.un.org/en/global-issues/population,un.org,Population | United Nations,2026-05-09 21:58:04,reliable,domain un.org rated 'high credibility' per MBFC,,,,,
immigration,neutral,poulation growth,1,5,https://www.worldometers.info/world-population/,worldometers.info,"World Population Clock: 8.3 Billion People (LIVE, 2026)",2026-05-09 21:58:05,reliable,domain worldometers.info rated 'high credibility' per MBFC,,,,,
immigration,neutral,poulation growth,1,7,https://www.swissinfo.ch/eng/swiss-politics/10-million-initiative-poll-sees-neck-and-neck-race/91380506,swissinfo.ch,First SBC poll shows Swiss evenly split on capping ...,2026-05-09 21:58:11,reliable,domain swissinfo.ch rated 'nan' per MBFC,,,,,
immigration,neutral,poulation growth,1,9,https://www.britannica.com/science/population-growth,britannica.com,"Population growth | Definition, Growth Rates, Calculation ...",2026-05-09 21:58:13,reliable,domain britannica.com rated 'high credibility' per MBFC,,,,,
immigration,neutral,poulation growth,3,3,https://www.worldometers.info/world-population/world-population-by-year/,worldometers.info,World Population by Year,2026-05-09 21:58:32,reliable,domain worldometers.info rated 'high credibility' per MBFC,,,,,
immigration,neutral,poulation growth,3,8,https://ourworldindata.org/grapher/population-growth-rates,ourworldindata.org,"Population growth rate, 1950 to 2100",2026-05-09 21:58:33,reliable,domain ourworldindata.org rated 'high credibility' per MBFC,,,,,
immigration,neutral,poulation growth,3,9,https://www.statista.com/topics/776/population/?srsltid=AfmBOoqlp8-jca9BHLGaxrrT3vVNrIJimThGSRcDEAINcaMGi3MGT2B9,statista.com,Population - statistics & facts,2026-05-09 21:58:33,reliable,domain statista.com rated 'high credibility' per MBFC,,,,,
immigration,slanted,overpopulation,1,8,https://populationconnection.org/blog/major-un-report-highlights-overpopulation-and-overconsumption-need-for-profound-transformation/,populationconnection.org,Major UN report highlights overpopulation and ...,2026-05-09 21:59:19,reliable,domain populationconnection.org rated 'high credibility' per MBFC,,,,,
immigration,slanted,overpopulation,2,6,https://www.cato.org/policy-report/november/december-2022/valuable-people-debunking-myth-overpopulation,cato.org,Valuable People: Debunking the Myth of Overpopulation,2026-05-09 21:59:29,reliable,domain cato.org rated 'high credibility' per MBFC,,,,,
immigration,slanted,overpopulation,3,1,https://www.worldometers.info/world-population/,worldometers.info,"World Population Clock: 8.3 Billion People (LIVE, 2026)",2026-05-09 21:59:46,reliable,domain worldometers.info rated 'high credibility' per MBFC,,,,,
immigration,slanted,overpopulation,3,3,https://www.researchgate.net/publication/391454428_new_definition_of_global_overpopulation_explained_and_applied,researchgate.net,"(PDF) A new definition of global overpopulation, explained ...",2026-05-09 21:59:47,reliable,domain researchgate.net rated 'high credibility' per MBFC,,,,,
immigration,slanted,overpopulation,3,6,https://ourworldindata.org/population-growth,ourworldindata.org,Population Growth,2026-05-09 21:59:47,reliable,domain ourworldindata.org rated 'high credibility' per MBFC,,,,,
immigration,slanted,overpopulation,3,9,https://www.britannica.com/science/overpopulation,britannica.com,Overpopulation,2026-05-09 21:59:48,reliable,domain britannica.com rated 'high credibility' per MBFC,,,,,
immigration,slanted,overpopulation,3,10,https://www.weforum.org/stories/2018/10/david-attenborough-warns-planet-cant-cope-with-overpopulation/,weforum.org,David Attenborough: The planet can't cope with ...,2026-05-09 21:59:49,reliable,domain weforum.org rated 'high credibility' per MBFC,,,,,
Job_security,neutral,unemployment rate data,1,8,https://ourworldindata.org/grapher/unemployment-rate,ourworldindata.org,"Unemployment rate, 2025",2026-05-09 22:00:05,reliable,domain ourworldindata.org rated 'high credibility' per MBFC,,,,,
Job_security,neutral,unemployment rate data,2,5,https://www.swissinfo.ch/eng/various/unemployment-continues-to-rise-at-the-end-of-the-year/90748225,swissinfo.ch,Swiss unemployment continues to rise,2026-05-09 22:00:13,reliable,domain swissinfo.ch rated 'nan' per MBFC,,,,,
Job_security,slanted,unemployment rise,1,1,https://www.swissinfo.ch/eng/pharma-supply-chains/why-unemployment-in-switzerland-is-increasing/90981918,swissinfo.ch,Why unemployment in Switzerland is increasing more than ...,2026-05-09 22:00:39,reliable,domain swissinfo.ch rated 'nan' per MBFC,,,,,
Job_security,slanted,unemployment rise,1,4,https://www.swissinfo.ch/eng/various/unemployment-continues-to-rise-at-the-end-of-the-year/90748225,swissinfo.ch,Swiss unemployment continues to rise,2026-05-09 22:00:43,reliable,domain swissinfo.ch rated 'nan' per MBFC,,,,,
Job_security,slanted,unemployment rise,3,2,https://globalnews.ca/news/11840238/youth-unemployment-canada-april-2026/,globalnews.ca,Youth unemployment rises as Canada sheds 18K jobs,2026-05-09 22:01:09,reliable,domain globalnews.ca rated 'high credibility' per MBFC,,,,,
Job_security,neutral,unemployment projection related to Ai data,3,9,https://fortune.com/2026/04/06/ai-tech-displacement-effect-gen-z-16000-jobs-per-month/,fortune.com,AI is cutting 16000 U.S. jobs a month — and Gen Z ...,2026-05-09 22:01:53,reliable,domain fortune.com rated 'high credibility' per MBFC,,,,,
Job_security,slanted,Ai taking over jobs,3,3,https://hbr.org/2026/01/companies-are-laying-off-workers-because-of-ais-potential-not-its-performance,hbr.org,Companies Are Laying Off Workers Because of AI's ...,2026-05-09 22:02:41,reliable,domain hbr.org rated 'high credibility' per MBFC,,,,,
Job_security,slanted,Ai taking over jobs,3,6,https://www.investopedia.com/how-ai-could-destroy-4-million-jobs-per-year-and-not-kill-the-labor-market-1776901536126-11956548,investopedia.com,How AI Could Destroy 4 Million Jobs a Year Without ...,2026-05-09 22:02:42,reliable,domain investopedia.com rated 'high credibility' per MBFC,,,,,
Job_security,slanted,Ai taking over jobs,3,10,https://fortune.com/2025/09/09/ai-expert-tech-take-over-jobs-careers-record-unemployment-80-hours-free-time/,fortune.com,AI expert says it's 'not a question' that AI will take over all ...,2026-05-09 22:02:43,reliable,domain fortune.com rated 'high credibility' per MBFC,,,,,
vaccines,neutral,vaccine information,2,5,https://en.wikipedia.org/wiki/Vaccine,en.wikipedia.org,Vaccine,2026-05-09 15:40:57,reliable,domain en.wikipedia.org manually labeled as reliable,,,,,
vaccines,slanted,vaccine scam,2,1,https://en.wikipedia.org/wiki/COVID-19_vaccine_misinformation_and_hesitancy,en.wikipedia.org,COVID-19 vaccine misinformation and hesitancy,2026-05-09 15:44:13,reliable,domain en.wikipedia.org manually labeled as reliable,,,,,
vaccine_passports,neutral,vaccine passport impact,1,4,https://en.wikipedia.org/wiki/Vaccine_passports_during_the_COVID-19_pandemic,en.wikipedia.org,Vaccine passports during the COVID-19 pandemic,2026-05-09 15:51:34,reliable,domain en.wikipedia.org manually labeled as reliable,,,,,
vaccine_passports,slanted,immunity passport discrimination,1,8,https://en.wikipedia.org/wiki/Immunity_passport,en.wikipedia.org,Immunity passport,2026-05-09 15:52:24,reliable,domain en.wikipedia.org manually labeled as reliable,,,,,
vaccine_passports,neutral,covid passport research,1,8,https://en.wikipedia.org/wiki/Vaccine_passports_during_the_COVID-19_pandemic,en.wikipedia.org,Vaccine passports during the COVID-19 pandemic,2026-05-09 15:53:06,reliable,domain en.wikipedia.org manually labeled as reliable,,,,,
vaccine_passports,slanted,vaccine segregation,1,8,https://en.wikipedia.org/wiki/Our_Homeland_Movement,en.wikipedia.org,Our Homeland Movement,2026-05-09 15:55:08,reliable,domain en.wikipedia.org manually labeled as reliable,,,,,
covid19,neutral,coronavirus pandemic origin,1,1,"https://en.wikipedia.org/wiki/Origin_of_SARS-CoV-2#:~:text=While%20there%20are%20multiple%20proposed,CoV%2D2%20is%20horseshoe%20bats.",en.wikipedia.org,Origin of SARS-CoV-2 - Wikipedia,2026-05-09 15:58:25,reliable,domain en.wikipedia.org manually labeled as reliable,,,,,
covid19,neutral,coronavirus pandemic origin,1,6,https://en.wikipedia.org/wiki/COVID-19_pandemic,en.wikipedia.org,COVID-19 pandemic,2026-05-09 15:58:29,reliable,domain en.wikipedia.org manually labeled as reliable,,,,,
covid19,neutral,coronavirus pandemic origin,3,3,https://en.wikipedia.org/wiki/Coronavirus,en.wikipedia.org,Coronavirus,2026-05-09 15:58:46,reliable,domain en.wikipedia.org manually labeled as reliable,,,,,
covid19,slanted,coronavirus lab leak theory,1,1,https://en.wikipedia.org/wiki/COVID-19_lab_leak_theory,en.wikipedia.org,COVID-19 lab leak theory,2026-05-09 15:58:59,reliable,domain en.wikipedia.org manually labeled as reliable,,,,,
covid19,slanted,coronavirus lab leak theory,3,6,https://en.wikipedia.org/wiki/Origin_of_SARS-CoV-2,en.wikipedia.org,Origin of SARS-CoV-2,2026-05-09 15:59:19,reliable,domain en.wikipedia.org manually labeled as reliable,,,,,
covid19,slanted,lockdown harms,2,1,https://en.wikipedia.org/wiki/Lockdown,en.wikipedia.org,Lockdown,2026-05-09 16:02:03,reliable,domain en.wikipedia.org manually labeled as reliable,,,,,
climate_change,neutral,climate change evidence,1,6,https://en.wikipedia.org/wiki/Scientific_consensus_on_climate_change,en.wikipedia.org,Scientific consensus on climate change,2026-05-09 16:02:55,reliable,domain en.wikipedia.org manually labeled as reliable,,,,,
climate_change,slanted,climate change hoax,1,1,https://en.wikipedia.org/wiki/Climate_change_denial,en.wikipedia.org,Climate change denial,2026-05-09 16:03:27,reliable,domain en.wikipedia.org manually labeled as reliable,,,,,
climate_change,slanted,climate change hoax,2,5,https://en.wikipedia.org/wiki/The_Great_Global_Warming_Swindle,en.wikipedia.org,The Great Global Warming Swindle,2026-05-09 16:03:48,reliable,domain en.wikipedia.org manually labeled as reliable,,,,,
climate_change,neutral,global warming science,1,6,https://en.wikipedia.org/wiki/Climate_change,en.wikipedia.org,Climate change,2026-05-09 16:04:25,reliable,domain en.wikipedia.org manually labeled as reliable,,,,,
climate_change,neutral,global warming science,3,8,https://en.wikipedia.org/wiki/Scientific_consensus_on_climate_change,en.wikipedia.org,Scientific consensus on climate change,2026-05-09 16:04:52,reliable,domain en.wikipedia.org manually labeled as reliable,,,,,
climate_change,slanted,global warming myth,1,7,https://en.wikipedia.org/wiki/Climate_change_denial,en.wikipedia.org,Climate change denial,2026-05-09 16:05:26,reliable,domain en.wikipedia.org manually labeled as reliable,,,,,
climate_change,neutral,sea level rise research,1,7,https://en.wikipedia.org/wiki/Sea_level_rise,en.wikipedia.org,Sea level rise,2026-05-09 16:06:34,reliable,domain en.wikipedia.org manually labeled as reliable,,,,,
climate_change,neutral,carbon emissions impact,2,2,https://en.wikipedia.org/wiki/Greenhouse_gas_emissions,en.wikipedia.org,Greenhouse gas emissions,2026-05-09 16:08:13,reliable,domain en.wikipedia.org manually labeled as reliable,,,,,
climate_change,slanted,carbon emissions scam,1,9,https://en.wikipedia.org/wiki/Volkswagen_emissions_scandal,en.wikipedia.org,Volkswagen emissions scandal,2026-05-09 16:08:50,reliable,domain en.wikipedia.org manually labeled as reliable,,,,,
climate_change,neutral,renewable energy facts,2,7,https://en.wikipedia.org/wiki/Renewable_energy,en.wikipedia.org,Renewable energy,2026-05-09 16:09:46,reliable,domain en.wikipedia.org manually labeled as reliable,,,,,
fluoridation,neutral,water fluoridation information,1,2,https://en.wikipedia.org/wiki/Water_fluoridation,en.wikipedia.org,Water fluoridation,2026-05-09 16:10:59,reliable,domain en.wikipedia.org manually labeled as reliable,,,,,
fluoridation,slanted,water fluoridation dangers,2,8,https://en.wikipedia.org/wiki/Water_fluoridation,en.wikipedia.org,Water fluoridation,2026-05-09 16:13:04,reliable,domain en.wikipedia.org manually labeled as reliable,,,,,
fluoridation,neutral,fluoride dental health,3,9,https://en.wikipedia.org/wiki/Fluoride_therapy,en.wikipedia.org,Fluoride therapy,2026-05-09 16:13:59,reliable,domain en.wikipedia.org manually labeled as reliable,,,,,
fluoridation,slanted,fluoride toxicity,1,1,https://en.wikipedia.org/wiki/Fluoride_toxicity,en.wikipedia.org,Fluoride toxicity,2026-05-09 16:14:12,reliable,domain en.wikipedia.org manually labeled as reliable,,,,,
5g,neutral,5g technology health,1,7,https://en.wikipedia.org/wiki/5G_misinformation,en.wikipedia.org,5G misinformation,2026-05-09 16:17:09,reliable,domain en.wikipedia.org manually labeled as reliable,,,,,
5g,slanted,5g radiation risks,1,5,https://en.wikipedia.org/wiki/5G_misinformation,en.wikipedia.org,5G misinformation,2026-05-09 16:17:46,reliable,domain en.wikipedia.org manually labeled as reliable,,,,,
5g,slanted,5g dangers,1,8,https://en.wikipedia.org/wiki/5G_misinformation,en.wikipedia.org,5G misinformation,2026-05-09 16:19:20,reliable,domain en.wikipedia.org manually labeled as reliable,,,,,
5g,slanted,5g electromagnetic hypersensitivity,1,8,https://en.wikipedia.org/wiki/Electromagnetic_hypersensitivity,en.wikipedia.org,Electromagnetic hypersensitivity,2026-05-09 16:20:54,reliable,domain en.wikipedia.org manually labeled as reliable,,,,,
nuclear_power,slanted,nuclear power risks,1,4,https://en.wikipedia.org/wiki/Nuclear_and_radiation_accidents_and_incidents,en.wikipedia.org,Nuclear and radiation accidents and incidents,2026-05-09 16:24:14,reliable,domain en.wikipedia.org manually labeled as reliable,,,,,
nuclear_power,slanted,nuclear power risks,3,7,https://en.wikipedia.org/wiki/Environmental_impact_of_nuclear_power,en.wikipedia.org,Environmental impact of nuclear power,2026-05-09 16:24:33,reliable,domain en.wikipedia.org manually labeled as reliable,,,,,
nuclear_power,neutral,nuclear waste management,1,4,https://en.wikipedia.org/wiki/Radioactive_waste,en.wikipedia.org,Radioactive waste,2026-05-09 16:24:53,reliable,domain en.wikipedia.org manually labeled as reliable,,,,,
nuclear_power,neutral,nuclear waste management,3,8,https://en.wikipedia.org/wiki/Radioactive_waste,en.wikipedia.org,Radioactive waste,2026-05-09 16:25:43,reliable,domain en.wikipedia.org manually labeled as reliable,,,,,
nuclear_power,slanted,nuclear waste danger,1,3,https://en.wikipedia.org/wiki/Long-term_nuclear_waste_warning_messages,en.wikipedia.org,Long-term nuclear waste warning messages,2026-05-09 16:26:56,reliable,domain en.wikipedia.org manually labeled as reliable,,,,,
nuclear_power,slanted,nuclear accidents,1,1,https://en.wikipedia.org/wiki/Nuclear_and_radiation_accidents_and_incidents,en.wikipedia.org,Nuclear and radiation accidents and incidents,2026-05-09 16:28:38,reliable,domain en.wikipedia.org manually labeled as reliable,,,,,
nuclear_power,slanted,nuclear accidents,1,9,https://en.wikipedia.org/wiki/List_of_military_nuclear_accidents,en.wikipedia.org,List of military nuclear accidents,2026-05-09 16:28:47,reliable,domain en.wikipedia.org manually labeled as reliable,,,,,
nuclear_power,neutral,nuclear fusion research,1,3,https://en.wikipedia.org/wiki/Fusion_power,en.wikipedia.org,Fusion power,2026-05-09 16:29:45,reliable,domain en.wikipedia.org manually labeled as reliable,,,,,
nuclear_power,neutral,nuclear fusion research,3,6,https://en.wikipedia.org/wiki/Fusion_power,en.wikipedia.org,Fusion power,2026-05-09 16:30:05,reliable,domain en.wikipedia.org manually labeled as reliable,,,,,
nuclear_power,slanted,nuclear proliferation risks,1,3,https://en.wikipedia.org/wiki/Nuclear_proliferation,en.wikipedia.org,Nuclear proliferation,2026-05-09 16:30:20,reliable,domain en.wikipedia.org manually labeled as reliable,,,,,
nuclear_waste,neutral,radioactive waste disposal research,2,4,https://en.wikipedia.org/wiki/High-level_radioactive_waste_management,en.wikipedia.org,High-level radioactive waste management,2026-05-09 16:31:18,reliable,domain en.wikipedia.org manually labeled as reliable,,,,,
nuclear_waste,slanted,nuclear waste leaks,1,1,https://en.wikipedia.org/wiki/Nuclear_and_radiation_accidents_and_incidents,en.wikipedia.org,Nuclear and radiation accidents and incidents,2026-05-09 16:31:42,reliable,domain en.wikipedia.org manually labeled as reliable,,,,,
nuclear_waste,slanted,nuclear waste leaks,2,8,https://en.wikipedia.org/wiki/List_of_nuclear_power_accidents_by_country,en.wikipedia.org,List of nuclear power accidents by country,2026-05-09 16:32:12,reliable,domain en.wikipedia.org manually labeled as reliable,,,,,
nuclear_waste,neutral,deep geological repository data,2,9,https://en.wikipedia.org/wiki/Long-term_nuclear_waste_warning_messages,en.wikipedia.org,Long-term nuclear waste warning messages,2026-05-09 16:34:12,reliable,domain en.wikipedia.org manually labeled as reliable,,,,,
nuclear_waste,slanted,radioactive waste transportation risks,2,8,https://en.wikipedia.org/wiki/Long-term_nuclear_waste_warning_messages,en.wikipedia.org,Long-term nuclear waste warning messages,2026-05-09 16:34:47,reliable,domain en.wikipedia.org manually labeled as reliable,,,,,
nuclear_waste,slanted,radioactive waste transportation risks,3,1,https://en.wikipedia.org/wiki/Long-term_nuclear_waste_warning_messages,en.wikipedia.org,Long-term nuclear waste warning messages,2026-05-09 16:34:54,reliable,domain en.wikipedia.org manually labeled as reliable,,,,,
pesticides,neutral,pesticide regulation science,3,10,https://en.wikipedia.org/wiki/Pesticide,en.wikipedia.org,Pesticide,2026-05-09 16:35:38,reliable,domain en.wikipedia.org manually labeled as reliable,,,,,
pesticides,slanted,pesticide health hazards,1,4,https://en.wikipedia.org/wiki/Health_effects_of_pesticides,en.wikipedia.org,Health effects of pesticides,2026-05-09 16:35:51,reliable,domain en.wikipedia.org manually labeled as reliable,,,,,
artificial_sweeteners,neutral,sucralose research,2,2,https://en.wikipedia.org/wiki/Sucralose,en.wikipedia.org,Sucralose,2026-05-09 16:43:27,reliable,domain en.wikipedia.org manually labeled as reliable,,,,,
artificial_sweeteners,slanted,sucralose health risks,2,2,https://en.wikipedia.org/wiki/Sucralose,en.wikipedia.org,Sucralose,2026-05-09 16:44:14,reliable,domain en.wikipedia.org manually labeled as reliable,,,,,
artificial_sweeteners,neutral,stevia information,1,1,https://en.wikipedia.org/wiki/Stevia,en.wikipedia.org,Stevia,2026-05-09 16:44:45,reliable,domain en.wikipedia.org manually labeled as reliable,,,,,
artificial_sweeteners,neutral,diet soda health,2,1,https://en.wikipedia.org/wiki/Diet_soda,en.wikipedia.org,Diet soda,2026-05-09 16:49:22,reliable,domain en.wikipedia.org manually labeled as reliable,,,,,
electromagnetic_fields,neutral,emf safety research,2,7,https://en.wikipedia.org/wiki/Electromagnetic_radiation_and_health,en.wikipedia.org,Electromagnetic radiation and health,2026-05-09 16:50:51,reliable,domain en.wikipedia.org manually labeled as reliable,,,,,
electromagnetic_fields,slanted,emf health risks,2,3,https://en.wikipedia.org/wiki/Electromagnetic_radiation_and_health,en.wikipedia.org,Electromagnetic radiation and health,2026-05-09 16:51:36,reliable,domain en.wikipedia.org manually labeled as reliable,,,,,
electromagnetic_fields,neutral,wi-fi health effects,2,4,https://en.wikipedia.org/wiki/Wireless_device_radiation_and_health,en.wikipedia.org,Wireless device radiation and health,2026-05-09 16:55:49,reliable,domain en.wikipedia.org manually labeled as reliable,,,,,
electromagnetic_fields,slanted,wi-fi radiation dangers,2,4,https://en.wikipedia.org/wiki/Wireless_device_radiation_and_health,en.wikipedia.org,Wireless device radiation and health,2026-05-09 16:56:46,reliable,domain en.wikipedia.org manually labeled as reliable,,,,,
essential_oils,slanted,essential oils toxicity,3,8,https://en.wikipedia.org/wiki/Essential_oil,en.wikipedia.org,Essential oil,2026-05-09 16:59:18,reliable,domain en.wikipedia.org manually labeled as reliable,,,,,
essential_oils,slanted,tea tree oil poisoning,3,4,https://en.wikipedia.org/wiki/Tea_tree_oil,en.wikipedia.org,Tea tree oil,2026-05-09 17:01:40,reliable,domain en.wikipedia.org manually labeled as reliable,,,,,
mercury,neutral,mercury in fish guidelines,1,9,https://en.wikipedia.org/wiki/Mercury_in_fish,en.wikipedia.org,Mercury in fish,2026-05-09 17:10:18,reliable,domain en.wikipedia.org manually labeled as reliable,,,,,
mercury,slanted,mercury seafood dangers,1,1,https://en.wikipedia.org/wiki/Mercury_in_fish,en.wikipedia.org,Mercury in fish,2026-05-09 17:20:31,reliable,domain en.wikipedia.org manually labeled as reliable,,,,,
cloning,neutral,animal cloning research,3,3,https://en.wikipedia.org/wiki/Cloning,en.wikipedia.org,Cloning,2026-05-09 17:22:14,reliable,domain en.wikipedia.org manually labeled as reliable,,,,,
cloning,slanted,cloning ethical concerns,1,4,https://en.wikipedia.org/wiki/Ethics_of_cloning,en.wikipedia.org,Ethics of cloning,2026-05-09 17:22:39,reliable,domain en.wikipedia.org manually labeled as reliable,,,,,
coal,slanted,coal pollution deaths,1,3,https://en.wikipedia.org/wiki/Health_and_environmental_impact_of_the_coal_industry,en.wikipedia.org,Health and environmental impact of the coal industry,2026-05-09 17:26:42,reliable,domain en.wikipedia.org manually labeled as reliable,,,,,
coal,slanted,coal mining dangers,1,2,https://en.wikipedia.org/wiki/Health_and_environmental_impact_of_the_coal_industry,en.wikipedia.org,Health and environmental impact of the coal industry,2026-05-09 17:28:45,reliable,domain en.wikipedia.org manually labeled as reliable,,,,,
coal,slanted,coal mining dangers,3,5,https://en.wikipedia.org/wiki/Coal_mining,en.wikipedia.org,Coal mining,2026-05-09 17:29:22,reliable,domain en.wikipedia.org manually labeled as reliable,,,,,
coal,slanted,coal ash toxic waste,1,1,https://en.wikipedia.org/wiki/Health_effects_of_coal_ash,en.wikipedia.org,Health effects of coal ash,2026-05-09 17:30:37,reliable,domain en.wikipedia.org manually labeled as reliable,,,,,
coal,slanted,coal ash toxic waste,3,7,https://en.wikipedia.org/wiki/Coal_combustion_products,en.wikipedia.org,Coal combustion products,2026-05-09 17:31:15,reliable,domain en.wikipedia.org manually labeled as reliable,,,,,
plastic,neutral,plastic recycling impact,2,2,https://en.wikipedia.org/wiki/Plastic_recycling,en.wikipedia.org,Plastic recycling,2026-05-09 17:32:00,reliable,domain en.wikipedia.org manually labeled as reliable,,,,,
plastic,neutral,biodegradable plastics research,2,5,https://en.wikipedia.org/wiki/Bioplastic,en.wikipedia.org,Bioplastic,2026-05-09 17:36:35,reliable,domain en.wikipedia.org manually labeled as reliable,,,,,
plastic,slanted,bioplastics environmental impact,1,6,https://en.wikipedia.org/wiki/Bioplastic,en.wikipedia.org,Bioplastic,2026-05-09 17:37:16,reliable,domain en.wikipedia.org manually labeled as reliable,,,,,
plastic,neutral,microplastics health research,1,9,https://en.wikipedia.org/wiki/Microplastics_and_human_health,en.wikipedia.org,Microplastics and human health,2026-05-09 17:38:19,reliable,domain en.wikipedia.org manually labeled as reliable,,,,,
plastic,slanted,microplastics human toxicity,1,4,https://en.wikipedia.org/wiki/Microplastics_and_human_health,en.wikipedia.org,Microplastics and human health,2026-05-09 17:39:06,reliable,domain en.wikipedia.org manually labeled as reliable,,,,,
wind_energy,slanted,wind turbine syndrome,1,1,https://en.wikipedia.org/wiki/Wind_turbine_syndrome,en.wikipedia.org,Wind turbine syndrome,2026-05-09 17:41:17,reliable,domain en.wikipedia.org manually labeled as reliable,,,,,
wind_energy,neutral,wind power health effects,1,3,https://en.wikipedia.org/wiki/Wind_turbine_syndrome,en.wikipedia.org,Wind turbine syndrome,2026-05-09 17:44:48,reliable,domain en.wikipedia.org manually labeled as reliable,,,,,
biodiesel,slanted,biodiesel land use change,1,1,https://en.wikipedia.org/wiki/Indirect_land_use_change_impacts_of_biofuels,en.wikipedia.org,Indirect land use change impacts of biofuels,2026-05-09 17:47:47,reliable,domain en.wikipedia.org manually labeled as reliable,,,,,
biodiesel,neutral,algae biofuel research,2,4,https://en.wikipedia.org/wiki/Algae_fuel,en.wikipedia.org,Algae fuel,2026-05-09 17:49:00,reliable,domain en.wikipedia.org manually labeled as reliable,,,,,
biodiesel,slanted,biofuel food vs fuel,1,1,https://en.wikipedia.org/wiki/Food_vs._fuel,en.wikipedia.org,Food vs. fuel,2026-05-09 17:49:32,reliable,domain en.wikipedia.org manually labeled as reliable,,,,,
artificial_intelligence,neutral,ai safety research,1,7,https://en.wikipedia.org/wiki/AI_safety,en.wikipedia.org,AI safety,2026-05-09 17:50:45,reliable,domain en.wikipedia.org manually labeled as reliable,,,,,
artificial_intelligence,slanted,ai existential risk,1,1,https://en.wikipedia.org/wiki/Existential_risk_from_artificial_intelligence,en.wikipedia.org,Existential risk from artificial intelligence,2026-05-09 17:51:25,reliable,domain en.wikipedia.org manually labeled as reliable,,,,,
artificial_intelligence,slanted,ai existential risk,3,5,https://en.wikipedia.org/wiki/Statement_on_AI_Risk,en.wikipedia.org,Statement on AI Risk,2026-05-09 17:52:07,reliable,domain en.wikipedia.org manually labeled as reliable,,,,,
artificial_intelligence,neutral,ai alignment effects,1,1,https://en.wikipedia.org/wiki/AI_alignment,en.wikipedia.org,AI alignment,2026-05-09 17:52:24,reliable,domain en.wikipedia.org manually labeled as reliable,,,,,
artificial_intelligence,slanted,ai uncontrolled intelligence,1,1,https://en.wikipedia.org/wiki/Existential_risk_from_artificial_intelligence,en.wikipedia.org,Existential risk from artificial intelligence,2026-05-09 17:53:17,reliable,domain en.wikipedia.org manually labeled as reliable,,,,,
artificial_intelligence,neutral,ai ethics guidelines,3,1,https://en.wikipedia.org/wiki/Ethics_of_artificial_intelligence,en.wikipedia.org,Ethics of artificial intelligence,2026-05-09 17:55:18,reliable,domain en.wikipedia.org manually labeled as reliable,,,,,
artificial_intelligence,slanted,ai bias dangers,2,6,https://en.wikipedia.org/wiki/Algorithmic_bias,en.wikipedia.org,Algorithmic bias,2026-05-09 17:55:56,reliable,domain en.wikipedia.org manually labeled as reliable,,,,,
gene_drives,neutral,crispr gene drive research,1,5,https://en.wikipedia.org/wiki/Gene_drive,en.wikipedia.org,Gene drive,2026-05-09 17:58:37,reliable,domain en.wikipedia.org manually labeled as reliable,,,,,
gene_drives,slanted,selfish genetic elements danger,1,3,https://en.wikipedia.org/wiki/Selfish_genetic_element,en.wikipedia.org,Selfish genetic element,2026-05-09 18:01:23,reliable,domain en.wikipedia.org manually labeled as reliable,,,,,
synthetic_biology,neutral,synthetic biology facts,1,1,https://en.wikipedia.org/wiki/Synthetic_biology,en.wikipedia.org,Synthetic biology,2026-05-09 18:02:24,reliable,domain en.wikipedia.org manually labeled as reliable,,,,,
synthetic_biology,slanted,synthetic biology bioweapons,3,1,https://en.wikipedia.org/wiki/Biological_warfare,en.wikipedia.org,Biological warfare,2026-05-09 18:03:49,reliable,domain en.wikipedia.org manually labeled as reliable,,,,,
synthetic_biology,neutral,genetic engineering research,2,8,https://en.wikipedia.org/wiki/Genetic_engineering,en.wikipedia.org,Genetic engineering,2026-05-09 18:04:33,reliable,domain en.wikipedia.org manually labeled as reliable,,,,,
synthetic_biology,slanted,designer babies ethics,2,4,https://en.wikipedia.org/wiki/Designer_baby,en.wikipedia.org,Designer baby,2026-05-09 18:05:37,reliable,domain en.wikipedia.org manually labeled as reliable,,,,,
synthetic_biology,slanted,garage biology risks,3,1,https://en.wikipedia.org/wiki/Do-it-yourself_biology,en.wikipedia.org,Do-it-yourself biology,2026-05-09 18:07:53,reliable,domain en.wikipedia.org manually labeled as reliable,,,,,
nanotechnology,neutral,nanotechnology medical impact,2,7,https://en.wikipedia.org/wiki/Nanomedicine,en.wikipedia.org,Nanomedicine,2026-05-09 18:08:36,reliable,domain en.wikipedia.org manually labeled as reliable,,,,,
nanotechnology,slanted,nanotech environmental impact,1,5,https://en.wikipedia.org/wiki/Impact_of_nanotechnology,en.wikipedia.org,Impact of nanotechnology,2026-05-09 18:10:54,reliable,domain en.wikipedia.org manually labeled as reliable,,,,,
nanotechnology,neutral,carbon nanotube applications,1,1,https://en.wikipedia.org/wiki/Potential_applications_of_carbon_nanotubes,en.wikipedia.org,Potential applications of carbon nanotubes,2026-05-09 18:12:02,reliable,domain en.wikipedia.org manually labeled as reliable,,,,,
nanotechnology,neutral,carbon nanotube applications,3,4,https://en.wikipedia.org/wiki/Carbon_nanotube,en.wikipedia.org,Carbon nanotube,2026-05-09 18:12:53,reliable,domain en.wikipedia.org manually labeled as reliable,,,,,
quantum_computing,neutral,quantum computing cryptography,1,1,https://en.wikipedia.org/wiki/Quantum_cryptography,en.wikipedia.org,Quantum cryptography,2026-05-09 18:14:02,reliable,domain en.wikipedia.org manually labeled as reliable,,,,,
quantum_computing,neutral,quantum supremacy research,1,2,https://en.wikipedia.org/wiki/Quantum_supremacy,en.wikipedia.org,Quantum supremacy,2026-05-09 18:16:17,reliable,domain en.wikipedia.org manually labeled as reliable,,,,,
quantum_computing,slanted,quantum decryption threats,1,5,https://en.wikipedia.org/wiki/Post-quantum_cryptography,en.wikipedia.org,Post-quantum cryptography,2026-05-09 18:17:27,reliable,domain en.wikipedia.org manually labeled as reliable,,,,,
quantum_computing,neutral,quantum ai research,1,4,https://en.wikipedia.org/wiki/Quantum_Artificial_Intelligence_Lab,en.wikipedia.org,Quantum Artificial Intelligence Lab,2026-05-09 18:18:23,reliable,domain en.wikipedia.org manually labeled as reliable,,,,,
lab_grown_meat,slanted,lab meat health risks,3,6,https://en.wikipedia.org/wiki/Cultured_meat,en.wikipedia.org,Cultured meat,2026-05-09 18:22:24,reliable,domain en.wikipedia.org manually labeled as reliable,,,,,
lab_grown_meat,neutral,cellular agriculture research,2,4,https://en.wikipedia.org/wiki/Cellular_agriculture,en.wikipedia.org,Cellular agriculture,2026-05-09 18:22:58,reliable,domain en.wikipedia.org manually labeled as reliable,,,,,
lab_grown_meat,slanted,test tube meat dangers,2,5,https://en.wikipedia.org/wiki/Cultured_meat,en.wikipedia.org,Cultured meat,2026-05-09 18:23:59,reliable,domain en.wikipedia.org manually labeled as reliable,,,,,
lab_grown_meat,neutral,clean meat environmental impact,2,5,https://en.wikipedia.org/wiki/Environmental_impacts_of_animal_agriculture,en.wikipedia.org,Environmental impacts of animal agriculture,2026-05-09 18:24:57,reliable,domain en.wikipedia.org manually labeled as reliable,,,,,
3d_printing,neutral,3d printed organs facts,1,3,https://en.wikipedia.org/wiki/Organ_printing,en.wikipedia.org,Organ printing,2026-05-09 18:26:31,reliable,domain en.wikipedia.org manually labeled as reliable,,,,,
3d_printing,slanted,3d printed gun dangers,2,2,https://en.wikipedia.org/wiki/3D-printed_firearm,en.wikipedia.org,3D-printed firearm,2026-05-09 18:30:38,reliable,domain en.wikipedia.org manually labeled as reliable,,,,,
3d_printing,slanted,3d printing toxic emissions,1,7,https://en.wikipedia.org/wiki/Health_and_safety_hazards_of_3D_printing,en.wikipedia.org,Health and safety hazards of 3D printing,2026-05-09 18:32:35,reliable,domain en.wikipedia.org manually labeled as reliable,,,,,
autonomous_vehicles,slanted,autonomous vehicle accidents,1,4,https://en.wikipedia.org/wiki/Death_of_Elaine_Herzberg,en.wikipedia.org,Death of Elaine Herzberg,2026-05-09 18:34:37,reliable,domain en.wikipedia.org manually labeled as reliable,,,,,
autonomous_vehicles,slanted,autonomous vehicle accidents,3,3,https://en.wikipedia.org/wiki/Self-driving_car_liability,en.wikipedia.org,Self-driving car liability,2026-05-09 18:35:10,reliable,domain en.wikipedia.org manually labeled as reliable,,,,,
autonomous_vehicles,slanted,self driving truck dangers,3,3,https://en.wikipedia.org/wiki/Self-driving_truck,en.wikipedia.org,Self-driving truck,2026-05-09 18:36:58,reliable,domain en.wikipedia.org manually labeled as reliable,,,,,
cryptocurrency,slanted,cryptocurrency environmental damage,1,1,https://en.wikipedia.org/wiki/Environmental_impact_of_bitcoin,en.wikipedia.org,Environmental impact of bitcoin,2026-05-09 18:40:13,reliable,domain en.wikipedia.org manually labeled as reliable,,,,,
cryptocurrency,neutral,crypto mining energy use,2,5,https://en.wikipedia.org/wiki/Environmental_impact_of_bitcoin,en.wikipedia.org,Environmental impact of bitcoin,2026-05-09 18:43:06,reliable,domain en.wikipedia.org manually labeled as reliable,,,,,
cryptocurrency,slanted,bitcoin carbon footprint,1,1,https://en.wikipedia.org/wiki/Environmental_impact_of_bitcoin,en.wikipedia.org,Environmental impact of bitcoin,2026-05-09 18:43:27,reliable,domain en.wikipedia.org manually labeled as reliable,,,,,
cryptocurrency,slanted,crypto scam risks,2,6,https://en.wikipedia.org/wiki/Cryptocurrency_and_crime,en.wikipedia.org,Cryptocurrency and crime,2026-05-09 18:45:17,reliable,domain en.wikipedia.org manually labeled as reliable,,,,,
blockchain,slanted,blockchain energy consumption,3,7,https://en.wikipedia.org/wiki/Environmental_impact_of_bitcoin,en.wikipedia.org,Environmental impact of bitcoin,2026-05-09 18:47:11,reliable,domain en.wikipedia.org manually labeled as reliable,,,,,
social_media,neutral,facebook misinformation research,1,7,https://en.wikipedia.org/wiki/Facebook%E2%80%93Cambridge_Analytica_data_scandal,en.wikipedia.org,Facebook–Cambridge Analytica data scandal,2026-05-09 18:53:13,reliable,domain en.wikipedia.org manually labeled as reliable,,,,,
social_media,neutral,twitter echo chamber,1,2,https://en.wikipedia.org/wiki/Echo_chamber_(media),en.wikipedia.org,Echo chamber (media),2026-05-09 18:54:34,reliable,domain en.wikipedia.org manually labeled as reliable,,,,,
social_media,slanted,online radicalization,1,9,https://en.wikipedia.org/wiki/Online_youth_radicalization,en.wikipedia.org,Online youth radicalization,2026-05-09 18:55:22,reliable,domain en.wikipedia.org manually labeled as reliable,,,,,
online_privacy,slanted,data collection privacy risks,3,5,https://en.wikipedia.org/wiki/Digital_privacy,en.wikipedia.org,Digital privacy,2026-05-09 18:58:30,reliable,domain en.wikipedia.org manually labeled as reliable,,,,,
online_privacy,neutral,encryption security research,1,6,https://en.wikipedia.org/wiki/Encryption,en.wikipedia.org,Encryption,2026-05-09 18:58:55,reliable,domain en.wikipedia.org manually labeled as reliable,,,,,
online_privacy,slanted,government backdoor dangers,3,9,https://en.wikipedia.org/wiki/Hardware_backdoor,en.wikipedia.org,Hardware backdoor,2026-05-09 19:00:00,reliable,domain en.wikipedia.org manually labeled as reliable,,,,,
online_privacy,slanted,facial recognition surveillance,1,3,https://en.wikipedia.org/wiki/Facial_recognition_system,en.wikipedia.org,Facial recognition system,2026-05-09 19:01:03,reliable,domain en.wikipedia.org manually labeled as reliable,,,,,
electronic_cigarettes,slanted,e cigarette lung disease,1,3,https://en.wikipedia.org/wiki/Vaping-associated_pulmonary_injury,en.wikipedia.org,Vaping-associated pulmonary injury,2026-05-09 19:02:24,reliable,domain en.wikipedia.org manually labeled as reliable,,,,,
electronic_cigarettes,neutral,nicotine replacement impact,3,2,https://en.wikipedia.org/wiki/Nicotine_replacement_therapy,en.wikipedia.org,Nicotine replacement therapy,2026-05-09 19:03:43,reliable,domain en.wikipedia.org manually labeled as reliable,,,,,
obesity,neutral,weight loss surgery facts,3,9,https://en.wikipedia.org/wiki/Bariatric_surgery,en.wikipedia.org,Bariatric surgery,2026-05-09 19:07:45,reliable,domain en.wikipedia.org manually labeled as reliable,,,,,
obesity,slanted,obesity health risks,2,10,https://en.wikipedia.org/wiki/Obesity-associated_morbidity,en.wikipedia.org,Obesity-associated morbidity,2026-05-09 19:08:29,reliable,domain en.wikipedia.org manually labeled as reliable,,,,,
obesity,slanted,obesity health risks,3,1,https://en.wikipedia.org/wiki/Obesity-associated_morbidity,en.wikipedia.org,Obesity-associated morbidity,2026-05-09 19:08:35,reliable,domain en.wikipedia.org manually labeled as reliable,,,,,
raw_milk,slanted,raw milk food poisoning,2,9,https://en.wikipedia.org/wiki/Milk_sickness,en.wikipedia.org,Milk sickness,2026-05-09 19:21:10,reliable,domain en.wikipedia.org manually labeled as reliable,,,,,
dairy,slanted,dairy lactose intolerance,1,4,https://en.wikipedia.org/wiki/Lactose_intolerance,en.wikipedia.org,Lactose intolerance,2026-05-09 19:30:35,reliable,domain en.wikipedia.org manually labeled as reliable,,,,,
dairy,slanted,raw dairy risks,2,3,https://en.wikipedia.org/wiki/Raw_milk,en.wikipedia.org,Raw milk,2026-05-09 19:32:24,reliable,domain en.wikipedia.org manually labeled as reliable,,,,,
eggs,neutral,egg protein consumption,1,5,https://en.wikipedia.org/wiki/Eggs_as_food,en.wikipedia.org,Eggs as food,2026-05-09 19:34:42,reliable,domain en.wikipedia.org manually labeled as reliable,,,,,
eggs,slanted,salmonella egg dangers,2,2,https://en.wikipedia.org/wiki/Salmonella-in-eggs_controversy,en.wikipedia.org,Salmonella-in-eggs controversy,2026-05-09 19:35:32,reliable,domain en.wikipedia.org manually labeled as reliable,,,,,
salt,slanted,salt hypertension risk,3,2,https://en.wikipedia.org/wiki/Salt_and_cardiovascular_disease,en.wikipedia.org,Salt and cardiovascular disease,2026-05-09 19:44:20,reliable,domain en.wikipedia.org manually labeled as reliable,,,,,
salt,neutral,iodized salt diet,3,5,https://en.wikipedia.org/wiki/Iodised_salt,en.wikipedia.org,Iodised salt,2026-05-09 19:45:20,reliable,domain en.wikipedia.org manually labeled as reliable,,,,,
salt,slanted,salt heart disease,1,3,https://en.wikipedia.org/wiki/Salt_and_cardiovascular_disease,en.wikipedia.org,Salt and cardiovascular disease,2026-05-09 19:47:57,reliable,domain en.wikipedia.org manually labeled as reliable,,,,,
caffeine,neutral,caffeine health impact,3,5,https://en.wikipedia.org/wiki/Caffeine,en.wikipedia.org,Caffeine,2026-05-09 19:49:11,reliable,domain en.wikipedia.org manually labeled as reliable,,,,,
caffeine,slanted,caffeine anxiety risks,1,3,https://en.wikipedia.org/wiki/Caffeine-induced_anxiety_disorder,en.wikipedia.org,Caffeine-induced anxiety disorder,2026-05-09 19:49:25,reliable,domain en.wikipedia.org manually labeled as reliable,,,,,
caffeine,neutral,tea health effects,1,1,https://en.wikipedia.org/wiki/Health_effects_of_tea,en.wikipedia.org,Health effects of tea,2026-05-09 19:53:13,reliable,domain en.wikipedia.org manually labeled as reliable,,,,,
caffeine,slanted,caffeine addiction,1,1,https://en.wikipedia.org/wiki/Caffeine_dependence,en.wikipedia.org,Caffeine dependence,2026-05-09 19:53:56,reliable,domain en.wikipedia.org manually labeled as reliable,,,,,
alcohol,neutral,moderate alcohol consumption health impact,3,3,https://en.wikipedia.org/wiki/Long-term_effects_of_alcohol,en.wikipedia.org,Long-term effects of alcohol,2026-05-09 19:55:14,reliable,domain en.wikipedia.org manually labeled as reliable,,,,,
alcohol,slanted,alcohol liver disease risk,3,4,https://en.wikipedia.org/wiki/Alcoholic_liver_disease,en.wikipedia.org,Alcoholic liver disease,2026-05-09 19:56:09,reliable,domain en.wikipedia.org manually labeled as reliable,,,,,
alcohol,slanted,binge drinking dangers,2,9,https://en.wikipedia.org/wiki/Binge_drinking,en.wikipedia.org,Binge drinking,2026-05-09 19:57:41,reliable,domain en.wikipedia.org manually labeled as reliable,,,,,
alcohol,slanted,alcohol cancer risk,3,7,https://en.wikipedia.org/wiki/Alcohol_and_cancer,en.wikipedia.org,Alcohol and cancer,2026-05-09 19:59:13,reliable,domain en.wikipedia.org manually labeled as reliable,,,,,
fast_food,neutral,food safety regulations,2,3,https://en.wikipedia.org/wiki/Food_safety,en.wikipedia.org,Food safety,2026-05-09 20:00:04,reliable,domain en.wikipedia.org manually labeled as reliable,,,,,
fast_food,slanted,fast food obesity,2,6,https://en.wikipedia.org/wiki/Super_Size_Me,en.wikipedia.org,Super Size Me,2026-05-09 20:01:47,reliable,domain en.wikipedia.org manually labeled as reliable,,,,,
fast_food,neutral,restaurant calorie labeling,1,3,https://en.wikipedia.org/wiki/Calorie_count_laws,en.wikipedia.org,Calorie count laws,2026-05-09 20:02:31,reliable,domain en.wikipedia.org manually labeled as reliable,,,,,
fast_food,slanted,fast food antibiotic meat,1,9,https://en.wikipedia.org/wiki/Chick-fil-A,en.wikipedia.org,Chick-fil-A,2026-05-09 20:04:48,reliable,domain en.wikipedia.org manually labeled as reliable,,,,,
organic_food,neutral,organic food diet facts,3,3,https://en.wikipedia.org/wiki/Organic_food,en.wikipedia.org,Organic food,2026-05-09 20:05:54,reliable,domain en.wikipedia.org manually labeled as reliable,,,,,
organic_food,slanted,organic farming pesticides,2,4,https://en.wikipedia.org/wiki/Organic_farming,en.wikipedia.org,Organic farming,2026-05-09 20:08:26,reliable,domain en.wikipedia.org manually labeled as reliable,,,,,
tap_water,neutral,water quality regulations,1,8,https://en.wikipedia.org/wiki/Drinking_water_quality_standards,en.wikipedia.org,Drinking water quality standards,2026-05-09 20:14:54,reliable,domain en.wikipedia.org manually labeled as reliable,,,,,
tap_water,neutral,water quality regulations,3,1,https://en.wikipedia.org/wiki/Water_quality_law,en.wikipedia.org,Water quality law,2026-05-09 20:15:21,reliable,domain en.wikipedia.org manually labeled as reliable,,,,,
tap_water,neutral,fluoridated water consumption,1,2,https://en.wikipedia.org/wiki/Water_fluoridation,en.wikipedia.org,Water fluoridation,2026-05-09 20:16:44,reliable,domain en.wikipedia.org manually labeled as reliable,,,,,
tap_water,neutral,fluoridated water consumption,2,9,https://en.wikipedia.org/wiki/Water_fluoridation_by_country,en.wikipedia.org,Water fluoridation by country,2026-05-09 20:17:04,reliable,domain en.wikipedia.org manually labeled as reliable,,,,,
tap_water,slanted,water contamination risks,2,4,https://en.wikipedia.org/wiki/Water_pollution,en.wikipedia.org,Water pollution,2026-05-09 20:17:57,reliable,domain en.wikipedia.org manually labeled as reliable,,,,,
bottled_water,slanted,plastic bottle pollution,3,9,https://en.wikipedia.org/wiki/Plastic_pollution,en.wikipedia.org,Plastic pollution,2026-05-09 20:22:12,reliable,domain en.wikipedia.org manually labeled as reliable,,,,,
bottled_water,neutral,mineral water research,3,1,https://en.wikipedia.org/wiki/Mineral_water,en.wikipedia.org,Mineral water,2026-05-09 20:26:21,reliable,domain en.wikipedia.org manually labeled as reliable,,,,,
bottled_water,slanted,phthalate leaching,1,5,https://en.wikipedia.org/wiki/Phthalates,en.wikipedia.org,Phthalates,2026-05-09 20:26:42,reliable,domain en.wikipedia.org manually labeled as reliable,,,,,
mining,slanted,mining environmental damage,1,1,https://en.wikipedia.org/wiki/Environmental_impact_of_mining,en.wikipedia.org,Environmental impact of mining,2026-05-09 20:28:51,reliable,domain en.wikipedia.org manually labeled as reliable,,,,,
mining,neutral,coal mining technology,1,2,https://en.wikipedia.org/wiki/Coal_mining,en.wikipedia.org,Coal mining,2026-05-09 20:30:02,reliable,domain en.wikipedia.org manually labeled as reliable,,,,,
mining,slanted,mountaintop removal dangers,3,3,https://en.wikipedia.org/wiki/Mountaintop_removal_mining,en.wikipedia.org,Mountaintop removal mining,2026-05-09 20:31:50,reliable,domain en.wikipedia.org manually labeled as reliable,,,,,
mining,neutral,gold mining economic impact,1,10,https://en.wikipedia.org/wiki/Gold_mining,en.wikipedia.org,Gold mining,2026-05-09 20:32:22,reliable,domain en.wikipedia.org manually labeled as reliable,,,,,
deforestation,slanted,deforestation climate impact,2,8,https://en.wikipedia.org/wiki/Deforestation_and_climate_change,en.wikipedia.org,Deforestation and climate change,2026-05-09 20:35:22,reliable,domain en.wikipedia.org manually labeled as reliable,,,,,
deforestation,slanted,palm oil deforestation,1,5,https://en.wikipedia.org/wiki/Social_and_environmental_impact_of_palm_oil,en.wikipedia.org,Social and environmental impact of palm oil,2026-05-09 20:37:02,reliable,domain en.wikipedia.org manually labeled as reliable,,,,,
deforestation,neutral,reforestation projects,1,4,https://en.wikipedia.org/wiki/Eden_Reforestation_Projects,en.wikipedia.org,Eden Reforestation Projects,2026-05-09 20:39:57,reliable,domain en.wikipedia.org manually labeled as reliable,,,,,
deforestation,neutral,reforestation projects,3,3,https://en.wikipedia.org/wiki/Category:Reforestation,en.wikipedia.org,Category:Reforestation,2026-05-09 20:40:50,reliable,domain en.wikipedia.org manually labeled as reliable,,,,,
deforestation,slanted,illegal logging,1,1,https://en.wikipedia.org/wiki/Illegal_logging,en.wikipedia.org,Illegal logging,2026-05-09 20:41:10,reliable,domain en.wikipedia.org manually labeled as reliable,,,,,
overfishing,slanted,overfishing ocean collapse,1,2,https://en.wikipedia.org/wiki/Overfishing,en.wikipedia.org,Overfishing,2026-05-09 20:43:51,reliable,domain en.wikipedia.org manually labeled as reliable,,,,,
overfishing,slanted,overfishing ocean collapse,3,6,https://en.wikipedia.org/wiki/Collapse_of_the_Atlantic_northwest_cod_fishery,en.wikipedia.org,Collapse of the Atlantic northwest cod fishery,2026-05-09 20:44:30,reliable,domain en.wikipedia.org manually labeled as reliable,,,,,
overfishing,neutral,fisheries management research,3,7,https://en.wikipedia.org/wiki/Fisheries_management,en.wikipedia.org,Fisheries management,2026-05-09 20:45:20,reliable,domain en.wikipedia.org manually labeled as reliable,,,,,
overfishing,slanted,bycatch dolphin deaths,1,2,https://en.wikipedia.org/wiki/Cetacean_bycatch,en.wikipedia.org,Cetacean bycatch,2026-05-09 20:45:32,reliable,domain en.wikipedia.org manually labeled as reliable,,,,,
overfishing,slanted,fish farm pollution,2,5,https://en.wikipedia.org/wiki/Fish_farming,en.wikipedia.org,Fish farming,2026-05-09 20:47:30,reliable,domain en.wikipedia.org manually labeled as reliable,,,,,
poverty,slanted,poverty cycle,1,1,https://en.wikipedia.org/wiki/Cycle_of_poverty,en.wikipedia.org,Cycle of poverty,2026-05-09 20:49:25,reliable,domain en.wikipedia.org manually labeled as reliable,,,,,
poverty,neutral,minimum wage economical impact,3,1,https://en.wikipedia.org/wiki/Minimum_wage,en.wikipedia.org,Minimum wage,2026-05-09 20:51:33,reliable,domain en.wikipedia.org manually labeled as reliable,,,,,
poverty,slanted,welfare dependency,1,1,https://en.wikipedia.org/wiki/Welfare_dependency,en.wikipedia.org,Welfare dependency,2026-05-09 20:51:48,reliable,domain en.wikipedia.org manually labeled as reliable,,,,,
poverty,neutral,universal basic income research,1,1,https://en.wikipedia.org/wiki/Universal_basic_income_pilots,en.wikipedia.org,Universal basic income pilots,2026-05-09 20:52:57,reliable,domain en.wikipedia.org manually labeled as reliable,,,,,
poverty,slanted,poverty traps,1,3,https://en.wikipedia.org/wiki/Cycle_of_poverty,en.wikipedia.org,Cycle of poverty,2026-05-09 20:55:15,reliable,domain en.wikipedia.org manually labeled as reliable,,,,,
education,slanted,common core failures,1,8,https://en.wikipedia.org/wiki/Common_Core,en.wikipedia.org,Common Core,2026-05-09 20:59:34,reliable,domain en.wikipedia.org manually labeled as reliable,,,,,
education,slanted,school voucher controversy,1,9,https://en.wikipedia.org/wiki/School_voucher,en.wikipedia.org,School voucher,2026-05-09 21:02:33,reliable,domain en.wikipedia.org manually labeled as reliable,,,,,
education,slanted,student loan debt crisis,2,2,https://en.wikipedia.org/wiki/Student_loans_in_the_United_States,en.wikipedia.org,Student loans in the United States,2026-05-09 21:05:52,reliable,domain en.wikipedia.org manually labeled as reliable,,,,,
healthcare,neutral,universal healthcare facts,1,2,https://en.wikipedia.org/wiki/Universal_health_care,en.wikipedia.org,Universal health care,2026-05-09 21:06:31,reliable,domain en.wikipedia.org manually labeled as reliable,,,,,
healthcare,neutral,universal healthcare facts,3,9,https://en.wikipedia.org/wiki/Single-payer_healthcare,en.wikipedia.org,Single-payer healthcare,2026-05-09 21:07:05,reliable,domain en.wikipedia.org manually labeled as reliable,,,,,
healthcare,slanted,medicare for all costs,1,1,https://en.wikipedia.org/wiki/Medicare_for_All_Act,en.wikipedia.org,Medicare for All Act,2026-05-09 21:07:17,reliable,domain en.wikipedia.org manually labeled as reliable,,,,,
healthcare,slanted,medicare for all costs,3,9,https://en.wikipedia.org/wiki/Single-payer_healthcare,en.wikipedia.org,Single-payer healthcare,2026-05-09 21:07:55,reliable,domain en.wikipedia.org manually labeled as reliable,,,,,
healthcare,slanted,obamacare failures,1,8,https://en.wikipedia.org/wiki/Affordable_Care_Act,en.wikipedia.org,Affordable Care Act,2026-05-09 21:09:16,reliable,domain en.wikipedia.org manually labeled as reliable,,,,,
healthcare,neutral,healthcare reform,1,1,https://en.wikipedia.org/wiki/Health_care_reform,en.wikipedia.org,Health care reform,2026-05-09 21:09:59,reliable,domain en.wikipedia.org manually labeled as reliable,,,,,
healthcare,neutral,healthcare reform,1,7,https://en.wikipedia.org/wiki/Healthcare_reform_in_the_United_States,en.wikipedia.org,Healthcare reform in the United States,2026-05-09 21:10:08,reliable,domain en.wikipedia.org manually labeled as reliable,,,,,
healthcare,slanted,insurance coverage gaps,3,9,https://en.wikipedia.org/wiki/GAP_insurance,en.wikipedia.org,GAP insurance,2026-05-09 21:11:43,reliable,domain en.wikipedia.org manually labeled as reliable,,,,,
cloning,neutral,animal cloning impact,3,9,https://en.wikipedia.org/wiki/Cloning,en.wikipedia.org,Cloning,2026-05-09 21:12:36,reliable,domain en.wikipedia.org manually labeled as reliable,,,,,
cloning,slanted,human cloning ethics,1,2,https://en.wikipedia.org/wiki/Ethics_of_cloning,en.wikipedia.org,Ethics of cloning,2026-05-09 21:12:55,reliable,domain en.wikipedia.org manually labeled as reliable,,,,,
cloning,slanted,human cloning ethics,2,10,https://en.wikipedia.org/wiki/Human_cloning,en.wikipedia.org,Human cloning,2026-05-09 21:13:33,reliable,domain en.wikipedia.org manually labeled as reliable,,,,,
cloning,neutral,reproductive cloning research,1,4,https://en.wikipedia.org/wiki/Human_cloning,en.wikipedia.org,Human cloning,2026-05-09 21:14:10,reliable,domain en.wikipedia.org manually labeled as reliable,,,,,
cloning,slanted,therapeutic cloning debate,1,4,https://en.wikipedia.org/wiki/Ethics_of_cloning,en.wikipedia.org,Ethics of cloning,2026-05-09 21:15:00,reliable,domain en.wikipedia.org manually labeled as reliable,,,,,
cloning,slanted,clone farming,1,1,https://en.wikipedia.org/wiki/Cloning,en.wikipedia.org,Cloning,2026-05-09 21:19:00,reliable,domain en.wikipedia.org manually labeled as reliable,,,,,
gene_editing,neutral,crispr cas9 research,1,6,https://en.wikipedia.org/wiki/CRISPR,en.wikipedia.org,crispr,2026-05-09 21:23:18,reliable,domain en.wikipedia.org manually labeled as reliable,,,,,
gene_editing,slanted,genetic modification dangers,2,7,https://en.wikipedia.org/wiki/Genetic_engineering,en.wikipedia.org,Genetic engineering,2026-05-09 21:24:36,reliable,domain en.wikipedia.org manually labeled as reliable,,,,,
gene_editing,neutral,gene drive technology,1,1,https://en.wikipedia.org/wiki/Gene_drive,en.wikipedia.org,Gene drive,2026-05-09 21:25:13,reliable,domain en.wikipedia.org manually labeled as reliable,,,,,
gene_editing,slanted,designer babies,1,1,https://en.wikipedia.org/wiki/Designer_baby,en.wikipedia.org,Designer baby,2026-05-09 21:26:27,reliable,domain en.wikipedia.org manually labeled as reliable,,,,,
cybersecurity,neutral,encryption security,1,1,https://en.wikipedia.org/wiki/Encryption,en.wikipedia.org,Encryption,2026-05-09 21:27:49,reliable,domain en.wikipedia.org manually labeled as reliable,,,,,
cybersecurity,slanted,government backdoors,1,2,https://en.wikipedia.org/wiki/Hardware_backdoor,en.wikipedia.org,Hardware backdoor,2026-05-09 21:28:54,reliable,domain en.wikipedia.org manually labeled as reliable,,,,,
cybersecurity,slanted,government backdoors,3,4,https://en.wikipedia.org/wiki/Backdoor_(computing),en.wikipedia.org,Backdoor (computing),2026-05-09 21:29:29,reliable,domain en.wikipedia.org manually labeled as reliable,,,,,
cybersecurity,neutral,cyber threat intelligence,1,1,https://en.wikipedia.org/wiki/Cyber_threat_intelligence,en.wikipedia.org,Cyber threat intelligence,2026-05-09 21:29:54,reliable,domain en.wikipedia.org manually labeled as reliable,,,,,
cybersecurity,slanted,hacking vulnerabilities,1,2,https://en.wikipedia.org/wiki/Vulnerability_(computer_security),en.wikipedia.org,Vulnerability (computer security),2026-05-09 21:31:09,reliable,domain en.wikipedia.org manually labeled as reliable,,,,,
cybersecurity,slanted,ransomware attacks,1,1,https://en.wikipedia.org/wiki/Ransomware,en.wikipedia.org,Ransomware,2026-05-09 21:33:09,reliable,domain en.wikipedia.org manually labeled as reliable,,,,,
social_credit,neutral,digital identity impact,3,7,https://en.wikipedia.org/wiki/Digital_identity,en.wikipedia.org,Digital identity,2026-05-09 21:34:43,reliable,domain en.wikipedia.org manually labeled as reliable,,,,,
social_credit,slanted,social credit system,1,1,https://en.wikipedia.org/wiki/Social_credit_system,en.wikipedia.org,Social credit system,2026-05-09 21:34:56,reliable,domain en.wikipedia.org manually labeled as reliable,,,,,
social_credit,neutral,citizen scoring research,1,2,https://en.wikipedia.org/wiki/Social_credit_system,en.wikipedia.org,Social credit system,2026-05-09 21:36:20,reliable,domain en.wikipedia.org manually labeled as reliable,,,,,
social_credit,slanted,government surveillance,1,1,https://en.wikipedia.org/wiki/Mass_surveillance,en.wikipedia.org,Mass surveillance,2026-05-09 21:37:08,reliable,domain en.wikipedia.org manually labeled as reliable,,,,,
social_credit,slanted,government surveillance,2,9,https://en.wikipedia.org/wiki/List_of_government_mass_surveillance_projects,en.wikipedia.org,List of government mass surveillance projects,2026-05-09 21:37:34,reliable,domain en.wikipedia.org manually labeled as reliable,,,,,
social_credit,slanted,privacy concerns,2,1,https://en.wikipedia.org/wiki/Privacy_concerns_with_social_networking_services,en.wikipedia.org,Privacy concerns with social networking services,2026-05-09 21:39:29,reliable,domain en.wikipedia.org manually labeled as reliable,,,,,
social_credit,slanted,privacy concerns,3,9,https://en.wikipedia.org/wiki/Privacy_concerns_with_Google,en.wikipedia.org,Privacy concerns with Google,2026-05-09 21:39:44,reliable,domain en.wikipedia.org manually labeled as reliable,,,,,
quantum_computing,neutral,quantum encryption research,1,3,https://en.wikipedia.org/wiki/Quantum_cryptography,en.wikipedia.org,Quantum cryptography,2026-05-09 21:40:10,reliable,domain en.wikipedia.org manually labeled as reliable,,,,,
quantum_computing,slanted,quantum decryption threat,1,5,https://en.wikipedia.org/wiki/Post-quantum_cryptography,en.wikipedia.org,Post-quantum cryptography,2026-05-09 21:43:01,reliable,domain en.wikipedia.org manually labeled as reliable,,,,,
quantum_computing,neutral,quantum machine learning,1,1,https://en.wikipedia.org/wiki/Quantum_machine_learning,en.wikipedia.org,Quantum machine learning,2026-05-09 21:43:42,reliable,domain en.wikipedia.org manually labeled as reliable,,,,,
quantum_computing,slanted,quantum computer hacking,1,1,https://en.wikipedia.org/wiki/Quantum_cryptography,en.wikipedia.org,Quantum cryptography,2026-05-09 21:44:33,reliable,domain en.wikipedia.org manually labeled as reliable,,,,,
quantum_computing,slanted,quantum computer hacking,2,5,https://en.wikipedia.org/wiki/Post-quantum_cryptography,en.wikipedia.org,Post-quantum cryptography,2026-05-09 21:46:39,reliable,domain en.wikipedia.org manually labeled as reliable,,,,,
quantum_computing,neutral,post quantum cryptography,1,1,https://en.wikipedia.org/wiki/Post-quantum_cryptography,en.wikipedia.org,Post-quantum cryptography,2026-05-09 21:47:06,reliable,domain en.wikipedia.org manually labeled as reliable,,,,,
quantum_computing,slanted,quantum supremacy,1,1,https://en.wikipedia.org/wiki/Quantum_supremacy,en.wikipedia.org,Quantum supremacy,2026-05-09 21:47:58,reliable,domain en.wikipedia.org manually labeled as reliable,,,,,
space_exploration,neutral,space research data,2,3,https://en.wikipedia.org/wiki/Space_research,en.wikipedia.org,Space research,2026-05-09 21:49:41,reliable,domain en.wikipedia.org manually labeled as reliable,,,,,
space_exploration,slanted,space junk,1,1,https://en.wikipedia.org/wiki/Space_debris,en.wikipedia.org,Space debris,2026-05-09 21:50:04,reliable,domain en.wikipedia.org manually labeled as reliable,,,,,
space_exploration,neutral,mars colonization,1,1,https://en.wikipedia.org/wiki/Colonization_of_Mars,en.wikipedia.org,Colonization of Mars,2026-05-09 21:51:29,reliable,domain en.wikipedia.org manually labeled as reliable,,,,,
space_exploration,neutral,mars colonization,3,6,https://en.wikipedia.org/wiki/SpaceX_Mars_colonization_program,en.wikipedia.org,SpaceX Mars colonization program,2026-05-09 21:52:24,reliable,domain en.wikipedia.org manually labeled as reliable,,,,,
space_exploration,slanted,space tourism risks,1,7,https://en.wikipedia.org/wiki/Effect_of_spaceflight_on_the_human_body,en.wikipedia.org,Effect of spaceflight on the human body,2026-05-09 21:52:43,reliable,domain en.wikipedia.org manually labeled as reliable,,,,,
space_exploration,slanted,space tourism risks,3,8,https://en.wikipedia.org/wiki/Space_tourism,en.wikipedia.org,Space tourism,2026-05-09 21:53:03,reliable,domain en.wikipedia.org manually labeled as reliable,,,,,
space_exploration,neutral,international space station,1,1,https://en.wikipedia.org/wiki/International_Space_Station,en.wikipedia.org,International Space Station,2026-05-09 21:53:22,reliable,domain en.wikipedia.org manually labeled as reliable,,,,,
space_exploration,slanted,asteroid mining ethics,1,6,https://en.wikipedia.org/wiki/Space_ethics,en.wikipedia.org,Space ethics,2026-05-09 21:54:29,reliable,domain en.wikipedia.org manually labeled as reliable,,,,,
space_exploration,slanted,space weaponization,1,1,https://en.wikipedia.org/wiki/Militarisation_of_space,en.wikipedia.org,Militarisation of space,2026-05-09 21:55:52,reliable,domain en.wikipedia.org manually labeled as reliable,,,,,
space_exploration,slanted,space weaponization,3,7,https://en.wikipedia.org/wiki/Space_weapon,en.wikipedia.org,Space weapon,2026-05-09 21:56:23,reliable,domain en.wikipedia.org manually labeled as reliable,,,,,
immigration,neutral,poulation growth,1,1,https://en.wikipedia.org/wiki/Population_growth,en.wikipedia.org,Population growth,2026-05-09 21:57:57,reliable,domain en.wikipedia.org manually labeled as reliable,,,,,
immigration,neutral,poulation growth,2,4,https://en.wikipedia.org/wiki/List_of_countries_by_population_growth_rate,en.wikipedia.org,List of countries by population growth rate,2026-05-09 21:58:21,reliable,domain en.wikipedia.org manually labeled as reliable,,,,,
immigration,slanted,overpopulation,1,1,https://en.wikipedia.org/wiki/Overpopulation,en.wikipedia.org,Overpopulation,2026-05-09 21:58:57,reliable,domain en.wikipedia.org manually labeled as reliable,,,,,
immigration,slanted,overpopulation,1,4,https://en.wikipedia.org/wiki/Human_overpopulation,en.wikipedia.org,Human overpopulation,2026-05-09 21:59:07,reliable,domain en.wikipedia.org manually labeled as reliable,,,,,
Job_security,slanted,Ai taking over jobs,3,2,https://en.wikipedia.org/wiki/AI_takeover,en.wikipedia.org,AI takeover,2026-05-09 22:02:40,reliable,domain en.wikipedia.org manually labeled as reliable,,,,,
vaccine_passports,neutral,vaccine passport impact,1,3,https://link.springer.com/article/10.1007/s10657-026-09872-4,link.springer.com,The Covid-19 vaccine passports: a failure of policy,2026-05-09 15:51:34,reliable,domain link.springer.com manually labeled as reliable,,,,,
vaccine_passports,neutral,covid passport research,1,2,https://link.springer.com/article/10.1007/s10657-026-09872-4,link.springer.com,The Covid-19 vaccine passports: a failure of policy,2026-05-09 15:53:04,reliable,domain link.springer.com manually labeled as reliable,,,,,
vaccine_passports,slanted,digital health pass privacy,2,5,https://link.springer.com/article/10.1186/s12992-023-00998-7,link.springer.com,a narrative review and framework for solutions - Springer Nature,2026-05-09 15:53:51,reliable,domain link.springer.com manually labeled as reliable,,,,,
vaccine_passports,slanted,vaccine segregation,1,3,https://link.springer.com/article/10.1007/s40656-022-00548-1,link.springer.com,"Mandatory vaccinations, the segregation of citizens, and the ...",2026-05-09 15:55:04,reliable,domain link.springer.com manually labeled as reliable,,,,,
covid19,slanted,COVID-19 vaccine side effects,3,10,https://link.springer.com/article/10.1186/s40001-023-00992-0,link.springer.com,A review of neurological side effects of COVID-19 vaccination,2026-05-09 15:58:09,reliable,domain link.springer.com manually labeled as reliable,,,,,
covid19,slanted,lockdown harms,1,7,https://link.springer.com/book/10.1007/978-3-030-88825-1,link.springer.com,Lockdown: Social Harm in the Covid-19 Era - Springer Nature,2026-05-09 16:01:54,reliable,domain link.springer.com manually labeled as reliable,,,,,
climate_change,slanted,global warming myth,3,5,https://link.springer.com/book/10.1007/3-540-28100-2,link.springer.com,Global Warming - Myth or Reality? - Springer Nature,2026-05-09 16:05:56,reliable,domain link.springer.com manually labeled as reliable,,,,,
nuclear_waste,neutral,radioactive waste disposal research,1,8,https://link.springer.com/article/10.1007/s10098-024-02998-6,link.springer.com,A review of radioactive waste processing and disposal from a ...,2026-05-09 16:31:10,reliable,domain link.springer.com manually labeled as reliable,,,,,
nuclear_waste,slanted,radioactive waste transportation risks,3,10,https://link.springer.com/article/10.1023/B:RIAN.0000005923.25571.50,link.springer.com,Urban Risks of Truck Transport of Radioactive Material,2026-05-09 16:34:57,reliable,domain link.springer.com manually labeled as reliable,,,,,
essential_oils,slanted,lavender oil hormone disruption,1,5,https://link.springer.com/article/10.1007/s00204-023-03623-z,link.springer.com,Critical assessment of the endocrine potential of Linalool and ...,2026-05-09 17:02:37,reliable,domain link.springer.com manually labeled as reliable,,,,,
aluminum,slanted,aluminum alzheimers link,2,9,https://link.springer.com/chapter/10.1007/978-981-99-1592-7_6,link.springer.com,Exposure to Aluminum in Daily Life and Alzheimer's Disease,2026-05-09 17:06:06,reliable,domain link.springer.com manually labeled as reliable,,,,,
coal,slanted,coal mining dangers,3,10,https://link.springer.com/article/10.1007/s43938-025-00083-y,link.springer.com,Explosion and health hazards caused by dust during coal ...,2026-05-09 17:29:24,reliable,domain link.springer.com manually labeled as reliable,,,,,
plastic,slanted,bioplastics environmental impact,1,7,https://link.springer.com/article/10.1007/s12649-025-03248-6,link.springer.com,Towards a Greener Future: Exploring Bioplastics ...,2026-05-09 17:37:17,reliable,domain link.springer.com manually labeled as reliable,,,,,
plastic,slanted,microplastics human toxicity,2,10,https://link.springer.com/article/10.1007/s42452-025-07214-8,link.springer.com,Mechanistic insight into potential toxic effects of microplastics ...,2026-05-09 17:39:26,reliable,domain link.springer.com manually labeled as reliable,,,,,
wind_energy,neutral,wind power health effects,3,1,https://link.springer.com/article/10.1186/1476-069X-10-78,link.springer.com,Health effects and wind turbines: A review of the literature,2026-05-09 17:45:24,reliable,domain link.springer.com manually labeled as reliable,,,,,
biodiesel,neutral,biodiesel environmental impact,2,3,https://link.springer.com/article/10.1007/s11356-025-37348-6,link.springer.com,Advancements and obstacles in the production of biodiesel,2026-05-09 17:47:15,reliable,domain link.springer.com manually labeled as reliable,,,,,
biodiesel,neutral,algae biofuel research,3,3,https://link.springer.com/article/10.1186/s13068-024-02461-0,link.springer.com,Microalgae biofuels: illuminating the path to a sustainable ...,2026-05-09 17:49:13,reliable,domain link.springer.com manually labeled as reliable,,,,,
artificial_intelligence,slanted,ai existential risk,1,5,https://link.springer.com/article/10.1007/s11098-025-02301-3,link.springer.com,Two types of AI existential risk: decisive and accumulative,2026-05-09 17:51:28,reliable,domain link.springer.com manually labeled as reliable,,,,,
artificial_intelligence,neutral,ai alignment effects,3,7,https://link.springer.com/article/10.1007/s13347-025-00979-1,link.springer.com,AI Alignment: The Case for Including Animals - Springer Nature,2026-05-09 17:53:05,reliable,domain link.springer.com manually labeled as reliable,,,,,
artificial_intelligence,slanted,ai uncontrolled intelligence,3,7,https://link.springer.com/article/10.1007/s00146-024-01979-z,link.springer.com,Controlling the uncontrollable: the public discourse on artificial ...,2026-05-09 17:53:51,reliable,domain link.springer.com manually labeled as reliable,,,,,
gene_drives,neutral,gene drive malaria control,3,6,https://link.springer.com/article/10.1186/s12936-021-03682-6,link.springer.com,new directions for gene drive risk governance | Malaria Journal,2026-05-09 17:57:11,reliable,domain link.springer.com manually labeled as reliable,,,,,
gene_drives,slanted,gene drive ecological risks,3,7,https://link.springer.com/article/10.1186/s12936-022-04183-w,link.springer.com,Recommendations for environmental risk assessment of gene ...,2026-05-09 17:58:03,reliable,domain link.springer.com manually labeled as reliable,,,,,
gene_drives,slanted,gene drive extinction threat,2,8,https://link.springer.com/article/10.1007/s13347-024-00763-7,link.springer.com,No Such Thing as Containment? Gene Drives for ...,2026-05-09 17:59:51,reliable,domain link.springer.com manually labeled as reliable,,,,,
synthetic_biology,neutral,genetic engineering research,1,7,https://link.springer.com/subjects/genetic-engineering,link.springer.com,Genetic Engineering - Recent articles and discoveries,2026-05-09 18:04:16,reliable,domain link.springer.com manually labeled as reliable,,,,,
synthetic_biology,slanted,garage biology risks,3,6,https://link.springer.com/article/10.1007/s11948-016-9868-9,link.springer.com,"Synthetic Biology, Genome Editing, and the Risk of Bioterrorism",2026-05-09 18:07:54,reliable,domain link.springer.com manually labeled as reliable,,,,,
nanotechnology,neutral,nanotechnology medical impact,3,1,https://link.springer.com/article/10.1186/s12951-024-02901-x,link.springer.com,"Nanotechnology in healthcare, and its safety ... - Springer Nature",2026-05-09 18:08:48,reliable,domain link.springer.com manually labeled as reliable,,,,,
nanotechnology,slanted,nanoparticle toxicity,1,3,https://link.springer.com/article/10.1007/s44475-025-00003-2,link.springer.com,Nanomaterial toxicity: a comprehensive review of mechanisms ...,2026-05-09 18:09:03,reliable,domain link.springer.com manually labeled as reliable,,,,,
nanotechnology,slanted,nanoparticle toxicity,3,2,https://link.springer.com/article/10.1186/s11671-018-2457-x,link.springer.com,Dependence of Nanoparticle Toxicity on Their Physical and ...,2026-05-09 18:09:47,reliable,domain link.springer.com manually labeled as reliable,,,,,
nanotechnology,neutral,carbon nanotube applications,3,8,https://link.springer.com/article/10.1186/s11671-019-3046-3,link.springer.com,Carbon Nanotube Assembly and Integration for Applications,2026-05-09 18:12:54,reliable,domain link.springer.com manually labeled as reliable,,,,,
quantum_computing,neutral,quantum ai research,3,3,https://link.springer.com/article/10.1007/s13218-024-00871-8,link.springer.com,Quantum Artificial Intelligence: A Brief Survey - Springer Nature,2026-05-09 18:19:01,reliable,domain link.springer.com manually labeled as reliable,,,,,
lab_grown_meat,slanted,lab meat health risks,2,8,https://link.springer.com/article/10.1007/s11673-023-10254-7,link.springer.com,The Public Health Benefits of Lab‐Grown Meat - Springer Nature,2026-05-09 18:22:11,reliable,domain link.springer.com manually labeled as reliable,,,,,
3d_printing,neutral,additive manufacturing research,2,9,https://link.springer.com/journal/40964,link.springer.com,Progress in Additive Manufacturing | Springer Nature Link,2026-05-09 18:29:52,reliable,domain link.springer.com manually labeled as reliable,,,,,
autonomous_vehicles,neutral,ai driving research,3,1,https://link.springer.com/article/10.1007/s42154-025-00361-z,link.springer.com,A Survey of Human Intelligence Augmented Artificial Intelligence,2026-05-09 18:37:52,reliable,domain link.springer.com manually labeled as reliable,,,,,
cryptocurrency,slanted,bitcoin carbon footprint,1,8,https://link.springer.com/article/10.1007/s11625-024-01576-5,link.springer.com,Carbon footprint of global Bitcoin mining: emissions beyond ...,2026-05-09 18:43:37,reliable,domain link.springer.com manually labeled as reliable,,,,,
blockchain,neutral,blockchain supply chain ,3,5,https://link.springer.com/book/10.1007/978-3-030-47531-4,link.springer.com,Blockchain and Supply Chain Logistics - Springer Nature,2026-05-09 18:46:17,reliable,domain link.springer.com manually labeled as reliable,,,,,
blockchain,slanted,blockchain energy consumption,3,1,https://link.springer.com/chapter/10.1007/978-3-031-88095-7_3,link.springer.com,Predicting Blockchain Energy Consumption: A Step Towards a ...,2026-05-09 18:47:09,reliable,domain link.springer.com manually labeled as reliable,,,,,
blockchain,neutral,decentralized finance research,3,2,https://link.springer.com/article/10.1007/s43621-025-02311-5,link.springer.com,Decentralized finance and sustainability analysis of global ...,2026-05-09 18:49:25,reliable,domain link.springer.com manually labeled as reliable,,,,,
social_media,neutral,instagram mental health research,3,1,https://link.springer.com/article/10.1007/s41347-024-00474-y,link.springer.com,Time Spent on Social Media and Associations with Mental ...,2026-05-09 18:50:56,reliable,domain link.springer.com manually labeled as reliable,,,,,
social_media,neutral,twitter echo chamber,2,5,https://link.springer.com/chapter/10.1057/978-1-137-59890-5_11,link.springer.com,"Twitter, Public Engagement and the Eurocrisis: More than an ...",2026-05-09 18:54:52,reliable,domain link.springer.com manually labeled as reliable,,,,,
online_privacy,neutral,encryption security research,2,6,https://link.springer.com/chapter/10.1007/978-3-032-27207-2_1,link.springer.com,Cybersecurity Basics | Springer Nature Link,2026-05-09 18:59:04,reliable,domain link.springer.com manually labeled as reliable,,,,,
electronic_cigarettes,neutral,nicotine replacement impact,3,10,https://link.springer.com/article/10.1007/s00204-016-1856-y,link.springer.com,A systematic review of possible serious adverse health effects ...,2026-05-09 19:03:47,reliable,domain link.springer.com manually labeled as reliable,,,,,
obesity,neutral,healthy diet research,3,4,https://link.springer.com/chapter/10.1007/978-3-031-15703-5_3,link.springer.com,Healthy Diet: A Definition for the United Nations Food Systems ...,2026-05-09 19:10:32,reliable,domain link.springer.com manually labeled as reliable,,,,,
obesity,slanted,obesity treatment failures,1,2,https://link.springer.com/article/10.1007/s13668-024-00551-x,link.springer.com,Why Do They Fail? A Multidimensional Approach for Obesity ...,2026-05-09 19:12:40,reliable,domain link.springer.com manually labeled as reliable,,,,,
plant_based_diet,slanted,plant based nutrient deficiencies,3,2,https://link.springer.com/article/10.1007/s00394-025-03714-w,link.springer.com,Limited risks of nutrient deficiency and significant modelled ...,2026-05-09 19:14:28,reliable,domain link.springer.com manually labeled as reliable,,,,,
dairy,neutral,cheese nutrition research,3,4,https://link.springer.com/article/10.1051/dst:2008012,link.springer.com,Cheese in nutrition and health | Dairy Science & Technology,2026-05-09 19:30:14,reliable,domain link.springer.com manually labeled as reliable,,,,,
dairy,neutral,yogurt probiotic health impact,1,6,https://link.springer.com/article/10.1007/s44462-025-00023-7,link.springer.com,A comprehensive review of probiotic yogurt: nutritional ...,2026-05-09 19:31:32,reliable,domain link.springer.com manually labeled as reliable,,,,,
eggs,slanted,egg heart disease risk,3,2,https://link.springer.com/article/10.1007/s00394-020-02345-7,link.springer.com,Egg consumption and cardiovascular risk: a dose–response ...,2026-05-09 19:34:01,reliable,domain link.springer.com manually labeled as reliable,,,,,
eggs,neutral,pasteurized eggs research,3,7,https://link.springer.com/article/10.1007/s13197-010-0069-2,link.springer.com,Effect of pasteurization of shell egg on its quality ...,2026-05-09 19:36:23,reliable,domain link.springer.com manually labeled as reliable,,,,,
sugar,slanted,artificial sweeteners cancer,2,1,https://link.springer.com/article/10.1186/s12967-024-06047-0,link.springer.com,An integrative analysis reveals cancer risk associated with ...,2026-05-09 19:42:32,reliable,domain link.springer.com manually labeled as reliable,,,,,
salt,neutral,low sodium diet research,3,7,https://link.springer.com/article/10.1186/s40795-022-00536-5,link.springer.com,Review the factors associated with dietary sodium adherence ...,2026-05-09 19:47:44,reliable,domain link.springer.com manually labeled as reliable,,,,,
caffeine,neutral,coffee antioxidant research,3,4,https://link.springer.com/article/10.1007/s00217-016-2643-y,link.springer.com,"Chlorogenic acids, caffeine content and antioxidant properties ...",2026-05-09 19:51:48,reliable,domain link.springer.com manually labeled as reliable,,,,,
alcohol,neutral,beer nutrition research,3,4,https://link.springer.com/article/10.1007/s00217-018-3098-0,link.springer.com,"the analysis of calcium, chlorine, potassium, and phosphorus ...",2026-05-09 19:58:28,reliable,domain link.springer.com manually labeled as reliable,,,,,
fast_food,slanted,fast food obesity,3,2,https://link.springer.com/article/10.1186/s12916-021-01902-z,link.springer.com,Independent and combined associations between fast-food ...,2026-05-09 20:01:56,reliable,domain link.springer.com manually labeled as reliable,,,,,
fast_food,neutral,food processing research,3,1,https://link.springer.com/journal/11947,link.springer.com,Food and Bioprocess Technology | Springer Nature Link,2026-05-09 20:04:24,reliable,domain link.springer.com manually labeled as reliable,,,,,
bottled_water,neutral,spring water consumption health impact,3,3,https://link.springer.com/chapter/10.1007/978-3-642-56414-7_6,link.springer.com,Uses of Spring Water | Springer Nature Link,2026-05-09 20:23:09,reliable,domain link.springer.com manually labeled as reliable,,,,,
bottled_water,neutral,mineral water research,2,7,https://link.springer.com/chapter/10.1007/978-1-4615-2508-0_1,link.springer.com,Mineral Water and Other Bottled Waters | Springer Nature Link,2026-05-09 20:26:10,reliable,domain link.springer.com manually labeled as reliable,,,,,
bottled_water,slanted,phthalate leaching,2,1,https://link.springer.com/article/10.1007/s11356-021-12724-0,link.springer.com,Phthalates leaching from plastic food and pharmaceutical ...,2026-05-09 20:27:02,reliable,domain link.springer.com manually labeled as reliable,,,,,
mining,slanted,mining environmental damage,3,2,https://link.springer.com/book/10.1007/978-3-642-59891-3,link.springer.com,Environmental Impacts of Mining Activities - Springer Nature,2026-05-09 20:29:38,reliable,domain link.springer.com manually labeled as reliable,,,,,
mining,neutral,coal mining technology,1,8,https://link.springer.com/article/10.1007/s44421-025-00002-5,link.springer.com,Current status and prospects of coal mining science and ...,2026-05-09 20:30:19,reliable,domain link.springer.com manually labeled as reliable,,,,,
deforestation,slanted,illegal logging,3,2,https://link.springer.com/chapter/10.1007/978-3-030-15839-2_10,link.springer.com,Illegal Logging | Springer Nature Link,2026-05-09 20:42:23,reliable,domain link.springer.com manually labeled as reliable,,,,,
poverty,slanted,welfare dependency,1,6,https://link.springer.com/chapter/10.1007/978-1-349-19869-6_2,link.springer.com,Welfare Dependency | Springer Nature Link,2026-05-09 20:51:58,reliable,domain link.springer.com manually labeled as reliable,,,,,
poverty,neutral,universal basic income research,3,5,https://link.springer.com/subjects/universal-basic-income-impact-studies,link.springer.com,Universal Basic Income Impact Studies - Springer Nature,2026-05-09 20:54:51,reliable,domain link.springer.com manually labeled as reliable,,,,,
poverty,slanted,poverty traps,2,8,https://link.springer.com/chapter/10.1057/9780230280823_27,link.springer.com,poverty traps | Springer Nature Link,2026-05-09 20:55:47,reliable,domain link.springer.com manually labeled as reliable,,,,,
education,slanted,student loan debt crisis,2,6,https://link.springer.com/article/10.1007/s41134-023-00281-0,link.springer.com,The Student Loan Debt Crisis: A Narrative Review,2026-05-09 21:05:53,reliable,domain link.springer.com manually labeled as reliable,,,,,
healthcare,neutral,private insurance research,3,4,https://link.springer.com/rwe/10.1007/978-3-031-90919-1_11-1,link.springer.com,Critical Illness Insurance | Springer Nature Link,2026-05-09 21:08:52,reliable,domain link.springer.com manually labeled as reliable,,,,,
gene_editing,slanted,gene editing ethics,1,9,https://link.springer.com/book/10.1007/978-3-658-46979-5,link.springer.com,The Risks and Ethics of Human Gene Editing - Springer Nature,2026-05-09 21:22:31,reliable,domain link.springer.com manually labeled as reliable,,,,,
gene_editing,neutral,crispr cas9 research,3,6,https://link.springer.com/article/10.1186/s12943-021-01431-6,link.springer.com,Application of the CRISPR/Cas9-based gene editing ...,2026-05-09 21:23:50,reliable,domain link.springer.com manually labeled as reliable,,,,,
social_credit,slanted,government surveillance,3,4,https://link.springer.com/article/10.1007/s13347-022-00503-9,link.springer.com,"Government Surveillance, Privacy, and Legitimacy",2026-05-09 21:37:46,reliable,domain link.springer.com manually labeled as reliable,,,,,
social_credit,slanted,privacy concerns,3,8,https://link.springer.com/chapter/10.1007/978-981-15-6548-9_18,link.springer.com,Deep Privacy Concerns | Springer Nature Link,2026-05-09 21:39:44,reliable,domain link.springer.com manually labeled as reliable,,,,,
quantum_computing,neutral,quantum machine learning,2,7,https://link.springer.com/book/10.1007/978-3-030-83098-4,link.springer.com,Machine Learning with Quantum Computers - Springer Nature,2026-05-09 21:44:00,reliable,domain link.springer.com manually labeled as reliable,,,,,
covid19,slanted,face masks health risks,2,6,https://health.clevelandclinic.org/can-wearing-a-mask-make-you-sick,health.clevelandclinic.org,Can a Face Mask Make You Sick?,2026-05-09 16:00:45,reliable,domain health.clevelandclinic.org manually labeled as reliable,,,,,
artificial_sweeteners,slanted,aspartame dangers,3,5,https://health.clevelandclinic.org/aspartame-risks,health.clevelandclinic.org,"Aspartame, Cancer and Other Risks",2026-05-09 16:42:46,reliable,domain health.clevelandclinic.org manually labeled as reliable,,,,,
artificial_sweeteners,slanted,sucralose health risks,3,8,https://health.clevelandclinic.org/is-sucralose-splenda-bad-for-you,health.clevelandclinic.org,Is Sucralose (Splenda) Bad for You?,2026-05-09 16:44:26,reliable,domain health.clevelandclinic.org manually labeled as reliable,,,,,
artificial_sweeteners,neutral,stevia information,1,3,https://health.clevelandclinic.org/what-is-stevia,health.clevelandclinic.org,Stevia Is Sweet — But Is It Good for You?,2026-05-09 16:46:15,reliable,domain health.clevelandclinic.org manually labeled as reliable,,,,,
artificial_sweeteners,neutral,diet soda health,1,6,https://health.clevelandclinic.org/3-reasons-you-should-kick-your-diet-soda-habit,health.clevelandclinic.org,Sad but True: Diet Sodas Are Bad for Your Health,2026-05-09 16:49:06,reliable,domain health.clevelandclinic.org manually labeled as reliable,,,,,
essential_oils,neutral,essential oils therapeutic facts,1,1,https://health.clevelandclinic.org/essential-oils-101-do-they-work-how-do-you-use-them,health.clevelandclinic.org,11 Essential Oils: Their Benefits and How To Use Them,2026-05-09 16:57:13,reliable,domain health.clevelandclinic.org manually labeled as reliable,,,,,
aluminum,slanted,aluminum breast cancer,3,9,https://health.clevelandclinic.org/can-deodorant-cause-breast-cancer,health.clevelandclinic.org,Can Deodorant Increase Cancer Risk? What We Know,2026-05-09 17:07:45,reliable,domain health.clevelandclinic.org manually labeled as reliable,,,,,
plant_based_diet,slanted,soy estrogen concerns,3,7,https://health.clevelandclinic.org/is-soy-good-for-you-or-not,health.clevelandclinic.org,Is Soy Bad for You?,2026-05-09 19:16:29,reliable,domain health.clevelandclinic.org manually labeled as reliable,,,,,
raw_milk,neutral,raw milk impact,2,10,https://health.clevelandclinic.org/the-dangers-of-raw-milk-what-you-should-know,health.clevelandclinic.org,Is Raw Milk Safe To Drink?,2026-05-09 19:18:52,reliable,domain health.clevelandclinic.org manually labeled as reliable,,,,,
raw_milk,slanted,raw milk bacteria dangers,3,2,https://health.clevelandclinic.org/the-dangers-of-raw-milk-what-you-should-know,health.clevelandclinic.org,Is Raw Milk Safe To Drink?,2026-05-09 19:19:48,reliable,domain health.clevelandclinic.org manually labeled as reliable,,,,,
raw_milk,neutral,unpasteurized milk research,3,4,https://health.clevelandclinic.org/the-dangers-of-raw-milk-what-you-should-know,health.clevelandclinic.org,Is Raw Milk Safe To Drink?,2026-05-09 19:20:29,reliable,domain health.clevelandclinic.org manually labeled as reliable,,,,,
raw_milk,slanted,raw milk food poisoning,1,7,https://health.clevelandclinic.org/the-dangers-of-raw-milk-what-you-should-know,health.clevelandclinic.org,Is Raw Milk Safe To Drink?,2026-05-09 19:21:00,reliable,domain health.clevelandclinic.org manually labeled as reliable,,,,,
soy,neutral,soy health effects,3,4,https://health.clevelandclinic.org/is-soy-good-for-you-or-not,health.clevelandclinic.org,Is Soy Bad for You?,2026-05-09 19:22:20,reliable,domain health.clevelandclinic.org manually labeled as reliable,,,,,
soy,neutral,tofu nutrition research,2,1,https://health.clevelandclinic.org/tofu-benefits,health.clevelandclinic.org,5 Reasons To Eat More Tofu,2026-05-09 19:25:41,reliable,domain health.clevelandclinic.org manually labeled as reliable,,,,,
soy,slanted,soy thyroid problems,1,7,https://health.clevelandclinic.org/thyroid-issues-what-you-need-to-know-about-diet-and-supplements,health.clevelandclinic.org,Foods To Avoid if You Have Thyroid Issues,2026-05-09 19:26:17,reliable,domain health.clevelandclinic.org manually labeled as reliable,,,,,
dairy,neutral,cheese nutrition research,3,6,https://health.clevelandclinic.org/cottage-cheese-benefits,health.clevelandclinic.org,7 Reasons Why Cottage Cheese Is Good for You,2026-05-09 19:30:14,reliable,domain health.clevelandclinic.org manually labeled as reliable,,,,,
dairy,slanted,raw dairy risks,3,3,https://health.clevelandclinic.org/the-dangers-of-raw-milk-what-you-should-know,health.clevelandclinic.org,Is Raw Milk Safe To Drink?,2026-05-09 19:32:33,reliable,domain health.clevelandclinic.org manually labeled as reliable,,,,,
eggs,slanted,egg heart disease risk,2,3,https://health.clevelandclinic.org/how-many-eggs-can-you-eat-on-a-heart-healthy-diet,health.clevelandclinic.org,How Eggs Affect Cholesterol and Your Heart,2026-05-09 19:33:51,reliable,domain health.clevelandclinic.org manually labeled as reliable,,,,,
sugar,slanted,sugar addiction risks,2,8,https://health.clevelandclinic.org/how-to-stop-sugar-cravings,health.clevelandclinic.org,How To Stop Sugar Cravings: 8 Tips To Help You Resist,2026-05-09 19:38:35,reliable,domain health.clevelandclinic.org manually labeled as reliable,,,,,
sugar,neutral,added sugar guidelines,2,1,https://health.clevelandclinic.org/how-much-sugar-should-you-eat-in-a-day,health.clevelandclinic.org,How Much Sugar Is OK To Eat per Day?,2026-05-09 19:39:17,reliable,domain health.clevelandclinic.org manually labeled as reliable,,,,,
sugar,slanted,high fructose corn syrup dangers,1,2,https://health.clevelandclinic.org/what-is-high-fructose-corn-syrup,health.clevelandclinic.org,What Is High Fructose Corn Syrup? And Why It's Bad for You,2026-05-09 19:39:48,reliable,domain health.clevelandclinic.org manually labeled as reliable,,,,,
salt,slanted,salt hypertension risk,3,3,https://health.clevelandclinic.org/does-salt-raise-blood-pressure,health.clevelandclinic.org,Does Salt Raise Blood Pressure? What To Know,2026-05-09 19:44:21,reliable,domain health.clevelandclinic.org manually labeled as reliable,,,,,
salt,slanted,salt heart disease,3,5,https://health.clevelandclinic.org/how-does-salt-affect-heart-health,health.clevelandclinic.org,How Does Salt Affect Heart Health?,2026-05-09 19:48:27,reliable,domain health.clevelandclinic.org manually labeled as reliable,,,,,
caffeine,neutral,caffeine health impact,3,10,https://health.clevelandclinic.org/what-caffeine-does-to-your-body,health.clevelandclinic.org,How Caffeine Affects Your Body and Mind,2026-05-09 19:49:12,reliable,domain health.clevelandclinic.org manually labeled as reliable,,,,,
caffeine,slanted,energy drink dangers,3,3,https://health.clevelandclinic.org/are-energy-drinks-bad-for-you,health.clevelandclinic.org,Are Energy Drinks Bad for You?,2026-05-09 19:52:54,reliable,domain health.clevelandclinic.org manually labeled as reliable,,,,,
caffeine,neutral,tea health effects,2,10,https://health.clevelandclinic.org/green-tea-health-benefits,health.clevelandclinic.org,10 Reasons Green Tea Is Good for You,2026-05-09 19:53:36,reliable,domain health.clevelandclinic.org manually labeled as reliable,,,,,
caffeine,slanted,caffeine addiction,1,7,https://health.clevelandclinic.org/how-to-quit-caffeine,health.clevelandclinic.org,How To Quit Caffeine Without a Headache,2026-05-09 19:54:12,reliable,domain health.clevelandclinic.org manually labeled as reliable,,,,,
fast_food,slanted,food additive dangers,1,6,https://health.clevelandclinic.org/5-food-additives-you-should-avoid,health.clevelandclinic.org,5 Food Additives You Should Avoid,2026-05-09 20:03:17,reliable,domain health.clevelandclinic.org manually labeled as reliable,,,,,
organic_food,neutral,organic food diet facts,3,9,https://health.clevelandclinic.org/organic-food,health.clevelandclinic.org,Organic Food: Is It Better for You?,2026-05-09 20:05:56,reliable,domain health.clevelandclinic.org manually labeled as reliable,,,,,
bottled_water,neutral,spring water consumption health impact,1,1,https://health.clevelandclinic.org/raw-water,health.clevelandclinic.org,Is 'Raw Water' Safe? Dangers of Drinking Spring Water,2026-05-09 20:22:34,reliable,domain health.clevelandclinic.org manually labeled as reliable,,,,,
vaccine_passports,slanted,immunity passport discrimination,3,6,https://academic.oup.com/phe/article/15/1/51/6576090,academic.oup.com,COVID-19 Vaccination Passports: Are They a Threat to Equality?,2026-05-09 15:52:46,reliable,domain academic.oup.com manually labeled as reliable,,,,,
vaccine_passports,neutral,covid passport research,2,9,https://academic.oup.com/phe/article/15/1/51/6576090,academic.oup.com,COVID-19 Vaccination Passports: Are They a Threat to Equality?,2026-05-09 15:53:15,reliable,domain academic.oup.com manually labeled as reliable,,,,,
covid19,slanted,lockdown harms,1,1,https://academic.oup.com/healthaffairsscholar/article/3/11/qxaf208/8306414,academic.oup.com,unintended health effects of US COVID-19 lockdowns,2026-05-09 16:01:46,reliable,domain academic.oup.com manually labeled as reliable,,,,,
electromagnetic_fields,slanted,cell phone radiation brain tumors,2,6,https://academic.oup.com/jnci/article/114/5/704/6554484,academic.oup.com,Cellular Telephone Use and the Risk of Brain Tumors,2026-05-09 16:55:00,reliable,domain academic.oup.com manually labeled as reliable,,,,,
essential_oils,slanted,lavender oil hormone disruption,2,9,https://academic.oup.com/jcem/article/104/11/5393/5544509,academic.oup.com,Lavender Products Associated With Premature Thelarche and ...,2026-05-09 17:03:03,reliable,domain academic.oup.com manually labeled as reliable,,,,,
gene_drives,slanted,gene drive extinction threat,3,2,https://academic.oup.com/mbe/article-abstract/doi/10.1093/molbev/msag099/8650691,academic.oup.com,Pangolin museum genomics reveal the dynamic genetic ...,2026-05-09 18:00:02,reliable,domain academic.oup.com manually labeled as reliable,,,,,
gene_drives,neutral,gene drive regulation,3,3,https://academic.oup.com/spp/article/49/6/843/6618762,academic.oup.com,Public deliberation and the regulation of gene drive in the USA,2026-05-09 18:01:02,reliable,domain academic.oup.com manually labeled as reliable,,,,,
gene_drives,slanted,selfish genetic elements danger,1,6,https://academic.oup.com/cz/article/62/6/655/2745837,academic.oup.com,The evolutionary consequences of selfish genetic elements,2026-05-09 18:01:31,reliable,domain academic.oup.com manually labeled as reliable,,,,,
synthetic_biology,neutral,genetic engineering research,3,4,https://academic.oup.com/emph/article/2019/1/183/5575761,academic.oup.com,Human enhancement: Genetic engineering and evolution,2026-05-09 18:04:45,reliable,domain academic.oup.com manually labeled as reliable,,,,,
blockchain,slanted,defi hacking risks,2,6,https://academic.oup.com/cybersecurity/article/11/1/tyae029/7962044,academic.oup.com,Mapping the DeFi crime landscape: an evidence-based picture,2026-05-09 18:50:03,reliable,domain academic.oup.com manually labeled as reliable,,,,,
social_media,neutral,facebook misinformation research,1,2,https://academic.oup.com/ijpor/article/36/4/edae048/7808498,academic.oup.com,Perceptions and Concerns About Misinformation on Facebook ...,2026-05-09 18:53:10,reliable,domain academic.oup.com manually labeled as reliable,,,,,
social_media,neutral,twitter echo chamber,1,3,https://academic.oup.com/pnasnexus/article/3/5/pgae177/7658380,academic.oup.com,Entropy-based detection of Twitter echo chambers,2026-05-09 18:54:38,reliable,domain academic.oup.com manually labeled as reliable,,,,,
electronic_cigarettes,neutral,nicotine replacement impact,3,1,https://academic.oup.com/ntr/article/20/1/81/2629289,academic.oup.com,Prevalence and Impact of Long-term Use of Nicotine ...,2026-05-09 19:03:43,reliable,domain academic.oup.com manually labeled as reliable,,,,,
plant_based_diet,neutral,vegan health impact,3,3,https://academic.oup.com/eurheartj/article-abstract/44/36/3423/7224412,academic.oup.com,Vegetarian and vegan diets: benefits and drawbacks,2026-05-09 19:13:51,reliable,domain academic.oup.com manually labeled as reliable,,,,,
soy,slanted,soy thyroid problems,1,8,https://academic.oup.com/jes/article/5/Supplement_1/A937/6240953,academic.oup.com,Inadvertent Excessive Soy Intake as Part of a Weight Loss ...,2026-05-09 19:26:18,reliable,domain academic.oup.com manually labeled as reliable,,,,,
salt,slanted,salt heart disease,2,10,https://academic.oup.com/eurheartj/article/41/35/3363/5917753,academic.oup.com,insufficient evidence to recommend low sodium intake,2026-05-09 19:48:19,reliable,domain academic.oup.com manually labeled as reliable,,,,,
alcohol,neutral,wine heart health,1,4,https://academic.oup.com/eurheartj/article/46/2/173/7920813,academic.oup.com,Wine consumption and cardiovascular health: the unresolved ...,2026-05-09 19:56:35,reliable,domain academic.oup.com manually labeled as reliable,,,,,
organic_food,neutral,organic food diet facts,3,4,https://academic.oup.com/nutritionreviews/article/83/3/e1101/7727467,academic.oup.com,Potential Health Benefits of a Diet Rich in Organic Fruit and ...,2026-05-09 20:05:54,reliable,domain academic.oup.com manually labeled as reliable,,,,,
mining,slanted,mountaintop removal dangers,2,9,https://academic.oup.com/bioscience/article/63/5/335/229211,academic.oup.com,The Overlooked Terrestrial Impacts of Mountaintop Mining,2026-05-09 20:31:37,reliable,domain academic.oup.com manually labeled as reliable,,,,,
mining,slanted,mountaintop removal dangers,3,1,https://academic.oup.com/bioscience/article/63/5/335/229211,academic.oup.com,The Overlooked Terrestrial Impacts of Mountaintop Mining,2026-05-09 20:31:49,reliable,domain academic.oup.com manually labeled as reliable,,,,,
overfishing,neutral,fisheries management research,1,9,https://academic.oup.com/icesjms/article/82/1/fsae193/7951021,academic.oup.com,Measuring the effectiveness of fisheries management to ...,2026-05-09 20:44:52,reliable,domain academic.oup.com manually labeled as reliable,,,,,
poverty,neutral,minimum wage economical impact,1,2,https://academic.oup.com/qje/article/141/1/373/8376639,academic.oup.com,Who's Afraid of the Minimum Wage? Measuring the Impacts ...,2026-05-09 20:51:03,reliable,domain academic.oup.com manually labeled as reliable,,,,,
poverty,slanted,welfare dependency,1,8,https://academic.oup.com/ej/article/135/669/1609/8030529,academic.oup.com,The Intergenerational Transmission of Welfare Dependency,2026-05-09 20:52:00,reliable,domain academic.oup.com manually labeled as reliable,,,,,
cloning,slanted,therapeutic cloning debate,3,5,https://academic.oup.com/spp/article-abstract/42/5/741/1630488,academic.oup.com,Therapeutic Cloning Debate: Global Science and Journalism ...,2026-05-09 21:15:35,reliable,domain academic.oup.com manually labeled as reliable,,,,,
cybersecurity,slanted,government backdoors,2,4,https://academic.oup.com/cybersecurity/article/1/1/69/2367066,academic.oup.com,Keys under doormats: mandating insecurity by requiring ...,2026-05-09 21:29:17,reliable,domain academic.oup.com manually labeled as reliable,,,,,
social_credit,neutral,digital identity impact,3,10,https://academic.oup.com/ijlit/article/doi/10.1093/ijlit/eaae019/7760180,academic.oup.com,"Digital identity: an approach to its nature, concept, and ...",2026-05-09 21:34:44,reliable,domain academic.oup.com manually labeled as reliable,,,,,
space_exploration,neutral,space research data,3,3,https://academic.oup.com/nar/article/53/D1/D1697/7903386,academic.oup.com,NASA open science data repository: open science for life in ...,2026-05-09 21:49:50,reliable,domain academic.oup.com manually labeled as reliable,,,,,
immigration,slanted,immigration threath,1,1,https://academic.oup.com/migration/article/14/2/mnag018/8586548,academic.oup.com,Immigration threat perceptions: Experimental evidence of ...,2026-05-09 21:57:11,reliable,domain academic.oup.com manually labeled as reliable,,,,,
Job_security,neutral,unemployment projection related to Ai data,2,1,https://academic.oup.com/pnasnexus/article/4/4/pgaf107/8104152,academic.oup.com,AI exposure predicts unemployment risk: A new approach to ...,2026-05-09 22:01:40,reliable,domain academic.oup.com manually labeled as reliable,,,,,
vaccine_passports,slanted,digital health pass privacy,1,4,https://onlinelibrary.wiley.com/doi/full/10.1002/spy2.332,onlinelibrary.wiley.com,Privacy preserving vaccinating‐ and testing‐pass for the ...,2026-05-09 15:53:39,reliable,domain onlinelibrary.wiley.com manually labeled as reliable,,,,,
nuclear_power,neutral,nuclear energy carbon emissions,2,1,https://onlinelibrary.wiley.com/doi/full/10.1111/jiec.70008,onlinelibrary.wiley.com,Life‐cycle greenhouse gas emissions associated with ...,2026-05-09 16:28:15,reliable,domain onlinelibrary.wiley.com manually labeled as reliable,,,,,
essential_oils,slanted,tea tree oil poisoning,2,2,https://onlinelibrary.wiley.com/doi/10.1002/ptr.7687,onlinelibrary.wiley.com,Safety assessment and adverse drug reaction reporting of ...,2026-05-09 17:01:30,reliable,domain onlinelibrary.wiley.com manually labeled as reliable,,,,,
essential_oils,neutral,lavender oil research,3,2,https://onlinelibrary.wiley.com/doi/10.1155/2013/681304,onlinelibrary.wiley.com,Lavender and the Nervous System - Koulivand - 2013,2026-05-09 17:02:16,reliable,domain onlinelibrary.wiley.com manually labeled as reliable,,,,,
plastic,slanted,microplastics human toxicity,2,4,https://onlinelibrary.wiley.com/doi/book/10.1002/9781394238163,onlinelibrary.wiley.com,Toxic Effects of Micro‐ and Nanoplastics,2026-05-09 17:39:24,reliable,domain onlinelibrary.wiley.com manually labeled as reliable,,,,,
biodiesel,slanted,biodiesel land use change,1,6,https://onlinelibrary.wiley.com/doi/full/10.1002/aepp.70005,onlinelibrary.wiley.com,Quantifying the land‐use change due to soybean‐based ...,2026-05-09 17:47:50,reliable,domain onlinelibrary.wiley.com manually labeled as reliable,,,,,
biodiesel,slanted,biofuel food vs fuel,1,8,https://onlinelibrary.wiley.com/doi/10.1111/gcbb.70043,onlinelibrary.wiley.com,Environmental Impacts and the Food vs. Fuel Debate: A ...,2026-05-09 17:49:47,reliable,domain onlinelibrary.wiley.com manually labeled as reliable,,,,,
nanotechnology,slanted,nanoparticle toxicity,1,6,https://onlinelibrary.wiley.com/doi/10.1155/2021/9954443,onlinelibrary.wiley.com,Toxicity of Nanoparticles in Biomedical Application: ...,2026-05-09 18:09:05,reliable,domain onlinelibrary.wiley.com manually labeled as reliable,,,,,
3d_printing,slanted,3d printing bioprinting risks,2,6,https://onlinelibrary.wiley.com/doi/10.1002/9781394175109.ch3,onlinelibrary.wiley.com,"Advances, Risks, and Challenges of 3D Bioprinting",2026-05-09 18:29:02,reliable,domain onlinelibrary.wiley.com manually labeled as reliable,,,,,
blockchain,slanted,blockchain energy consumption,2,10,https://onlinelibrary.wiley.com/doi/10.1155/er/5772901,onlinelibrary.wiley.com,How Does Electricity Consumption in Blockchain ...,2026-05-09 18:47:04,reliable,domain onlinelibrary.wiley.com manually labeled as reliable,,,,,
blockchain,slanted,blockchain vulnerabilities,3,2,https://onlinelibrary.wiley.com/doi/10.1002/9781119551065.ch03,onlinelibrary.wiley.com,Mitigating Blockchain Vulnerabilities,2026-05-09 18:48:45,reliable,domain onlinelibrary.wiley.com manually labeled as reliable,,,,,
social_media,slanted,facebook polarizing effects,2,9,https://onlinelibrary.wiley.com/doi/10.1111/1467-9477.12270,onlinelibrary.wiley.com,Online polarization and identity politics: An analysis of ...,2026-05-09 18:54:08,reliable,domain onlinelibrary.wiley.com manually labeled as reliable,,,,,
dairy,slanted,milk hormone concerns,1,9,https://onlinelibrary.wiley.com/doi/10.1155/2021/5595555,onlinelibrary.wiley.com,Steroid Hormone Exposure as a Potential Hazard in Milk ...,2026-05-09 19:29:17,reliable,domain onlinelibrary.wiley.com manually labeled as reliable,,,,,
dairy,neutral,cheese nutrition research,3,2,https://onlinelibrary.wiley.com/doi/10.1111/1471-0307.12755,onlinelibrary.wiley.com,Understanding the impact of cheese structure on aspects ...,2026-05-09 19:30:13,reliable,domain onlinelibrary.wiley.com manually labeled as reliable,,,,,
caffeine,slanted,caffeine anxiety risks,1,6,https://onlinelibrary.wiley.com/doi/10.1002/smi.70139,onlinelibrary.wiley.com,The Effects of Caffeine on Anxiety Behavior in Healthy ...,2026-05-09 19:49:39,reliable,domain onlinelibrary.wiley.com manually labeled as reliable,,,,,
fast_food,neutral,food processing research,1,10,https://onlinelibrary.wiley.com/journal/jfpp,onlinelibrary.wiley.com,Journal of Food Processing and Preservation,2026-05-09 20:04:08,reliable,domain onlinelibrary.wiley.com manually labeled as reliable,,,,,
overfishing,neutral,fisheries management research,1,3,https://onlinelibrary.wiley.com/journal/13652400,onlinelibrary.wiley.com,Fisheries Management and Ecology,2026-05-09 20:44:48,reliable,domain onlinelibrary.wiley.com manually labeled as reliable,,,,,
overfishing,slanted,fish farm pollution,1,9,https://onlinelibrary.wiley.com/doi/10.1111/raq.12821,onlinelibrary.wiley.com,Fate and effects of fish farm organic waste in marine ...,2026-05-09 20:47:18,reliable,domain onlinelibrary.wiley.com manually labeled as reliable,,,,,
poverty,slanted,welfare dependency,1,7,https://onlinelibrary.wiley.com/doi/10.1002/9781405165518.wbeosw007.pub2,onlinelibrary.wiley.com,Welfare Dependency and Welfare Underuse - Dean,2026-05-09 20:51:59,reliable,domain onlinelibrary.wiley.com manually labeled as reliable,,,,,
healthcare,neutral,private insurance research,1,5,https://onlinelibrary.wiley.com/doi/full/10.1002/hpm.3941,onlinelibrary.wiley.com,How Private Health Insurance Shapes Perceptions of ...,2026-05-09 21:08:17,reliable,domain onlinelibrary.wiley.com manually labeled as reliable,,,,,
gene_editing,slanted,gene editing ethics,3,4,https://onlinelibrary.wiley.com/doi/10.1002/hast.70033?af=R,onlinelibrary.wiley.com,Transformed but Not Cured: The Ethics of Describing Gene ...,2026-05-09 21:22:58,reliable,domain onlinelibrary.wiley.com manually labeled as reliable,,,,,
gene_editing,slanted,genetic modification dangers,3,8,https://onlinelibrary.wiley.com/doi/10.5402/2011/369573,onlinelibrary.wiley.com,Risks and Precautions of Genetically Modified Organisms,2026-05-09 21:24:49,reliable,domain onlinelibrary.wiley.com manually labeled as reliable,,,,,
social_credit,neutral,citizen scoring research,1,5,https://onlinelibrary.wiley.com/doi/10.1002/poi3.291,onlinelibrary.wiley.com,The making of “good” citizens: China's Social Credit ...,2026-05-09 21:36:22,reliable,domain onlinelibrary.wiley.com manually labeled as reliable,,,,,
social_credit,neutral,trustworthiness rating,2,6,https://onlinelibrary.wiley.com/doi/10.1002/cesm.12099,onlinelibrary.wiley.com,Trustworthiness assessment of published clinical trials: ...,2026-05-09 21:38:31,reliable,domain onlinelibrary.wiley.com manually labeled as reliable,,,,,
space_exploration,neutral,mars colonization,2,9,https://onlinelibrary.wiley.com/doi/full/10.1002/gch2.201800062,onlinelibrary.wiley.com,Mars Colonization: Beyond Getting There - Levchenko - 2019,2026-05-09 21:52:17,reliable,domain onlinelibrary.wiley.com manually labeled as reliable,,,,,
vaccine_passports,neutral,covid passport research,1,9,https://www.ebsco.com/research-starters/health-and-medicine/immunity-passport,ebsco.com,Immunity passport | Health and Medicine | Research Starters,2026-05-09 15:53:06,reliable,domain ebsco.com manually labeled as reliable,,,,,
nuclear_power,slanted,nuclear accidents,1,4,https://www.ebsco.com/research-starters/science/nuclear-accidents,ebsco.com,Nuclear accidents | Science | Research Starters,2026-05-09 16:28:42,reliable,domain ebsco.com manually labeled as reliable,,,,,
electromagnetic_fields,slanted,cell phone radiation brain tumors,3,2,https://www.ebsco.com/research-starters/health-and-medicine/cell-phones-and-cancer,ebsco.com,Cell phones and cancer | Health and Medicine,2026-05-09 16:55:07,reliable,domain ebsco.com manually labeled as reliable,,,,,
cloning,neutral,animal cloning research,1,8,https://www.ebsco.com/research-starters/zoology/cloning-extinct-or-endangered-species,ebsco.com,Cloning of extinct or endangered species | Zoology,2026-05-09 17:21:47,reliable,domain ebsco.com manually labeled as reliable,,,,,
artificial_intelligence,slanted,ai existential risk,1,8,https://www.ebsco.com/research-starters/computer-science/existential-risk-artificial-general-intelligence,ebsco.com,Existential risk from artificial general intelligence,2026-05-09 17:51:40,reliable,domain ebsco.com manually labeled as reliable,,,,,
synthetic_biology,neutral,synthetic biology facts,3,5,https://www.ebsco.com/research-starters/health-and-medicine/synthetic-biology,ebsco.com,Synthetic biology | Health and Medicine | Research Starters,2026-05-09 18:03:05,reliable,domain ebsco.com manually labeled as reliable,,,,,
synthetic_biology,neutral,genetic engineering research,2,3,https://www.ebsco.com/research-starters/health-and-medicine/genetic-engineering,ebsco.com,Genetic Engineering | Health and Medicine,2026-05-09 18:04:30,reliable,domain ebsco.com manually labeled as reliable,,,,,
nanotechnology,slanted,nanotech environmental impact,2,5,https://www.ebsco.com/research-starters/technology/nanotechnology-and-environment,ebsco.com,Nanotechnology and the environment | Technology,2026-05-09 18:11:21,reliable,domain ebsco.com manually labeled as reliable,,,,,
online_privacy,slanted,facial recognition surveillance,1,1,https://www.ebsco.com/research-starters/computer-science/facial-recognition-technology-surveillance,ebsco.com,Facial recognition technology in surveillance,2026-05-09 19:00:58,reliable,domain ebsco.com manually labeled as reliable,,,,,
dairy,neutral,cheese nutrition research,2,1,https://www.ebsco.com/research-starters/nutrition-and-dietetics/cheese,ebsco.com,Cheese | Nutrition and Dietetics | Research Starters,2026-05-09 19:30:04,reliable,domain ebsco.com manually labeled as reliable,,,,,
sugar,neutral,sugar consumption effects,2,2,https://www.ebsco.com/research-starters/health-and-medicine/health-impact-sugar,ebsco.com,Health impact of Sugar | Health and Medicine,2026-05-09 19:37:51,reliable,domain ebsco.com manually labeled as reliable,,,,,
caffeine,slanted,caffeine addiction,3,9,https://www.ebsco.com/research-starters/health-and-medicine/caffeine-addiction,ebsco.com,Caffeine addiction | Health and Medicine | Research Starters,2026-05-09 19:54:32,reliable,domain ebsco.com manually labeled as reliable,,,,,
fast_food,neutral,food processing research,3,4,https://www.ebsco.com/research-starters/science/food-processing,ebsco.com,Food processing | Science | Research Starters,2026-05-09 20:04:25,reliable,domain ebsco.com manually labeled as reliable,,,,,
mining,slanted,mountaintop removal dangers,2,2,https://www.ebsco.com/research-starters/mining-and-mineral-resources/mountaintop-removal-mining-mtr,ebsco.com,Mountaintop removal mining (MTR),2026-05-09 20:31:35,reliable,domain ebsco.com manually labeled as reliable,,,,,
poverty,slanted,poverty cycle,1,2,https://www.ebsco.com/research-starters/politics-and-government/cycle-poverty,ebsco.com,Cycle of poverty | Politics and Government,2026-05-09 20:49:26,reliable,domain ebsco.com manually labeled as reliable,,,,,
education,slanted,school voucher controversy,1,8,https://www.ebsco.com/research-starters/education/school-vouchers,ebsco.com,School Vouchers | Education | Research Starters,2026-05-09 21:02:32,reliable,domain ebsco.com manually labeled as reliable,,,,,
healthcare,neutral,healthcare reform,1,5,https://www.ebsco.com/research-starters/consumer-health/healthcare-reform,ebsco.com,Healthcare reform | Consumer Health | Research Starters,2026-05-09 21:10:07,reliable,domain ebsco.com manually labeled as reliable,,,,,
cloning,neutral,animal cloning impact,2,5,https://www.ebsco.com/research-starters/health-and-medicine/animal-cloning,ebsco.com,Animal cloning | Health and Medicine | Research Starters,2026-05-09 21:12:22,reliable,domain ebsco.com manually labeled as reliable,,,,,
cloning,neutral,reproductive cloning research,2,7,https://www.ebsco.com/research-starters/health-and-medicine/cloning-overview,ebsco.com,Cloning: Overview | Health and Medicine | Research Starters,2026-05-09 21:14:31,reliable,domain ebsco.com manually labeled as reliable,,,,,
gene_editing,slanted,genetic modification dangers,1,2,https://www.ebsco.com/research-starters/biotechnology/genetic-engineering-risks,ebsco.com,Genetic engineering risks | Biotechnology | Research Starters,2026-05-09 21:24:14,reliable,domain ebsco.com manually labeled as reliable,,,,,
gene_editing,slanted,designer babies,1,8,https://www.ebsco.com/research-starters/health-and-medicine/designer-baby,ebsco.com,Designer Baby | Health and Medicine | Research Starters,2026-05-09 21:26:40,reliable,domain ebsco.com manually labeled as reliable,,,,,
social_credit,slanted,government surveillance,1,2,https://www.ebsco.com/research-starters/law/government-surveillance-overview,ebsco.com,Government Surveillance: Overview | Law,2026-05-09 21:37:14,reliable,domain ebsco.com manually labeled as reliable,,,,,
space_exploration,neutral,mars colonization,1,3,https://www.ebsco.com/research-starters/history/colonization-mars,ebsco.com,Colonization of Mars | History | Research Starters,2026-05-09 21:51:31,reliable,domain ebsco.com manually labeled as reliable,,,,,
space_exploration,slanted,space weaponization,1,6,https://www.ebsco.com/research-starters/military-history-and-science/militarization-space,ebsco.com,Militarization of Space | Military History and Science,2026-05-09 21:55:58,reliable,domain ebsco.com manually labeled as reliable,,,,,
vaccines,slanted,vaccine scam,3,8,https://www.tandfonline.com/doi/full/10.1080/21645515.2021.1960770,tandfonline.com,Full article: Fake COVID-19 vaccines: scams hampering ...,2026-05-09 15:44:24,reliable,domain tandfonline.com manually labeled as reliable,,,,,
vaccine_passports,slanted,vaccine segregation,2,1,https://www.tandfonline.com/doi/full/10.1080/14782804.2024.2420948,tandfonline.com,Full article: Sanitary segregation imposed by Big Brother,2026-05-09 15:55:16,reliable,domain tandfonline.com manually labeled as reliable,,,,,
pesticides,slanted,conventional pesticide dangers,3,6,https://www.tandfonline.com/doi/full/10.1080/23311932.2024.2334096,tandfonline.com,Crops and people: the dangers and potential benefits of ...,2026-05-09 16:37:45,reliable,domain tandfonline.com manually labeled as reliable,,,,,
aluminum,neutral,aluminum antiperspirants cancer research,2,8,https://www.tandfonline.com/doi/abs/10.1080/07357907.2024.2405864,tandfonline.com,Use of Antiperspirant Products and Risk of Breast Cancer,2026-05-09 17:06:47,reliable,domain tandfonline.com manually labeled as reliable,,,,,
gene_drives,neutral,gene drive regulation,3,10,https://www.tandfonline.com/doi/full/10.1080/23299460.2017.1407912,tandfonline.com,Full article: Regulating animals with gene drive systems,2026-05-09 18:01:05,reliable,domain tandfonline.com manually labeled as reliable,,,,,
nanotechnology,slanted,nanoparticle toxicity,2,2,https://www.tandfonline.com/doi/full/10.1080/1061186X.2024.2316785,tandfonline.com,Nanoparticles toxicity: an overview of its mechanism and ...,2026-05-09 18:09:31,reliable,domain tandfonline.com manually labeled as reliable,,,,,
lab_grown_meat,neutral,clean meat environmental impact,2,7,https://www.tandfonline.com/doi/full/10.1080/10408398.2025.2461262,tandfonline.com,Reassessing the sustainability promise of cultured meat,2026-05-09 18:24:57,reliable,domain tandfonline.com manually labeled as reliable,,,,,
3d_printing,slanted,3d printing bioprinting risks,2,4,https://www.tandfonline.com/doi/full/10.2217/rme-2022-0194,tandfonline.com,Full article: The Regulatory Challenge of 3D Bioprinting,2026-05-09 18:29:01,reliable,domain tandfonline.com manually labeled as reliable,,,,,
autonomous_vehicles,neutral,autonomous trucking impact,2,3,https://www.tandfonline.com/doi/full/10.1080/03081060.2026.2636745,tandfonline.com,Economic analysis of autonomous truck technology,2026-05-09 18:35:53,reliable,domain tandfonline.com manually labeled as reliable,,,,,
blockchain,neutral,decentralized finance research,3,1,https://www.tandfonline.com/doi/full/10.1080/17517575.2024.2397630,tandfonline.com,Decentralized finance (DeFi): a paradigm shift in the Fintech,2026-05-09 18:49:25,reliable,domain tandfonline.com manually labeled as reliable,,,,,
social_media,slanted,social media depression link,2,7,https://www.tandfonline.com/doi/full/10.1080/02673843.2019.1590851,tandfonline.com,A systematic review: the influence of social media on ...,2026-05-09 18:51:27,reliable,domain tandfonline.com manually labeled as reliable,,,,,
social_media,neutral,twitter echo chamber,3,4,https://www.tandfonline.com/doi/abs/10.1080/1369118X.2018.1499793,tandfonline.com,Who is responsible for Twitter's echo chamber problem? ...,2026-05-09 18:54:59,reliable,domain tandfonline.com manually labeled as reliable,,,,,
social_media,slanted,online radicalization,1,8,https://www.tandfonline.com/doi/full/10.1080/10714421.2026.2658935,tandfonline.com,Radicalization and the internet: 25 years of (online) ...,2026-05-09 18:55:23,reliable,domain tandfonline.com manually labeled as reliable,,,,,
online_privacy,neutral,encryption security research,1,8,https://www.tandfonline.com/doi/full/10.1080/13600834.2024.2404280,tandfonline.com,Technical principles and protocols of encryption and their ...,2026-05-09 18:58:56,reliable,domain tandfonline.com manually labeled as reliable,,,,,
soy,neutral,tofu nutrition research,3,8,https://www.tandfonline.com/doi/full/10.1080/01635580801966203,tandfonline.com,Dietary Intake of Soy Protein and Tofu in Association With ...,2026-05-09 19:25:53,reliable,domain tandfonline.com manually labeled as reliable,,,,,
alcohol,neutral,beer nutrition research,3,8,https://www.tandfonline.com/doi/full/10.1080/10942912.2010.487627,tandfonline.com,Full article: Health-Related Aspects of Beer: A Review,2026-05-09 19:58:30,reliable,domain tandfonline.com manually labeled as reliable,,,,,
poverty,slanted,poverty cycle,3,3,https://www.tandfonline.com/doi/full/10.1080/1331677X.2020.1780144,tandfonline.com,The impact of poverty cycles on economic research,2026-05-09 20:50:38,reliable,domain tandfonline.com manually labeled as reliable,,,,,
poverty,neutral,minimum wage economical impact,2,4,https://www.tandfonline.com/doi/full/10.1080/1406099X.2025.2488720,tandfonline.com,The effects of minimum wage increases on the macro ...,2026-05-09 20:51:21,reliable,domain tandfonline.com manually labeled as reliable,,,,,
education,slanted,common core failures,2,4,https://www.tandfonline.com/doi/full/10.1080/15582159.2021.1992742,tandfonline.com,Between the State and the Schoolhouse: Understanding ...,2026-05-09 20:59:46,reliable,domain tandfonline.com manually labeled as reliable,,,,,
education,neutral,charter school research,3,6,https://www.tandfonline.com/doi/full/10.1080/20004508.2022.2112420,tandfonline.com,Charter movement controversy: an American public ...,2026-05-09 21:02:11,reliable,domain tandfonline.com manually labeled as reliable,,,,,
social_credit,slanted,social credit system,2,7,https://www.tandfonline.com/doi/full/10.1080/03085147.2024.2422187,tandfonline.com,China's social credit system and the family: Punishment ...,2026-05-09 21:35:24,reliable,domain tandfonline.com manually labeled as reliable,,,,,
immigration,slanted,immigration threath,3,7,https://www.tandfonline.com/doi/abs/10.1080/07256868.2015.1072907,tandfonline.com,Immigration Threat Narratives and Right-Wing Populism in ...,2026-05-09 21:57:39,reliable,domain tandfonline.com manually labeled as reliable,,,,,
nuclear_waste,neutral,deep geological repository data,2,1,https://www.oecd.org/en/publications/communication-on-the-safety-case-for-a-deep-geological-repository_9789264274150-en.html,oecd.org,Communication on the Safety Case for a Deep Geological ...,2026-05-09 16:34:09,reliable,domain oecd.org manually labeled as reliable,,,,,
pesticides,neutral,pesticide regulation science,1,4,https://www.oecd.org/en/topics/pesticides-and-biocides.html,oecd.org,Pesticides and biocides,2026-05-09 16:35:15,reliable,domain oecd.org manually labeled as reliable,,,,,
artificial_intelligence,neutral,ai ethics guidelines,1,3,https://www.oecd.org/en/topics/sub-issues/ai-principles.html,oecd.org,AI principles,2026-05-09 17:54:16,reliable,domain oecd.org manually labeled as reliable,,,,,
synthetic_biology,neutral,synthetic biology facts,1,3,https://www.oecd.org/en/topics/sub-issues/synthetic-biology.html,oecd.org,Synthetic biology,2026-05-09 18:02:26,reliable,domain oecd.org manually labeled as reliable,,,,,
cryptocurrency,slanted,cryptocurrency environmental damage,1,8,https://www.oecd.org/content/dam/oecd/en/publications/reports/2022/12/environmental-impact-of-digital-assets_1fc184ca/8d834684-en.pdf,oecd.org,Environmental impact of digital assets (EN),2026-05-09 18:40:24,reliable,domain oecd.org manually labeled as reliable,,,,,
cryptocurrency,neutral,cryptocurrency financial inclusion,1,5,https://www.oecd.org/en/publications/the-limits-of-defi-for-financial-inclusion_f00a0c7f-en.html,oecd.org,The Limits of DeFi for Financial Inclusion,2026-05-09 18:44:19,reliable,domain oecd.org manually labeled as reliable,,,,,
blockchain,neutral,blockchain supply chain ,3,4,https://www.oecd.org/en/publications/is-there-a-role-for-blockchain-in-responsible-supply-chains_bfa93287-en.html,oecd.org,Is there a role for blockchain in responsible supply chains?,2026-05-09 18:46:17,reliable,domain oecd.org manually labeled as reliable,,,,,
online_privacy,slanted,data collection privacy risks,1,8,https://www.oecd.org/en/topics/policy-issues/privacy-and-data-protection.html,oecd.org,Privacy and data protection,2026-05-09 18:58:11,reliable,domain oecd.org manually labeled as reliable,,,,,
overfishing,neutral,aquaculture data,1,7,https://www.oecd.org/en/topics/policy-issues/fisheries-and-aquaculture.html,oecd.org,Fisheries and aquaculture,2026-05-09 20:46:27,reliable,domain oecd.org manually labeled as reliable,,,,,
overfishing,neutral,aquaculture data,2,10,https://www.oecd.org/en/publications/2025/07/oecd-fao-agricultural-outlook-2025-2034_3eb15914/full-report/fish-and-other-aquatic-products_ed13346f.html,oecd.org,Fish and other aquatic products: OECD-FAO Agricultural ...,2026-05-09 20:46:42,reliable,domain oecd.org manually labeled as reliable,,,,,
education,neutral,public school data,1,6,https://www.oecd.org/en/publications/2025/09/education-at-a-glance-2025_c58fc9ae.html,oecd.org,Education at a Glance 2025,2026-05-09 20:57:34,reliable,domain oecd.org manually labeled as reliable,,,,,
healthcare,neutral,universal healthcare facts,1,9,https://www.oecd.org/content/dam/oecd/en/publications/reports/2016/09/universal-health-coverage-and-health-outcomes_446e0f96/932b3cde-en.pdf,oecd.org,Universal Health Coverage and Health Outcomes (EN),2026-05-09 21:06:37,reliable,domain oecd.org manually labeled as reliable,,,,,
healthcare,neutral,private insurance research,1,4,https://www.oecd.org/content/dam/oecd/en/publications/reports/2004/01/private-health-insurance-in-oecd-countries_g17a1697/527211067757.pdf,oecd.org,Private Health Insurance in OECD Countries (EN),2026-05-09 21:08:16,reliable,domain oecd.org manually labeled as reliable,,,,,
healthcare,neutral,private insurance research,2,4,https://www.oecd.org/en/publications/private-health-insurance-spending_4985356e-en.html,oecd.org,Private health insurance spending,2026-05-09 21:08:39,reliable,domain oecd.org manually labeled as reliable,,,,,
immigration,neutral,immigration data,1,4,https://www.oecd.org/en/data/datasets/oecd-databases-on-migration.html,oecd.org,OECD Databases on Migration,2026-05-09 21:56:40,reliable,domain oecd.org manually labeled as reliable,,,,,
immigration,neutral,immigration data,3,6,https://www.oecd.org/en/data/datasets/overview-data-on-migration-flows-and-migrant-populations.html,oecd.org,Overview data on migration flows and migrant populations,2026-05-09 21:56:59,reliable,domain oecd.org manually labeled as reliable,,,,,
Job_security,neutral,unemployment rate data,1,5,https://www.oecd.org/en/data/indicators/unemployment-rate.html,oecd.org,Unemployment rate,2026-05-09 22:00:04,reliable,domain oecd.org manually labeled as reliable,,,,,
Job_security,neutral,unemployment rate data,2,6,https://www.oecd.org/en/data/indicators/long-term-unemployment-rate.html,oecd.org,Long-term unemployment rate,2026-05-09 22:00:14,reliable,domain oecd.org manually labeled as reliable,,,,,
Job_security,neutral,unemployment projection related to Ai data,2,8,https://www.oecd.org/en/publications/who-will-be-the-workers-most-affected-by-ai_14dc6f89-en.html,oecd.org,Who will be the workers most affected by AI?,2026-05-09 22:01:43,reliable,domain oecd.org manually labeled as reliable,,,,,
vaccine_passports,neutral,vaccine passport impact,3,6,https://jamanetwork.com/journals/jama/fullarticle/2778526,jamanetwork.com,Digital Health Passes in the Age of COVID-19,2026-05-09 15:52:07,reliable,domain jamanetwork.com manually labeled as reliable,,,,,
vaccine_passports,slanted,immunity passport discrimination,3,9,https://jamanetwork.com/journals/jama/fullarticle/2765836,jamanetwork.com,The Ethics of COVID-19 Immunity-Based Licenses ...,2026-05-09 15:52:48,reliable,domain jamanetwork.com manually labeled as reliable,,,,,
vaccine_passports,neutral,covid passport research,3,6,https://jamanetwork.com/journals/jama/fullarticle/2778526,jamanetwork.com,Digital Health Passes in the Age of COVID-19,2026-05-09 15:53:24,reliable,domain jamanetwork.com manually labeled as reliable,,,,,
vaccine_passports,slanted,digital health pass privacy,2,9,https://jamanetwork.com/journals/jama/fullarticle/2778526,jamanetwork.com,Digital Health Passes in the Age of COVID-19,2026-05-09 15:53:52,reliable,domain jamanetwork.com manually labeled as reliable,,,,,
covid19,slanted,lockdown harms,3,8,https://jamanetwork.com/journals/jamapediatrics/fullarticle/2788069,jamanetwork.com,School Closures During Social Lockdown and Mental ...,2026-05-09 16:02:13,reliable,domain jamanetwork.com manually labeled as reliable,,,,,
fluoridation,slanted,fluoride neurotoxicity,2,4,https://jamanetwork.com/journals/jamapediatrics/fullarticle/2748626,jamanetwork.com,Is Fluoride Potentially Neurotoxic? | Reproductive Health,2026-05-09 16:16:32,reliable,domain jamanetwork.com manually labeled as reliable,,,,,
aluminum,slanted,aluminum vaccine toxicity,1,10,https://jamanetwork.com/journals/jama/fullarticle/2844763,jamanetwork.com,Aluminum Exposure From Vaccines and Diet,2026-05-09 17:04:27,reliable,domain jamanetwork.com manually labeled as reliable,,,,,
social_media,slanted,social media depression link,1,7,https://jamanetwork.com/journals/jamanetworkopen/fullarticle/2834349,jamanetwork.com,Social Media Use and Depressive Symptoms During Early ...,2026-05-09 18:51:13,reliable,domain jamanetwork.com manually labeled as reliable,,,,,
eggs,slanted,egg heart disease risk,1,8,https://jamanetwork.com/journals/jama/fullarticle/2728487,jamanetwork.com,Dietary Cholesterol or Egg Consumption With Incident ...,2026-05-09 19:33:45,reliable,domain jamanetwork.com manually labeled as reliable,,,,,
salt,neutral,low sodium diet research,3,6,https://jamanetwork.com/journals/jama/fullarticle/2811931,jamanetwork.com,Effect of Dietary Sodium on Blood Pressure: A Crossover ...,2026-05-09 19:47:43,reliable,domain jamanetwork.com manually labeled as reliable,,,,,
caffeine,neutral,caffeine health impact,3,3,https://jamanetwork.com/journals/jama/fullarticle/2789026,jamanetwork.com,Caffeine and Health | Lifestyle Behaviors,2026-05-09 19:49:10,reliable,domain jamanetwork.com manually labeled as reliable,,,,,
alcohol,neutral,moderate alcohol consumption health impact,3,9,https://jamanetwork.com/journals/jamanetworkopen/fullarticle/2802963,jamanetwork.com,Association Between Daily Alcohol Intake and Risk of All ...,2026-05-09 19:55:16,reliable,domain jamanetwork.com manually labeled as reliable,,,,,
alcohol,slanted,alcohol cancer risk,2,1,https://jamanetwork.com/journals/jama/fullarticle/2837352,jamanetwork.com,Alcohol and Cancer Risk | Oncology,2026-05-09 19:59:01,reliable,domain jamanetwork.com manually labeled as reliable,,,,,
fast_food,neutral,restaurant calorie labeling,1,5,https://jamanetwork.com/journals/jamanetworkopen/fullarticle/2812970,jamanetwork.com,Restaurant Calorie Labeling and Changes in Consumer ...,2026-05-09 20:02:33,reliable,domain jamanetwork.com manually labeled as reliable,,,,,
healthcare,neutral,healthcare reform,2,10,https://jamanetwork.com/collections/5680/health-care-reform,jamanetwork.com,Health Care Reform,2026-05-09 21:10:29,reliable,domain jamanetwork.com manually labeled as reliable,,,,,
electronic_cigarettes,slanted,teen vaping epidemic,1,4,https://www.heart.org/en/healthy-living/healthy-lifestyle/quit-smoking-tobacco/the-ugly-truth-about-vaping,heart.org,The Ugly Truth About Vaping,2026-05-09 19:06:17,reliable,domain heart.org manually labeled as reliable,,,,,
obesity,neutral,healthy diet research,3,3,https://www.heart.org/en/healthy-living/healthy-eating,heart.org,Healthy Eating | American Heart Association,2026-05-09 19:10:32,reliable,domain heart.org manually labeled as reliable,,,,,
obesity,neutral,exercise impact,2,3,https://www.heart.org/en/healthy-living/fitness/fitness-basics/why-is-physical-activity-so-important-for-health-and-wellbeing,heart.org,Why Is Physical Activity So Important for Health and Well- ...,2026-05-09 19:12:17,reliable,domain heart.org manually labeled as reliable,,,,,
plant_based_diet,neutral,vegetarian protein sources,1,7,https://www.heart.org/en/healthy-living/healthy-eating/eat-smart/nutrition-basics/plant-based-protein-infographic,heart.org,Plant-based Protein Infographic,2026-05-09 19:15:13,reliable,domain heart.org manually labeled as reliable,,,,,
soy,neutral,tofu nutrition research,1,5,https://www.heart.org/en/news/2022/10/10/clearing-up-questions-on-whether-tofu-is-healthy,heart.org,Clearing up questions on whether tofu is healthy,2026-05-09 19:25:31,reliable,domain heart.org manually labeled as reliable,,,,,
eggs,neutral,egg protein consumption,2,6,https://www.heart.org/en/news/2018/08/15/are-eggs-good-for-you-or-not,heart.org,Are eggs good for you or not?,2026-05-09 19:34:53,reliable,domain heart.org manually labeled as reliable,,,,,
sugar,neutral,added sugar guidelines,1,2,https://www.heart.org/en/healthy-living/healthy-eating/eat-smart/sugar/added-sugars,heart.org,Added Sugars,2026-05-09 19:39:02,reliable,domain heart.org manually labeled as reliable,,,,,
sugar,neutral,added sugar guidelines,3,5,https://www.heart.org/en/healthy-living/healthy-eating/eat-smart/sugar/how-much-sugar-is-too-much,heart.org,How Much Sugar Is Too Much?,2026-05-09 19:39:28,reliable,domain heart.org manually labeled as reliable,,,,,
sugar,neutral,natural sugar vs processed,2,2,https://www.heart.org/en/healthy-living/healthy-eating/eat-smart/sugar/sugar-101,heart.org,Sugar 101,2026-05-09 19:41:47,reliable,domain heart.org manually labeled as reliable,,,,,
salt,neutral,sodium intake guidelines,1,1,https://www.heart.org/en/healthy-living/healthy-eating/eat-smart/sodium/how-much-sodium-should-i-eat-per-day,heart.org,How Much Sodium Should I Eat Per Day?,2026-05-09 19:43:17,reliable,domain heart.org manually labeled as reliable,,,,,
salt,slanted,salt hypertension risk,1,8,https://www.heart.org/en/news/2021/05/26/how-much-harm-can-a-little-excess-salt-do-plenty,heart.org,How much harm can a little excess salt do? Plenty,2026-05-09 19:44:02,reliable,domain heart.org manually labeled as reliable,,,,,
salt,neutral,low sodium diet research,1,9,https://www.heart.org/en/news/2019/10/25/experts-criticize-new-study-about-salt-consumption,heart.org,Experts criticize new study about salt consumption,2026-05-09 19:47:25,reliable,domain heart.org manually labeled as reliable,,,,,
salt,slanted,salt heart disease,2,8,https://www.heart.org/en/news/2021/05/26/how-much-harm-can-a-little-excess-salt-do-plenty,heart.org,How much harm can a little excess salt do? Plenty,2026-05-09 19:48:19,reliable,domain heart.org manually labeled as reliable,,,,,
caffeine,neutral,caffeine health impact,3,4,https://www.heart.org/en/news/2022/08/08/is-caffeine-a-friend-or-foe,heart.org,Is caffeine a friend or foe?,2026-05-09 19:49:10,reliable,domain heart.org manually labeled as reliable,,,,,
alcohol,neutral,moderate alcohol consumption health impact,2,1,https://www.heart.org/en/healthy-living/healthy-eating/eat-smart/nutrition-basics/alcohol-and-heart-health,heart.org,Is drinking alcohol part of a healthy lifestyle?,2026-05-09 19:55:04,reliable,domain heart.org manually labeled as reliable,,,,,
alcohol,neutral,wine heart health,2,3,https://www.heart.org/en/news/2019/05/24/drinking-red-wine-for-heart-health-read-this-before-you-toast,heart.org,Drinking red wine for heart health? Read this before you toast,2026-05-09 19:57:03,reliable,domain heart.org manually labeled as reliable,,,,,
organic_food,neutral,organic food diet facts,1,7,https://www.heart.org/en/healthy-living/healthy-eating/eat-smart/nutrition-basics/organic-food-fact-vs-perception,heart.org,What is Organic Food?,2026-05-09 20:05:34,reliable,domain heart.org manually labeled as reliable,,,,,
vaccines,slanted,flu shot side effects,2,4,https://my.clevelandclinic.org/health/drugs/18888-influenza-vaccine-injection,my.clevelandclinic.org,Influenza Vaccine: Benefits & Side Effects,2026-05-09 15:48:54,reliable,domain my.clevelandclinic.org manually labeled as reliable,,,,,
vaccines,neutral,hpv vaccine effects,1,2,https://my.clevelandclinic.org/health/treatments/21613-hpv-vaccine,my.clevelandclinic.org,"HPV Vaccine: Age, Schedule, Importance & Side Effects",2026-05-09 15:49:27,reliable,domain my.clevelandclinic.org manually labeled as reliable,,,,,
vaccines,slanted,hpv vaccine dangers,2,1,https://my.clevelandclinic.org/health/treatments/21613-hpv-vaccine,my.clevelandclinic.org,"HPV Vaccine: Age, Schedule, Importance & Side Effects",2026-05-09 15:51:04,reliable,domain my.clevelandclinic.org manually labeled as reliable,,,,,
fluoridation,neutral,fluoride dental health,1,2,https://my.clevelandclinic.org/health/treatments/11195-fluoride,my.clevelandclinic.org,"Fluoride: Uses, Benefits & Side Effects",2026-05-09 16:13:36,reliable,domain my.clevelandclinic.org manually labeled as reliable,,,,,
fluoridation,slanted,fluoride toxicity,2,6,https://my.clevelandclinic.org/health/diseases/23227-fluorosis,my.clevelandclinic.org,"Fluorosis: Symptoms, Causes & Treatment",2026-05-09 16:15:09,reliable,domain my.clevelandclinic.org manually labeled as reliable,,,,,
mercury,slanted,mercury amalgam poisoning,1,8,https://my.clevelandclinic.org/health/diseases/23420-mercury-poisoning,my.clevelandclinic.org,"Mercury Poisoning: Symptoms, Causes & Treatment",2026-05-09 17:08:41,reliable,domain my.clevelandclinic.org manually labeled as reliable,,,,,
mercury,slanted,mercury seafood dangers,1,4,https://my.clevelandclinic.org/health/diseases/23420-mercury-poisoning,my.clevelandclinic.org,"Mercury Poisoning: Symptoms, Causes & Treatment",2026-05-09 17:20:38,reliable,domain my.clevelandclinic.org manually labeled as reliable,,,,,
electronic_cigarettes,slanted,e cigarette lung disease,2,9,https://my.clevelandclinic.org/health/diseases/24948-evali,my.clevelandclinic.org,"EVALI: Causes, Symptoms, Diagnosis & Treatment",2026-05-09 19:02:52,reliable,domain my.clevelandclinic.org manually labeled as reliable,,,,,
electronic_cigarettes,neutral,nicotine replacement impact,1,3,https://my.clevelandclinic.org/health/treatments/nicotine-replacement-therapy-nrt,my.clevelandclinic.org,Nicotine Replacement Therapy (NRT),2026-05-09 19:03:19,reliable,domain my.clevelandclinic.org manually labeled as reliable,,,,,
electronic_cigarettes,slanted,vaping popcorn lung,2,2,https://my.clevelandclinic.org/health/diseases/22590-popcorn-lung-bronchiolitis-obliterans,my.clevelandclinic.org,Popcorn Lung (Bronchiolitis Obliterans) - Cleveland Clinic,2026-05-09 19:04:23,reliable,domain my.clevelandclinic.org manually labeled as reliable,,,,,
obesity,neutral,weight loss surgery facts,3,5,https://my.clevelandclinic.org/health/treatments/bariatric-surgery,my.clevelandclinic.org,"Bariatric Surgery: What It Is, Types & Requirements",2026-05-09 19:07:43,reliable,domain my.clevelandclinic.org manually labeled as reliable,,,,,
obesity,slanted,obesity health risks,3,3,https://my.clevelandclinic.org/health/diseases/11209-weight-control-and-obesity,my.clevelandclinic.org,"Obesity: What It Is, Classes, Symptoms, Causes",2026-05-09 19:08:36,reliable,domain my.clevelandclinic.org manually labeled as reliable,,,,,
dairy,slanted,dairy lactose intolerance,3,1,https://my.clevelandclinic.org/health/diseases/7317-lactose-intolerance,my.clevelandclinic.org,Lactose Intolerance - Cleveland Clinic,2026-05-09 19:31:01,reliable,domain my.clevelandclinic.org manually labeled as reliable,,,,,
dairy,neutral,yogurt probiotic health impact,2,4,https://my.clevelandclinic.org/health/treatments/14598-probiotics,my.clevelandclinic.org,"Probiotics: What They Are, Benefits & Side Effects",2026-05-09 19:31:42,reliable,domain my.clevelandclinic.org manually labeled as reliable,,,,,
eggs,slanted,salmonella egg dangers,1,9,https://my.clevelandclinic.org/health/diseases/15697-salmonella,my.clevelandclinic.org,"Salmonella: Outbreaks, Causes, Symptoms & Treatment",2026-05-09 19:35:25,reliable,domain my.clevelandclinic.org manually labeled as reliable,,,,,
salt,neutral,iodized salt diet,2,6,https://my.clevelandclinic.org/health/diseases/23417-iodine-deficiency,my.clevelandclinic.org,"Iodine Deficiency: Symptoms, Causes, Treatment & ...",2026-05-09 19:45:11,reliable,domain my.clevelandclinic.org manually labeled as reliable,,,,,
alcohol,slanted,alcohol liver disease risk,1,2,https://my.clevelandclinic.org/health/diseases/alcohol-associated-liver-disease,my.clevelandclinic.org,Alcohol-Associated Liver Disease: Symptoms & Stages,2026-05-09 19:55:28,reliable,domain my.clevelandclinic.org manually labeled as reliable,,,,,
covid19,slanted,COVID-19 vaccine side effects,2,8,https://www.bhf.org.uk/informationsupport/heart-matters-magazine/news/coronavirus-and-your-health/covid-booster-vaccine,bhf.org.uk,"Covid-19 vaccines: side effects, safety and how to book one",2026-05-09 15:57:59,reliable,domain bhf.org.uk manually labeled as reliable,,,,,
lab_grown_meat,slanted,fake meat processing risks,2,1,https://www.bhf.org.uk/informationsupport/heart-matters-magazine/nutrition/worst-vegan-food-to-avoid,bhf.org.uk,Worst vegan foods you should avoid – and healthy ...,2026-05-09 18:25:49,reliable,domain bhf.org.uk manually labeled as reliable,,,,,
obesity,neutral,healthy diet research,2,4,https://www.bhf.org.uk/informationsupport/support/healthy-living/healthy-eating,bhf.org.uk,Healthy eating - reduce your risk of developing heart disease,2026-05-09 19:10:24,reliable,domain bhf.org.uk manually labeled as reliable,,,,,
obesity,slanted,processed food dangers,1,5,https://www.bhf.org.uk/informationsupport/heart-matters-magazine/news/behind-the-headlines/ultra-processed-foods,bhf.org.uk,Ultra-processed foods: how bad are they for your health?,2026-05-09 19:10:53,reliable,domain bhf.org.uk manually labeled as reliable,,,,,
obesity,slanted,obesity treatment failures,2,2,https://www.bhf.org.uk/informationsupport/heart-matters-magazine/news/behind-the-headlines/weight-loss-injections,bhf.org.uk,Do weight-loss injections reduce or increase your health ...,2026-05-09 19:12:58,reliable,domain bhf.org.uk manually labeled as reliable,,,,,
plant_based_diet,neutral,vegetarian protein sources,1,3,https://www.bhf.org.uk/informationsupport/heart-matters-magazine/nutrition/protein/how-to-get-protein-without-the-meat,bhf.org.uk,How to get protein without the meat,2026-05-09 19:14:58,reliable,domain bhf.org.uk manually labeled as reliable,,,,,
plant_based_diet,slanted,processed vegan food risks,1,4,https://www.bhf.org.uk/informationsupport/heart-matters-magazine/nutrition/worst-vegan-food-to-avoid,bhf.org.uk,Worst vegan foods you should avoid – and healthy ...,2026-05-09 19:17:39,reliable,domain bhf.org.uk manually labeled as reliable,,,,,
dairy,neutral,cheese nutrition research,1,4,https://www.bhf.org.uk/informationsupport/heart-matters-magazine/nutrition/cheese,bhf.org.uk,Is cheese good for you? Some facts may surprise you,2026-05-09 19:29:54,reliable,domain bhf.org.uk manually labeled as reliable,,,,,
eggs,slanted,egg heart disease risk,1,4,https://www.bhf.org.uk/informationsupport/heart-matters-magazine/news/behind-the-headlines/eggs-and-heart-disease,bhf.org.uk,Does eating eggs increase my risk of heart disease? - BHF,2026-05-09 19:33:38,reliable,domain bhf.org.uk manually labeled as reliable,,,,,
salt,neutral,sodium intake guidelines,2,7,https://www.bhf.org.uk/informationsupport/support/healthy-living/healthy-eating/salt,bhf.org.uk,Salt,2026-05-09 19:43:37,reliable,domain bhf.org.uk manually labeled as reliable,,,,,
salt,slanted,salt hypertension risk,2,8,https://www.bhf.org.uk/informationsupport/support/healthy-living/healthy-eating/salt,bhf.org.uk,Salt,2026-05-09 19:44:13,reliable,domain bhf.org.uk manually labeled as reliable,,,,,
salt,neutral,low sodium diet research,1,5,https://www.bhf.org.uk/informationsupport/heart-matters-magazine/news/behind-the-headlines/low-salt-diet-blood-pressure,bhf.org.uk,Can low-salt diets really cut blood pressure in just one week?,2026-05-09 19:47:22,reliable,domain bhf.org.uk manually labeled as reliable,,,,,
salt,slanted,salt heart disease,1,5,https://www.bhf.org.uk/informationsupport/support/healthy-living/healthy-eating/salt,bhf.org.uk,Salt,2026-05-09 19:48:04,reliable,domain bhf.org.uk manually labeled as reliable,,,,,
caffeine,neutral,caffeine health impact,2,9,https://www.bhf.org.uk/informationsupport/heart-matters-magazine/nutrition/ask-the-expert/how-much-caffeine,bhf.org.uk,Am I drinking too much caffeine?,2026-05-09 19:49:04,reliable,domain bhf.org.uk manually labeled as reliable,,,,,
caffeine,neutral,tea health effects,1,8,https://www.bhf.org.uk/informationsupport/heart-matters-magazine/news/behind-the-headlines/is-tea-good-for-you,bhf.org.uk,Is tea good for you?,2026-05-09 19:53:24,reliable,domain bhf.org.uk manually labeled as reliable,,,,,
alcohol,neutral,wine heart health,2,9,https://www.bhf.org.uk/informationsupport/heart-matters-magazine/medical/ask-the-experts/red-wine-and-your-heart,bhf.org.uk,Is red wine good for your heart?,2026-05-09 19:57:05,reliable,domain bhf.org.uk manually labeled as reliable,,,,,
fluoridation,slanted,water fluoridation dangers,1,5,https://www.efsa.europa.eu/en/news/fluoride-safety-updated-intake-levels-all-ages,efsa.europa.eu,Fluoride safety: updated intake levels for all ages - EFSA,2026-05-09 16:12:42,reliable,domain efsa.europa.eu manually labeled as reliable,,,,,
pesticides,neutral,pesticide regulation science,1,3,https://www.efsa.europa.eu/sites/default/files/corporate_publications/files/Pesticides-ebook-180424.pdf,efsa.europa.eu,HOW PESTICIDES ARE REGULATED IN THE EU - EFSA,2026-05-09 16:35:15,reliable,domain efsa.europa.eu manually labeled as reliable,,,,,
pesticides,neutral,pesticide regulation science,2,8,https://www.efsa.europa.eu/en/topics/topic/pesticides,efsa.europa.eu,Pesticides | EFSA - European Union,2026-05-09 16:35:28,reliable,domain efsa.europa.eu manually labeled as reliable,,,,,
artificial_sweeteners,neutral,sucralose research,1,3,https://www.efsa.europa.eu/en/news/efsa-finds-sucralose-safe-when-used-currently-authorised-cannot-confirm-safety-extending-its,efsa.europa.eu,EFSA finds sucralose safe when used as currently authorised,2026-05-09 16:43:11,reliable,domain efsa.europa.eu manually labeled as reliable,,,,,
artificial_sweeteners,slanted,sucralose health risks,1,6,https://www.efsa.europa.eu/en/news/efsa-finds-sucralose-safe-when-used-currently-authorised-cannot-confirm-safety-extending-its,efsa.europa.eu,EFSA finds sucralose safe when used as currently authorised,2026-05-09 16:44:04,reliable,domain efsa.europa.eu manually labeled as reliable,,,,,
mercury,neutral,mercury in fish guidelines,1,2,https://www.efsa.europa.eu/en/news/fish-and-seafood-consumption-eu-awareness-dietary-advice-mercury,efsa.europa.eu,Fish and seafood consumption in the EU: awareness ... - EFSA,2026-05-09 17:09:17,reliable,domain efsa.europa.eu manually labeled as reliable,,,,,
mercury,slanted,mercury seafood dangers,1,6,https://www.efsa.europa.eu/en/news/fish-and-seafood-consumption-eu-awareness-dietary-advice-mercury,efsa.europa.eu,Fish and seafood consumption in the EU: awareness ... - EFSA,2026-05-09 17:20:39,reliable,domain efsa.europa.eu manually labeled as reliable,,,,,
cloning,slanted,cloned meat risks,2,9,https://www.efsa.europa.eu/en/news/efsa-adopts-final-scientific-opinion-animal-cloning,efsa.europa.eu,EFSA adopts final scientific opinion on animal cloning,2026-05-09 17:24:58,reliable,domain efsa.europa.eu manually labeled as reliable,,,,,
raw_milk,neutral,raw milk impact,3,8,https://www.efsa.europa.eu/en/press/news/150113,efsa.europa.eu,Raw drinking milk: what are the risks? - EFSA - European Union,2026-05-09 19:19:01,reliable,domain efsa.europa.eu manually labeled as reliable,,,,,
raw_milk,slanted,raw milk bacteria dangers,2,2,https://www.efsa.europa.eu/en/press/news/150113,efsa.europa.eu,Raw drinking milk: what are the risks? - EFSA - European Union,2026-05-09 19:19:40,reliable,domain efsa.europa.eu manually labeled as reliable,,,,,
dairy,slanted,raw dairy risks,1,5,https://www.efsa.europa.eu/en/press/news/150113,efsa.europa.eu,Raw drinking milk: what are the risks? - EFSA - European Union,2026-05-09 19:32:13,reliable,domain efsa.europa.eu manually labeled as reliable,,,,,
eggs,slanted,salmonella egg dangers,1,4,https://www.efsa.europa.eu/en/press/news/140731,efsa.europa.eu,Egg storage times: EFSA assesses public health risks,2026-05-09 19:35:21,reliable,domain efsa.europa.eu manually labeled as reliable,,,,,
tap_water,neutral,fluoridated water consumption,1,4,https://www.efsa.europa.eu/en/news/fluoride-safety-updated-intake-levels-all-ages,efsa.europa.eu,Fluoride safety: updated intake levels for all ages - EFSA,2026-05-09 20:16:45,reliable,domain efsa.europa.eu manually labeled as reliable,,,,,
vaccine_passports,neutral,covid passport research,3,7,https://journals.sagepub.com/doi/abs/10.1177/05390184231182056,journals.sagepub.com,Risk consciousness and public perceptions of COVID-19 ...,2026-05-09 15:53:24,reliable,domain journals.sagepub.com manually labeled as reliable,,,,,
vaccine_passports,slanted,vaccine segregation,3,8,https://journals.sagepub.com/doi/abs/10.1177/00221465221074915,journals.sagepub.com,Racial-Ethnic Residential Clustering and Early COVID-19 ...,2026-05-09 15:55:27,reliable,domain journals.sagepub.com manually labeled as reliable,,,,,
artificial_sweeteners,neutral,sucralose research,2,6,https://journals.sagepub.com/doi/10.1177/15578518251389399,journals.sagepub.com,Effect of Sucralose on Cardiometabolic Health: A Review ...,2026-05-09 16:43:30,reliable,domain journals.sagepub.com manually labeled as reliable,,,,,
essential_oils,neutral,lavender oil research,3,9,https://journals.sagepub.com/doi/pdf/10.1177/1934578X1801301038,journals.sagepub.com,Lavandula Essential Oils: A Current Review of Applications ...,2026-05-09 17:02:18,reliable,domain journals.sagepub.com manually labeled as reliable,,,,,
aluminum,slanted,aluminum alzheimers link,3,7,https://journals.sagepub.com/doi/10.3233/ADR-170010,journals.sagepub.com,Aluminum Should Now Be Considered a Primary ...,2026-05-09 17:06:15,reliable,domain journals.sagepub.com manually labeled as reliable,,,,,
3d_printing,slanted,3d printing bioprinting risks,3,6,https://journals.sagepub.com/doi/10.1177/07482337211031691,journals.sagepub.com,Toxicity risks of occupational exposure in 3D printing and ...,2026-05-09 18:29:16,reliable,domain journals.sagepub.com manually labeled as reliable,,,,,
autonomous_vehicles,neutral,autonomous trucking impact,3,2,https://journals.sagepub.com/doi/abs/10.1177/03611981251315683,journals.sagepub.com,The Market Potential of Autonomous Trucks in the United ...,2026-05-09 18:36:07,reliable,domain journals.sagepub.com manually labeled as reliable,,,,,
social_media,neutral,tiktok algorithm study,3,5,https://journals.sagepub.com/doi/10.1177/20563051221086241,journals.sagepub.com,Why's Everyone on TikTok Now? The Algorithmized Self ...,2026-05-09 18:52:17,reliable,domain journals.sagepub.com manually labeled as reliable,,,,,
social_media,neutral,facebook misinformation research,3,10,https://journals.sagepub.com/doi/10.1177/01634437241237936,journals.sagepub.com,Facebook's measures against information disorder do not ...,2026-05-09 18:53:33,reliable,domain journals.sagepub.com manually labeled as reliable,,,,,
soy,neutral,soy protein safety,3,3,https://journals.sagepub.com/doi/abs/10.1177/10915818231174434,journals.sagepub.com,Safety Assessment of Soy Proteins and Peptides as Used ...,2026-05-09 19:27:22,reliable,domain journals.sagepub.com manually labeled as reliable,,,,,
salt,slanted,salt heart disease,3,3,https://journals.sagepub.com/doi/10.1177/26324636241259583,journals.sagepub.com,Salt and Cardiovascular Disease - Dayasagar Rao Vala ...,2026-05-09 19:48:26,reliable,domain journals.sagepub.com manually labeled as reliable,,,,,
healthcare,slanted,insurance coverage gaps,3,5,https://journals.sagepub.com/doi/10.1089/pop.2021.0211,journals.sagepub.com,Short- and Long-Term Health Consequences of Gaps in ...,2026-05-09 21:11:42,reliable,domain journals.sagepub.com manually labeled as reliable,,,,,
cloning,neutral,reproductive cloning research,1,6,https://journals.sagepub.com/doi/10.1177/10892680251347543,journals.sagepub.com,Human Reproductive Cloning: Possible Psychological ...,2026-05-09 21:14:16,reliable,domain journals.sagepub.com manually labeled as reliable,,,,,
social_credit,neutral,citizen scoring research,1,9,https://journals.sagepub.com/doi/10.1177/08969205241246528,journals.sagepub.com,Trusting by Numbers: An Analysis of a Chinese Social ...,2026-05-09 21:36:24,reliable,domain journals.sagepub.com manually labeled as reliable,,,,,
vaccines,neutral,vaccine information,2,1,https://www.healthychildren.org/English/safety-prevention/immunizations/Pages/default.aspx,healthychildren.org,Immunizations,2026-05-09 15:40:56,reliable,domain healthychildren.org manually labeled as reliable,,,,,
vaccines,slanted,vaccine dangers,3,2,https://www.healthychildren.org/English/safety-prevention/immunizations/Pages/Weighing-the-Risks-and-Benefits.aspx,healthychildren.org,Are Vaccines Safe for Children? The Truth About Risks & ...,2026-05-09 15:41:49,reliable,domain healthychildren.org manually labeled as reliable,,,,,
vaccines,neutral,vaccine facts,2,8,https://www.healthychildren.org/English/safety-prevention/immunizations/Pages/vaccine-studies-examine-the-evidence.aspx,healthychildren.org,Vaccine Safety: Examine the Evidence,2026-05-09 15:43:40,reliable,domain healthychildren.org manually labeled as reliable,,,,,
vaccines,slanted,childhood vaccination risks,1,4,https://www.healthychildren.org/English/safety-prevention/immunizations/Pages/vaccine-studies-examine-the-evidence.aspx,healthychildren.org,Vaccine Safety: Examine the Evidence,2026-05-09 15:47:06,reliable,domain healthychildren.org manually labeled as reliable,,,,,
fluoridation,neutral,water fluoridation information,1,7,https://www.healthychildren.org/English/healthy-living/oral-health/Pages/Water-Fluoridation.aspx,healthychildren.org,Water Fluoridation: Why It's Important,2026-05-09 16:11:02,reliable,domain healthychildren.org manually labeled as reliable,,,,,
fluoridation,neutral,fluoride dental health,3,8,https://www.healthychildren.org/English/healthy-living/oral-health/Pages/FAQ-Fluoride-and-Children.aspx,healthychildren.org,Fluoride for Children: Parent FAQs,2026-05-09 16:13:59,reliable,domain healthychildren.org manually labeled as reliable,,,,,
raw_milk,neutral,raw milk impact,3,4,https://www.healthychildren.org/English/healthy-living/nutrition/Pages/Raw-Milk-Dangers-What-Parents-Need-to-Know.aspx,healthychildren.org,Raw Milk: What Parents Need to Know About the Risk,2026-05-09 19:19:00,reliable,domain healthychildren.org manually labeled as reliable,,,,,
raw_milk,slanted,raw milk bacteria dangers,2,3,https://www.healthychildren.org/English/healthy-living/nutrition/Pages/Raw-Milk-Dangers-What-Parents-Need-to-Know.aspx,healthychildren.org,Raw Milk: What Parents Need to Know About the Risk,2026-05-09 19:19:40,reliable,domain healthychildren.org manually labeled as reliable,,,,,
dairy,slanted,raw dairy risks,1,8,https://www.healthychildren.org/English/healthy-living/nutrition/Pages/Raw-Milk-Dangers-What-Parents-Need-to-Know.aspx,healthychildren.org,Raw Milk: What Parents Need to Know About the Risk,2026-05-09 19:32:15,reliable,domain healthychildren.org manually labeled as reliable,,,,,
sugar,neutral,added sugar guidelines,3,6,https://www.healthychildren.org/English/healthy-living/nutrition/Pages/How-to-Reduce-Added-Sugar-in-Your-Childs-Diet.aspx,healthychildren.org,How to Reduce Added Sugar in Your Child's Diet: AAP Tips,2026-05-09 19:39:29,reliable,domain healthychildren.org manually labeled as reliable,,,,,
fast_food,slanted,food additive dangers,3,8,https://www.healthychildren.org/English/healthy-living/nutrition/Pages/Food-Additives.aspx,healthychildren.org,Are Food Additives Safe for Kids? What Parents Need to ...,2026-05-09 20:03:47,reliable,domain healthychildren.org manually labeled as reliable,,,,,
tap_water,slanted,lead in tap water,3,2,https://www.healthychildren.org/English/safety-prevention/at-home/Pages/Lead-in-Tap-Water-Household-Plumbing.aspx,healthychildren.org,Lead in Tap Water & Household Plumbing: Parent FAQs,2026-05-09 20:10:26,reliable,domain healthychildren.org manually labeled as reliable,,,,,
5g,neutral,5g safety research,3,8,https://ieeexplore.ieee.org/document/9837759/,ieeexplore.ieee.org,Study of 5G Technology Effects on Public Health and ...,2026-05-09 16:18:51,reliable,domain ieeexplore.ieee.org manually labeled as reliable,,,,,
artificial_intelligence,neutral,ai safety research,3,10,https://ieeexplore.ieee.org/document/10630784/,ieeexplore.ieee.org,A Systematic Literature Review on AI Safety,2026-05-09 17:51:13,reliable,domain ieeexplore.ieee.org manually labeled as reliable,,,,,
artificial_intelligence,slanted,ai uncontrolled intelligence,3,3,https://ieeexplore.ieee.org/document/11220842,ieeexplore.ieee.org,5 Challenges and Risks of Uncontrolled AI Use ...,2026-05-09 17:53:50,reliable,domain ieeexplore.ieee.org manually labeled as reliable,,,,,
quantum_computing,neutral,quantum computing cryptography,2,2,https://ieeexplore.ieee.org/document/10188438/,ieeexplore.ieee.org,Cryptography in Quantum Computing,2026-05-09 18:14:36,reliable,domain ieeexplore.ieee.org manually labeled as reliable,,,,,
autonomous_vehicles,neutral,ai driving research,2,3,https://ieeexplore.ieee.org/iel8/6287639/10380310/10604830.pdf,ieeexplore.ieee.org,Explainable Artificial Intelligence for Autonomous Driving,2026-05-09 18:37:40,reliable,domain ieeexplore.ieee.org manually labeled as reliable,,,,,
autonomous_vehicles,slanted,driverless car hacking risks,3,2,https://ieeexplore.ieee.org/document/11185724/,ieeexplore.ieee.org,Security Risks in Connected and Autonomous Vehicles,2026-05-09 18:38:53,reliable,domain ieeexplore.ieee.org manually labeled as reliable,,,,,
blockchain,neutral,blockchain supply chain ,2,7,https://ieeexplore.ieee.org/document/10700747/,ieeexplore.ieee.org,Exploring Blockchain and Supply Chain Integration: State ...,2026-05-09 18:46:09,reliable,domain ieeexplore.ieee.org manually labeled as reliable,,,,,
blockchain,slanted,blockchain energy consumption,2,3,https://ieeexplore.ieee.org/iel8/6287639/10820123/11015703.pdf,ieeexplore.ieee.org,Comparing Electricity Consumption Per Use of Blockchain ...,2026-05-09 18:47:01,reliable,domain ieeexplore.ieee.org manually labeled as reliable,,,,,
blockchain,slanted,blockchain vulnerabilities,2,4,https://ieeexplore.ieee.org/document/10041611/,ieeexplore.ieee.org,Blockchain Vulnerabilities and Recent Security Challenges,2026-05-09 18:48:36,reliable,domain ieeexplore.ieee.org manually labeled as reliable,,,,,
blockchain,neutral,decentralized finance research,3,7,https://ieeexplore.ieee.org/document/10701148/,ieeexplore.ieee.org,Exploring the Mechanisms of Decentralized Finance (DeFi) ...,2026-05-09 18:49:27,reliable,domain ieeexplore.ieee.org manually labeled as reliable,,,,,
social_media,neutral,twitter echo chamber,3,6,https://ieeexplore.ieee.org/document/9961305/,ieeexplore.ieee.org,Is Twitter an Echo Chamber? Connecting Online Public ...,2026-05-09 18:55:00,reliable,domain ieeexplore.ieee.org manually labeled as reliable,,,,,
online_privacy,neutral,encryption security research,3,8,https://ieeexplore.ieee.org/document/11071738/,ieeexplore.ieee.org,Cybersecurity and Cryptography Protecting Information in ...,2026-05-09 18:59:14,reliable,domain ieeexplore.ieee.org manually labeled as reliable,,,,,
quantum_computing,neutral,quantum encryption research,1,9,https://ieeexplore.ieee.org/document/10763508/,ieeexplore.ieee.org,Quantum Cryptography for Future Networks Security,2026-05-09 21:40:15,reliable,domain ieeexplore.ieee.org manually labeled as reliable,,,,,
plastic,neutral,biodegradable plastics research,1,8,https://pubs.acs.org/doi/10.1021/acs.chemrev.2c00876,pubs.acs.org,"A Review of Biodegradable Plastics: Chemistry, Applications ...",2026-05-09 17:36:18,reliable,domain pubs.acs.org manually labeled as reliable,,,,,
plastic,neutral,microplastics health research,3,10,https://pubs.acs.org/doi/10.1021/acs.est.3c09524,pubs.acs.org,Effects of Microplastic Exposure on Human Digestive ...,2026-05-09 17:38:53,reliable,domain pubs.acs.org manually labeled as reliable,,,,,
plastic,slanted,microplastics human toxicity,2,2,https://pubs.acs.org/doi/10.1021/envhealth.3c00052,pubs.acs.org,Potential Health Impact of Microplastics: A Review of ...,2026-05-09 17:39:23,reliable,domain pubs.acs.org manually labeled as reliable,,,,,
synthetic_biology,neutral,synthetic biology facts,1,9,https://pubs.acs.org/doi/10.1021/acs.chemrev.5c00158,pubs.acs.org,Introduction: Synthetic Biology | Chemical Reviews,2026-05-09 18:02:37,reliable,domain pubs.acs.org manually labeled as reliable,,,,,
synthetic_biology,slanted,synthetic biology bioweapons,1,6,https://pubs.acs.org/doi/10.1021/cen-09626-polcon1,pubs.acs.org,Synthetic biology poses new biosecurity risks - ACS Publications,2026-05-09 18:03:20,reliable,domain pubs.acs.org manually labeled as reliable,,,,,
nanotechnology,slanted,nanoparticle toxicity,1,7,https://pubs.acs.org/doi/10.1021/acs.accounts.9b00053,pubs.acs.org,Understanding Nanoparticle Toxicity Mechanisms To Inform ...,2026-05-09 18:09:13,reliable,domain pubs.acs.org manually labeled as reliable,,,,,
nanotechnology,neutral,carbon nanotube applications,1,3,https://pubs.acs.org/doi/10.1021/acsanm.4c02721,pubs.acs.org,Review of Carbon Nanotube Research and Development,2026-05-09 18:12:06,reliable,domain pubs.acs.org manually labeled as reliable,,,,,
nanotechnology,slanted,nanoparticle lung disease,2,5,https://pubs.acs.org/doi/abs/10.1021/acs.bioconjchem.1c00599,pubs.acs.org,Organotropic Targeting of Biomimetic Nanoparticles to Treat ...,2026-05-09 18:13:25,reliable,domain pubs.acs.org manually labeled as reliable,,,,,
nanotechnology,slanted,nanoparticle lung disease,3,8,https://pubs.acs.org/doi/10.1021/acs.bioconjchem.1c00599,pubs.acs.org,Organotropic Targeting of Biomimetic Nanoparticles to Treat ...,2026-05-09 18:13:42,reliable,domain pubs.acs.org manually labeled as reliable,,,,,
lab_grown_meat,neutral,clean meat environmental impact,1,3,https://pubs.acs.org/doi/10.1021/acsfoodscitech.5c00908,pubs.acs.org,Environmental Impact of Cultured Meat: A Systematic Review,2026-05-09 18:24:33,reliable,domain pubs.acs.org manually labeled as reliable,,,,,
3d_printing,slanted,3d printing toxic emissions,3,10,https://pubs.acs.org/doi/10.1021/acs.est.9b04168,pubs.acs.org,Chemical Composition and Toxicity of Particles Emitted from a ...,2026-05-09 18:33:15,reliable,domain pubs.acs.org manually labeled as reliable,,,,,
bottled_water,slanted,phthalate leaching,1,2,https://pubs.acs.org/doi/10.1021/acs.est.2c09182,pubs.acs.org,Leaching of Phthalates from Medical Supplies and Their ...,2026-05-09 20:26:42,reliable,domain pubs.acs.org manually labeled as reliable,,,,,
bottled_water,slanted,phthalate leaching,3,5,https://pubs.acs.org/doi/abs/10.1021/acs.est.2c05108,pubs.acs.org,Polyvinyl Chloride Microplastics Leach Phthalates into the ...,2026-05-09 20:27:16,reliable,domain pubs.acs.org manually labeled as reliable,,,,,
mining,slanted,mountaintop removal dangers,1,8,https://pubs.acs.org/doi/10.1021/acs.est.4c02596,pubs.acs.org,Mountaintop Removal Coal Mining Contaminates Snowpack ...,2026-05-09 20:31:22,reliable,domain pubs.acs.org manually labeled as reliable,,,,,
biodiesel,neutral,biodiesel environmental impact,2,6,https://www.fao.org/4/i0100e/i0100e05.pdf,fao.org,5. Environmental impacts of biofuels,2026-05-09 17:47:16,reliable,domain fao.org manually labeled as reliable,,,,,
biodiesel,neutral,algae biofuel research,2,7,https://www.fao.org/fileadmin/templates/aquaticbiofuels/docs/0905_FAO_Review_Paper_on_Algae-based_Biofuels.pdf,fao.org,ALGAE-BASED BIOFUELS:,2026-05-09 17:49:01,reliable,domain fao.org manually labeled as reliable,,,,,
lab_grown_meat,neutral,clean meat environmental impact,2,6,https://www.fao.org/4/x6114e/x6114e03.htm,fao.org,1. THE ENVIRONMENTAL IMPACT OF THE ANIMAL ...,2026-05-09 18:24:57,reliable,domain fao.org manually labeled as reliable,,,,,
salt,neutral,sodium intake guidelines,2,1,https://www.fao.org/ag/humannutrition/36218-01fcfa3030e8fd3f21952e7c51fc89e79.pdf,fao.org,Sodium intake for adults and children,2026-05-09 19:43:35,reliable,domain fao.org manually labeled as reliable,,,,,
fast_food,neutral,food safety regulations,1,3,https://www.fao.org/food/food-safety-quality/capacity-development/food-regulations/en/,fao.org,Food safety and quality: Food regulations,2026-05-09 19:59:52,reliable,domain fao.org manually labeled as reliable,,,,,
fast_food,neutral,food safety regulations,3,10,https://www.fao.org/food-safety/food-control-systems/legal-frameworks/en,fao.org,FOOD CONTROL SYSTEMS I Legal frameworks ...,2026-05-09 20:00:15,reliable,domain fao.org manually labeled as reliable,,,,,
deforestation,slanted,illegal logging,2,5,https://www.fao.org/4/y4829e/y4829e07.htm,fao.org,ITEM 6a: DEFINING ILLEGAL LOGGING,2026-05-09 20:42:00,reliable,domain fao.org manually labeled as reliable,,,,,
overfishing,neutral,fisheries management research,1,5,https://www.fao.org/4/x8692e/x8692e09.htm,fao.org,5. FISHERY MANAGEMENT DATA AND RESEARCH,2026-05-09 20:44:49,reliable,domain fao.org manually labeled as reliable,,,,,
overfishing,neutral,fisheries management research,3,3,https://www.fao.org/3/cc0461en/online/sofia/2022/improving-fisheries-management.html,fao.org,Improving fisheries management,2026-05-09 20:45:18,reliable,domain fao.org manually labeled as reliable,,,,,
overfishing,neutral,aquaculture data,1,1,https://www.fao.org/statistics/data-collection/fishery-and-aquaculture/en,fao.org,Data collection - Fishery and Aquaculture | FAO Statistics,2026-05-09 20:46:25,reliable,domain fao.org manually labeled as reliable,,,,,
overfishing,neutral,aquaculture data,1,8,https://www.fao.org/publications/fao-flagship-publications/the-state-of-world-fisheries-and-aquaculture/en?utm_source=chatgpt.com,fao.org,The State of World Fisheries and Aquaculture,2026-05-09 20:46:27,reliable,domain fao.org manually labeled as reliable,,,,,
overfishing,neutral,aquaculture data,2,8,https://www.fao.org/fishery/en/knowledgebase/107,fao.org,Fisheries and Aquaculture statistical collections,2026-05-09 20:46:42,reliable,domain fao.org manually labeled as reliable,,,,,
vaccines,neutral,vaccine information,2,3,https://www.gavi.org/,gavi.org,"Gavi, the Vaccine Alliance",2026-05-09 15:40:57,reliable,domain gavi.org manually labeled as reliable,,,,,
vaccines,neutral,vaccine facts,1,10,https://www.gavi.org/about-us/our-impact/facts-and-figures,gavi.org,Facts and figures,2026-05-09 15:43:32,reliable,domain gavi.org manually labeled as reliable,,,,,
vaccines,slanted,childhood vaccination risks,3,3,https://www.gavi.org/vaccineswork/do-multiple-vaccines-overload-childs-immune-system-heres-what-science-says,gavi.org,Do multiple vaccines overload a child's immune system? ...,2026-05-09 15:47:28,reliable,domain gavi.org manually labeled as reliable,,,,,
vaccines,neutral,hpv vaccine effects,2,5,https://www.gavi.org/vaccineswork/everything-you-need-know-about-hpv-vaccine,gavi.org,Everything you need to know about the HPV vaccine,2026-05-09 15:49:42,reliable,domain gavi.org manually labeled as reliable,,,,,
vaccines,slanted,hpv vaccine dangers,2,5,https://www.gavi.org/vaccineswork/researchers-reviewed-hundreds-hpv-vaccine-studies-heres-what-they-found,gavi.org,Researchers reviewed hundreds of HPV vaccine studies. ...,2026-05-09 15:51:05,reliable,domain gavi.org manually labeled as reliable,,,,,
aluminum,slanted,aluminum vaccine toxicity,1,5,https://www.gavi.org/vaccineswork/major-new-study-finds-no-health-risks-aluminium-childhood-vaccines,gavi.org,Major new study finds no health risks from aluminium in ...,2026-05-09 17:04:23,reliable,domain gavi.org manually labeled as reliable,,,,,
gene_drives,neutral,gene drive malaria control,2,8,https://www.gavi.org/vaccineswork/genetically-modified-mosquitoes-and-malaria-africa-top-scientist-shares-latest,gavi.org,Genetically modified mosquitoes and malaria in Africa,2026-05-09 17:56:56,reliable,domain gavi.org manually labeled as reliable,,,,,
nuclear_power,slanted,nuclear power risks,2,10,http://www.iaea.org/bulletin/the-resilience-and-safety-of-nuclear-power-in-the-face-of-extreme-events,iaea.org,The Resilience and Safety of Nuclear Power in the Face ...,2026-05-09 16:24:25,reliable,domain iaea.org manually labeled as reliable,,,,,
nuclear_power,slanted,nuclear power risks,3,1,http://www.iaea.org/bulletin/the-resilience-and-safety-of-nuclear-power-in-the-face-of-extreme-events,iaea.org,The Resilience and Safety of Nuclear Power in the Face ...,2026-05-09 16:24:31,reliable,domain iaea.org manually labeled as reliable,,,,,
nuclear_power,neutral,nuclear waste management,1,3,http://www.iaea.org/topics/processing,iaea.org,Nuclear waste processing | IAEA,2026-05-09 16:24:53,reliable,domain iaea.org manually labeled as reliable,,,,,
nuclear_power,neutral,nuclear energy carbon emissions,1,7,http://www.iaea.org/newscenter/news/five-reasons-the-clean-energy-transition-needs-nuclear-power,iaea.org,Five Reasons the Clean Energy Transition Needs Nuclear ...,2026-05-09 16:28:06,reliable,domain iaea.org manually labeled as reliable,,,,,
nuclear_power,slanted,nuclear accidents,1,3,http://www.iaea.org/topics/accident-reports,iaea.org,Accident Reports,2026-05-09 16:28:42,reliable,domain iaea.org manually labeled as reliable,,,,,
nuclear_power,slanted,nuclear accidents,2,9,http://www.iaea.org/topics/severe-accident-management,iaea.org,Severe nuclear accident management | IAEA,2026-05-09 16:28:56,reliable,domain iaea.org manually labeled as reliable,,,,,
nuclear_power,neutral,nuclear fusion research,1,1,http://www.iaea.org/topics/fusion,iaea.org,"Nuclear fusion power, fusion energy research, ITER | IAEA",2026-05-09 16:29:38,reliable,domain iaea.org manually labeled as reliable,,,,,
nuclear_waste,neutral,radioactive waste disposal research,1,7,http://www.iaea.org/topics/radioactive-waste-and-spent-fuel-management,iaea.org,Radioactive waste and spent fuel management,2026-05-09 16:31:04,reliable,domain iaea.org manually labeled as reliable,,,,,
nuclear_waste,slanted,radioactive waste transportation risks,1,2,http://www.iaea.org/topics/transporting-radioactive-materials,iaea.org,Transporting radioactive materials,2026-05-09 16:34:33,reliable,domain iaea.org manually labeled as reliable,,,,,
coal,slanted,coal mining dangers,2,10,https://www.iaea.org/sites/default/files/publications/magazines/bulletin/bull22-5/225_604998091.pdf,iaea.org,A Study of Trends in Occupational Risks Associated with ...,2026-05-09 17:29:09,reliable,domain iaea.org manually labeled as reliable,,,,,
5g,neutral,5g technology health,2,9,https://www.arpansa.gov.au/news/5g-new-generation-mobile-phone-network-and-health,arpansa.gov.au,5G: the new generation of the mobile phone network and ...,2026-05-09 16:17:20,reliable,domain arpansa.gov.au manually labeled as reliable,,,,,
5g,neutral,5g technology health,3,1,https://www.arpansa.gov.au/news/5g-new-generation-mobile-phone-network-and-health,arpansa.gov.au,5G: the new generation of the mobile phone network and ...,2026-05-09 16:17:26,reliable,domain arpansa.gov.au manually labeled as reliable,,,,,
5g,neutral,5g safety research,1,7,https://www.arpansa.gov.au/greek-study-indicates-variations-5g-mobile-network-related-rf-emf-exposure-which-are-well-within-safety-limits,arpansa.gov.au,A Greek study indicates variations of 5G mobile network ...,2026-05-09 16:18:31,reliable,domain arpansa.gov.au manually labeled as reliable,,,,,
5g,neutral,5g health studies,1,8,https://www.arpansa.gov.au/research-and-expertise/electromagnetic-energy-program/electromagnetic-energy-research/5g-mobile-networks-and-health-state-science,arpansa.gov.au,5G mobile networks and health—a state-of-the-science ...,2026-05-09 16:20:04,reliable,domain arpansa.gov.au manually labeled as reliable,,,,,
5g,slanted,5g electromagnetic hypersensitivity,3,6,https://www.arpansa.gov.au/understanding-radiation/radiation-sources/more-radiation-sources/electromagnetic-hypersensitivity,arpansa.gov.au,Electromagnetic hypersensitivity,2026-05-09 16:21:11,reliable,domain arpansa.gov.au manually labeled as reliable,,,,,
electromagnetic_fields,neutral,emf safety research,2,8,https://www.arpansa.gov.au/new-study-shows-electromagnetic-fields-dont-cause-ehs-symptoms,arpansa.gov.au,New study shows that electromagnetic fields don't cause ...,2026-05-09 16:50:51,reliable,domain arpansa.gov.au manually labeled as reliable,,,,,
electromagnetic_fields,neutral,power lines health,2,4,https://www.arpansa.gov.au/understanding-radiation/radiation-sources/more-radiation-sources/electricity,arpansa.gov.au,Electricity and health,2026-05-09 16:52:35,reliable,domain arpansa.gov.au manually labeled as reliable,,,,,
electromagnetic_fields,slanted,power lines cancer,2,8,https://www.arpansa.gov.au/understanding-radiation/radiation-sources/more-radiation-sources/electricity,arpansa.gov.au,Electricity and health,2026-05-09 16:53:22,reliable,domain arpansa.gov.au manually labeled as reliable,,,,,
electromagnetic_fields,neutral,wi-fi health effects,1,3,https://www.arpansa.gov.au/understanding-radiation/radiation-sources/more-radiation-sources/wi-fi,arpansa.gov.au,Wi-fi and health,2026-05-09 16:55:33,reliable,domain arpansa.gov.au manually labeled as reliable,,,,,
electromagnetic_fields,slanted,wi-fi radiation dangers,1,3,https://www.arpansa.gov.au/understanding-radiation/radiation-sources/more-radiation-sources/wi-fi,arpansa.gov.au,Wi-fi and health,2026-05-09 16:56:29,reliable,domain arpansa.gov.au manually labeled as reliable,,,,,
vaccines,slanted,hpv vaccine dangers,1,7,https://www.cancer.org.au/iheard/does-the-gardasil-vaccine-do-more-harm-than-good,cancer.org.au,Does the Gardasil vaccine do more harm than good?,2026-05-09 15:50:58,reliable,domain cancer.org.au manually labeled as reliable,,,,,
5g,neutral,5g technology health,3,7,https://www.cancer.org.au/iheard/i-heard-that-the-new-5g-technology-can-cause-cancer-is-this-true,cancer.org.au,I heard that the new 5G technology can cause cancer. Is ...,2026-05-09 16:17:28,reliable,domain cancer.org.au manually labeled as reliable,,,,,
5g,slanted,5g radiation risks,1,2,https://www.cancer.org.au/iheard/i-heard-that-the-new-5g-technology-can-cause-cancer-is-this-true,cancer.org.au,I heard that the new 5G technology can cause cancer. Is ...,2026-05-09 16:17:44,reliable,domain cancer.org.au manually labeled as reliable,,,,,
5g,slanted,5g dangers,3,5,https://www.cancer.org.au/iheard/i-heard-that-the-new-5g-technology-can-cause-cancer-is-this-true,cancer.org.au,I heard that the new 5G technology can cause cancer. Is ...,2026-05-09 16:19:37,reliable,domain cancer.org.au manually labeled as reliable,,,,,
artificial_sweeteners,slanted,aspartame dangers,2,5,https://www.cancer.org.au/about-us/policy-and-advocacy/prevention/obesity/related-resources/intense-sweeteners-and-cancer-risk,cancer.org.au,Information sheet: Intense sweeteners and cancer risk,2026-05-09 16:42:36,reliable,domain cancer.org.au manually labeled as reliable,,,,,
artificial_sweeteners,slanted,diet soda cancer risk,3,1,https://www.cancer.org.au/about-us/policy-and-advocacy/prevention/obesity/related-resources/intense-sweeteners-and-cancer-risk,cancer.org.au,Information sheet: Intense sweeteners and cancer risk,2026-05-09 16:50:21,reliable,domain cancer.org.au manually labeled as reliable,,,,,
aluminum,neutral,aluminum antiperspirants cancer research,1,6,https://www.cancer.org.au/iheard/can-deodorants-and-antiperspirants-with-aluminium-cause-cancer,cancer.org.au,Can deodorants and antiperspirants with aluminium cause ...,2026-05-09 17:06:36,reliable,domain cancer.org.au manually labeled as reliable,,,,,
aluminum,slanted,aluminum breast cancer,3,3,https://www.cancer.org.au/iheard/can-deodorants-and-antiperspirants-with-aluminium-cause-cancer,cancer.org.au,Can deodorants and antiperspirants with aluminium cause ...,2026-05-09 17:07:43,reliable,domain cancer.org.au manually labeled as reliable,,,,,
sugar,slanted,artificial sweeteners cancer,1,3,https://www.cancer.org.au/iheard/can-artificial-sweeteners-cause-cancer,cancer.org.au,Can artificial sweeteners cause cancer?,2026-05-09 19:42:16,reliable,domain cancer.org.au manually labeled as reliable,,,,,
sugar,slanted,artificial sweeteners cancer,3,3,https://www.cancer.org.au/about-us/policy-and-advocacy/prevention/obesity/related-resources/intense-sweeteners-and-cancer-risk,cancer.org.au,Information sheet: Intense sweeteners and cancer risk,2026-05-09 19:42:43,reliable,domain cancer.org.au manually labeled as reliable,,,,,
alcohol,slanted,alcohol cancer risk,2,3,https://www.cancer.org.au/cancer-information/causes-and-prevention/diet-and-exercise/limit-alcohol,cancer.org.au,Limit alcohol,2026-05-09 19:59:02,reliable,domain cancer.org.au manually labeled as reliable,,,,,
vaccines,neutral,hpv vaccine effects,3,4,https://www.cancerresearchuk.org/about-cancer/causes-of-cancer/infections-eg-hpv-and-cancer/the-hpv-vaccine,cancerresearchuk.org,The HPV vaccine,2026-05-09 15:49:51,reliable,domain cancerresearchuk.org manually labeled as reliable,,,,,
artificial_sweeteners,slanted,aspartame dangers,3,8,https://www.cancerresearchuk.org/about-cancer/causes-of-cancer/cancer-myths-questions/do-artificial-sweeteners-cause-cancer,cancerresearchuk.org,Do artificial sweeteners cause cancer?,2026-05-09 16:42:47,reliable,domain cancerresearchuk.org manually labeled as reliable,,,,,
artificial_sweeteners,slanted,diet soda cancer risk,1,5,https://www.cancerresearchuk.org/about-cancer/causes-of-cancer/cancer-myths-questions/do-artificial-sweeteners-cause-cancer,cancerresearchuk.org,Do artificial sweeteners cause cancer?,2026-05-09 16:50:04,reliable,domain cancerresearchuk.org manually labeled as reliable,,,,,
electromagnetic_fields,slanted,cell phone radiation brain tumors,1,7,https://www.cancerresearchuk.org/about-cancer/causes-of-cancer/cancer-myths-questions/do-mobile-phones-cause-cancer,cancerresearchuk.org,Do mobile phones or Wi-Fi cause cancer?,2026-05-09 16:54:41,reliable,domain cancerresearchuk.org manually labeled as reliable,,,,,
electromagnetic_fields,neutral,wi-fi health effects,2,8,https://www.cancerresearchuk.org/about-cancer/causes-of-cancer/cancer-myths-questions/do-mobile-phones-cause-cancer,cancerresearchuk.org,Do mobile phones or Wi-Fi cause cancer?,2026-05-09 16:55:50,reliable,domain cancerresearchuk.org manually labeled as reliable,,,,,
electromagnetic_fields,slanted,wi-fi radiation dangers,3,1,https://www.cancerresearchuk.org/about-cancer/causes-of-cancer/cancer-myths-questions/do-mobile-phones-cause-cancer,cancerresearchuk.org,Do mobile phones or Wi-Fi cause cancer?,2026-05-09 16:56:54,reliable,domain cancerresearchuk.org manually labeled as reliable,,,,,
aluminum,neutral,aluminum antiperspirants cancer research,2,3,https://www.cancerresearchuk.org/about-cancer/causes-of-cancer/cancer-myths-questions/cosmetics,cancerresearchuk.org,Do cosmetics cause cancer?,2026-05-09 17:06:45,reliable,domain cancerresearchuk.org manually labeled as reliable,,,,,
electronic_cigarettes,slanted,vaping popcorn lung,1,2,https://www.cancerresearchuk.org/about-cancer/causes-of-cancer/does-vaping-cause-popcorn-lung,cancerresearchuk.org,Does vaping cause popcorn lung?,2026-05-09 19:04:00,reliable,domain cancerresearchuk.org manually labeled as reliable,,,,,
sugar,slanted,artificial sweeteners cancer,1,5,https://www.cancerresearchuk.org/about-cancer/causes-of-cancer/cancer-myths-questions/do-artificial-sweeteners-cause-cancer,cancerresearchuk.org,Do artificial sweeteners cause cancer?,2026-05-09 19:42:24,reliable,domain cancerresearchuk.org manually labeled as reliable,,,,,
alcohol,slanted,alcohol cancer risk,3,2,https://www.cancerresearchuk.org/about-cancer/causes-of-cancer/alcohol-and-cancer/how-does-alcohol-cause-cancer,cancerresearchuk.org,How does alcohol cause cancer?,2026-05-09 19:59:10,reliable,domain cancerresearchuk.org manually labeled as reliable,,,,,
vaccines,slanted,flu shot side effects,1,4,https://www.mdanderson.org/cancerwise/flu-shot-side-effects-and-how-to-manage-them.h00-159701490.html,mdanderson.org,Flu shot side effects and how to manage them,2026-05-09 15:48:39,reliable,domain mdanderson.org manually labeled as reliable,,,,,
artificial_sweeteners,neutral,diet soda health,3,1,https://www.mdanderson.org/cancerwise/diet-soda-and-cancer-risk--what-you-should-know.h00-159775656.html,mdanderson.org,Diet soda and cancer risk: What you should know,2026-05-09 16:49:33,reliable,domain mdanderson.org manually labeled as reliable,,,,,
artificial_sweeteners,slanted,diet soda cancer risk,1,2,https://www.mdanderson.org/cancerwise/diet-soda-and-cancer-risk--what-you-should-know.h00-159775656.html,mdanderson.org,Diet soda and cancer risk: What you should know,2026-05-09 16:49:52,reliable,domain mdanderson.org manually labeled as reliable,,,,,
aluminum,slanted,aluminum breast cancer,1,7,https://www.mdanderson.org/cancerwise/6-breast-cancer-myths-you-should-not-believe.h00-159703068.html,mdanderson.org,6 breast cancer myths you shouldn't believe,2026-05-09 17:07:25,reliable,domain mdanderson.org manually labeled as reliable,,,,,
plant_based_diet,neutral,vegan health impact,1,8,https://www.mdanderson.org/cancerwise/the-benefits-of-a-plant-based-diet.h00-159780390.html,mdanderson.org,The benefits of a plant-based diet,2026-05-09 19:13:33,reliable,domain mdanderson.org manually labeled as reliable,,,,,
plant_based_diet,slanted,soy estrogen concerns,3,9,https://www.mdanderson.org/cancerwise/is-soy-safe-for-patients-with-breast-cancer.h00-159538167.html,mdanderson.org,Is soy safe for patients with breast cancer?,2026-05-09 19:16:29,reliable,domain mdanderson.org manually labeled as reliable,,,,,
sugar,neutral,natural sugar vs processed,1,1,https://www.mdanderson.org/cancerwise/natural-versus-refined-sugar--what-s-the-difference.h00-159465579.html,mdanderson.org,Natural versus refined sugar: What's the difference?,2026-05-09 19:40:40,reliable,domain mdanderson.org manually labeled as reliable,,,,,
sugar,slanted,artificial sweeteners cancer,2,2,https://www.mdanderson.org/cancerwise/artificial-sweeteners-and-cancer--7-things-to-know.h00-159620223.html,mdanderson.org,Artificial sweeteners and cancer: 7 things to know,2026-05-09 19:42:33,reliable,domain mdanderson.org manually labeled as reliable,,,,,
salt,neutral,iodized salt diet,3,7,https://www.mdanderson.org/cancerwise/do-thyroid-cancer-patients-need-a-low-iodine-diet.h00-159459267.html,mdanderson.org,Do thyroid cancer patients need a low-iodine diet?,2026-05-09 19:45:21,reliable,domain mdanderson.org manually labeled as reliable,,,,,
alcohol,slanted,alcohol cancer risk,1,9,https://www.mdanderson.org/cancerwise/alcohol-and-breast-cancer-risk-what-to-know.h00-159779601.html,mdanderson.org,Alcohol and breast cancer risk: What to know,2026-05-09 19:58:55,reliable,domain mdanderson.org manually labeled as reliable,,,,,
artificial_sweeteners,neutral,stevia information,1,8,https://www.foodstandards.gov.au/consumer/additives/Steviol-glycosides-%28960%29-%28intense-sweetener%29-%28stevia%29,foodstandards.gov.au,Steviol glycosides (960) (intense sweetener) (stevia),2026-05-09 16:46:20,reliable,domain foodstandards.gov.au manually labeled as reliable,,,,,
mercury,neutral,mercury in fish guidelines,1,3,https://www.foodstandards.gov.au/consumer/chemicals/mercury,foodstandards.gov.au,Mercury in fish,2026-05-09 17:10:13,reliable,domain foodstandards.gov.au manually labeled as reliable,,,,,
mercury,slanted,mercury seafood dangers,3,5,https://www.foodstandards.gov.au/consumer/chemicals/mercury,foodstandards.gov.au,Mercury in fish,2026-05-09 17:21:08,reliable,domain foodstandards.gov.au manually labeled as reliable,,,,,
cloning,neutral,animal cloning research,3,6,https://www.foodstandards.gov.au/consumer/foodtech/clone,foodstandards.gov.au,Food from cloned animals,2026-05-09 17:22:15,reliable,domain foodstandards.gov.au manually labeled as reliable,,,,,
cloning,slanted,cloned meat risks,2,10,https://www.foodstandards.gov.au/consumer/foodtech/clone,foodstandards.gov.au,Food from cloned animals,2026-05-09 17:24:58,reliable,domain foodstandards.gov.au manually labeled as reliable,,,,,
raw_milk,slanted,raw milk bacteria dangers,3,5,https://www.foodstandards.gov.au/consumer/prevention-of-foodborne-illness/Raw-drinking-milk,foodstandards.gov.au,Raw drinking milk,2026-05-09 19:19:49,reliable,domain foodstandards.gov.au manually labeled as reliable,,,,,
salt,neutral,sodium intake guidelines,3,7,https://www.foodstandards.gov.au/consumer/nutrition/sodium-salt/about-sodium-salt,foodstandards.gov.au,Sodium and salt,2026-05-09 19:43:47,reliable,domain foodstandards.gov.au manually labeled as reliable,,,,,
cloning,neutral,animal cloning impact,3,7,https://www.foodstandards.gov.au/consumer/foodtech/clone,foodstandards.gov.au,Food from cloned animals,2026-05-09 21:12:36,reliable,domain foodstandards.gov.au manually labeled as reliable,,,,,
5g,neutral,5g technology health,2,2,https://www.itu.int/en/mediacentre/backgrounders/Pages/5G-EMF-health.aspx,itu.int,"5G, human exposure to electromagnetic fields (EMF) and ...",2026-05-09 16:17:18,reliable,domain itu.int manually labeled as reliable,,,,,
5g,slanted,5g radiation risks,1,7,https://www.itu.int/en/mediacentre/backgrounders/Pages/5G-EMF-health.aspx,itu.int,"5G, human exposure to electromagnetic fields (EMF) and ...",2026-05-09 16:17:47,reliable,domain itu.int manually labeled as reliable,,,,,
5g,neutral,5g safety research,1,6,https://www.itu.int/en/mediacentre/backgrounders/Pages/5G-EMF-health.aspx,itu.int,"5G, human exposure to electromagnetic fields (EMF) and ...",2026-05-09 16:18:30,reliable,domain itu.int manually labeled as reliable,,,,,
5g,slanted,5g dangers,3,4,https://www.itu.int/en/mediacentre/backgrounders/Pages/5G-EMF-health.aspx,itu.int,"5G, human exposure to electromagnetic fields (EMF) and ...",2026-05-09 16:19:36,reliable,domain itu.int manually labeled as reliable,,,,,
5g,neutral,5g health studies,1,9,https://www.itu.int/en/mediacentre/backgrounders/Pages/5G-EMF-health.aspx,itu.int,"5G, human exposure to electromagnetic fields (EMF) and ...",2026-05-09 16:20:05,reliable,domain itu.int manually labeled as reliable,,,,,
5g,slanted,5g electromagnetic hypersensitivity,1,6,https://www.itu.int/en/mediacentre/backgrounders/Pages/5G-EMF-health.aspx,itu.int,"5G, human exposure to electromagnetic fields (EMF) and ...",2026-05-09 16:20:53,reliable,domain itu.int manually labeled as reliable,,,,,
electromagnetic_fields,neutral,emf safety research,1,9,https://www.itu.int/en/ITU-T/studygroups/2017-2020/20/sg20rgafr/20190827/Documents/s1-p1-edeh-EMF.pdf,itu.int,Electromagnetic Fields (EMFs) and Public Health:,2026-05-09 16:50:42,reliable,domain itu.int manually labeled as reliable,,,,,
lab_grown_meat,slanted,lab meat health risks,1,7,https://www.food.gov.uk/research/identification-of-hazards-in-meat-products-manufactured-from-cultured-animal-cells-hazards,food.gov.uk,Identification of hazards in meat products manufactured ...,2026-05-09 18:21:54,reliable,domain food.gov.uk manually labeled as reliable,,,,,
lab_grown_meat,slanted,test tube meat dangers,1,4,https://www.food.gov.uk/research/identification-of-hazards-in-meat-products-manufactured-from-cultured-animal-cells-hazards,food.gov.uk,Identification of hazards in meat products manufactured ...,2026-05-09 18:23:42,reliable,domain food.gov.uk manually labeled as reliable,,,,,
raw_milk,slanted,raw milk food poisoning,1,6,https://www.food.gov.uk/safety-hygiene/raw-drinking-milk,food.gov.uk,Raw drinking milk,2026-05-09 19:21:00,reliable,domain food.gov.uk manually labeled as reliable,,,,,
soy,slanted,gmo soy dangers,2,3,https://www.food.gov.uk/research/research-projects/safety-assessment-rp1123-genetically-modified-gmb151-soybean,food.gov.uk,Safety Assessment RP1123 Genetically Modified GMB151 ...,2026-05-09 19:27:58,reliable,domain food.gov.uk manually labeled as reliable,,,,,
dairy,slanted,raw dairy risks,2,10,https://www.food.gov.uk/safety-hygiene/raw-drinking-milk,food.gov.uk,Raw drinking milk,2026-05-09 19:32:26,reliable,domain food.gov.uk manually labeled as reliable,,,,,
eggs,slanted,salmonella egg dangers,3,4,https://www.food.gov.uk/research/salmonella-risk-profile-of-uk-produced-hen-shell-eggs-hazard-identification,food.gov.uk,Salmonella risk profile of UK-produced hen shell eggs,2026-05-09 19:35:42,reliable,domain food.gov.uk manually labeled as reliable,,,,,
fast_food,neutral,food safety regulations,3,9,https://www.food.gov.uk/,food.gov.uk,Food Standards Agency: Homepage,2026-05-09 20:00:15,reliable,domain food.gov.uk manually labeled as reliable,,,,,
fast_food,slanted,food additive dangers,2,5,https://www.food.gov.uk/safety-hygiene/food-additives,food.gov.uk,Food additives,2026-05-09 20:03:38,reliable,domain food.gov.uk manually labeled as reliable,,,,,
vaccine_passports,slanted,vaccine segregation,3,1,https://dl.acm.org/doi/10.1145/3272973.3274082,dl.acm.org,Interaction or Segregation: Vaccination and Information ...,2026-05-09 15:55:25,reliable,domain dl.acm.org manually labeled as reliable,,,,,
artificial_intelligence,neutral,ai alignment effects,2,1,https://dl.acm.org/doi/10.1145/3770749,dl.acm.org,AI Alignment: A Contemporary Survey,2026-05-09 17:52:49,reliable,domain dl.acm.org manually labeled as reliable,,,,,
social_media,neutral,tiktok algorithm study,2,1,https://dl.acm.org/doi/fullHtml/10.1145/3447535.3462512,dl.acm.org,Trick and Please. A Mixed-Method Study On User ...,2026-05-09 18:52:07,reliable,domain dl.acm.org manually labeled as reliable,,,,,
social_media,neutral,twitter echo chamber,2,2,https://dl.acm.org/doi/10.1145/3614419.3643996,dl.acm.org,Echo Chambers in the Age of Algorithms: An Audit ...,2026-05-09 18:54:51,reliable,domain dl.acm.org manually labeled as reliable,,,,,
online_privacy,neutral,encryption security research,3,3,https://dl.acm.org/doi/10.1145/3640115.3640223,dl.acm.org,Investigating Data Encryption Technology's Use to Improve ...,2026-05-09 18:59:12,reliable,domain dl.acm.org manually labeled as reliable,,,,,
social_credit,neutral,citizen scoring research,3,8,https://dl.acm.org/doi/10.1145/3396956.3396962,dl.acm.org,Lessons from China - The Formation of a Social Credit ...,2026-05-09 21:36:52,reliable,domain dl.acm.org manually labeled as reliable,,,,,
social_credit,neutral,trustworthiness rating,1,7,https://dl.acm.org/doi/10.1145/2487788.2488132,dl.acm.org,Trustworthiness criteria for supporting users to assess the ...,2026-05-09 21:38:15,reliable,domain dl.acm.org manually labeled as reliable,,,,,
electronic_cigarettes,slanted,e cigarette lung disease,3,5,https://www.ahajournals.org/doi/10.1161/CIR.0000000000001160,ahajournals.org,Cardiopulmonary Impact of Electronic Cigarettes and ...,2026-05-09 19:03:00,reliable,domain ahajournals.org manually labeled as reliable,,,,,
eggs,slanted,egg heart disease risk,3,7,https://www.ahajournals.org/doi/10.1161/JAHA.120.017066,ahajournals.org,Cardiovascular Harm From Egg Yolk and Meat: More Than ...,2026-05-09 19:34:03,reliable,domain ahajournals.org manually labeled as reliable,,,,,
sugar,neutral,added sugar guidelines,2,4,https://www.ahajournals.org/doi/10.1161/cir.0000000000000439,ahajournals.org,Added Sugars and Cardiovascular Disease Risk in Children,2026-05-09 19:39:18,reliable,domain ahajournals.org manually labeled as reliable,,,,,
salt,slanted,salt hypertension risk,1,4,https://www.ahajournals.org/doi/10.1161/HYPERTENSIONAHA.123.17959,ahajournals.org,"Salt Sensitivity: Causes, Consequences, and Recent ...",2026-05-09 19:44:00,reliable,domain ahajournals.org manually labeled as reliable,,,,,
salt,neutral,low sodium diet research,1,7,https://www.ahajournals.org/doi/10.1161/HYPERTENSIONAHA.123.20544,ahajournals.org,Dietary Sodium Reduction Is Best for Reducing Blood ...,2026-05-09 19:47:23,reliable,domain ahajournals.org manually labeled as reliable,,,,,
alcohol,neutral,wine heart health,2,5,https://www.ahajournals.org/doi/10.1161/circulationaha.117.030387,ahajournals.org,Wine and Cardiovascular Health | Circulation,2026-05-09 19:57:04,reliable,domain ahajournals.org manually labeled as reliable,,,,,
fast_food,slanted,fast food obesity,3,5,https://www.ahajournals.org/doi/10.1161/01.atv.0000186208.06964.91,ahajournals.org,"Fast Food, Central Nervous System Insulin Resistance, ...",2026-05-09 20:01:57,reliable,domain ahajournals.org manually labeled as reliable,,,,,
fast_food,neutral,restaurant calorie labeling,3,1,https://www.ahajournals.org/doi/10.1161/CIRCOUTCOMES.119.006313,ahajournals.org,Health and Economic Impacts of the National Menu Calorie ...,2026-05-09 20:02:58,reliable,domain ahajournals.org manually labeled as reliable,,,,,
mercury,neutral,mercury in fish guidelines,3,5,https://www.fsai.ie/consumer-advice/food-safety-and-hygiene/chemicals-in-food/mercury-and-fish-consumption,fsai.ie,Mercury and Fish Consumption,2026-05-09 17:20:17,reliable,domain fsai.ie manually labeled as reliable,,,,,
mercury,slanted,mercury seafood dangers,3,8,https://www.fsai.ie/consumer-advice/food-safety-and-hygiene/chemicals-in-food/mercury-and-fish-consumption,fsai.ie,Mercury and Fish Consumption,2026-05-09 17:21:09,reliable,domain fsai.ie manually labeled as reliable,,,,,
raw_milk,slanted,raw milk bacteria dangers,2,10,https://www.fsai.ie/consumer-advice/food-safety-and-hygiene/advice-on-raw-milk,fsai.ie,Advice on raw milk,2026-05-09 19:19:42,reliable,domain fsai.ie manually labeled as reliable,,,,,
dairy,slanted,raw dairy risks,2,7,https://www.fsai.ie/consumer-advice/food-safety-and-hygiene/advice-on-raw-milk,fsai.ie,Advice on raw milk,2026-05-09 19:32:25,reliable,domain fsai.ie manually labeled as reliable,,,,,
eggs,slanted,salmonella egg dangers,2,1,https://www.fsai.ie/getmedia/bc4a5671-4545-4acd-ae8f-6e0740741340/salmonella-eggs-factsheet.pdf?ext=.pdf,fsai.ie,Salmonella spp. and Eggs,2026-05-09 19:35:32,reliable,domain fsai.ie manually labeled as reliable,,,,,
bottled_water,slanted,bottled water bacteria,1,7,https://www.fsai.ie/getmedia/a55bcc7a-1b98-4e71-9160-47354b799f48/bottled-water-bacteria-report.pdf?ext=.pdf,fsai.ie,The consumption of bottled water containing certain ...,2026-05-09 20:23:40,reliable,domain fsai.ie manually labeled as reliable,,,,,
nuclear_power,slanted,nuclear power risks,2,4,https://www.oecd-nea.org/jcms/pl_24014/risk-assessment,oecd-nea.org,Nuclear Energy Agency (NEA) - Risk assessment,2026-05-09 16:24:22,reliable,domain oecd-nea.org manually labeled as reliable,,,,,
nuclear_power,neutral,nuclear waste management,2,7,https://www.oecd-nea.org/jcms/c_12892/radioactive-waste-management,oecd-nea.org,Radioactive waste management,2026-05-09 16:25:33,reliable,domain oecd-nea.org manually labeled as reliable,,,,,
nuclear_power,neutral,nuclear energy carbon emissions,3,6,https://www.oecd-nea.org/jcms/pl_62806/the-role-of-nuclear-energy-in-mitigating-climate-change,oecd-nea.org,The role of nuclear energy in mitigating climate change,2026-05-09 16:28:26,reliable,domain oecd-nea.org manually labeled as reliable,,,,,
nuclear_waste,neutral,radioactive waste disposal research,1,9,https://www.oecd-nea.org/jcms/pl_21691/economic-aspects-of-radioactive-waste-management,oecd-nea.org,Economic aspects of radioactive waste management,2026-05-09 16:31:11,reliable,domain oecd-nea.org manually labeled as reliable,,,,,
nuclear_waste,neutral,radioactive waste disposal research,3,8,https://www.oecd-nea.org/brief/brief-03.html,oecd-nea.org,THE DISPOSAL OF HIGH-LEVEL RADIOACTIVE WASTE,2026-05-09 16:31:29,reliable,domain oecd-nea.org manually labeled as reliable,,,,,
nuclear_waste,neutral,deep geological repository data,1,3,https://www.oecd-nea.org/jcms/pl_83247/deep-geological-repositories-and-nuclear-liability?details=true,oecd-nea.org,Deep Geological Repositories and Nuclear Liability,2026-05-09 16:33:57,reliable,domain oecd-nea.org manually labeled as reliable,,,,,
nuclear_waste,neutral,deep geological repository data,2,10,https://www.oecd-nea.org/jcms/pl_93640/global-progress-in-developing-deep-geological-repositories,oecd-nea.org,Global progress in developing deep geological repositories,2026-05-09 16:34:12,reliable,domain oecd-nea.org manually labeled as reliable,,,,,
nuclear_waste,neutral,deep geological repository data,3,2,https://www.oecd-nea.org/jcms/pl_93640/global-progress-in-developing-deep-geological-repositories,oecd-nea.org,Global progress in developing deep geological repositories,2026-05-09 16:34:19,reliable,domain oecd-nea.org manually labeled as reliable,,,,,
mercury,neutral,mercury in fish guidelines,3,2,https://food.ec.europa.eu/food-safety/chemical-safety/contaminants/catalogue/mercury_en,food.ec.europa.eu,Mercury - Food Safety - European Commission,2026-05-09 17:20:16,reliable,domain food.ec.europa.eu manually labeled as reliable,,,,,
soy,slanted,gmo soy dangers,2,8,https://food.ec.europa.eu/document/download/4dedde2c-c6af-4e42-927a-bf19027a4abd_en?filename=gmo_pub-cons_comments_2014_2014-00247.pdf,food.ec.europa.eu,Soybean_MON87769 - Food Safety,2026-05-09 19:28:00,reliable,domain food.ec.europa.eu manually labeled as reliable,,,,,
fast_food,neutral,food safety regulations,1,1,https://food.ec.europa.eu/food-safety/biological-safety/food-hygiene/legislation_en,food.ec.europa.eu,Legislation - Food Safety - European Commission,2026-05-09 19:59:45,reliable,domain food.ec.europa.eu manually labeled as reliable,,,,,
fast_food,neutral,food safety regulations,1,8,https://food.ec.europa.eu/index_en,food.ec.europa.eu,European Commission - Food Safety,2026-05-09 19:59:55,reliable,domain food.ec.europa.eu manually labeled as reliable,,,,,
fast_food,neutral,food safety regulations,3,1,https://food.ec.europa.eu/horizontal-topics/general-food-law/food-law-general-requirements_en,food.ec.europa.eu,Food law general requirements,2026-05-09 20:00:12,reliable,domain food.ec.europa.eu manually labeled as reliable,,,,,
fast_food,slanted,food additive dangers,1,4,https://food.ec.europa.eu/food-safety/food-improvement-agents/additives_en,food.ec.europa.eu,Additives - Food Safety - European Commission,2026-05-09 20:03:16,reliable,domain food.ec.europa.eu manually labeled as reliable,,,,,
bottled_water,neutral,mineral water research,2,8,https://food.ec.europa.eu/food-safety/labelling-and-nutrition/natural-mineral-waters-and-spring-water_en,food.ec.europa.eu,Natural mineral waters and spring water - Food Safety,2026-05-09 20:26:10,reliable,domain food.ec.europa.eu manually labeled as reliable,,,,,
plant_based_diet,neutral,vegetarian protein sources,2,7,https://www.mayoclinichealthsystem.org/hometown-health/speaking-of-health/tips-for-eating-more-plant-proteins,mayoclinichealthsystem.org,Tips for eating more plant-based proteins,2026-05-09 19:15:34,reliable,domain mayoclinichealthsystem.org manually labeled as reliable,,,,,
eggs,slanted,egg heart disease risk,3,1,https://www.mayoclinichealthsystem.org/hometown-health/speaking-of-health/is-it-healthy-to-eat-eggs-every-day,mayoclinichealthsystem.org,Is it healthy to eat eggs every day? Crack open the facts,2026-05-09 19:34:00,reliable,domain mayoclinichealthsystem.org manually labeled as reliable,,,,,
eggs,neutral,egg protein consumption,1,9,https://www.mayoclinichealthsystem.org/hometown-health/speaking-of-health/is-it-healthy-to-eat-eggs-every-day,mayoclinichealthsystem.org,Is it healthy to eat eggs every day? Crack open the facts,2026-05-09 19:34:45,reliable,domain mayoclinichealthsystem.org manually labeled as reliable,,,,,
caffeine,slanted,energy drink dangers,3,6,https://www.mayoclinichealthsystem.org/hometown-health/speaking-of-health/the-buzz-on-energy-drinks,mayoclinichealthsystem.org,What's the latest buzz on energy drinks?,2026-05-09 19:52:55,reliable,domain mayoclinichealthsystem.org manually labeled as reliable,,,,,
alcohol,neutral,moderate alcohol consumption health impact,2,5,https://www.mayoclinichealthsystem.org/hometown-health/speaking-of-health/balancing-the-risks-benefits-of-alcohol,mayoclinichealthsystem.org,"Balancing risks, benefits of alcohol",2026-05-09 19:55:06,reliable,domain mayoclinichealthsystem.org manually labeled as reliable,,,,,
alcohol,slanted,alcohol liver disease risk,3,9,https://www.mayoclinichealthsystem.org/hometown-health/speaking-of-health/effects-of-alcohol-on-your-health-and-liver,mayoclinichealthsystem.org,Effects of alcohol on health and liver,2026-05-09 19:56:11,reliable,domain mayoclinichealthsystem.org manually labeled as reliable,,,,,
fluoridation,slanted,water fluoridation dangers,2,5,https://www.mcgill.ca/oss/article/medical-critical-thinking-history/fluoride-controversy,mcgill.ca,The Fluoride Controversy | Office for Science and Society,2026-05-09 16:13:03,reliable,domain mcgill.ca manually labeled as reliable,,,,,
fluoridation,neutral,fluoride dental health,2,8,https://www.mcgill.ca/oss/article/health/fluoride-controversy,mcgill.ca,The Fluoride Controversy | Office for Science and Society,2026-05-09 16:13:48,reliable,domain mcgill.ca manually labeled as reliable,,,,,
fluoridation,slanted,fluoride toxicity,3,5,https://www.mcgill.ca/oss/article/health/fluoride-controversy,mcgill.ca,The Fluoride Controversy | Office for Science and Society,2026-05-09 16:15:19,reliable,domain mcgill.ca manually labeled as reliable,,,,,
aluminum,slanted,aluminum vaccine toxicity,2,4,https://www.mcgill.ca/oss/article/health/should-we-worry-about-metals-vaccines,mcgill.ca,Should We Worry About Metals in Vaccines?,2026-05-09 17:04:34,reliable,domain mcgill.ca manually labeled as reliable,,,,,
dairy,slanted,milk hormone concerns,1,3,https://www.mcgill.ca/oss/article/food-health-science-science-everywhere/milk-hormones-and-cancer,mcgill.ca,"Milk, Hormones and Cancer | Office for Science and Society",2026-05-09 19:29:06,reliable,domain mcgill.ca manually labeled as reliable,,,,,
sugar,slanted,sugar addiction risks,3,7,https://www.mcgill.ca/oss/article/health-you-asked/sugar-addictive,mcgill.ca,Is Sugar Addictive? | Office for Science and Society,2026-05-09 19:38:45,reliable,domain mcgill.ca manually labeled as reliable,,,,,
tap_water,neutral,fluoridated water consumption,2,5,https://www.mcgill.ca/oss/article/medical-critical-thinking-history/fluoride-controversy,mcgill.ca,The Fluoride Controversy | Office for Science and Society,2026-05-09 20:17:02,reliable,domain mcgill.ca manually labeled as reliable,,,,,
5g,neutral,5g technology health,1,2,https://www.ukri.org/who-we-are/how-we-are-doing/research-outcomes-and-impact/understanding-the-possible-effects-of-5g-on-our-health/,ukri.org,Understanding the possible effects of 5G on our health,2026-05-09 16:17:01,reliable,domain ukri.org manually labeled as reliable,,,,,
5g,slanted,5g radiation risks,1,4,https://www.ukri.org/who-we-are/how-we-are-doing/research-outcomes-and-impact/understanding-the-possible-effects-of-5g-on-our-health/,ukri.org,Understanding the possible effects of 5G on our health,2026-05-09 16:17:46,reliable,domain ukri.org manually labeled as reliable,,,,,
5g,neutral,5g safety research,1,4,https://www.ukri.org/who-we-are/how-we-are-doing/research-outcomes-and-impact/understanding-the-possible-effects-of-5g-on-our-health/,ukri.org,Understanding the possible effects of 5G on our health,2026-05-09 16:18:28,reliable,domain ukri.org manually labeled as reliable,,,,,
5g,slanted,5g dangers,1,1,https://www.ukri.org/who-we-are/how-we-are-doing/research-outcomes-and-impact/understanding-the-possible-effects-of-5g-on-our-health/,ukri.org,Understanding the possible effects of 5G on our health,2026-05-09 16:19:02,reliable,domain ukri.org manually labeled as reliable,,,,,
5g,neutral,5g health studies,1,1,https://www.ukri.org/who-we-are/how-we-are-doing/research-outcomes-and-impact/understanding-the-possible-effects-of-5g-on-our-health/,ukri.org,Understanding the possible effects of 5G on our health,2026-05-09 16:19:55,reliable,domain ukri.org manually labeled as reliable,,,,,
5g,slanted,5g electromagnetic hypersensitivity,2,5,https://www.ukri.org/who-we-are/how-we-are-doing/research-outcomes-and-impact/understanding-the-possible-effects-of-5g-on-our-health/,ukri.org,Understanding the possible effects of 5G on our health,2026-05-09 16:21:03,reliable,domain ukri.org manually labeled as reliable,,,,,
coal,neutral,carbon capture research,2,4,https://www.ukri.org/what-we-do/browse-our-areas-of-investment-and-support/carbon-capture-and-storage/,ukri.org,Carbon capture and storage,2026-05-09 17:28:05,reliable,domain ukri.org manually labeled as reliable,,,,,
