topic,query_type,query,page,position,url,domain,title,timestamp,source,wikipedia_page,domains,status,status_raw,summary,reason
vaccines,neutral,vaccine information,3,7,https://www.youtube.com/watch?v=4SKmAlQtAj8,youtube.com,Vaccines 101: How vaccines work,2026-05-09 15:41:07,YouTube,YouTube,youtube.com,unreliable,Generally unreliable,"Most videos on YouTube are anonymous,self-published, and unverifiable, and should not be used as a reference. Content uploaded from a verified official account, such as that of a news organization, may be treated as originating from the uploader and therefore inheriting their level of reliability. However, many YouTube videos from unofficial accounts are copyright violations and should not be linked from Wikipedia, according toWP:COPYLINK. See alsoWP:YOUTUBEandWP:VIDEOLINK. For illustrative, non-referential use, seec:Commons:YouTube filesandWikipedia:Image use policy.",domain youtube.com matches unreliable domain from file raw_wikipedia_perennial_sources.csv
vaccines,slanted,vaccine dangers,2,3,https://www.sciencedirect.com/science/article/abs/pii/S0264410X99002923,sciencedirect.com,"Vaccine risks: real, perceived and unknown",2026-05-09 15:41:41,ScienceDirecttopic page,ScienceDirect,sciencedirect.com,unreliable,Generally unreliable,"ScienceDirectis an online bibliographical database run by Elsevier. In addition to academic publications, the website maintains machine-generated ""topic pages"" consisting of quotations from publications in the database. These topic pages change over time, presenting a challenge toverifiability. Citations should be made to the actual, underlying publications quoted by the topic page.",domain sciencedirect.com matches unreliable domain from file raw_wikipedia_perennial_sources.csv
vaccines,slanted,vaccine dangers,3,10,https://www.youtube.com/watch?v=zBkVCpbNnkU,youtube.com,The Side Effects of Vaccines - How High is the Risk?,2026-05-09 15:41:52,YouTube,YouTube,youtube.com,unreliable,Generally unreliable,"Most videos on YouTube are anonymous,self-published, and unverifiable, and should not be used as a reference. Content uploaded from a verified official account, such as that of a news organization, may be treated as originating from the uploader and therefore inheriting their level of reliability. However, many YouTube videos from unofficial accounts are copyright violations and should not be linked from Wikipedia, according toWP:COPYLINK. See alsoWP:YOUTUBEandWP:VIDEOLINK. For illustrative, non-referential use, seec:Commons:YouTube filesandWikipedia:Image use policy.",domain youtube.com matches unreliable domain from file raw_wikipedia_perennial_sources.csv
vaccines,neutral,flu shot effectiveness,2,5,https://www.reddit.com/r/VACCINES/comments/1q5sqt2/how_effective_is_the_current_flu_vaccine_given/,reddit.com,How effective is the current flu vaccine given ...,2026-05-09 15:48:11,Reddit,Reddit,reddit.com;redditinc.com,unreliable,Generally unreliable,"Reddit is asocial newsand discussion website. Reddit contains mostlyuser-generated content, and is considered bothself-publishedand generally unreliable. Interview responses written byverifiedinterviewees on ther/IAmAsubreddit areprimary sources, and editors disagree on their reliability. The policy on the use ofsources about themselvesapplies.",domain reddit.com matches unreliable domain from file raw_wikipedia_perennial_sources.csv
vaccines,neutral,flu shot effectiveness,2,9,https://www.sciencedirect.com/science/article/pii/S1198743X25004744,sciencedirect.com,Effectiveness of influenza vaccination to prevent severe ...,2026-05-09 15:48:12,ScienceDirecttopic page,ScienceDirect,sciencedirect.com,unreliable,Generally unreliable,"ScienceDirectis an online bibliographical database run by Elsevier. In addition to academic publications, the website maintains machine-generated ""topic pages"" consisting of quotations from publications in the database. These topic pages change over time, presenting a challenge toverifiability. Citations should be made to the actual, underlying publications quoted by the topic page.",domain sciencedirect.com matches unreliable domain from file raw_wikipedia_perennial_sources.csv
vaccines,slanted,flu shot side effects,3,6,https://www.reddit.com/r/TwoXChromosomes/comments/1o8aq5k/flu_shot_side_effects_are_they_bad_for_anyone_else/,reddit.com,"Flu Shot Side Effects, are they bad for anyone else?",2026-05-09 15:49:03,Reddit,Reddit,reddit.com;redditinc.com,unreliable,Generally unreliable,"Reddit is asocial newsand discussion website. Reddit contains mostlyuser-generated content, and is considered bothself-publishedand generally unreliable. Interview responses written byverifiedinterviewees on ther/IAmAsubreddit areprimary sources, and editors disagree on their reliability. The policy on the use ofsources about themselvesapplies.",domain reddit.com matches unreliable domain from file raw_wikipedia_perennial_sources.csv
vaccines,neutral,hpv vaccine effects,2,7,https://www.sciencedirect.com/science/article/pii/S0277953621004676,sciencedirect.com,Turning suffering into side effects: Responses to HPV ...,2026-05-09 15:49:42,ScienceDirecttopic page,ScienceDirect,sciencedirect.com,unreliable,Generally unreliable,"ScienceDirectis an online bibliographical database run by Elsevier. In addition to academic publications, the website maintains machine-generated ""topic pages"" consisting of quotations from publications in the database. These topic pages change over time, presenting a challenge toverifiability. Citations should be made to the actual, underlying publications quoted by the topic page.",domain sciencedirect.com matches unreliable domain from file raw_wikipedia_perennial_sources.csv
vaccines,slanted,hpv vaccine dangers,2,2,https://www.sciencedirect.com/science/article/pii/S0264410X20308252,sciencedirect.com,Adverse events following HPV vaccination: 11 years of ...,2026-05-09 15:51:04,ScienceDirecttopic page,ScienceDirect,sciencedirect.com,unreliable,Generally unreliable,"ScienceDirectis an online bibliographical database run by Elsevier. In addition to academic publications, the website maintains machine-generated ""topic pages"" consisting of quotations from publications in the database. These topic pages change over time, presenting a challenge toverifiability. Citations should be made to the actual, underlying publications quoted by the topic page.",domain sciencedirect.com matches unreliable domain from file raw_wikipedia_perennial_sources.csv
vaccines,slanted,hpv vaccine dangers,3,5,https://www.reddit.com/r/VACCINES/comments/1h0uzir/do_you_suggest_getting_my_11_year_old_daughter/,reddit.com,Do you suggest getting my 11 year old daughter the HPV ...,2026-05-09 15:51:14,Reddit,Reddit,reddit.com;redditinc.com,unreliable,Generally unreliable,"Reddit is asocial newsand discussion website. Reddit contains mostlyuser-generated content, and is considered bothself-publishedand generally unreliable. Interview responses written byverifiedinterviewees on ther/IAmAsubreddit areprimary sources, and editors disagree on their reliability. The policy on the use ofsources about themselvesapplies.",domain reddit.com matches unreliable domain from file raw_wikipedia_perennial_sources.csv
vaccine_passports,neutral,vaccine passport impact,2,1,https://www.linkedin.com/pulse/what-vaccine-passports-pros-cons-candela-iglesias-chiesa-mph-phd,linkedin.com,What are vaccine passports and what are their pros and ...,2026-05-09 15:51:57,LinkedIn(LinkedIn Pulse),LinkedIn,linkedin.com,unreliable,Generally unreliable,"LinkedIn is a social network. As aself-published source, it is considered generally unreliable and should be avoided unless the post is used for anuncontroversial self-description. Articles onLinkedIn Pulsewritten by LinkedIn users are also self-published. LinkedIn accounts should only be cited if they areverified accountsor if the user's identity is confirmed in some way. Posts that are not covered by reliable sources are likely to constituteundue weight. LinkedIn should never be used forthird-party claimsrelated toliving persons.",domain linkedin.com matches unreliable domain from file raw_wikipedia_perennial_sources.csv
vaccine_passports,neutral,vaccine passport impact,2,4,https://www.sciencedirect.com/science/article/abs/pii/S0176268023000976,sciencedirect.com,Can health passport overcome political hurdles to COVID- ...,2026-05-09 15:51:58,ScienceDirecttopic page,ScienceDirect,sciencedirect.com,unreliable,Generally unreliable,"ScienceDirectis an online bibliographical database run by Elsevier. In addition to academic publications, the website maintains machine-generated ""topic pages"" consisting of quotations from publications in the database. These topic pages change over time, presenting a challenge toverifiability. Citations should be made to the actual, underlying publications quoted by the topic page.",domain sciencedirect.com matches unreliable domain from file raw_wikipedia_perennial_sources.csv
vaccine_passports,slanted,immunity passport discrimination,2,6,https://www.sciencedirect.com/science/article/abs/pii/S1473309920307660,sciencedirect.com,The scientific and ethical feasibility of immunity passports,2026-05-09 15:52:37,ScienceDirecttopic page,ScienceDirect,sciencedirect.com,unreliable,Generally unreliable,"ScienceDirectis an online bibliographical database run by Elsevier. In addition to academic publications, the website maintains machine-generated ""topic pages"" consisting of quotations from publications in the database. These topic pages change over time, presenting a challenge toverifiability. Citations should be made to the actual, underlying publications quoted by the topic page.",domain sciencedirect.com matches unreliable domain from file raw_wikipedia_perennial_sources.csv
vaccine_passports,slanted,immunity passport discrimination,3,8,https://www.youtube.com/watch?v=_nEgmFEhyvw,youtube.com,Immunity Passports: Pandemic Privilege or Biological ...,2026-05-09 15:52:46,YouTube,YouTube,youtube.com,unreliable,Generally unreliable,"Most videos on YouTube are anonymous,self-published, and unverifiable, and should not be used as a reference. Content uploaded from a verified official account, such as that of a news organization, may be treated as originating from the uploader and therefore inheriting their level of reliability. However, many YouTube videos from unofficial accounts are copyright violations and should not be linked from Wikipedia, according toWP:COPYLINK. See alsoWP:YOUTUBEandWP:VIDEOLINK. For illustrative, non-referential use, seec:Commons:YouTube filesandWikipedia:Image use policy.",domain youtube.com matches unreliable domain from file raw_wikipedia_perennial_sources.csv
vaccine_passports,slanted,immunity passport discrimination,3,10,https://www.reddit.com/r/ObscurePatentDangers/comments/1n5q6i6/digital_covid_certificates_as_immunity_passports/,reddit.com,Digital Covid Certificates as Immunity Passports: An ...,2026-05-09 15:52:48,Reddit,Reddit,reddit.com;redditinc.com,unreliable,Generally unreliable,"Reddit is asocial newsand discussion website. Reddit contains mostlyuser-generated content, and is considered bothself-publishedand generally unreliable. Interview responses written byverifiedinterviewees on ther/IAmAsubreddit areprimary sources, and editors disagree on their reliability. The policy on the use ofsources about themselvesapplies.",domain reddit.com matches unreliable domain from file raw_wikipedia_perennial_sources.csv
vaccine_passports,neutral,covid passport research,2,8,https://www.sciencedirect.com/science/article/pii/S0168851022001294,sciencedirect.com,A comparative analysis of COVID-19 vaccination ...,2026-05-09 15:53:14,ScienceDirecttopic page,ScienceDirect,sciencedirect.com,unreliable,Generally unreliable,"ScienceDirectis an online bibliographical database run by Elsevier. In addition to academic publications, the website maintains machine-generated ""topic pages"" consisting of quotations from publications in the database. These topic pages change over time, presenting a challenge toverifiability. Citations should be made to the actual, underlying publications quoted by the topic page.",domain sciencedirect.com matches unreliable domain from file raw_wikipedia_perennial_sources.csv
vaccine_passports,neutral,covid passport research,3,3,https://www.youtube.com/watch?v=yIKWhp2_eyM,youtube.com,Will Covid-19 Vaccine Passports Work?,2026-05-09 15:53:22,YouTube,YouTube,youtube.com,unreliable,Generally unreliable,"Most videos on YouTube are anonymous,self-published, and unverifiable, and should not be used as a reference. Content uploaded from a verified official account, such as that of a news organization, may be treated as originating from the uploader and therefore inheriting their level of reliability. However, many YouTube videos from unofficial accounts are copyright violations and should not be linked from Wikipedia, according toWP:COPYLINK. See alsoWP:YOUTUBEandWP:VIDEOLINK. For illustrative, non-referential use, seec:Commons:YouTube filesandWikipedia:Image use policy.",domain youtube.com matches unreliable domain from file raw_wikipedia_perennial_sources.csv
vaccine_passports,slanted,digital health pass privacy,1,10,https://www.youtube.com/watch?v=ib7QE1q-TWM,youtube.com,Privacy & Security in My Health Record: What You Need to ...,2026-05-09 15:53:42,YouTube,YouTube,youtube.com,unreliable,Generally unreliable,"Most videos on YouTube are anonymous,self-published, and unverifiable, and should not be used as a reference. Content uploaded from a verified official account, such as that of a news organization, may be treated as originating from the uploader and therefore inheriting their level of reliability. However, many YouTube videos from unofficial accounts are copyright violations and should not be linked from Wikipedia, according toWP:COPYLINK. See alsoWP:YOUTUBEandWP:VIDEOLINK. For illustrative, non-referential use, seec:Commons:YouTube filesandWikipedia:Image use policy.",domain youtube.com matches unreliable domain from file raw_wikipedia_perennial_sources.csv
vaccine_passports,slanted,digital health pass privacy,2,10,https://www.quora.com/Do-vaccine-passports-and-possible-digital-IDs-concern-data-privacy-and-information-security-professionals,quora.com,Do vaccine passports and possible digital IDs concern data ...,2026-05-09 15:53:52,Quora,Quora,quora.com,unreliable,Generally unreliable,"Quora is aQ&A site. As an Internet forum, it is aself-published sourcethat incorporatesuser-generated content, and is considered generally unreliable. Posts fromverified accountson Quora can be used asprimary sourcesforstatements about themselves. Posts from verified accounts of established experts may also be used to substantiate statements in their field of expertise, in accordance with thepolicy on self-published sources.",domain quora.com matches unreliable domain from file raw_wikipedia_perennial_sources.csv
vaccine_passports,neutral,travel health certificate effectiveness,1,1,https://www.reddit.com/r/uktravel/comments/1sveqo1/confused_about_the_effective_date_of_pet_health/,reddit.com,Confused about the effective date of pet health certificates ...,2026-05-09 15:54:18,Reddit,Reddit,reddit.com;redditinc.com,unreliable,Generally unreliable,"Reddit is asocial newsand discussion website. Reddit contains mostlyuser-generated content, and is considered bothself-publishedand generally unreliable. Interview responses written byverifiedinterviewees on ther/IAmAsubreddit areprimary sources, and editors disagree on their reliability. The policy on the use ofsources about themselvesapplies.",domain reddit.com matches unreliable domain from file raw_wikipedia_perennial_sources.csv
vaccine_passports,neutral,travel health certificate effectiveness,1,4,https://www.facebook.com/groups/191336279727916/posts/1069677868560415/,facebook.com,Has anyone else had their health certificate cut it this close ...,2026-05-09 15:54:20,Facebook(Meta),Facebook,facebook.com,unreliable,Generally unreliable,"Facebook is considered generally unreliable because it is aself-published sourcewith no editorial oversight. In the 2020 RfC, there was consensus to add anedit filterto warn users who attempt to cite Facebook as a source, and no consensus on whether Facebook citations should be automatically reverted withXLinkBot.",domain facebook.com matches unreliable domain from file raw_wikipedia_perennial_sources.csv
vaccine_passports,neutral,travel health certificate effectiveness,2,2,https://www.instagram.com/p/DWE0iFpj9wW/,instagram.com,A health certificate does not automatically cover a round ...,2026-05-09 15:54:36,"Instagram(IG, Insta, The Gram)",Instagram,instagram.com,unreliable,Generally unreliable,"As asocial networking service, Instagram is covered by the following policies and guidelines:WP:SOCIALMEDIA,WP:RSSELF,WP:SPSandWP:UGC.",domain instagram.com matches unreliable domain from file raw_wikipedia_perennial_sources.csv
vaccine_passports,neutral,travel health certificate effectiveness,2,10,https://www.youtube.com/watch?v=za_tWMVNQQQ,youtube.com,UK / EU End Animal Health Certificates,2026-05-09 15:54:38,YouTube,YouTube,youtube.com,unreliable,Generally unreliable,"Most videos on YouTube are anonymous,self-published, and unverifiable, and should not be used as a reference. Content uploaded from a verified official account, such as that of a news organization, may be treated as originating from the uploader and therefore inheriting their level of reliability. However, many YouTube videos from unofficial accounts are copyright violations and should not be linked from Wikipedia, according toWP:COPYLINK. See alsoWP:YOUTUBEandWP:VIDEOLINK. For illustrative, non-referential use, seec:Commons:YouTube filesandWikipedia:Image use policy.",domain youtube.com matches unreliable domain from file raw_wikipedia_perennial_sources.csv
vaccine_passports,neutral,travel health certificate effectiveness,3,6,https://www.reddit.com/r/germany/comments/1110t60/pet_travel_eu_health_certificate/,reddit.com,Pet travel - EU health certificate : r/germany,2026-05-09 15:54:46,Reddit,Reddit,reddit.com;redditinc.com,unreliable,Generally unreliable,"Reddit is asocial newsand discussion website. Reddit contains mostlyuser-generated content, and is considered bothself-publishedand generally unreliable. Interview responses written byverifiedinterviewees on ther/IAmAsubreddit areprimary sources, and editors disagree on their reliability. The policy on the use ofsources about themselvesapplies.",domain reddit.com matches unreliable domain from file raw_wikipedia_perennial_sources.csv
vaccine_passports,neutral,travel health certificate effectiveness,3,8,https://www.sciencedirect.com/science/article/pii/S016758771400004X,sciencedirect.com,Risk assessment and cost-effectiveness of animal health ...,2026-05-09 15:54:46,ScienceDirecttopic page,ScienceDirect,sciencedirect.com,unreliable,Generally unreliable,"ScienceDirectis an online bibliographical database run by Elsevier. In addition to academic publications, the website maintains machine-generated ""topic pages"" consisting of quotations from publications in the database. These topic pages change over time, presenting a challenge toverifiability. Citations should be made to the actual, underlying publications quoted by the topic page.",domain sciencedirect.com matches unreliable domain from file raw_wikipedia_perennial_sources.csv
vaccine_passports,slanted,vaccine segregation,2,2,https://www.youtube.com/watch?v=1oCpob8pno0,youtube.com,The historical harms of segregation on health | Covid-19 ...,2026-05-09 15:55:16,YouTube,YouTube,youtube.com,unreliable,Generally unreliable,"Most videos on YouTube are anonymous,self-published, and unverifiable, and should not be used as a reference. Content uploaded from a verified official account, such as that of a news organization, may be treated as originating from the uploader and therefore inheriting their level of reliability. However, many YouTube videos from unofficial accounts are copyright violations and should not be linked from Wikipedia, according toWP:COPYLINK. See alsoWP:YOUTUBEandWP:VIDEOLINK. For illustrative, non-referential use, seec:Commons:YouTube filesandWikipedia:Image use policy.",domain youtube.com matches unreliable domain from file raw_wikipedia_perennial_sources.csv
vaccine_passports,slanted,vaccine segregation,2,5,https://www.facebook.com/irishmirror/posts/professor-sam-mcconkey-said-since-the-covid-19-pandemic-the-country-has-strength/1408205268002154/,facebook.com,Professor Sam McConkey said since the Covid-19 ...,2026-05-09 15:55:17,Facebook(Meta),Facebook,facebook.com,unreliable,Generally unreliable,"Facebook is considered generally unreliable because it is aself-published sourcewith no editorial oversight. In the 2020 RfC, there was consensus to add anedit filterto warn users who attempt to cite Facebook as a source, and no consensus on whether Facebook citations should be automatically reverted withXLinkBot.",domain facebook.com matches unreliable domain from file raw_wikipedia_perennial_sources.csv
vaccine_passports,slanted,vaccine segregation,2,10,https://www.sciencedirect.com/science/article/abs/pii/S0957417424004378,sciencedirect.com,Sequence Labelling with 2 Level Segregation (SL2LS),2026-05-09 15:55:19,ScienceDirecttopic page,ScienceDirect,sciencedirect.com,unreliable,Generally unreliable,"ScienceDirectis an online bibliographical database run by Elsevier. In addition to academic publications, the website maintains machine-generated ""topic pages"" consisting of quotations from publications in the database. These topic pages change over time, presenting a challenge toverifiability. Citations should be made to the actual, underlying publications quoted by the topic page.",domain sciencedirect.com matches unreliable domain from file raw_wikipedia_perennial_sources.csv
covid19,neutral,COVID-19 vaccine efficacy,1,9,https://www.sciencedirect.com/science/article/pii/S0024320525002449,sciencedirect.com,Efficacy and limitations of SARS-CoV-2 vaccines,2026-05-09 15:57:06,ScienceDirecttopic page,ScienceDirect,sciencedirect.com,unreliable,Generally unreliable,"ScienceDirectis an online bibliographical database run by Elsevier. In addition to academic publications, the website maintains machine-generated ""topic pages"" consisting of quotations from publications in the database. These topic pages change over time, presenting a challenge toverifiability. Citations should be made to the actual, underlying publications quoted by the topic page.",domain sciencedirect.com matches unreliable domain from file raw_wikipedia_perennial_sources.csv
covid19,neutral,face masks effectiveness,1,9,https://www.reddit.com/r/askscience/comments/1hk5v7n/looking_back_on_covid_how_much_of_a_difference/,reddit.com,"looking back on covid, how much of a difference did masks ...",2026-05-09 15:59:54,Reddit,Reddit,reddit.com;redditinc.com,unreliable,Generally unreliable,"Reddit is asocial newsand discussion website. Reddit contains mostlyuser-generated content, and is considered bothself-publishedand generally unreliable. Interview responses written byverifiedinterviewees on ther/IAmAsubreddit areprimary sources, and editors disagree on their reliability. The policy on the use ofsources about themselvesapplies.",domain reddit.com matches unreliable domain from file raw_wikipedia_perennial_sources.csv
covid19,neutral,face masks effectiveness,2,1,https://www.sciencedirect.com/science/article/pii/S2211335523003054,sciencedirect.com,A systematic review and meta-analysis of the efficacy ...,2026-05-09 16:00:01,ScienceDirecttopic page,ScienceDirect,sciencedirect.com,unreliable,Generally unreliable,"ScienceDirectis an online bibliographical database run by Elsevier. In addition to academic publications, the website maintains machine-generated ""topic pages"" consisting of quotations from publications in the database. These topic pages change over time, presenting a challenge toverifiability. Citations should be made to the actual, underlying publications quoted by the topic page.",domain sciencedirect.com matches unreliable domain from file raw_wikipedia_perennial_sources.csv
covid19,slanted,face masks health risks,1,3,https://www.sciencedirect.com/science/article/pii/S0147651323013623,sciencedirect.com,Wearing face masks as a potential source for inhalation ...,2026-05-09 16:00:32,ScienceDirecttopic page,ScienceDirect,sciencedirect.com,unreliable,Generally unreliable,"ScienceDirectis an online bibliographical database run by Elsevier. In addition to academic publications, the website maintains machine-generated ""topic pages"" consisting of quotations from publications in the database. These topic pages change over time, presenting a challenge toverifiability. Citations should be made to the actual, underlying publications quoted by the topic page.",domain sciencedirect.com matches unreliable domain from file raw_wikipedia_perennial_sources.csv
covid19,slanted,face masks health risks,2,8,https://www.sciencedirect.com/science/article/abs/pii/S0304389424007982,sciencedirect.com,Potential health risks of microplastic fibres release from ...,2026-05-09 16:00:46,ScienceDirecttopic page,ScienceDirect,sciencedirect.com,unreliable,Generally unreliable,"ScienceDirectis an online bibliographical database run by Elsevier. In addition to academic publications, the website maintains machine-generated ""topic pages"" consisting of quotations from publications in the database. These topic pages change over time, presenting a challenge toverifiability. Citations should be made to the actual, underlying publications quoted by the topic page.",domain sciencedirect.com matches unreliable domain from file raw_wikipedia_perennial_sources.csv
covid19,slanted,face masks health risks,2,9,https://www.reddit.com/r/askscience/comments/1hk5v7n/looking_back_on_covid_how_much_of_a_difference/,reddit.com,"looking back on covid, how much of a difference did masks ...",2026-05-09 16:00:46,Reddit,Reddit,reddit.com;redditinc.com,unreliable,Generally unreliable,"Reddit is asocial newsand discussion website. Reddit contains mostlyuser-generated content, and is considered bothself-publishedand generally unreliable. Interview responses written byverifiedinterviewees on ther/IAmAsubreddit areprimary sources, and editors disagree on their reliability. The policy on the use ofsources about themselvesapplies.",domain reddit.com matches unreliable domain from file raw_wikipedia_perennial_sources.csv
covid19,slanted,face masks health risks,3,1,https://www.reddit.com/r/askscience/comments/1hk5v7n/looking_back_on_covid_how_much_of_a_difference/,reddit.com,"looking back on covid, how much of a difference did masks ...",2026-05-09 16:00:53,Reddit,Reddit,reddit.com;redditinc.com,unreliable,Generally unreliable,"Reddit is asocial newsand discussion website. Reddit contains mostlyuser-generated content, and is considered bothself-publishedand generally unreliable. Interview responses written byverifiedinterviewees on ther/IAmAsubreddit areprimary sources, and editors disagree on their reliability. The policy on the use ofsources about themselvesapplies.",domain reddit.com matches unreliable domain from file raw_wikipedia_perennial_sources.csv
covid19,neutral,lockdown effectiveness,1,5,https://www.sciencedirect.com/science/article/pii/S2468042724001258,sciencedirect.com,"Lockdown policy in pandemics: Enforcement, adherence ...",2026-05-09 16:01:13,ScienceDirecttopic page,ScienceDirect,sciencedirect.com,unreliable,Generally unreliable,"ScienceDirectis an online bibliographical database run by Elsevier. In addition to academic publications, the website maintains machine-generated ""topic pages"" consisting of quotations from publications in the database. These topic pages change over time, presenting a challenge toverifiability. Citations should be made to the actual, underlying publications quoted by the topic page.",domain sciencedirect.com matches unreliable domain from file raw_wikipedia_perennial_sources.csv
covid19,slanted,lockdown harms,1,4,https://www.reddit.com/r/polls/comments/1t6yruw/did_the_covid19_lockdowns_do_more_harm_than_good/,reddit.com,Did the COVID-19 lockdowns do more harm than good in ...,2026-05-09 16:01:52,Reddit,Reddit,reddit.com;redditinc.com,unreliable,Generally unreliable,"Reddit is asocial newsand discussion website. Reddit contains mostlyuser-generated content, and is considered bothself-publishedand generally unreliable. Interview responses written byverifiedinterviewees on ther/IAmAsubreddit areprimary sources, and editors disagree on their reliability. The policy on the use ofsources about themselvesapplies.",domain reddit.com matches unreliable domain from file raw_wikipedia_perennial_sources.csv
covid19,slanted,lockdown harms,3,1,https://www.sciencedirect.com/science/article/pii/S0022395621001722,sciencedirect.com,Self-harm and the COVID-19 pandemic: A study of factors ...,2026-05-09 16:02:11,ScienceDirecttopic page,ScienceDirect,sciencedirect.com,unreliable,Generally unreliable,"ScienceDirectis an online bibliographical database run by Elsevier. In addition to academic publications, the website maintains machine-generated ""topic pages"" consisting of quotations from publications in the database. These topic pages change over time, presenting a challenge toverifiability. Citations should be made to the actual, underlying publications quoted by the topic page.",domain sciencedirect.com matches unreliable domain from file raw_wikipedia_perennial_sources.csv
covid19,slanted,lockdown harms,3,7,https://www.facebook.com/BBCQuestionTime/posts/whats-happened-with-this-inquiry-is-weve-lost-complete-sight-of-the-damages-lock/1248118727351505/,facebook.com,“What's happened with this inquiry is we've lost complete ...,2026-05-09 16:02:13,Facebook(Meta),Facebook,facebook.com,unreliable,Generally unreliable,"Facebook is considered generally unreliable because it is aself-published sourcewith no editorial oversight. In the 2020 RfC, there was consensus to add anedit filterto warn users who attempt to cite Facebook as a source, and no consensus on whether Facebook citations should be automatically reverted withXLinkBot.",domain facebook.com matches unreliable domain from file raw_wikipedia_perennial_sources.csv
climate_change,neutral,climate change evidence,2,4,https://www.reddit.com/r/climatechange/comments/1dl4n9t/eli5_what_are_proofs_of_climate_change/,reddit.com,"ELI5, what are proofs of climate change? : r/climatechange",2026-05-09 16:03:04,Reddit,Reddit,reddit.com;redditinc.com,unreliable,Generally unreliable,"Reddit is asocial newsand discussion website. Reddit contains mostlyuser-generated content, and is considered bothself-publishedand generally unreliable. Interview responses written byverifiedinterviewees on ther/IAmAsubreddit areprimary sources, and editors disagree on their reliability. The policy on the use ofsources about themselvesapplies.",domain reddit.com matches unreliable domain from file raw_wikipedia_perennial_sources.csv
climate_change,neutral,climate change evidence,3,10,https://www.youtube.com/watch?v=BDZ2aeDl7oY,youtube.com,Evaluating the Evidence for Climate Change - Tracking ...,2026-05-09 16:03:15,YouTube,YouTube,youtube.com,unreliable,Generally unreliable,"Most videos on YouTube are anonymous,self-published, and unverifiable, and should not be used as a reference. Content uploaded from a verified official account, such as that of a news organization, may be treated as originating from the uploader and therefore inheriting their level of reliability. However, many YouTube videos from unofficial accounts are copyright violations and should not be linked from Wikipedia, according toWP:COPYLINK. See alsoWP:YOUTUBEandWP:VIDEOLINK. For illustrative, non-referential use, seec:Commons:YouTube filesandWikipedia:Image use policy.",domain youtube.com matches unreliable domain from file raw_wikipedia_perennial_sources.csv
climate_change,slanted,climate change hoax,1,7,https://www.sciencedirect.com/science/article/pii/S0272494423001779,sciencedirect.com,Conspiracy theories and climate change: A systematic review,2026-05-09 16:03:40,ScienceDirecttopic page,ScienceDirect,sciencedirect.com,unreliable,Generally unreliable,"ScienceDirectis an online bibliographical database run by Elsevier. In addition to academic publications, the website maintains machine-generated ""topic pages"" consisting of quotations from publications in the database. These topic pages change over time, presenting a challenge toverifiability. Citations should be made to the actual, underlying publications quoted by the topic page.",domain sciencedirect.com matches unreliable domain from file raw_wikipedia_perennial_sources.csv
climate_change,slanted,climate change hoax,2,3,https://www.amazon.com/Climate-Change-Hoax-Argument-international/dp/B0923WJ638,amazon.com,The Climate Change Hoax Argument: the history and ...,2026-05-09 16:03:48,Amazon,Amazon_(company),amazon.com,unreliable,Generally unreliable,"User reviews on Amazon are anonymous,self-published, and unverifiable, and should not be used at all. While Amazon itself is a reliable source for basic information about a work (such as release date, ISBN, etc.), it is unnecessary to cite Amazon when the work itself may serve as a source for that information. Future release dates may be unreliable.",domain amazon.com matches unreliable domain from file raw_wikipedia_perennial_sources.csv
climate_change,slanted,climate change hoax,2,4,https://www.reddit.com/r/climatechange/comments/1fa0p36/why_do_people_believe_climate_change_is_a_hoax/,reddit.com,why do people believe climate change is a “hoax”,2026-05-09 16:03:48,Reddit,Reddit,reddit.com;redditinc.com,unreliable,Generally unreliable,"Reddit is asocial newsand discussion website. Reddit contains mostlyuser-generated content, and is considered bothself-publishedand generally unreliable. Interview responses written byverifiedinterviewees on ther/IAmAsubreddit areprimary sources, and editors disagree on their reliability. The policy on the use ofsources about themselvesapplies.",domain reddit.com matches unreliable domain from file raw_wikipedia_perennial_sources.csv
climate_change,slanted,climate change hoax,3,2,https://www.sciencedirect.com/science/article/pii/S3050475925001939,sciencedirect.com,Climate hoax: The shift from scientific discourse to ...,2026-05-09 16:03:56,ScienceDirecttopic page,ScienceDirect,sciencedirect.com,unreliable,Generally unreliable,"ScienceDirectis an online bibliographical database run by Elsevier. In addition to academic publications, the website maintains machine-generated ""topic pages"" consisting of quotations from publications in the database. These topic pages change over time, presenting a challenge toverifiability. Citations should be made to the actual, underlying publications quoted by the topic page.",domain sciencedirect.com matches unreliable domain from file raw_wikipedia_perennial_sources.csv
climate_change,slanted,climate change hoax,3,3,https://www.youtube.com/watch?v=tRaN3-_HFDo,youtube.com,"Trump Celebrates ""Climate Hoax"" Win as Bill Gates ...",2026-05-09 16:03:56,YouTube,YouTube,youtube.com,unreliable,Generally unreliable,"Most videos on YouTube are anonymous,self-published, and unverifiable, and should not be used as a reference. Content uploaded from a verified official account, such as that of a news organization, may be treated as originating from the uploader and therefore inheriting their level of reliability. However, many YouTube videos from unofficial accounts are copyright violations and should not be linked from Wikipedia, according toWP:COPYLINK. See alsoWP:YOUTUBEandWP:VIDEOLINK. For illustrative, non-referential use, seec:Commons:YouTube filesandWikipedia:Image use policy.",domain youtube.com matches unreliable domain from file raw_wikipedia_perennial_sources.csv
climate_change,neutral,global warming science,2,1,https://www.sciencedirect.com/science/article/pii/S1674927812500377,sciencedirect.com,The Science of Global Warming,2026-05-09 16:04:40,ScienceDirecttopic page,ScienceDirect,sciencedirect.com,unreliable,Generally unreliable,"ScienceDirectis an online bibliographical database run by Elsevier. In addition to academic publications, the website maintains machine-generated ""topic pages"" consisting of quotations from publications in the database. These topic pages change over time, presenting a challenge toverifiability. Citations should be made to the actual, underlying publications quoted by the topic page.",domain sciencedirect.com matches unreliable domain from file raw_wikipedia_perennial_sources.csv
climate_change,neutral,global warming science,2,6,https://www.youtube.com/watch?v=EW1Qi-psAyw,youtube.com,The Science of Climate Change | HHMI BioInteractive Video,2026-05-09 16:04:42,YouTube,YouTube,youtube.com,unreliable,Generally unreliable,"Most videos on YouTube are anonymous,self-published, and unverifiable, and should not be used as a reference. Content uploaded from a verified official account, such as that of a news organization, may be treated as originating from the uploader and therefore inheriting their level of reliability. However, many YouTube videos from unofficial accounts are copyright violations and should not be linked from Wikipedia, according toWP:COPYLINK. See alsoWP:YOUTUBEandWP:VIDEOLINK. For illustrative, non-referential use, seec:Commons:YouTube filesandWikipedia:Image use policy.",domain youtube.com matches unreliable domain from file raw_wikipedia_perennial_sources.csv
climate_change,neutral,global warming science,3,7,https://www.reddit.com/r/climatechange/comments/16erf8g/is_climate_change_really_real_or_is_earth_heating/,reddit.com,Is Climate Change really real or is Earth heating up natural?,2026-05-09 16:04:52,Reddit,Reddit,reddit.com;redditinc.com,unreliable,Generally unreliable,"Reddit is asocial newsand discussion website. Reddit contains mostlyuser-generated content, and is considered bothself-publishedand generally unreliable. Interview responses written byverifiedinterviewees on ther/IAmAsubreddit areprimary sources, and editors disagree on their reliability. The policy on the use ofsources about themselvesapplies.",domain reddit.com matches unreliable domain from file raw_wikipedia_perennial_sources.csv
climate_change,slanted,global warming myth,2,4,https://www.reddit.com/r/changemyview/comments/9gyofb/cmv_climate_change_is_a_myth_crafted_to_distract/,reddit.com,CMV: Climate Change is a myth crafted to distract from real ...,2026-05-09 16:05:35,Reddit,Reddit,reddit.com;redditinc.com,unreliable,Generally unreliable,"Reddit is asocial newsand discussion website. Reddit contains mostlyuser-generated content, and is considered bothself-publishedand generally unreliable. Interview responses written byverifiedinterviewees on ther/IAmAsubreddit areprimary sources, and editors disagree on their reliability. The policy on the use ofsources about themselvesapplies.",domain reddit.com matches unreliable domain from file raw_wikipedia_perennial_sources.csv
climate_change,slanted,global warming myth,3,1,https://www.quora.com/Is-global-warming-really-a-threat-or-just-a-myth,quora.com,Is global warming really a threat or just a myth?,2026-05-09 16:05:54,Quora,Quora,quora.com,unreliable,Generally unreliable,"Quora is aQ&A site. As an Internet forum, it is aself-published sourcethat incorporatesuser-generated content, and is considered generally unreliable. Posts fromverified accountson Quora can be used asprimary sourcesforstatements about themselves. Posts from verified accounts of established experts may also be used to substantiate statements in their field of expertise, in accordance with thepolicy on self-published sources.",domain quora.com matches unreliable domain from file raw_wikipedia_perennial_sources.csv
climate_change,neutral,sea level rise research,2,2,https://www.sciencedirect.com/science/article/pii/S0964569125002133,sciencedirect.com,Methodological advances in sea level rise vulnerability ...,2026-05-09 16:06:48,ScienceDirecttopic page,ScienceDirect,sciencedirect.com,unreliable,Generally unreliable,"ScienceDirectis an online bibliographical database run by Elsevier. In addition to academic publications, the website maintains machine-generated ""topic pages"" consisting of quotations from publications in the database. These topic pages change over time, presenting a challenge toverifiability. Citations should be made to the actual, underlying publications quoted by the topic page.",domain sciencedirect.com matches unreliable domain from file raw_wikipedia_perennial_sources.csv
climate_change,slanted,sea level rise exaggerated,1,6,https://nypost.com/2025/09/07/opinion/rising-sea-hysteria-debunked-but-the-climate-change-cult-wont-care/,nypost.com,Rising-sea hysteria debunked — but the 'climate change ...,2026-05-09 16:07:16,"New York Post(NY Post,New York Evening Post,Page Six)(excluding entertainment)",New_York_Post,1090-3321;2641-4139;nypost.com,unreliable,Generally unreliable,"There is consensus theNew York Postis generally unreliable for factual reporting, especially with regard to politics, particularlyNew York City politics. Atabloid newspaper, editors criticise its lack of concern for fact-checking or corrections, including examples of outright fabrication. Editors consider theNew York Postmore reliable before it changed ownership in 1976, and particularly unreliable for coverage involving theNew York City Police Department. A 2024 RfC concluded that theNew York Postis marginally reliable for entertainment coverage; see below.This consensus does not apply to the broadsheet publication of the same name that existed from 1801–1942.",domain nypost.com matches unreliable domain from file raw_wikipedia_perennial_sources.csv
climate_change,slanted,sea level rise exaggerated,2,3,https://www.reddit.com/r/climatechange/comments/1ehtb0m/is_there_measurable_proof_of_sea_levels_rising/,reddit.com,Is there measurable proof of sea levels rising?,2026-05-09 16:07:26,Reddit,Reddit,reddit.com;redditinc.com,unreliable,Generally unreliable,"Reddit is asocial newsand discussion website. Reddit contains mostlyuser-generated content, and is considered bothself-publishedand generally unreliable. Interview responses written byverifiedinterviewees on ther/IAmAsubreddit areprimary sources, and editors disagree on their reliability. The policy on the use ofsources about themselvesapplies.",domain reddit.com matches unreliable domain from file raw_wikipedia_perennial_sources.csv
climate_change,slanted,sea level rise exaggerated,2,4,https://www.facebook.com/WoodsHoleOcean/posts/-are-our-fears-of-sea-level-rise-exaggeratedscientists-have-been-raising-alarms-/1201633765345466/,facebook.com,🌊 Are our fears of sea level rise exaggerated? Scientists ...,2026-05-09 16:07:26,Facebook(Meta),Facebook,facebook.com,unreliable,Generally unreliable,"Facebook is considered generally unreliable because it is aself-published sourcewith no editorial oversight. In the 2020 RfC, there was consensus to add anedit filterto warn users who attempt to cite Facebook as a source, and no consensus on whether Facebook citations should be automatically reverted withXLinkBot.",domain facebook.com matches unreliable domain from file raw_wikipedia_perennial_sources.csv
climate_change,slanted,sea level rise exaggerated,2,9,https://www.quora.com/Why-do-some-predictions-about-sea-level-rise-seem-exaggerated-when-actual-measurements-show-slower-increases,quora.com,Why do some predictions about sea level rise seem ...,2026-05-09 16:07:27,Quora,Quora,quora.com,unreliable,Generally unreliable,"Quora is aQ&A site. As an Internet forum, it is aself-published sourcethat incorporatesuser-generated content, and is considered generally unreliable. Posts fromverified accountson Quora can be used asprimary sourcesforstatements about themselves. Posts from verified accounts of established experts may also be used to substantiate statements in their field of expertise, in accordance with thepolicy on self-published sources.",domain quora.com matches unreliable domain from file raw_wikipedia_perennial_sources.csv
climate_change,neutral,carbon emissions impact,1,4,https://www.sciencedirect.com/science/article/abs/pii/S0140988323005388,sciencedirect.com,"Carbon emissions, environmental distortions, and impact ...",2026-05-09 16:08:01,ScienceDirecttopic page,ScienceDirect,sciencedirect.com,unreliable,Generally unreliable,"ScienceDirectis an online bibliographical database run by Elsevier. In addition to academic publications, the website maintains machine-generated ""topic pages"" consisting of quotations from publications in the database. These topic pages change over time, presenting a challenge toverifiability. Citations should be made to the actual, underlying publications quoted by the topic page.",domain sciencedirect.com matches unreliable domain from file raw_wikipedia_perennial_sources.csv
climate_change,slanted,carbon emissions scam,1,2,https://www.sciencedirect.com/science/article/pii/S258979182500026X,sciencedirect.com,Addressing scandals and greenwashing in carbon offset ...,2026-05-09 16:08:40,ScienceDirecttopic page,ScienceDirect,sciencedirect.com,unreliable,Generally unreliable,"ScienceDirectis an online bibliographical database run by Elsevier. In addition to academic publications, the website maintains machine-generated ""topic pages"" consisting of quotations from publications in the database. These topic pages change over time, presenting a challenge toverifiability. Citations should be made to the actual, underlying publications quoted by the topic page.",domain sciencedirect.com matches unreliable domain from file raw_wikipedia_perennial_sources.csv
climate_change,slanted,carbon emissions scam,2,1,https://www.reddit.com/r/europe/comments/1hd8sdl/how_a_chinese_firm_ran_a_billioneuro_carbon/,reddit.com,How a Chinese firm ran a billion-euro carbon credit scam,2026-05-09 16:08:56,Reddit,Reddit,reddit.com;redditinc.com,unreliable,Generally unreliable,"Reddit is asocial newsand discussion website. Reddit contains mostlyuser-generated content, and is considered bothself-publishedand generally unreliable. Interview responses written byverifiedinterviewees on ther/IAmAsubreddit areprimary sources, and editors disagree on their reliability. The policy on the use ofsources about themselvesapplies.",domain reddit.com matches unreliable domain from file raw_wikipedia_perennial_sources.csv
climate_change,neutral,renewable energy facts,3,1,https://www.youtube.com/watch?v=1kUE0BZtTRc,youtube.com,Renewable Energy 101 | National Geographic,2026-05-09 16:09:53,YouTube,YouTube,youtube.com,unreliable,Generally unreliable,"Most videos on YouTube are anonymous,self-published, and unverifiable, and should not be used as a reference. Content uploaded from a verified official account, such as that of a news organization, may be treated as originating from the uploader and therefore inheriting their level of reliability. However, many YouTube videos from unofficial accounts are copyright violations and should not be linked from Wikipedia, according toWP:COPYLINK. See alsoWP:YOUTUBEandWP:VIDEOLINK. For illustrative, non-referential use, seec:Commons:YouTube filesandWikipedia:Image use policy.",domain youtube.com matches unreliable domain from file raw_wikipedia_perennial_sources.csv
climate_change,slanted,renewable energy failures,1,7,https://www.sciencedirect.com/science/article/pii/S2211467X24003468,sciencedirect.com,The case study of Iran's solar energy,2026-05-09 16:10:22,ScienceDirecttopic page,ScienceDirect,sciencedirect.com,unreliable,Generally unreliable,"ScienceDirectis an online bibliographical database run by Elsevier. In addition to academic publications, the website maintains machine-generated ""topic pages"" consisting of quotations from publications in the database. These topic pages change over time, presenting a challenge toverifiability. Citations should be made to the actual, underlying publications quoted by the topic page.",domain sciencedirect.com matches unreliable domain from file raw_wikipedia_perennial_sources.csv
climate_change,slanted,renewable energy failures,2,1,https://www.reddit.com/r/austrian_economics/comments/1inszbt/how_many_more_ridiculous_green_energy_projects/,reddit.com,"""How Many More Ridiculous Green Energy Projects Will ...",2026-05-09 16:10:30,Reddit,Reddit,reddit.com;redditinc.com,unreliable,Generally unreliable,"Reddit is asocial newsand discussion website. Reddit contains mostlyuser-generated content, and is considered bothself-publishedand generally unreliable. Interview responses written byverifiedinterviewees on ther/IAmAsubreddit areprimary sources, and editors disagree on their reliability. The policy on the use ofsources about themselvesapplies.",domain reddit.com matches unreliable domain from file raw_wikipedia_perennial_sources.csv
climate_change,slanted,renewable energy failures,2,5,https://www.linkedin.com/pulse/renewable-energy-policy-successes-failures-around-world-prakash-,linkedin.com,Renewable Energy Policy: Successes and Failures Around ...,2026-05-09 16:10:31,LinkedIn(LinkedIn Pulse),LinkedIn,linkedin.com,unreliable,Generally unreliable,"LinkedIn is a social network. As aself-published source, it is considered generally unreliable and should be avoided unless the post is used for anuncontroversial self-description. Articles onLinkedIn Pulsewritten by LinkedIn users are also self-published. LinkedIn accounts should only be cited if they areverified accountsor if the user's identity is confirmed in some way. Posts that are not covered by reliable sources are likely to constituteundue weight. LinkedIn should never be used forthird-party claimsrelated toliving persons.",domain linkedin.com matches unreliable domain from file raw_wikipedia_perennial_sources.csv
climate_change,slanted,renewable energy failures,2,6,https://www.quora.com/What-is-the-biggest-clean-energy-policy-failure-in-almost-a-decade,quora.com,What is the biggest clean energy policy failure in almost a ...,2026-05-09 16:10:31,Quora,Quora,quora.com,unreliable,Generally unreliable,"Quora is aQ&A site. As an Internet forum, it is aself-published sourcethat incorporatesuser-generated content, and is considered generally unreliable. Posts fromverified accountson Quora can be used asprimary sourcesforstatements about themselves. Posts from verified accounts of established experts may also be used to substantiate statements in their field of expertise, in accordance with thepolicy on self-published sources.",domain quora.com matches unreliable domain from file raw_wikipedia_perennial_sources.csv
climate_change,slanted,renewable energy failures,2,8,https://www.youtube.com/watch?v=QK7EatMyTGQ,youtube.com,The Renewable Energy Fail,2026-05-09 16:10:32,YouTube,YouTube,youtube.com,unreliable,Generally unreliable,"Most videos on YouTube are anonymous,self-published, and unverifiable, and should not be used as a reference. Content uploaded from a verified official account, such as that of a news organization, may be treated as originating from the uploader and therefore inheriting their level of reliability. However, many YouTube videos from unofficial accounts are copyright violations and should not be linked from Wikipedia, according toWP:COPYLINK. See alsoWP:YOUTUBEandWP:VIDEOLINK. For illustrative, non-referential use, seec:Commons:YouTube filesandWikipedia:Image use policy.",domain youtube.com matches unreliable domain from file raw_wikipedia_perennial_sources.csv
climate_change,slanted,renewable energy failures,3,6,https://www.reddit.com/r/RenewableEnergy/comments/1izcqku/green_energy_gets_switched_off_as_power_systems/,reddit.com,Green energy gets switched off as power systems fail to ...,2026-05-09 16:10:41,Reddit,Reddit,reddit.com;redditinc.com,unreliable,Generally unreliable,"Reddit is asocial newsand discussion website. Reddit contains mostlyuser-generated content, and is considered bothself-publishedand generally unreliable. Interview responses written byverifiedinterviewees on ther/IAmAsubreddit areprimary sources, and editors disagree on their reliability. The policy on the use ofsources about themselvesapplies.",domain reddit.com matches unreliable domain from file raw_wikipedia_perennial_sources.csv
climate_change,slanted,renewable energy failures,3,9,https://www.sciencedirect.com/science/article/abs/pii/S0921800923001040,sciencedirect.com,The global wind energy industry's successes and failures,2026-05-09 16:10:42,ScienceDirecttopic page,ScienceDirect,sciencedirect.com,unreliable,Generally unreliable,"ScienceDirectis an online bibliographical database run by Elsevier. In addition to academic publications, the website maintains machine-generated ""topic pages"" consisting of quotations from publications in the database. These topic pages change over time, presenting a challenge toverifiability. Citations should be made to the actual, underlying publications quoted by the topic page.",domain sciencedirect.com matches unreliable domain from file raw_wikipedia_perennial_sources.csv
fluoridation,slanted,water fluoridation dangers,1,8,https://www.sciencedirect.com/science/article/pii/S2161831325001851,sciencedirect.com,Public Health Impacts of Water Fluorides: Current Evidence ...,2026-05-09 16:12:54,ScienceDirecttopic page,ScienceDirect,sciencedirect.com,unreliable,Generally unreliable,"ScienceDirectis an online bibliographical database run by Elsevier. In addition to academic publications, the website maintains machine-generated ""topic pages"" consisting of quotations from publications in the database. These topic pages change over time, presenting a challenge toverifiability. Citations should be made to the actual, underlying publications quoted by the topic page.",domain sciencedirect.com matches unreliable domain from file raw_wikipedia_perennial_sources.csv
fluoridation,slanted,water fluoridation dangers,3,2,https://www.youtube.com/watch?v=986rHqZHbew,youtube.com,The Truth About Fluoride | Dr. Staci Whitman & Dr. Andrew ...,2026-05-09 16:13:11,YouTube,YouTube,youtube.com,unreliable,Generally unreliable,"Most videos on YouTube are anonymous,self-published, and unverifiable, and should not be used as a reference. Content uploaded from a verified official account, such as that of a news organization, may be treated as originating from the uploader and therefore inheriting their level of reliability. However, many YouTube videos from unofficial accounts are copyright violations and should not be linked from Wikipedia, according toWP:COPYLINK. See alsoWP:YOUTUBEandWP:VIDEOLINK. For illustrative, non-referential use, seec:Commons:YouTube filesandWikipedia:Image use policy.",domain youtube.com matches unreliable domain from file raw_wikipedia_perennial_sources.csv
fluoridation,neutral,fluoride dental health,3,3,https://www.youtube.com/watch?v=986rHqZHbew,youtube.com,The Truth About Fluoride | Dr. Staci Whitman & Dr. Andrew ...,2026-05-09 16:13:56,YouTube,YouTube,youtube.com,unreliable,Generally unreliable,"Most videos on YouTube are anonymous,self-published, and unverifiable, and should not be used as a reference. Content uploaded from a verified official account, such as that of a news organization, may be treated as originating from the uploader and therefore inheriting their level of reliability. However, many YouTube videos from unofficial accounts are copyright violations and should not be linked from Wikipedia, according toWP:COPYLINK. See alsoWP:YOUTUBEandWP:VIDEOLINK. For illustrative, non-referential use, seec:Commons:YouTube filesandWikipedia:Image use policy.",domain youtube.com matches unreliable domain from file raw_wikipedia_perennial_sources.csv
fluoridation,slanted,fluoride toxicity,1,8,https://www.sciencedirect.com/science/article/pii/S0009279710004631,sciencedirect.com,Molecular mechanisms of fluoride toxicity,2026-05-09 16:14:50,ScienceDirecttopic page,ScienceDirect,sciencedirect.com,unreliable,Generally unreliable,"ScienceDirectis an online bibliographical database run by Elsevier. In addition to academic publications, the website maintains machine-generated ""topic pages"" consisting of quotations from publications in the database. These topic pages change over time, presenting a challenge toverifiability. Citations should be made to the actual, underlying publications quoted by the topic page.",domain sciencedirect.com matches unreliable domain from file raw_wikipedia_perennial_sources.csv
fluoridation,slanted,fluoride toxicity,3,3,https://www.youtube.com/watch?v=SsFN6VslMlA,youtube.com,"Fluoride Toxicity Explained | Causes, Symptoms & Prevention ...",2026-05-09 16:15:18,YouTube,YouTube,youtube.com,unreliable,Generally unreliable,"Most videos on YouTube are anonymous,self-published, and unverifiable, and should not be used as a reference. Content uploaded from a verified official account, such as that of a news organization, may be treated as originating from the uploader and therefore inheriting their level of reliability. However, many YouTube videos from unofficial accounts are copyright violations and should not be linked from Wikipedia, according toWP:COPYLINK. See alsoWP:YOUTUBEandWP:VIDEOLINK. For illustrative, non-referential use, seec:Commons:YouTube filesandWikipedia:Image use policy.",domain youtube.com matches unreliable domain from file raw_wikipedia_perennial_sources.csv
fluoridation,slanted,fluoride toxicity,3,8,https://www.reddit.com/r/askdentists/comments/1gnuo2c/why_do_some_people_claim_that_fluoride_is_bad_and/,reddit.com,Why do some people claim that fluoride is bad and toxic? ...,2026-05-09 16:15:20,Reddit,Reddit,reddit.com;redditinc.com,unreliable,Generally unreliable,"Reddit is asocial newsand discussion website. Reddit contains mostlyuser-generated content, and is considered bothself-publishedand generally unreliable. Interview responses written byverifiedinterviewees on ther/IAmAsubreddit areprimary sources, and editors disagree on their reliability. The policy on the use ofsources about themselvesapplies.",domain reddit.com matches unreliable domain from file raw_wikipedia_perennial_sources.csv
fluoridation,slanted,fluoride neurotoxicity,2,1,https://www.reddit.com/r/askscience/comments/2gjm99/does_fluoride_have_detrimental_effects/,reddit.com,Does Fluoride have detrimental effects neurologically?,2026-05-09 16:16:31,Reddit,Reddit,reddit.com;redditinc.com,unreliable,Generally unreliable,"Reddit is asocial newsand discussion website. Reddit contains mostlyuser-generated content, and is considered bothself-publishedand generally unreliable. Interview responses written byverifiedinterviewees on ther/IAmAsubreddit areprimary sources, and editors disagree on their reliability. The policy on the use ofsources about themselvesapplies.",domain reddit.com matches unreliable domain from file raw_wikipedia_perennial_sources.csv
fluoridation,slanted,fluoride neurotoxicity,2,2,https://www.sciencedirect.com/science/article/pii/S0013935123000312,sciencedirect.com,Fluoride exposure and cognitive neurodevelopment,2026-05-09 16:16:31,ScienceDirecttopic page,ScienceDirect,sciencedirect.com,unreliable,Generally unreliable,"ScienceDirectis an online bibliographical database run by Elsevier. In addition to academic publications, the website maintains machine-generated ""topic pages"" consisting of quotations from publications in the database. These topic pages change over time, presenting a challenge toverifiability. Citations should be made to the actual, underlying publications quoted by the topic page.",domain sciencedirect.com matches unreliable domain from file raw_wikipedia_perennial_sources.csv
fluoridation,slanted,fluoride neurotoxicity,2,10,https://www.youtube.com/watch?v=ICkFNTQX0uA,youtube.com,"Fluoride, Neurodevelopment, and Cognition: A National ...",2026-05-09 16:16:34,YouTube,YouTube,youtube.com,unreliable,Generally unreliable,"Most videos on YouTube are anonymous,self-published, and unverifiable, and should not be used as a reference. Content uploaded from a verified official account, such as that of a news organization, may be treated as originating from the uploader and therefore inheriting their level of reliability. However, many YouTube videos from unofficial accounts are copyright violations and should not be linked from Wikipedia, according toWP:COPYLINK. See alsoWP:YOUTUBEandWP:VIDEOLINK. For illustrative, non-referential use, seec:Commons:YouTube filesandWikipedia:Image use policy.",domain youtube.com matches unreliable domain from file raw_wikipedia_perennial_sources.csv
fluoridation,slanted,fluoride neurotoxicity,3,8,https://www.sciencedirect.com/science/article/abs/pii/S0306452224003919,sciencedirect.com,Focus on cognitive impairment induced by excessive fluoride,2026-05-09 16:16:43,ScienceDirecttopic page,ScienceDirect,sciencedirect.com,unreliable,Generally unreliable,"ScienceDirectis an online bibliographical database run by Elsevier. In addition to academic publications, the website maintains machine-generated ""topic pages"" consisting of quotations from publications in the database. These topic pages change over time, presenting a challenge toverifiability. Citations should be made to the actual, underlying publications quoted by the topic page.",domain sciencedirect.com matches unreliable domain from file raw_wikipedia_perennial_sources.csv
5g,neutral,5g technology health,2,4,https://www.sciencedirect.com/science/article/pii/S2949866X23000011,sciencedirect.com,"5G technology for healthcare: Features, serviceable pillars, ...",2026-05-09 16:17:18,ScienceDirecttopic page,ScienceDirect,sciencedirect.com,unreliable,Generally unreliable,"ScienceDirectis an online bibliographical database run by Elsevier. In addition to academic publications, the website maintains machine-generated ""topic pages"" consisting of quotations from publications in the database. These topic pages change over time, presenting a challenge toverifiability. Citations should be made to the actual, underlying publications quoted by the topic page.",domain sciencedirect.com matches unreliable domain from file raw_wikipedia_perennial_sources.csv
5g,slanted,5g radiation risks,1,9,https://www.sciencedirect.com/science/article/abs/pii/S0013935121000281,sciencedirect.com,What is the radiation before 5G? A correlation study ...,2026-05-09 16:17:48,ScienceDirecttopic page,ScienceDirect,sciencedirect.com,unreliable,Generally unreliable,"ScienceDirectis an online bibliographical database run by Elsevier. In addition to academic publications, the website maintains machine-generated ""topic pages"" consisting of quotations from publications in the database. These topic pages change over time, presenting a challenge toverifiability. Citations should be made to the actual, underlying publications quoted by the topic page.",domain sciencedirect.com matches unreliable domain from file raw_wikipedia_perennial_sources.csv
5g,neutral,5g safety research,2,6,https://www.sciencedirect.com/science/article/abs/pii/S0013935121000281,sciencedirect.com,What is the radiation before 5G? A correlation study ...,2026-05-09 16:18:41,ScienceDirecttopic page,ScienceDirect,sciencedirect.com,unreliable,Generally unreliable,"ScienceDirectis an online bibliographical database run by Elsevier. In addition to academic publications, the website maintains machine-generated ""topic pages"" consisting of quotations from publications in the database. These topic pages change over time, presenting a challenge toverifiability. Citations should be made to the actual, underlying publications quoted by the topic page.",domain sciencedirect.com matches unreliable domain from file raw_wikipedia_perennial_sources.csv
5g,neutral,5g safety research,3,3,https://www.reddit.com/r/biology/comments/gednww/why_are_people_worried_about_5g_harming_our/,reddit.com,Why are people worried about 5G harming our bodies? Is it ...,2026-05-09 16:18:49,Reddit,Reddit,reddit.com;redditinc.com,unreliable,Generally unreliable,"Reddit is asocial newsand discussion website. Reddit contains mostlyuser-generated content, and is considered bothself-publishedand generally unreliable. Interview responses written byverifiedinterviewees on ther/IAmAsubreddit areprimary sources, and editors disagree on their reliability. The policy on the use ofsources about themselvesapplies.",domain reddit.com matches unreliable domain from file raw_wikipedia_perennial_sources.csv
5g,neutral,5g safety research,3,5,https://www.sciencedirect.com/science/article/pii/S2590005623000152,sciencedirect.com,A Comprehensive review on 5G-based Smart Healthcare ...,2026-05-09 16:18:49,ScienceDirecttopic page,ScienceDirect,sciencedirect.com,unreliable,Generally unreliable,"ScienceDirectis an online bibliographical database run by Elsevier. In addition to academic publications, the website maintains machine-generated ""topic pages"" consisting of quotations from publications in the database. These topic pages change over time, presenting a challenge toverifiability. Citations should be made to the actual, underlying publications quoted by the topic page.",domain sciencedirect.com matches unreliable domain from file raw_wikipedia_perennial_sources.csv
5g,slanted,5g dangers,1,7,https://www.sciencedirect.com/science/article/abs/pii/S037842742030028X,sciencedirect.com,Adverse health effects of 5G mobile networking technology ...,2026-05-09 16:19:19,ScienceDirecttopic page,ScienceDirect,sciencedirect.com,unreliable,Generally unreliable,"ScienceDirectis an online bibliographical database run by Elsevier. In addition to academic publications, the website maintains machine-generated ""topic pages"" consisting of quotations from publications in the database. These topic pages change over time, presenting a challenge toverifiability. Citations should be made to the actual, underlying publications quoted by the topic page.",domain sciencedirect.com matches unreliable domain from file raw_wikipedia_perennial_sources.csv
5g,slanted,5g dangers,2,1,https://www.reddit.com/r/biology/comments/gednww/why_are_people_worried_about_5g_harming_our/,reddit.com,Why are people worried about 5G harming our bodies? Is it ...,2026-05-09 16:19:26,Reddit,Reddit,reddit.com;redditinc.com,unreliable,Generally unreliable,"Reddit is asocial newsand discussion website. Reddit contains mostlyuser-generated content, and is considered bothself-publishedand generally unreliable. Interview responses written byverifiedinterviewees on ther/IAmAsubreddit areprimary sources, and editors disagree on their reliability. The policy on the use ofsources about themselvesapplies.",domain reddit.com matches unreliable domain from file raw_wikipedia_perennial_sources.csv
5g,neutral,5g health studies,2,2,https://www.sciencedirect.com/science/article/abs/pii/S0013935121000281,sciencedirect.com,What is the radiation before 5G? A correlation study ...,2026-05-09 16:20:18,ScienceDirecttopic page,ScienceDirect,sciencedirect.com,unreliable,Generally unreliable,"ScienceDirectis an online bibliographical database run by Elsevier. In addition to academic publications, the website maintains machine-generated ""topic pages"" consisting of quotations from publications in the database. These topic pages change over time, presenting a challenge toverifiability. Citations should be made to the actual, underlying publications quoted by the topic page.",domain sciencedirect.com matches unreliable domain from file raw_wikipedia_perennial_sources.csv
5g,neutral,5g health studies,3,1,https://www.reddit.com/r/biology/comments/gednww/why_are_people_worried_about_5g_harming_our/,reddit.com,Why are people worried about 5G harming our bodies? Is it ...,2026-05-09 16:20:26,Reddit,Reddit,reddit.com;redditinc.com,unreliable,Generally unreliable,"Reddit is asocial newsand discussion website. Reddit contains mostlyuser-generated content, and is considered bothself-publishedand generally unreliable. Interview responses written byverifiedinterviewees on ther/IAmAsubreddit areprimary sources, and editors disagree on their reliability. The policy on the use ofsources about themselvesapplies.",domain reddit.com matches unreliable domain from file raw_wikipedia_perennial_sources.csv
5g,slanted,5g electromagnetic hypersensitivity,1,5,https://www.sciencedirect.com/science/article/pii/S105381192500343X,sciencedirect.com,5G radio-frequency-electromagnetic-field effects on the ...,2026-05-09 16:20:52,ScienceDirecttopic page,ScienceDirect,sciencedirect.com,unreliable,Generally unreliable,"ScienceDirectis an online bibliographical database run by Elsevier. In addition to academic publications, the website maintains machine-generated ""topic pages"" consisting of quotations from publications in the database. These topic pages change over time, presenting a challenge toverifiability. Citations should be made to the actual, underlying publications quoted by the topic page.",domain sciencedirect.com matches unreliable domain from file raw_wikipedia_perennial_sources.csv
5g,slanted,5g electromagnetic hypersensitivity,2,8,https://www.youtube.com/watch?v=MBNTVjNS5VE,youtube.com,Tortured By Technology? (Short Documentary) ¦ BBC Stories,2026-05-09 16:21:04,YouTube,YouTube,youtube.com,unreliable,Generally unreliable,"Most videos on YouTube are anonymous,self-published, and unverifiable, and should not be used as a reference. Content uploaded from a verified official account, such as that of a news organization, may be treated as originating from the uploader and therefore inheriting their level of reliability. However, many YouTube videos from unofficial accounts are copyright violations and should not be linked from Wikipedia, according toWP:COPYLINK. See alsoWP:YOUTUBEandWP:VIDEOLINK. For illustrative, non-referential use, seec:Commons:YouTube filesandWikipedia:Image use policy.",domain youtube.com matches unreliable domain from file raw_wikipedia_perennial_sources.csv
5g,slanted,5g electromagnetic hypersensitivity,3,10,https://www.quora.com/Do-5G-networks-give-off-radiation-If-so-is-it-harmful,quora.com,"Do 5G networks give off radiation? If so, is it harmful?",2026-05-09 16:21:13,Quora,Quora,quora.com,unreliable,Generally unreliable,"Quora is aQ&A site. As an Internet forum, it is aself-published sourcethat incorporatesuser-generated content, and is considered generally unreliable. Posts fromverified accountson Quora can be used asprimary sourcesforstatements about themselves. Posts from verified accounts of established experts may also be used to substantiate statements in their field of expertise, in accordance with thepolicy on self-published sources.",domain quora.com matches unreliable domain from file raw_wikipedia_perennial_sources.csv
nuclear_power,neutral,nuclear power safety,2,1,https://www.reddit.com/r/NuclearPower/comments/1hep0iy/genuine_question_about_the_safety_of_nuclear_power/,reddit.com,Genuine question about the safety of nuclear power,2026-05-09 16:23:25,Reddit,Reddit,reddit.com;redditinc.com,unreliable,Generally unreliable,"Reddit is asocial newsand discussion website. Reddit contains mostlyuser-generated content, and is considered bothself-publishedand generally unreliable. Interview responses written byverifiedinterviewees on ther/IAmAsubreddit areprimary sources, and editors disagree on their reliability. The policy on the use ofsources about themselvesapplies.",domain reddit.com matches unreliable domain from file raw_wikipedia_perennial_sources.csv
nuclear_power,neutral,nuclear power safety,2,4,https://www.sciencedirect.com/science/article/pii/S2214629615301067,sciencedirect.com,Reassessing the safety of nuclear power,2026-05-09 16:23:26,ScienceDirecttopic page,ScienceDirect,sciencedirect.com,unreliable,Generally unreliable,"ScienceDirectis an online bibliographical database run by Elsevier. In addition to academic publications, the website maintains machine-generated ""topic pages"" consisting of quotations from publications in the database. These topic pages change over time, presenting a challenge toverifiability. Citations should be made to the actual, underlying publications quoted by the topic page.",domain sciencedirect.com matches unreliable domain from file raw_wikipedia_perennial_sources.csv
nuclear_power,slanted,nuclear power risks,2,3,https://www.reddit.com/r/climatechange/comments/1cpuxcw/how_bad_is_nuclear_energy/,reddit.com,How bad is nuclear energy? : r/climatechange,2026-05-09 16:24:22,Reddit,Reddit,reddit.com;redditinc.com,unreliable,Generally unreliable,"Reddit is asocial newsand discussion website. Reddit contains mostlyuser-generated content, and is considered bothself-publishedand generally unreliable. Interview responses written byverifiedinterviewees on ther/IAmAsubreddit areprimary sources, and editors disagree on their reliability. The policy on the use ofsources about themselvesapplies.",domain reddit.com matches unreliable domain from file raw_wikipedia_perennial_sources.csv
nuclear_power,slanted,nuclear power risks,2,8,https://www.youtube.com/watch?v=M6xuOpGiVKA,youtube.com,7 DISADVANTAGES OF NUCLEAR ENERGY,2026-05-09 16:24:24,YouTube,YouTube,youtube.com,unreliable,Generally unreliable,"Most videos on YouTube are anonymous,self-published, and unverifiable, and should not be used as a reference. Content uploaded from a verified official account, such as that of a news organization, may be treated as originating from the uploader and therefore inheriting their level of reliability. However, many YouTube videos from unofficial accounts are copyright violations and should not be linked from Wikipedia, according toWP:COPYLINK. See alsoWP:YOUTUBEandWP:VIDEOLINK. For illustrative, non-referential use, seec:Commons:YouTube filesandWikipedia:Image use policy.",domain youtube.com matches unreliable domain from file raw_wikipedia_perennial_sources.csv
nuclear_power,neutral,nuclear waste management,1,6,https://www.sciencedirect.com/science/article/pii/S2772416625003432,sciencedirect.com,The radioactive waste management - State of the art and ...,2026-05-09 16:25:23,ScienceDirecttopic page,ScienceDirect,sciencedirect.com,unreliable,Generally unreliable,"ScienceDirectis an online bibliographical database run by Elsevier. In addition to academic publications, the website maintains machine-generated ""topic pages"" consisting of quotations from publications in the database. These topic pages change over time, presenting a challenge toverifiability. Citations should be made to the actual, underlying publications quoted by the topic page.",domain sciencedirect.com matches unreliable domain from file raw_wikipedia_perennial_sources.csv
nuclear_power,neutral,nuclear waste management,3,2,https://www.youtube.com/watch?v=3QXSkXHDZgU,youtube.com,Radioactive Waste - The Journey to Disposal,2026-05-09 16:25:40,YouTube,YouTube,youtube.com,unreliable,Generally unreliable,"Most videos on YouTube are anonymous,self-published, and unverifiable, and should not be used as a reference. Content uploaded from a verified official account, such as that of a news organization, may be treated as originating from the uploader and therefore inheriting their level of reliability. However, many YouTube videos from unofficial accounts are copyright violations and should not be linked from Wikipedia, according toWP:COPYLINK. See alsoWP:YOUTUBEandWP:VIDEOLINK. For illustrative, non-referential use, seec:Commons:YouTube filesandWikipedia:Image use policy.",domain youtube.com matches unreliable domain from file raw_wikipedia_perennial_sources.csv
nuclear_power,neutral,nuclear waste management,3,6,https://www.sciencedirect.com/science/article/pii/S0959652625010789,sciencedirect.com,Strategic nuclear waste management for reducing ...,2026-05-09 16:25:42,ScienceDirecttopic page,ScienceDirect,sciencedirect.com,unreliable,Generally unreliable,"ScienceDirectis an online bibliographical database run by Elsevier. In addition to academic publications, the website maintains machine-generated ""topic pages"" consisting of quotations from publications in the database. These topic pages change over time, presenting a challenge toverifiability. Citations should be made to the actual, underlying publications quoted by the topic page.",domain sciencedirect.com matches unreliable domain from file raw_wikipedia_perennial_sources.csv
nuclear_power,slanted,nuclear waste danger,1,2,https://www.reddit.com/r/NuclearPower/comments/17xo2lu/how_dangerous_is_nuclear_waste_is_it_actually/,reddit.com,How dangerous is nuclear waste? Is it actually basically ...,2026-05-09 16:26:55,Reddit,Reddit,reddit.com;redditinc.com,unreliable,Generally unreliable,"Reddit is asocial newsand discussion website. Reddit contains mostlyuser-generated content, and is considered bothself-publishedand generally unreliable. Interview responses written byverifiedinterviewees on ther/IAmAsubreddit areprimary sources, and editors disagree on their reliability. The policy on the use ofsources about themselvesapplies.",domain reddit.com matches unreliable domain from file raw_wikipedia_perennial_sources.csv
nuclear_power,slanted,nuclear waste danger,3,2,https://www.quora.com/Is-it-true-that-nuclear-waste-is-only-dangerous-for-a-short-time-like-300-years-or-is-that-just-a-myth-What-s-the-real-risk,quora.com,Is it true that nuclear waste is only dangerous for a short ...,2026-05-09 16:27:36,Quora,Quora,quora.com,unreliable,Generally unreliable,"Quora is aQ&A site. As an Internet forum, it is aself-published sourcethat incorporatesuser-generated content, and is considered generally unreliable. Posts fromverified accountson Quora can be used asprimary sourcesforstatements about themselves. Posts from verified accounts of established experts may also be used to substantiate statements in their field of expertise, in accordance with thepolicy on self-published sources.",domain quora.com matches unreliable domain from file raw_wikipedia_perennial_sources.csv
nuclear_power,neutral,nuclear energy carbon emissions,1,3,https://www.sciencedirect.com/science/article/pii/S0048969724039913,sciencedirect.com,Nuclear energy generation's impact on the CO2 emissions ...,2026-05-09 16:27:57,ScienceDirecttopic page,ScienceDirect,sciencedirect.com,unreliable,Generally unreliable,"ScienceDirectis an online bibliographical database run by Elsevier. In addition to academic publications, the website maintains machine-generated ""topic pages"" consisting of quotations from publications in the database. These topic pages change over time, presenting a challenge toverifiability. Citations should be made to the actual, underlying publications quoted by the topic page.",domain sciencedirect.com matches unreliable domain from file raw_wikipedia_perennial_sources.csv
nuclear_power,neutral,nuclear energy carbon emissions,2,2,https://www.reddit.com/r/nuclear/comments/whux81/anyone_knows_a_good_debunk_nuclear_has_the_same/,reddit.com,"Anyone knows a good debunk? ""Nuclear has the same ...",2026-05-09 16:28:15,Reddit,Reddit,reddit.com;redditinc.com,unreliable,Generally unreliable,"Reddit is asocial newsand discussion website. Reddit contains mostlyuser-generated content, and is considered bothself-publishedand generally unreliable. Interview responses written byverifiedinterviewees on ther/IAmAsubreddit areprimary sources, and editors disagree on their reliability. The policy on the use ofsources about themselvesapplies.",domain reddit.com matches unreliable domain from file raw_wikipedia_perennial_sources.csv
nuclear_power,slanted,nuclear accidents,2,3,https://www.youtube.com/watch?v=Jzfpyo-q-RM,youtube.com,Worst Nuclear Accidents in History,2026-05-09 16:28:53,YouTube,YouTube,youtube.com,unreliable,Generally unreliable,"Most videos on YouTube are anonymous,self-published, and unverifiable, and should not be used as a reference. Content uploaded from a verified official account, such as that of a news organization, may be treated as originating from the uploader and therefore inheriting their level of reliability. However, many YouTube videos from unofficial accounts are copyright violations and should not be linked from Wikipedia, according toWP:COPYLINK. See alsoWP:YOUTUBEandWP:VIDEOLINK. For illustrative, non-referential use, seec:Commons:YouTube filesandWikipedia:Image use policy.",domain youtube.com matches unreliable domain from file raw_wikipedia_perennial_sources.csv
nuclear_power,neutral,nuclear fusion research,2,5,https://www.reddit.com/r/AskPhysics/comments/1fkhm0l/where_are_we_with_nuclear_fusion/,reddit.com,Where are we with nuclear fusion? : r/AskPhysics,2026-05-09 16:29:56,Reddit,Reddit,reddit.com;redditinc.com,unreliable,Generally unreliable,"Reddit is asocial newsand discussion website. Reddit contains mostlyuser-generated content, and is considered bothself-publishedand generally unreliable. Interview responses written byverifiedinterviewees on ther/IAmAsubreddit areprimary sources, and editors disagree on their reliability. The policy on the use ofsources about themselvesapplies.",domain reddit.com matches unreliable domain from file raw_wikipedia_perennial_sources.csv
nuclear_power,neutral,nuclear fusion research,3,5,https://www.sciencedirect.com/science/article/abs/pii/S0301421520307540,sciencedirect.com,Re-examining the role of nuclear fusion in a renewables ...,2026-05-09 16:30:05,ScienceDirecttopic page,ScienceDirect,sciencedirect.com,unreliable,Generally unreliable,"ScienceDirectis an online bibliographical database run by Elsevier. In addition to academic publications, the website maintains machine-generated ""topic pages"" consisting of quotations from publications in the database. These topic pages change over time, presenting a challenge toverifiability. Citations should be made to the actual, underlying publications quoted by the topic page.",domain sciencedirect.com matches unreliable domain from file raw_wikipedia_perennial_sources.csv
nuclear_power,neutral,nuclear fusion research,3,8,https://www.youtube.com/watch?v=X1SffRGMBEU,youtube.com,MIT Professor Explains Nuclear Fusion in 5 Levels of Difficulty ...,2026-05-09 16:30:06,YouTube,YouTube,youtube.com,unreliable,Generally unreliable,"Most videos on YouTube are anonymous,self-published, and unverifiable, and should not be used as a reference. Content uploaded from a verified official account, such as that of a news organization, may be treated as originating from the uploader and therefore inheriting their level of reliability. However, many YouTube videos from unofficial accounts are copyright violations and should not be linked from Wikipedia, according toWP:COPYLINK. See alsoWP:YOUTUBEandWP:VIDEOLINK. For illustrative, non-referential use, seec:Commons:YouTube filesandWikipedia:Image use policy.",domain youtube.com matches unreliable domain from file raw_wikipedia_perennial_sources.csv
nuclear_power,slanted,nuclear proliferation risks,1,5,https://www.sciencedirect.com/science/article/pii/S0301421521004195,sciencedirect.com,Estimating nuclear proliferation and security risks in ...,2026-05-09 16:30:21,ScienceDirecttopic page,ScienceDirect,sciencedirect.com,unreliable,Generally unreliable,"ScienceDirectis an online bibliographical database run by Elsevier. In addition to academic publications, the website maintains machine-generated ""topic pages"" consisting of quotations from publications in the database. These topic pages change over time, presenting a challenge toverifiability. Citations should be made to the actual, underlying publications quoted by the topic page.",domain sciencedirect.com matches unreliable domain from file raw_wikipedia_perennial_sources.csv
nuclear_power,slanted,nuclear proliferation risks,2,2,https://www.linkedin.com/pulse/nuclear-proliferation-current-status-challenges-britton-6kfue,linkedin.com,Nuclear Proliferation: Current Status and Challenges,2026-05-09 16:30:30,LinkedIn(LinkedIn Pulse),LinkedIn,linkedin.com,unreliable,Generally unreliable,"LinkedIn is a social network. As aself-published source, it is considered generally unreliable and should be avoided unless the post is used for anuncontroversial self-description. Articles onLinkedIn Pulsewritten by LinkedIn users are also self-published. LinkedIn accounts should only be cited if they areverified accountsor if the user's identity is confirmed in some way. Posts that are not covered by reliable sources are likely to constituteundue weight. LinkedIn should never be used forthird-party claimsrelated toliving persons.",domain linkedin.com matches unreliable domain from file raw_wikipedia_perennial_sources.csv
nuclear_power,slanted,nuclear proliferation risks,3,2,https://www.youtube.com/watch?v=-ZHmh88GyGM,youtube.com,Back to the Future? Nuclear Proliferation Risks in an Era of ...,2026-05-09 16:30:39,YouTube,YouTube,youtube.com,unreliable,Generally unreliable,"Most videos on YouTube are anonymous,self-published, and unverifiable, and should not be used as a reference. Content uploaded from a verified official account, such as that of a news organization, may be treated as originating from the uploader and therefore inheriting their level of reliability. However, many YouTube videos from unofficial accounts are copyright violations and should not be linked from Wikipedia, according toWP:COPYLINK. See alsoWP:YOUTUBEandWP:VIDEOLINK. For illustrative, non-referential use, seec:Commons:YouTube filesandWikipedia:Image use policy.",domain youtube.com matches unreliable domain from file raw_wikipedia_perennial_sources.csv
nuclear_power,slanted,nuclear proliferation risks,3,7,https://www.sciencedirect.com/science/article/pii/S1738573324001347,sciencedirect.com,Assessing the nuclear weapons proliferation risks in ...,2026-05-09 16:30:42,ScienceDirecttopic page,ScienceDirect,sciencedirect.com,unreliable,Generally unreliable,"ScienceDirectis an online bibliographical database run by Elsevier. In addition to academic publications, the website maintains machine-generated ""topic pages"" consisting of quotations from publications in the database. These topic pages change over time, presenting a challenge toverifiability. Citations should be made to the actual, underlying publications quoted by the topic page.",domain sciencedirect.com matches unreliable domain from file raw_wikipedia_perennial_sources.csv
nuclear_power,slanted,nuclear proliferation risks,3,8,https://www.reddit.com/r/nuclear/comments/1lbzsse/proliferation_is_a_completely_invalid_argument/,reddit.com,Proliferation is a completely invalid argument against ...,2026-05-09 16:30:42,Reddit,Reddit,reddit.com;redditinc.com,unreliable,Generally unreliable,"Reddit is asocial newsand discussion website. Reddit contains mostlyuser-generated content, and is considered bothself-publishedand generally unreliable. Interview responses written byverifiedinterviewees on ther/IAmAsubreddit areprimary sources, and editors disagree on their reliability. The policy on the use ofsources about themselvesapplies.",domain reddit.com matches unreliable domain from file raw_wikipedia_perennial_sources.csv
nuclear_waste,neutral,radioactive waste disposal research,1,2,https://www.sciencedirect.com/science/article/pii/S2772416625003432,sciencedirect.com,The radioactive waste management - State of the art and ...,2026-05-09 16:31:00,ScienceDirecttopic page,ScienceDirect,sciencedirect.com,unreliable,Generally unreliable,"ScienceDirectis an online bibliographical database run by Elsevier. In addition to academic publications, the website maintains machine-generated ""topic pages"" consisting of quotations from publications in the database. These topic pages change over time, presenting a challenge toverifiability. Citations should be made to the actual, underlying publications quoted by the topic page.",domain sciencedirect.com matches unreliable domain from file raw_wikipedia_perennial_sources.csv
nuclear_waste,neutral,radioactive waste disposal research,3,7,https://www.youtube.com/watch?v=mwapC-CUyTo,youtube.com,Sweden's 100000-Year Solution to Nuclear Waste,2026-05-09 16:31:28,YouTube,YouTube,youtube.com,unreliable,Generally unreliable,"Most videos on YouTube are anonymous,self-published, and unverifiable, and should not be used as a reference. Content uploaded from a verified official account, such as that of a news organization, may be treated as originating from the uploader and therefore inheriting their level of reliability. However, many YouTube videos from unofficial accounts are copyright violations and should not be linked from Wikipedia, according toWP:COPYLINK. See alsoWP:YOUTUBEandWP:VIDEOLINK. For illustrative, non-referential use, seec:Commons:YouTube filesandWikipedia:Image use policy.",domain youtube.com matches unreliable domain from file raw_wikipedia_perennial_sources.csv
nuclear_waste,slanted,nuclear waste leaks,2,1,https://www.reddit.com/r/NuclearPower/comments/17xo2lu/how_dangerous_is_nuclear_waste_is_it_actually/,reddit.com,How dangerous is nuclear waste? Is it actually basically ...,2026-05-09 16:32:09,Reddit,Reddit,reddit.com;redditinc.com,unreliable,Generally unreliable,"Reddit is asocial newsand discussion website. Reddit contains mostlyuser-generated content, and is considered bothself-publishedand generally unreliable. Interview responses written byverifiedinterviewees on ther/IAmAsubreddit areprimary sources, and editors disagree on their reliability. The policy on the use ofsources about themselvesapplies.",domain reddit.com matches unreliable domain from file raw_wikipedia_perennial_sources.csv
nuclear_waste,slanted,nuclear waste leaks,3,8,https://www.quora.com/Has-there-been-any-leakage-of-nuclear-material-from-a-stored-nuclear-bomb,quora.com,Has there been any leakage of nuclear material from a ...,2026-05-09 16:32:21,Quora,Quora,quora.com,unreliable,Generally unreliable,"Quora is aQ&A site. As an Internet forum, it is aself-published sourcethat incorporatesuser-generated content, and is considered generally unreliable. Posts fromverified accountson Quora can be used asprimary sourcesforstatements about themselves. Posts from verified accounts of established experts may also be used to substantiate statements in their field of expertise, in accordance with thepolicy on self-published sources.",domain quora.com matches unreliable domain from file raw_wikipedia_perennial_sources.csv
nuclear_waste,neutral,deep geological repository data,1,5,https://www.sciencedirect.com/science/article/pii/S0265931X25001377,sciencedirect.com,Deep geological repositories — A review of design ...,2026-05-09 16:33:59,ScienceDirecttopic page,ScienceDirect,sciencedirect.com,unreliable,Generally unreliable,"ScienceDirectis an online bibliographical database run by Elsevier. In addition to academic publications, the website maintains machine-generated ""topic pages"" consisting of quotations from publications in the database. These topic pages change over time, presenting a challenge toverifiability. Citations should be made to the actual, underlying publications quoted by the topic page.",domain sciencedirect.com matches unreliable domain from file raw_wikipedia_perennial_sources.csv
nuclear_waste,slanted,radioactive waste transportation risks,1,9,https://www.sciencedirect.com/science/article/abs/pii/S3050475925007213,sciencedirect.com,Transporting the invisible hazard: Risk assessment and ...,2026-05-09 16:34:38,ScienceDirecttopic page,ScienceDirect,sciencedirect.com,unreliable,Generally unreliable,"ScienceDirectis an online bibliographical database run by Elsevier. In addition to academic publications, the website maintains machine-generated ""topic pages"" consisting of quotations from publications in the database. These topic pages change over time, presenting a challenge toverifiability. Citations should be made to the actual, underlying publications quoted by the topic page.",domain sciencedirect.com matches unreliable domain from file raw_wikipedia_perennial_sources.csv
nuclear_waste,slanted,radioactive waste transportation risks,3,6,https://www.reddit.com/r/Radiation/comments/1br4j8v/first_time_seeing_a_truck_labeled_with_so_many/,reddit.com,First time seeing a truck labeled with so many Radiation ...,2026-05-09 16:34:56,Reddit,Reddit,reddit.com;redditinc.com,unreliable,Generally unreliable,"Reddit is asocial newsand discussion website. Reddit contains mostlyuser-generated content, and is considered bothself-publishedand generally unreliable. Interview responses written byverifiedinterviewees on ther/IAmAsubreddit areprimary sources, and editors disagree on their reliability. The policy on the use ofsources about themselvesapplies.",domain reddit.com matches unreliable domain from file raw_wikipedia_perennial_sources.csv
pesticides,neutral,pesticide regulation science,1,2,https://www.sciencedirect.com/topics/pharmacology-toxicology-and-pharmaceutical-science/pesticide-regulation,sciencedirect.com,Pesticide Regulation - an overview,2026-05-09 16:35:14,ScienceDirecttopic page,ScienceDirect,sciencedirect.com,unreliable,Generally unreliable,"ScienceDirectis an online bibliographical database run by Elsevier. In addition to academic publications, the website maintains machine-generated ""topic pages"" consisting of quotations from publications in the database. These topic pages change over time, presenting a challenge toverifiability. Citations should be made to the actual, underlying publications quoted by the topic page.",domain sciencedirect.com matches unreliable domain from file raw_wikipedia_perennial_sources.csv
pesticides,neutral,pesticide regulation science,2,6,https://www.sciencedirect.com/topics/medicine-and-dentistry/pesticide-regulation,sciencedirect.com,Pesticide Regulation - an overview,2026-05-09 16:35:28,ScienceDirecttopic page,ScienceDirect,sciencedirect.com,unreliable,Generally unreliable,"ScienceDirectis an online bibliographical database run by Elsevier. In addition to academic publications, the website maintains machine-generated ""topic pages"" consisting of quotations from publications in the database. These topic pages change over time, presenting a challenge toverifiability. Citations should be made to the actual, underlying publications quoted by the topic page.",domain sciencedirect.com matches unreliable domain from file raw_wikipedia_perennial_sources.csv
pesticides,neutral,pesticide regulation science,3,4,https://www.reddit.com/r/europe/comments/1ph822v/eu_commission_proposes_unlimited_pesticide/,reddit.com,EU Commission proposes unlimited pesticide approvals,2026-05-09 16:35:36,Reddit,Reddit,reddit.com;redditinc.com,unreliable,Generally unreliable,"Reddit is asocial newsand discussion website. Reddit contains mostlyuser-generated content, and is considered bothself-publishedand generally unreliable. Interview responses written byverifiedinterviewees on ther/IAmAsubreddit areprimary sources, and editors disagree on their reliability. The policy on the use ofsources about themselvesapplies.",domain reddit.com matches unreliable domain from file raw_wikipedia_perennial_sources.csv
pesticides,slanted,pesticide health hazards,1,7,https://www.sciencedirect.com/science/article/pii/S2214750024002233,sciencedirect.com,"A systematic review of pesticide exposure, associated risks ...",2026-05-09 16:35:53,ScienceDirecttopic page,ScienceDirect,sciencedirect.com,unreliable,Generally unreliable,"ScienceDirectis an online bibliographical database run by Elsevier. In addition to academic publications, the website maintains machine-generated ""topic pages"" consisting of quotations from publications in the database. These topic pages change over time, presenting a challenge toverifiability. Citations should be made to the actual, underlying publications quoted by the topic page.",domain sciencedirect.com matches unreliable domain from file raw_wikipedia_perennial_sources.csv
pesticides,slanted,pesticide health hazards,3,4,https://www.sciencedirect.com/science/article/pii/S2214750025001155,sciencedirect.com,Pesticide exposure and acute health problems among ...,2026-05-09 16:36:13,ScienceDirecttopic page,ScienceDirect,sciencedirect.com,unreliable,Generally unreliable,"ScienceDirectis an online bibliographical database run by Elsevier. In addition to academic publications, the website maintains machine-generated ""topic pages"" consisting of quotations from publications in the database. These topic pages change over time, presenting a challenge toverifiability. Citations should be made to the actual, underlying publications quoted by the topic page.",domain sciencedirect.com matches unreliable domain from file raw_wikipedia_perennial_sources.csv
pesticides,neutral,organic farming pesticide use,1,8,https://www.reddit.com/r/organic/comments/11n3wbe/new_to_organic_and_have_a_question_about_organic/,reddit.com,New to organic and have a question about organic pesticides,2026-05-09 16:36:41,Reddit,Reddit,reddit.com;redditinc.com,unreliable,Generally unreliable,"Reddit is asocial newsand discussion website. Reddit contains mostlyuser-generated content, and is considered bothself-publishedand generally unreliable. Interview responses written byverifiedinterviewees on ther/IAmAsubreddit areprimary sources, and editors disagree on their reliability. The policy on the use ofsources about themselvesapplies.",domain reddit.com matches unreliable domain from file raw_wikipedia_perennial_sources.csv
pesticides,neutral,organic farming pesticide use,1,10,https://www.sciencedirect.com/science/article/pii/S2542519625002943,sciencedirect.com,Pesticide exposure among organic and conventional ...,2026-05-09 16:36:42,ScienceDirecttopic page,ScienceDirect,sciencedirect.com,unreliable,Generally unreliable,"ScienceDirectis an online bibliographical database run by Elsevier. In addition to academic publications, the website maintains machine-generated ""topic pages"" consisting of quotations from publications in the database. These topic pages change over time, presenting a challenge toverifiability. Citations should be made to the actual, underlying publications quoted by the topic page.",domain sciencedirect.com matches unreliable domain from file raw_wikipedia_perennial_sources.csv
pesticides,neutral,organic farming pesticide use,2,5,https://www.instagram.com/p/DUc1Ktbitwa/,instagram.com,While almost 300 synthetic pesticides can be ...,2026-05-09 16:36:56,"Instagram(IG, Insta, The Gram)",Instagram,instagram.com,unreliable,Generally unreliable,"As asocial networking service, Instagram is covered by the following policies and guidelines:WP:SOCIALMEDIA,WP:RSSELF,WP:SPSandWP:UGC.",domain instagram.com matches unreliable domain from file raw_wikipedia_perennial_sources.csv
pesticides,neutral,organic farming pesticide use,3,6,https://www.facebook.com/riverford/posts/this-is-something-we-see-in-the-comments-a-lot-that-organic-farming-also-uses-pe/1343257231167485/,facebook.com,"certified organic farmers use no pesticides at all. Instead, ...",2026-05-09 16:37:05,Facebook(Meta),Facebook,facebook.com,unreliable,Generally unreliable,"Facebook is considered generally unreliable because it is aself-published sourcewith no editorial oversight. In the 2020 RfC, there was consensus to add anedit filterto warn users who attempt to cite Facebook as a source, and no consensus on whether Facebook citations should be automatically reverted withXLinkBot.",domain facebook.com matches unreliable domain from file raw_wikipedia_perennial_sources.csv
pesticides,slanted,conventional pesticide dangers,1,3,https://www.reddit.com/r/skeptic/comments/1h0l5u4/conventional_produce_is_safe_to_eat_and_isnt/,reddit.com,Conventional produce is safe to eat and isn't covered in ...,2026-05-09 16:37:19,Reddit,Reddit,reddit.com;redditinc.com,unreliable,Generally unreliable,"Reddit is asocial newsand discussion website. Reddit contains mostlyuser-generated content, and is considered bothself-publishedand generally unreliable. Interview responses written byverifiedinterviewees on ther/IAmAsubreddit areprimary sources, and editors disagree on their reliability. The policy on the use ofsources about themselvesapplies.",domain reddit.com matches unreliable domain from file raw_wikipedia_perennial_sources.csv
pesticides,slanted,conventional pesticide dangers,1,6,https://www.sciencedirect.com/science/article/pii/S2405665024001112,sciencedirect.com,A comprehensive review on environmental and human ...,2026-05-09 16:37:26,ScienceDirecttopic page,ScienceDirect,sciencedirect.com,unreliable,Generally unreliable,"ScienceDirectis an online bibliographical database run by Elsevier. In addition to academic publications, the website maintains machine-generated ""topic pages"" consisting of quotations from publications in the database. These topic pages change over time, presenting a challenge toverifiability. Citations should be made to the actual, underlying publications quoted by the topic page.",domain sciencedirect.com matches unreliable domain from file raw_wikipedia_perennial_sources.csv
pesticides,slanted,conventional pesticide dangers,2,7,https://www.facebook.com/gisbarbados/posts/some-pesticides-do-more-harm-than-good-learn-why-certain-chemicals-are-too-dange/1244189451080802/?locale=sk_SK,facebook.com,Some pesticides do more harm than good. Learn why ...,2026-05-09 16:37:37,Facebook(Meta),Facebook,facebook.com,unreliable,Generally unreliable,"Facebook is considered generally unreliable because it is aself-published sourcewith no editorial oversight. In the 2020 RfC, there was consensus to add anedit filterto warn users who attempt to cite Facebook as a source, and no consensus on whether Facebook citations should be automatically reverted withXLinkBot.",domain facebook.com matches unreliable domain from file raw_wikipedia_perennial_sources.csv
pesticides,slanted,conventional pesticide dangers,2,9,https://www.facebook.com/IowaFarmBabe/posts/both-organic-and-conventional-farmers-may-or-may-not-use-chemical-pesticides-it-/2063893013893132/,facebook.com,Both organic and conventional farmers may or may not use ...,2026-05-09 16:37:38,Facebook(Meta),Facebook,facebook.com,unreliable,Generally unreliable,"Facebook is considered generally unreliable because it is aself-published sourcewith no editorial oversight. In the 2020 RfC, there was consensus to add anedit filterto warn users who attempt to cite Facebook as a source, and no consensus on whether Facebook citations should be automatically reverted withXLinkBot.",domain facebook.com matches unreliable domain from file raw_wikipedia_perennial_sources.csv
pesticides,slanted,conventional pesticide dangers,3,9,https://www.quora.com/Are-organic-pesticides-safer-than-conventional-pesticides,quora.com,Are organic pesticides safer than conventional ...,2026-05-09 16:37:46,Quora,Quora,quora.com,unreliable,Generally unreliable,"Quora is aQ&A site. As an Internet forum, it is aself-published sourcethat incorporatesuser-generated content, and is considered generally unreliable. Posts fromverified accountson Quora can be used asprimary sourcesforstatements about themselves. Posts from verified accounts of established experts may also be used to substantiate statements in their field of expertise, in accordance with thepolicy on self-published sources.",domain quora.com matches unreliable domain from file raw_wikipedia_perennial_sources.csv
artificial_sweeteners,neutral,aspartame safety,2,6,https://www.sciencedirect.com/science/article/abs/pii/S0273230002915424,sciencedirect.com,Aspartame: Review of Safety,2026-05-09 16:39:53,ScienceDirecttopic page,ScienceDirect,sciencedirect.com,unreliable,Generally unreliable,"ScienceDirectis an online bibliographical database run by Elsevier. In addition to academic publications, the website maintains machine-generated ""topic pages"" consisting of quotations from publications in the database. These topic pages change over time, presenting a challenge toverifiability. Citations should be made to the actual, underlying publications quoted by the topic page.",domain sciencedirect.com matches unreliable domain from file raw_wikipedia_perennial_sources.csv
artificial_sweeteners,slanted,aspartame dangers,3,4,https://www.reddit.com/r/HealthyFood/comments/113vuqw/how_bad_is_aspartame_as_a_sweetener_vs_regular/,reddit.com,How bad is aspartame as a sweetener vs regular sugar in ...,2026-05-09 16:42:46,Reddit,Reddit,reddit.com;redditinc.com,unreliable,Generally unreliable,"Reddit is asocial newsand discussion website. Reddit contains mostlyuser-generated content, and is considered bothself-publishedand generally unreliable. Interview responses written byverifiedinterviewees on ther/IAmAsubreddit areprimary sources, and editors disagree on their reliability. The policy on the use ofsources about themselvesapplies.",domain reddit.com matches unreliable domain from file raw_wikipedia_perennial_sources.csv
artificial_sweeteners,neutral,sucralose research,2,1,https://www.reddit.com/r/ScientificNutrition/comments/1n1quuu/what_is_the_scientific_consensus_on_sucralose_and/,reddit.com,What is the Scientific Consensus on Sucralose? (and other ...,2026-05-09 16:43:27,Reddit,Reddit,reddit.com;redditinc.com,unreliable,Generally unreliable,"Reddit is asocial newsand discussion website. Reddit contains mostlyuser-generated content, and is considered bothself-publishedand generally unreliable. Interview responses written byverifiedinterviewees on ther/IAmAsubreddit areprimary sources, and editors disagree on their reliability. The policy on the use ofsources about themselvesapplies.",domain reddit.com matches unreliable domain from file raw_wikipedia_perennial_sources.csv
artificial_sweeteners,neutral,sucralose research,2,5,https://www.youtube.com/watch?v=sYvMzkTrxk4,youtube.com,The Most Precise Artificial Sweetener Study Was Just ...,2026-05-09 16:43:28,YouTube,YouTube,youtube.com,unreliable,Generally unreliable,"Most videos on YouTube are anonymous,self-published, and unverifiable, and should not be used as a reference. Content uploaded from a verified official account, such as that of a news organization, may be treated as originating from the uploader and therefore inheriting their level of reliability. However, many YouTube videos from unofficial accounts are copyright violations and should not be linked from Wikipedia, according toWP:COPYLINK. See alsoWP:YOUTUBEandWP:VIDEOLINK. For illustrative, non-referential use, seec:Commons:YouTube filesandWikipedia:Image use policy.",domain youtube.com matches unreliable domain from file raw_wikipedia_perennial_sources.csv
artificial_sweeteners,neutral,sucralose research,3,1,https://www.sciencedirect.com/science/article/pii/S0278691517302818,sciencedirect.com,Critical review of the current literature on the safety ...,2026-05-09 16:43:36,ScienceDirecttopic page,ScienceDirect,sciencedirect.com,unreliable,Generally unreliable,"ScienceDirectis an online bibliographical database run by Elsevier. In addition to academic publications, the website maintains machine-generated ""topic pages"" consisting of quotations from publications in the database. These topic pages change over time, presenting a challenge toverifiability. Citations should be made to the actual, underlying publications quoted by the topic page.",domain sciencedirect.com matches unreliable domain from file raw_wikipedia_perennial_sources.csv
artificial_sweeteners,slanted,sucralose health risks,2,4,https://www.reddit.com/r/nutrition/comments/xe4o2w/does_anyone_know_how_bad_actually_sucralose_is/,reddit.com,Does anyone know how bad actually sucralose is?,2026-05-09 16:44:14,Reddit,Reddit,reddit.com;redditinc.com,unreliable,Generally unreliable,"Reddit is asocial newsand discussion website. Reddit contains mostlyuser-generated content, and is considered bothself-publishedand generally unreliable. Interview responses written byverifiedinterviewees on ther/IAmAsubreddit areprimary sources, and editors disagree on their reliability. The policy on the use ofsources about themselvesapplies.",domain reddit.com matches unreliable domain from file raw_wikipedia_perennial_sources.csv
artificial_sweeteners,slanted,sucralose health risks,2,10,https://www.youtube.com/watch?v=VPsRyQl6eSs,youtube.com,The Hidden Dangers of Splenda: New Research Reveals ...,2026-05-09 16:44:16,YouTube,YouTube,youtube.com,unreliable,Generally unreliable,"Most videos on YouTube are anonymous,self-published, and unverifiable, and should not be used as a reference. Content uploaded from a verified official account, such as that of a news organization, may be treated as originating from the uploader and therefore inheriting their level of reliability. However, many YouTube videos from unofficial accounts are copyright violations and should not be linked from Wikipedia, according toWP:COPYLINK. See alsoWP:YOUTUBEandWP:VIDEOLINK. For illustrative, non-referential use, seec:Commons:YouTube filesandWikipedia:Image use policy.",domain youtube.com matches unreliable domain from file raw_wikipedia_perennial_sources.csv
artificial_sweeteners,neutral,stevia information,2,2,https://www.sciencedirect.com/science/article/pii/S0022316622163650,sciencedirect.com,Stevia Leaf to Stevia Sweetener: Exploring Its Science ...,2026-05-09 16:46:47,ScienceDirecttopic page,ScienceDirect,sciencedirect.com,unreliable,Generally unreliable,"ScienceDirectis an online bibliographical database run by Elsevier. In addition to academic publications, the website maintains machine-generated ""topic pages"" consisting of quotations from publications in the database. These topic pages change over time, presenting a challenge toverifiability. Citations should be made to the actual, underlying publications quoted by the topic page.",domain sciencedirect.com matches unreliable domain from file raw_wikipedia_perennial_sources.csv
artificial_sweeteners,slanted,stevia side effects,2,1,https://www.reddit.com/r/nutrition/comments/1itsuve/are_there_any_adverse_effects_of_stevia/,reddit.com,Are there any adverse effects of stevia? : r/nutrition,2026-05-09 16:48:27,Reddit,Reddit,reddit.com;redditinc.com,unreliable,Generally unreliable,"Reddit is asocial newsand discussion website. Reddit contains mostlyuser-generated content, and is considered bothself-publishedand generally unreliable. Interview responses written byverifiedinterviewees on ther/IAmAsubreddit areprimary sources, and editors disagree on their reliability. The policy on the use ofsources about themselvesapplies.",domain reddit.com matches unreliable domain from file raw_wikipedia_perennial_sources.csv
artificial_sweeteners,neutral,diet soda health,2,2,https://www.youtube.com/watch?v=Z-pr_M7LRYg,youtube.com,Is Diet Soda Bad For You?,2026-05-09 16:49:22,YouTube,YouTube,youtube.com,unreliable,Generally unreliable,"Most videos on YouTube are anonymous,self-published, and unverifiable, and should not be used as a reference. Content uploaded from a verified official account, such as that of a news organization, may be treated as originating from the uploader and therefore inheriting their level of reliability. However, many YouTube videos from unofficial accounts are copyright violations and should not be linked from Wikipedia, according toWP:COPYLINK. See alsoWP:YOUTUBEandWP:VIDEOLINK. For illustrative, non-referential use, seec:Commons:YouTube filesandWikipedia:Image use policy.",domain youtube.com matches unreliable domain from file raw_wikipedia_perennial_sources.csv
artificial_sweeteners,neutral,diet soda health,2,5,https://www.reddit.com/r/nutrition/comments/1l8iqvy/how_bad_is_diet_soda/,reddit.com,How bad is diet soda ? : r/nutrition,2026-05-09 16:49:25,Reddit,Reddit,reddit.com;redditinc.com,unreliable,Generally unreliable,"Reddit is asocial newsand discussion website. Reddit contains mostlyuser-generated content, and is considered bothself-publishedand generally unreliable. Interview responses written byverifiedinterviewees on ther/IAmAsubreddit areprimary sources, and editors disagree on their reliability. The policy on the use ofsources about themselvesapplies.",domain reddit.com matches unreliable domain from file raw_wikipedia_perennial_sources.csv
artificial_sweeteners,neutral,diet soda health,2,8,https://www.facebook.com/my.louisianablue/posts/regular-soda-or-diet-soda-our-dietitians-break-down-why-diet-soda-can-be-the-bet/1285283927059670/,facebook.com,Regular soda or diet soda? 🥤 Our dietitians break down ...,2026-05-09 16:49:26,Facebook(Meta),Facebook,facebook.com,unreliable,Generally unreliable,"Facebook is considered generally unreliable because it is aself-published sourcewith no editorial oversight. In the 2020 RfC, there was consensus to add anedit filterto warn users who attempt to cite Facebook as a source, and no consensus on whether Facebook citations should be automatically reverted withXLinkBot.",domain facebook.com matches unreliable domain from file raw_wikipedia_perennial_sources.csv
artificial_sweeteners,slanted,diet soda cancer risk,2,2,https://www.sciencedirect.com/science/article/pii/S0002916523029209,sciencedirect.com,Consumption of artificial sweetener– and sugar-containing ...,2026-05-09 16:50:13,ScienceDirecttopic page,ScienceDirect,sciencedirect.com,unreliable,Generally unreliable,"ScienceDirectis an online bibliographical database run by Elsevier. In addition to academic publications, the website maintains machine-generated ""topic pages"" consisting of quotations from publications in the database. These topic pages change over time, presenting a challenge toverifiability. Citations should be made to the actual, underlying publications quoted by the topic page.",domain sciencedirect.com matches unreliable domain from file raw_wikipedia_perennial_sources.csv
artificial_sweeteners,slanted,diet soda cancer risk,2,7,https://www.reddit.com/r/breastcancer/comments/1pgxnln/aspartame_did_your_oncologist_say_to_avoid/,reddit.com,Aspartame - did your oncologist say to avoid?,2026-05-09 16:50:14,Reddit,Reddit,reddit.com;redditinc.com,unreliable,Generally unreliable,"Reddit is asocial newsand discussion website. Reddit contains mostlyuser-generated content, and is considered bothself-publishedand generally unreliable. Interview responses written byverifiedinterviewees on ther/IAmAsubreddit areprimary sources, and editors disagree on their reliability. The policy on the use ofsources about themselvesapplies.",domain reddit.com matches unreliable domain from file raw_wikipedia_perennial_sources.csv
electromagnetic_fields,neutral,emf safety research,2,6,https://www.sciencedirect.com/science/article/pii/S0160412024001983,sciencedirect.com,The effects of radiofrequency electromagnetic fields ...,2026-05-09 16:50:50,ScienceDirecttopic page,ScienceDirect,sciencedirect.com,unreliable,Generally unreliable,"ScienceDirectis an online bibliographical database run by Elsevier. In addition to academic publications, the website maintains machine-generated ""topic pages"" consisting of quotations from publications in the database. These topic pages change over time, presenting a challenge toverifiability. Citations should be made to the actual, underlying publications quoted by the topic page.",domain sciencedirect.com matches unreliable domain from file raw_wikipedia_perennial_sources.csv
electromagnetic_fields,slanted,emf health risks,1,9,https://www.sciencedirect.com/science/article/pii/S1120179716308766,sciencedirect.com,The effects of electromagnetic fields on human health,2026-05-09 16:51:28,ScienceDirecttopic page,ScienceDirect,sciencedirect.com,unreliable,Generally unreliable,"ScienceDirectis an online bibliographical database run by Elsevier. In addition to academic publications, the website maintains machine-generated ""topic pages"" consisting of quotations from publications in the database. These topic pages change over time, presenting a challenge toverifiability. Citations should be made to the actual, underlying publications quoted by the topic page.",domain sciencedirect.com matches unreliable domain from file raw_wikipedia_perennial_sources.csv
electromagnetic_fields,slanted,emf health risks,2,6,https://www.reddit.com/r/ScienceBasedParenting/comments/x2ew8r/should_i_be_concerned_about_emf/,reddit.com,Should I be concerned about EMF?,2026-05-09 16:51:37,Reddit,Reddit,reddit.com;redditinc.com,unreliable,Generally unreliable,"Reddit is asocial newsand discussion website. Reddit contains mostlyuser-generated content, and is considered bothself-publishedand generally unreliable. Interview responses written byverifiedinterviewees on ther/IAmAsubreddit areprimary sources, and editors disagree on their reliability. The policy on the use ofsources about themselvesapplies.",domain reddit.com matches unreliable domain from file raw_wikipedia_perennial_sources.csv
electromagnetic_fields,slanted,emf health risks,2,10,https://www.youtube.com/watch?v=dpiNnLvWdwg,youtube.com,"The Science of EMF: Health Risks, Electrohypersensitivity, ...",2026-05-09 16:51:38,YouTube,YouTube,youtube.com,unreliable,Generally unreliable,"Most videos on YouTube are anonymous,self-published, and unverifiable, and should not be used as a reference. Content uploaded from a verified official account, such as that of a news organization, may be treated as originating from the uploader and therefore inheriting their level of reliability. However, many YouTube videos from unofficial accounts are copyright violations and should not be linked from Wikipedia, according toWP:COPYLINK. See alsoWP:YOUTUBEandWP:VIDEOLINK. For illustrative, non-referential use, seec:Commons:YouTube filesandWikipedia:Image use policy.",domain youtube.com matches unreliable domain from file raw_wikipedia_perennial_sources.csv
electromagnetic_fields,neutral,power lines health,2,5,https://www.reddit.com/r/Powerlines/comments/120fv98/emf_from_powerlines_health_hazard_or_myth/,reddit.com,EMF From Powerlines - Health Hazard or myth,2026-05-09 16:52:36,Reddit,Reddit,reddit.com;redditinc.com,unreliable,Generally unreliable,"Reddit is asocial newsand discussion website. Reddit contains mostlyuser-generated content, and is considered bothself-publishedand generally unreliable. Interview responses written byverifiedinterviewees on ther/IAmAsubreddit areprimary sources, and editors disagree on their reliability. The policy on the use ofsources about themselvesapplies.",domain reddit.com matches unreliable domain from file raw_wikipedia_perennial_sources.csv
electromagnetic_fields,neutral,power lines health,2,6,https://www.sciencedirect.com/science/article/pii/S0013935123011246,sciencedirect.com,Residential exposure to magnetic fields from high-voltage ...,2026-05-09 16:52:36,ScienceDirecttopic page,ScienceDirect,sciencedirect.com,unreliable,Generally unreliable,"ScienceDirectis an online bibliographical database run by Elsevier. In addition to academic publications, the website maintains machine-generated ""topic pages"" consisting of quotations from publications in the database. These topic pages change over time, presenting a challenge toverifiability. Citations should be made to the actual, underlying publications quoted by the topic page.",domain sciencedirect.com matches unreliable domain from file raw_wikipedia_perennial_sources.csv
electromagnetic_fields,neutral,power lines health,3,4,https://www.quora.com/Does-anybody-live-next-to-a-street-power-line-Has-there-been-any-problem-with-it-health-wise,quora.com,Does anybody live next to a street power line? Has there ...,2026-05-09 16:52:44,Quora,Quora,quora.com,unreliable,Generally unreliable,"Quora is aQ&A site. As an Internet forum, it is aself-published sourcethat incorporatesuser-generated content, and is considered generally unreliable. Posts fromverified accountson Quora can be used asprimary sourcesforstatements about themselves. Posts from verified accounts of established experts may also be used to substantiate statements in their field of expertise, in accordance with thepolicy on self-published sources.",domain quora.com matches unreliable domain from file raw_wikipedia_perennial_sources.csv
electromagnetic_fields,slanted,power lines cancer,1,7,https://www.reddit.com/r/AskEngineers/comments/bhg185/hey_electrical_engineers_is_living_under_a/,reddit.com,Hey electrical engineers is living under a transmission ...,2026-05-09 16:53:11,Reddit,Reddit,reddit.com;redditinc.com,unreliable,Generally unreliable,"Reddit is asocial newsand discussion website. Reddit contains mostlyuser-generated content, and is considered bothself-publishedand generally unreliable. Interview responses written byverifiedinterviewees on ther/IAmAsubreddit areprimary sources, and editors disagree on their reliability. The policy on the use ofsources about themselvesapplies.",domain reddit.com matches unreliable domain from file raw_wikipedia_perennial_sources.csv
electromagnetic_fields,slanted,power lines cancer,1,8,https://www.sciencedirect.com/science/article/pii/S0013935120303662,sciencedirect.com,Residential proximity to power lines and risk of brain tumor ...,2026-05-09 16:53:12,ScienceDirecttopic page,ScienceDirect,sciencedirect.com,unreliable,Generally unreliable,"ScienceDirectis an online bibliographical database run by Elsevier. In addition to academic publications, the website maintains machine-generated ""topic pages"" consisting of quotations from publications in the database. These topic pages change over time, presenting a challenge toverifiability. Citations should be made to the actual, underlying publications quoted by the topic page.",domain sciencedirect.com matches unreliable domain from file raw_wikipedia_perennial_sources.csv
electromagnetic_fields,slanted,power lines cancer,3,2,https://www.quora.com/What-is-the-belief-behind-the-statement-that-high-voltage-power-lines-near-a-house-can-cause-cancer,quora.com,What is the belief behind the statement that high-voltage ...,2026-05-09 16:53:29,Quora,Quora,quora.com,unreliable,Generally unreliable,"Quora is aQ&A site. As an Internet forum, it is aself-published sourcethat incorporatesuser-generated content, and is considered generally unreliable. Posts fromverified accountson Quora can be used asprimary sourcesforstatements about themselves. Posts from verified accounts of established experts may also be used to substantiate statements in their field of expertise, in accordance with thepolicy on self-published sources.",domain quora.com matches unreliable domain from file raw_wikipedia_perennial_sources.csv
electromagnetic_fields,slanted,power lines cancer,3,7,https://www.sciencedirect.com/science/article/pii/S0013935125008898,sciencedirect.com,"GEOCAP case-control study, 2002–2010",2026-05-09 16:53:30,ScienceDirecttopic page,ScienceDirect,sciencedirect.com,unreliable,Generally unreliable,"ScienceDirectis an online bibliographical database run by Elsevier. In addition to academic publications, the website maintains machine-generated ""topic pages"" consisting of quotations from publications in the database. These topic pages change over time, presenting a challenge toverifiability. Citations should be made to the actual, underlying publications quoted by the topic page.",domain sciencedirect.com matches unreliable domain from file raw_wikipedia_perennial_sources.csv
electromagnetic_fields,slanted,cell phone radiation brain tumors,1,6,https://www.sciencedirect.com/science/article/pii/S0160412024001387,sciencedirect.com,"Mobile phone use and brain tumour risk – COSMOS, a ...",2026-05-09 16:54:41,ScienceDirecttopic page,ScienceDirect,sciencedirect.com,unreliable,Generally unreliable,"ScienceDirectis an online bibliographical database run by Elsevier. In addition to academic publications, the website maintains machine-generated ""topic pages"" consisting of quotations from publications in the database. These topic pages change over time, presenting a challenge toverifiability. Citations should be made to the actual, underlying publications quoted by the topic page.",domain sciencedirect.com matches unreliable domain from file raw_wikipedia_perennial_sources.csv
electromagnetic_fields,slanted,cell phone radiation brain tumors,2,1,https://www.reddit.com/r/science/comments/1f80yu1/mobile_phones_are_not_linked_to_brain_cancer/,reddit.com,"Mobile phones are not linked to brain cancer, according ...",2026-05-09 16:54:58,Reddit,Reddit,reddit.com;redditinc.com,unreliable,Generally unreliable,"Reddit is asocial newsand discussion website. Reddit contains mostlyuser-generated content, and is considered bothself-publishedand generally unreliable. Interview responses written byverifiedinterviewees on ther/IAmAsubreddit areprimary sources, and editors disagree on their reliability. The policy on the use ofsources about themselvesapplies.",domain reddit.com matches unreliable domain from file raw_wikipedia_perennial_sources.csv
electromagnetic_fields,slanted,cell phone radiation brain tumors,3,4,https://www.youtube.com/watch?v=wU5XkhUGzBs,youtube.com,Do Cell Phones Cause Brain Tumors?,2026-05-09 16:55:08,YouTube,YouTube,youtube.com,unreliable,Generally unreliable,"Most videos on YouTube are anonymous,self-published, and unverifiable, and should not be used as a reference. Content uploaded from a verified official account, such as that of a news organization, may be treated as originating from the uploader and therefore inheriting their level of reliability. However, many YouTube videos from unofficial accounts are copyright violations and should not be linked from Wikipedia, according toWP:COPYLINK. See alsoWP:YOUTUBEandWP:VIDEOLINK. For illustrative, non-referential use, seec:Commons:YouTube filesandWikipedia:Image use policy.",domain youtube.com matches unreliable domain from file raw_wikipedia_perennial_sources.csv
electromagnetic_fields,neutral,wi-fi health effects,1,4,https://www.sciencedirect.com/science/article/pii/S0013935118300355,sciencedirect.com,Wi-Fi is an important threat to human health,2026-05-09 16:55:34,ScienceDirecttopic page,ScienceDirect,sciencedirect.com,unreliable,Generally unreliable,"ScienceDirectis an online bibliographical database run by Elsevier. In addition to academic publications, the website maintains machine-generated ""topic pages"" consisting of quotations from publications in the database. These topic pages change over time, presenting a challenge toverifiability. Citations should be made to the actual, underlying publications quoted by the topic page.",domain sciencedirect.com matches unreliable domain from file raw_wikipedia_perennial_sources.csv
electromagnetic_fields,neutral,wi-fi health effects,2,5,https://www.reddit.com/r/HomeNetworking/comments/1gqdogm/can_somebody_explain_to_my_friend_on_why_wifi_is/,reddit.com,Can somebody explain to my friend on why wifi is safe?,2026-05-09 16:55:49,Reddit,Reddit,reddit.com;redditinc.com,unreliable,Generally unreliable,"Reddit is asocial newsand discussion website. Reddit contains mostlyuser-generated content, and is considered bothself-publishedand generally unreliable. Interview responses written byverifiedinterviewees on ther/IAmAsubreddit areprimary sources, and editors disagree on their reliability. The policy on the use ofsources about themselvesapplies.",domain reddit.com matches unreliable domain from file raw_wikipedia_perennial_sources.csv
electromagnetic_fields,slanted,wi-fi radiation dangers,1,7,https://www.sciencedirect.com/science/article/pii/S0013935118300355,sciencedirect.com,Wi-Fi is an important threat to human health,2026-05-09 16:56:38,ScienceDirecttopic page,ScienceDirect,sciencedirect.com,unreliable,Generally unreliable,"ScienceDirectis an online bibliographical database run by Elsevier. In addition to academic publications, the website maintains machine-generated ""topic pages"" consisting of quotations from publications in the database. These topic pages change over time, presenting a challenge toverifiability. Citations should be made to the actual, underlying publications quoted by the topic page.",domain sciencedirect.com matches unreliable domain from file raw_wikipedia_perennial_sources.csv
electromagnetic_fields,slanted,wi-fi radiation dangers,1,9,https://www.reddit.com/r/HomeNetworking/comments/1gqdogm/can_somebody_explain_to_my_friend_on_why_wifi_is/,reddit.com,Can somebody explain to my friend on why wifi is safe?,2026-05-09 16:56:39,Reddit,Reddit,reddit.com;redditinc.com,unreliable,Generally unreliable,"Reddit is asocial newsand discussion website. Reddit contains mostlyuser-generated content, and is considered bothself-publishedand generally unreliable. Interview responses written byverifiedinterviewees on ther/IAmAsubreddit areprimary sources, and editors disagree on their reliability. The policy on the use ofsources about themselvesapplies.",domain reddit.com matches unreliable domain from file raw_wikipedia_perennial_sources.csv
essential_oils,neutral,essential oils therapeutic facts,1,8,https://www.sciencedirect.com/science/article/pii/S0378874124004793,sciencedirect.com,Essential oils for clinical aromatherapy: A comprehensive ...,2026-05-09 16:57:18,ScienceDirecttopic page,ScienceDirect,sciencedirect.com,unreliable,Generally unreliable,"ScienceDirectis an online bibliographical database run by Elsevier. In addition to academic publications, the website maintains machine-generated ""topic pages"" consisting of quotations from publications in the database. These topic pages change over time, presenting a challenge toverifiability. Citations should be made to the actual, underlying publications quoted by the topic page.",domain sciencedirect.com matches unreliable domain from file raw_wikipedia_perennial_sources.csv
essential_oils,slanted,essential oils toxicity,2,1,https://www.sciencedirect.com/special-issue/10WN6JN8BQJ,sciencedirect.com,Toxic effects of essential oils and their constituents,2026-05-09 16:59:07,ScienceDirecttopic page,ScienceDirect,sciencedirect.com,unreliable,Generally unreliable,"ScienceDirectis an online bibliographical database run by Elsevier. In addition to academic publications, the website maintains machine-generated ""topic pages"" consisting of quotations from publications in the database. These topic pages change over time, presenting a challenge toverifiability. Citations should be made to the actual, underlying publications quoted by the topic page.",domain sciencedirect.com matches unreliable domain from file raw_wikipedia_perennial_sources.csv
essential_oils,slanted,essential oils toxicity,3,9,https://www.instagram.com/reel/DT5gRk1kXHD/,instagram.com,Are essential oils nontoxic? #essentialoils #toxic #doctor,2026-05-09 16:59:18,"Instagram(IG, Insta, The Gram)",Instagram,instagram.com,unreliable,Generally unreliable,"As asocial networking service, Instagram is covered by the following policies and guidelines:WP:SOCIALMEDIA,WP:RSSELF,WP:SPSandWP:UGC.",domain instagram.com matches unreliable domain from file raw_wikipedia_perennial_sources.csv
essential_oils,neutral,tea tree oil safety,3,7,https://www.sciencedirect.com/science/article/abs/pii/S0278691505002899,sciencedirect.com,A review of the toxicity of Melaleuca alternifolia (tea tree) oil,2026-05-09 17:00:34,ScienceDirecttopic page,ScienceDirect,sciencedirect.com,unreliable,Generally unreliable,"ScienceDirectis an online bibliographical database run by Elsevier. In addition to academic publications, the website maintains machine-generated ""topic pages"" consisting of quotations from publications in the database. These topic pages change over time, presenting a challenge toverifiability. Citations should be made to the actual, underlying publications quoted by the topic page.",domain sciencedirect.com matches unreliable domain from file raw_wikipedia_perennial_sources.csv
essential_oils,slanted,tea tree oil poisoning,1,3,https://www.sciencedirect.com/science/article/pii/S0278691505002899,sciencedirect.com,A review of the toxicity of Melaleuca alternifolia (tea tree) oil,2026-05-09 17:01:20,ScienceDirecttopic page,ScienceDirect,sciencedirect.com,unreliable,Generally unreliable,"ScienceDirectis an online bibliographical database run by Elsevier. In addition to academic publications, the website maintains machine-generated ""topic pages"" consisting of quotations from publications in the database. These topic pages change over time, presenting a challenge toverifiability. Citations should be made to the actual, underlying publications quoted by the topic page.",domain sciencedirect.com matches unreliable domain from file raw_wikipedia_perennial_sources.csv
essential_oils,slanted,tea tree oil poisoning,2,8,https://www.instagram.com/reel/DAwOEWfPSBO/,instagram.com,"Tea tree oil is toxic! I'm Dr. Tania Elliott, board-certified ...",2026-05-09 17:01:32,"Instagram(IG, Insta, The Gram)",Instagram,instagram.com,unreliable,Generally unreliable,"As asocial networking service, Instagram is covered by the following policies and guidelines:WP:SOCIALMEDIA,WP:RSSELF,WP:SPSandWP:UGC.",domain instagram.com matches unreliable domain from file raw_wikipedia_perennial_sources.csv
essential_oils,slanted,tea tree oil poisoning,3,5,https://www.sciencedirect.com/science/article/abs/pii/S0278691505002899,sciencedirect.com,A review of the toxicity of Melaleuca alternifolia (tea tree) oil,2026-05-09 17:01:40,ScienceDirecttopic page,ScienceDirect,sciencedirect.com,unreliable,Generally unreliable,"ScienceDirectis an online bibliographical database run by Elsevier. In addition to academic publications, the website maintains machine-generated ""topic pages"" consisting of quotations from publications in the database. These topic pages change over time, presenting a challenge toverifiability. Citations should be made to the actual, underlying publications quoted by the topic page.",domain sciencedirect.com matches unreliable domain from file raw_wikipedia_perennial_sources.csv
essential_oils,slanted,tea tree oil poisoning,3,6,https://www.quora.com/If-you-ingest-a-little-bit-of-tea-tree-oil-every-day-what-would-happen-or-what-could-it-cause,quora.com,"If you ingest a little bit of tea tree oil every day, what would ...",2026-05-09 17:01:41,Quora,Quora,quora.com,unreliable,Generally unreliable,"Quora is aQ&A site. As an Internet forum, it is aself-published sourcethat incorporatesuser-generated content, and is considered generally unreliable. Posts fromverified accountson Quora can be used asprimary sourcesforstatements about themselves. Posts from verified accounts of established experts may also be used to substantiate statements in their field of expertise, in accordance with thepolicy on self-published sources.",domain quora.com matches unreliable domain from file raw_wikipedia_perennial_sources.csv
essential_oils,slanted,tea tree oil poisoning,3,10,https://www.youtube.com/watch?v=ibnNt6BBwXM,youtube.com,Is Tea Tree Oil Safe?,2026-05-09 17:01:42,YouTube,YouTube,youtube.com,unreliable,Generally unreliable,"Most videos on YouTube are anonymous,self-published, and unverifiable, and should not be used as a reference. Content uploaded from a verified official account, such as that of a news organization, may be treated as originating from the uploader and therefore inheriting their level of reliability. However, many YouTube videos from unofficial accounts are copyright violations and should not be linked from Wikipedia, according toWP:COPYLINK. See alsoWP:YOUTUBEandWP:VIDEOLINK. For illustrative, non-referential use, seec:Commons:YouTube filesandWikipedia:Image use policy.",domain youtube.com matches unreliable domain from file raw_wikipedia_perennial_sources.csv
essential_oils,neutral,lavender oil research,1,4,https://www.sciencedirect.com/science/article/pii/S0965229925001724,sciencedirect.com,Short- and long-term effects of inhaled lavender essential ...,2026-05-09 17:01:58,ScienceDirecttopic page,ScienceDirect,sciencedirect.com,unreliable,Generally unreliable,"ScienceDirectis an online bibliographical database run by Elsevier. In addition to academic publications, the website maintains machine-generated ""topic pages"" consisting of quotations from publications in the database. These topic pages change over time, presenting a challenge toverifiability. Citations should be made to the actual, underlying publications quoted by the topic page.",domain sciencedirect.com matches unreliable domain from file raw_wikipedia_perennial_sources.csv
essential_oils,neutral,lavender oil research,2,6,https://www.sciencedirect.com/science/article/pii/S0965229925001724,sciencedirect.com,Short- and long-term effects of inhaled lavender essential ...,2026-05-09 17:02:08,ScienceDirecttopic page,ScienceDirect,sciencedirect.com,unreliable,Generally unreliable,"ScienceDirectis an online bibliographical database run by Elsevier. In addition to academic publications, the website maintains machine-generated ""topic pages"" consisting of quotations from publications in the database. These topic pages change over time, presenting a challenge toverifiability. Citations should be made to the actual, underlying publications quoted by the topic page.",domain sciencedirect.com matches unreliable domain from file raw_wikipedia_perennial_sources.csv
essential_oils,neutral,lavender oil research,3,8,https://www.quora.com/Does-lavender-oil-have-neuroprotective-properties-linked-to-preventing-oxidative-stress-in-the-brain,quora.com,Does lavender oil have neuroprotective properties linked to ...,2026-05-09 17:02:18,Quora,Quora,quora.com,unreliable,Generally unreliable,"Quora is aQ&A site. As an Internet forum, it is aself-published sourcethat incorporatesuser-generated content, and is considered generally unreliable. Posts fromverified accountson Quora can be used asprimary sourcesforstatements about themselves. Posts from verified accounts of established experts may also be used to substantiate statements in their field of expertise, in accordance with thepolicy on self-published sources.",domain quora.com matches unreliable domain from file raw_wikipedia_perennial_sources.csv
essential_oils,slanted,lavender oil hormone disruption,1,3,https://www.sciencedirect.com/science/article/abs/pii/S0965229919316760,sciencedirect.com,The relationship between lavender and tea tree essential ...,2026-05-09 17:02:36,ScienceDirecttopic page,ScienceDirect,sciencedirect.com,unreliable,Generally unreliable,"ScienceDirectis an online bibliographical database run by Elsevier. In addition to academic publications, the website maintains machine-generated ""topic pages"" consisting of quotations from publications in the database. These topic pages change over time, presenting a challenge toverifiability. Citations should be made to the actual, underlying publications quoted by the topic page.",domain sciencedirect.com matches unreliable domain from file raw_wikipedia_perennial_sources.csv
essential_oils,slanted,lavender oil hormone disruption,2,1,https://www.reddit.com/r/ScienceBasedParenting/comments/183un0r/lavender_oil_and_endocrine_disrupter/,reddit.com,Lavender oil and endocrine disrupter?,2026-05-09 17:02:57,Reddit,Reddit,reddit.com;redditinc.com,unreliable,Generally unreliable,"Reddit is asocial newsand discussion website. Reddit contains mostlyuser-generated content, and is considered bothself-publishedand generally unreliable. Interview responses written byverifiedinterviewees on ther/IAmAsubreddit areprimary sources, and editors disagree on their reliability. The policy on the use ofsources about themselvesapplies.",domain reddit.com matches unreliable domain from file raw_wikipedia_perennial_sources.csv
essential_oils,slanted,lavender oil hormone disruption,3,2,https://www.sciencedirect.com/science/article/pii/S2352646721000855,sciencedirect.com,Prevalence of endocrine disorders among children ...,2026-05-09 17:03:20,ScienceDirecttopic page,ScienceDirect,sciencedirect.com,unreliable,Generally unreliable,"ScienceDirectis an online bibliographical database run by Elsevier. In addition to academic publications, the website maintains machine-generated ""topic pages"" consisting of quotations from publications in the database. These topic pages change over time, presenting a challenge toverifiability. Citations should be made to the actual, underlying publications quoted by the topic page.",domain sciencedirect.com matches unreliable domain from file raw_wikipedia_perennial_sources.csv
aluminum,neutral,aluminum in vaccines safety,2,4,https://www.youtube.com/watch?v=JlYWqj37gPM,youtube.com,August 2025 — Aluminum in Vaccines: Is it Safe?,2026-05-09 17:03:58,YouTube,YouTube,youtube.com,unreliable,Generally unreliable,"Most videos on YouTube are anonymous,self-published, and unverifiable, and should not be used as a reference. Content uploaded from a verified official account, such as that of a news organization, may be treated as originating from the uploader and therefore inheriting their level of reliability. However, many YouTube videos from unofficial accounts are copyright violations and should not be linked from Wikipedia, according toWP:COPYLINK. See alsoWP:YOUTUBEandWP:VIDEOLINK. For illustrative, non-referential use, seec:Commons:YouTube filesandWikipedia:Image use policy.",domain youtube.com matches unreliable domain from file raw_wikipedia_perennial_sources.csv
aluminum,neutral,aluminum in vaccines safety,2,7,https://www.sciencedirect.com/science/article/abs/pii/S0264410X02001664,sciencedirect.com,Aluminum salts in vaccines—US perspective,2026-05-09 17:03:59,ScienceDirecttopic page,ScienceDirect,sciencedirect.com,unreliable,Generally unreliable,"ScienceDirectis an online bibliographical database run by Elsevier. In addition to academic publications, the website maintains machine-generated ""topic pages"" consisting of quotations from publications in the database. These topic pages change over time, presenting a challenge toverifiability. Citations should be made to the actual, underlying publications quoted by the topic page.",domain sciencedirect.com matches unreliable domain from file raw_wikipedia_perennial_sources.csv
aluminum,neutral,aluminum in vaccines safety,3,9,https://www.instagram.com/reel/DRM-x4IES9N/,instagram.com,Some parents may be concerned to hear about aluminum ...,2026-05-09 17:04:08,"Instagram(IG, Insta, The Gram)",Instagram,instagram.com,unreliable,Generally unreliable,"As asocial networking service, Instagram is covered by the following policies and guidelines:WP:SOCIALMEDIA,WP:RSSELF,WP:SPSandWP:UGC.",domain instagram.com matches unreliable domain from file raw_wikipedia_perennial_sources.csv
aluminum,slanted,aluminum vaccine toxicity,2,3,https://www.sciencedirect.com/science/article/pii/S0946672X19305784,sciencedirect.com,Acute exposure and chronic retention of aluminum in three ...,2026-05-09 17:04:33,ScienceDirecttopic page,ScienceDirect,sciencedirect.com,unreliable,Generally unreliable,"ScienceDirectis an online bibliographical database run by Elsevier. In addition to academic publications, the website maintains machine-generated ""topic pages"" consisting of quotations from publications in the database. These topic pages change over time, presenting a challenge toverifiability. Citations should be made to the actual, underlying publications quoted by the topic page.",domain sciencedirect.com matches unreliable domain from file raw_wikipedia_perennial_sources.csv
aluminum,slanted,aluminum vaccine toxicity,2,6,https://www.instagram.com/reel/DP6pyPRDgrY/,instagram.com,The false claim that aluminum salts in vaccines cause ...,2026-05-09 17:04:34,"Instagram(IG, Insta, The Gram)",Instagram,instagram.com,unreliable,Generally unreliable,"As asocial networking service, Instagram is covered by the following policies and guidelines:WP:SOCIALMEDIA,WP:RSSELF,WP:SPSandWP:UGC.",domain instagram.com matches unreliable domain from file raw_wikipedia_perennial_sources.csv
aluminum,slanted,aluminum vaccine toxicity,2,9,https://www.facebook.com/UHRainbowBabies/posts/some-parents-may-be-concerned-to-hear-about-aluminum-in-vaccines-pediatric-infec/1267344125421873/,facebook.com,Some parents may be concerned to hear about aluminum ...,2026-05-09 17:04:35,Facebook(Meta),Facebook,facebook.com,unreliable,Generally unreliable,"Facebook is considered generally unreliable because it is aself-published sourcewith no editorial oversight. In the 2020 RfC, there was consensus to add anedit filterto warn users who attempt to cite Facebook as a source, and no consensus on whether Facebook citations should be automatically reverted withXLinkBot.",domain facebook.com matches unreliable domain from file raw_wikipedia_perennial_sources.csv
aluminum,neutral,aluminum cookware safety,1,1,https://www.reddit.com/r/camping/comments/1bw4fh6/aluminum_cookware_safe_or_stupid/,reddit.com,Aluminum cookware - Safe or stupid? : r/camping,2026-05-09 17:05:02,Reddit,Reddit,reddit.com;redditinc.com,unreliable,Generally unreliable,"Reddit is asocial newsand discussion website. Reddit contains mostlyuser-generated content, and is considered bothself-publishedand generally unreliable. Interview responses written byverifiedinterviewees on ther/IAmAsubreddit areprimary sources, and editors disagree on their reliability. The policy on the use ofsources about themselvesapplies.",domain reddit.com matches unreliable domain from file raw_wikipedia_perennial_sources.csv
aluminum,slanted,aluminum alzheimers link,1,4,https://www.sciencedirect.com/science/article/pii/S0147651325011042,sciencedirect.com,Environmental aluminum exposure and Alzheimer's ...,2026-05-09 17:05:54,ScienceDirecttopic page,ScienceDirect,sciencedirect.com,unreliable,Generally unreliable,"ScienceDirectis an online bibliographical database run by Elsevier. In addition to academic publications, the website maintains machine-generated ""topic pages"" consisting of quotations from publications in the database. These topic pages change over time, presenting a challenge toverifiability. Citations should be made to the actual, underlying publications quoted by the topic page.",domain sciencedirect.com matches unreliable domain from file raw_wikipedia_perennial_sources.csv
aluminum,slanted,aluminum alzheimers link,2,8,https://www.facebook.com/SherzaiMD/posts/the-link-between-aluminum-and-alzheimers-has-been-the-subject-of-scientific-deba/1688184864690286/,facebook.com,The link between aluminum and Alzheimer's has been ...,2026-05-09 17:06:06,Facebook(Meta),Facebook,facebook.com,unreliable,Generally unreliable,"Facebook is considered generally unreliable because it is aself-published sourcewith no editorial oversight. In the 2020 RfC, there was consensus to add anedit filterto warn users who attempt to cite Facebook as a source, and no consensus on whether Facebook citations should be automatically reverted withXLinkBot.",domain facebook.com matches unreliable domain from file raw_wikipedia_perennial_sources.csv
aluminum,slanted,aluminum alzheimers link,3,8,https://www.youtube.com/watch?v=Xl07VrjiRgA,youtube.com,Is There an Aluminum and Alzheimer's Connection?,2026-05-09 17:06:15,YouTube,YouTube,youtube.com,unreliable,Generally unreliable,"Most videos on YouTube are anonymous,self-published, and unverifiable, and should not be used as a reference. Content uploaded from a verified official account, such as that of a news organization, may be treated as originating from the uploader and therefore inheriting their level of reliability. However, many YouTube videos from unofficial accounts are copyright violations and should not be linked from Wikipedia, according toWP:COPYLINK. See alsoWP:YOUTUBEandWP:VIDEOLINK. For illustrative, non-referential use, seec:Commons:YouTube filesandWikipedia:Image use policy.",domain youtube.com matches unreliable domain from file raw_wikipedia_perennial_sources.csv
aluminum,neutral,aluminum antiperspirants cancer research,1,5,https://www.sciencedirect.com/science/article/abs/pii/S0946672X23001232,sciencedirect.com,Review Correlation between daily life aluminium exposure ...,2026-05-09 17:06:36,ScienceDirecttopic page,ScienceDirect,sciencedirect.com,unreliable,Generally unreliable,"ScienceDirectis an online bibliographical database run by Elsevier. In addition to academic publications, the website maintains machine-generated ""topic pages"" consisting of quotations from publications in the database. These topic pages change over time, presenting a challenge toverifiability. Citations should be made to the actual, underlying publications quoted by the topic page.",domain sciencedirect.com matches unreliable domain from file raw_wikipedia_perennial_sources.csv
aluminum,neutral,aluminum antiperspirants cancer research,3,3,https://www.reddit.com/r/breastcancer/comments/1ny9qw0/what_does_science_say_aluminum_in_deodorant/,reddit.com,What does science say: aluminum in deodorant,2026-05-09 17:06:55,Reddit,Reddit,reddit.com;redditinc.com,unreliable,Generally unreliable,"Reddit is asocial newsand discussion website. Reddit contains mostlyuser-generated content, and is considered bothself-publishedand generally unreliable. Interview responses written byverifiedinterviewees on ther/IAmAsubreddit areprimary sources, and editors disagree on their reliability. The policy on the use ofsources about themselvesapplies.",domain reddit.com matches unreliable domain from file raw_wikipedia_perennial_sources.csv
aluminum,neutral,aluminum antiperspirants cancer research,3,8,https://www.facebook.com/MoffittCancerCenter/posts/you-asked-we-answered-do-deodorants-or-antiperspirants-cause-breast-cancer-aixa-/1221716730000656/,facebook.com,Moffitt Cancer Center,2026-05-09 17:06:56,Facebook(Meta),Facebook,facebook.com,unreliable,Generally unreliable,"Facebook is considered generally unreliable because it is aself-published sourcewith no editorial oversight. In the 2020 RfC, there was consensus to add anedit filterto warn users who attempt to cite Facebook as a source, and no consensus on whether Facebook citations should be automatically reverted withXLinkBot.",domain facebook.com matches unreliable domain from file raw_wikipedia_perennial_sources.csv
aluminum,slanted,aluminum breast cancer,1,6,https://www.sciencedirect.com/science/article/pii/S0946672X23001232,sciencedirect.com,Review Correlation between daily life aluminium exposure ...,2026-05-09 17:07:24,ScienceDirecttopic page,ScienceDirect,sciencedirect.com,unreliable,Generally unreliable,"ScienceDirectis an online bibliographical database run by Elsevier. In addition to academic publications, the website maintains machine-generated ""topic pages"" consisting of quotations from publications in the database. These topic pages change over time, presenting a challenge toverifiability. Citations should be made to the actual, underlying publications quoted by the topic page.",domain sciencedirect.com matches unreliable domain from file raw_wikipedia_perennial_sources.csv
aluminum,slanted,aluminum breast cancer,2,3,https://www.reddit.com/r/breastcancer/comments/1ny9qw0/what_does_science_say_aluminum_in_deodorant/,reddit.com,What does science say: aluminum in deodorant,2026-05-09 17:07:35,Reddit,Reddit,reddit.com;redditinc.com,unreliable,Generally unreliable,"Reddit is asocial newsand discussion website. Reddit contains mostlyuser-generated content, and is considered bothself-publishedand generally unreliable. Interview responses written byverifiedinterviewees on ther/IAmAsubreddit areprimary sources, and editors disagree on their reliability. The policy on the use ofsources about themselvesapplies.",domain reddit.com matches unreliable domain from file raw_wikipedia_perennial_sources.csv
aluminum,slanted,aluminum breast cancer,2,6,https://www.instagram.com/reel/DPej2QLgF1u/,instagram.com,"Aixa Soyano Muller, MD, says there's no evidence linking ...",2026-05-09 17:07:36,"Instagram(IG, Insta, The Gram)",Instagram,instagram.com,unreliable,Generally unreliable,"As asocial networking service, Instagram is covered by the following policies and guidelines:WP:SOCIALMEDIA,WP:RSSELF,WP:SPSandWP:UGC.",domain instagram.com matches unreliable domain from file raw_wikipedia_perennial_sources.csv
aluminum,slanted,aluminum breast cancer,2,9,https://www.youtube.com/watch?v=8V13vnMFrRE,youtube.com,Can Deodorant Cause Cancer?,2026-05-09 17:07:37,YouTube,YouTube,youtube.com,unreliable,Generally unreliable,"Most videos on YouTube are anonymous,self-published, and unverifiable, and should not be used as a reference. Content uploaded from a verified official account, such as that of a news organization, may be treated as originating from the uploader and therefore inheriting their level of reliability. However, many YouTube videos from unofficial accounts are copyright violations and should not be linked from Wikipedia, according toWP:COPYLINK. See alsoWP:YOUTUBEandWP:VIDEOLINK. For illustrative, non-referential use, seec:Commons:YouTube filesandWikipedia:Image use policy.",domain youtube.com matches unreliable domain from file raw_wikipedia_perennial_sources.csv
aluminum,slanted,aluminum breast cancer,3,5,https://www.facebook.com/MoffittCancerCenter/posts/you-asked-we-answered-do-deodorants-or-antiperspirants-cause-breast-cancer-aixa-/1221716730000656/,facebook.com,Moffitt Cancer Center,2026-05-09 17:07:44,Facebook(Meta),Facebook,facebook.com,unreliable,Generally unreliable,"Facebook is considered generally unreliable because it is aself-published sourcewith no editorial oversight. In the 2020 RfC, there was consensus to add anedit filterto warn users who attempt to cite Facebook as a source, and no consensus on whether Facebook citations should be automatically reverted withXLinkBot.",domain facebook.com matches unreliable domain from file raw_wikipedia_perennial_sources.csv
aluminum,slanted,aluminum breast cancer,3,8,https://www.sciencedirect.com/science/article/abs/pii/S0946672X23001232,sciencedirect.com,Review Correlation between daily life aluminium exposure ...,2026-05-09 17:07:45,ScienceDirecttopic page,ScienceDirect,sciencedirect.com,unreliable,Generally unreliable,"ScienceDirectis an online bibliographical database run by Elsevier. In addition to academic publications, the website maintains machine-generated ""topic pages"" consisting of quotations from publications in the database. These topic pages change over time, presenting a challenge toverifiability. Citations should be made to the actual, underlying publications quoted by the topic page.",domain sciencedirect.com matches unreliable domain from file raw_wikipedia_perennial_sources.csv
mercury,neutral,mercury dental amalgam safety,2,10,https://www.sciencedirect.com/science/article/abs/pii/S1438463906000034,sciencedirect.com,Mercury amalgam dental fillings: An epidemiologic ...,2026-05-09 17:08:16,ScienceDirecttopic page,ScienceDirect,sciencedirect.com,unreliable,Generally unreliable,"ScienceDirectis an online bibliographical database run by Elsevier. In addition to academic publications, the website maintains machine-generated ""topic pages"" consisting of quotations from publications in the database. These topic pages change over time, presenting a challenge toverifiability. Citations should be made to the actual, underlying publications quoted by the topic page.",domain sciencedirect.com matches unreliable domain from file raw_wikipedia_perennial_sources.csv
mercury,slanted,mercury amalgam poisoning,3,4,https://www.sciencedirect.com/science/article/abs/pii/S0946672X13001429,sciencedirect.com,Aggravated neuromuscular symptoms of mercury exposure ...,2026-05-09 17:08:58,ScienceDirecttopic page,ScienceDirect,sciencedirect.com,unreliable,Generally unreliable,"ScienceDirectis an online bibliographical database run by Elsevier. In addition to academic publications, the website maintains machine-generated ""topic pages"" consisting of quotations from publications in the database. These topic pages change over time, presenting a challenge toverifiability. Citations should be made to the actual, underlying publications quoted by the topic page.",domain sciencedirect.com matches unreliable domain from file raw_wikipedia_perennial_sources.csv
mercury,neutral,mercury in fish guidelines,2,9,https://www.facebook.com/chefjahedpage/posts/guide-to-mercury-levels-in-fish/718146051000476/,facebook.com,Guide to Mercury Levels in Fish,2026-05-09 17:20:05,Facebook(Meta),Facebook,facebook.com,unreliable,Generally unreliable,"Facebook is considered generally unreliable because it is aself-published sourcewith no editorial oversight. In the 2020 RfC, there was consensus to add anedit filterto warn users who attempt to cite Facebook as a source, and no consensus on whether Facebook citations should be automatically reverted withXLinkBot.",domain facebook.com matches unreliable domain from file raw_wikipedia_perennial_sources.csv
mercury,slanted,mercury seafood dangers,3,6,https://www.reddit.com/r/Pescetarian/comments/16rzikh/theres_a_misconception_that_seafood_containing/,reddit.com,There's a misconception that seafood containing mercury ...,2026-05-09 17:21:09,Reddit,Reddit,reddit.com;redditinc.com,unreliable,Generally unreliable,"Reddit is asocial newsand discussion website. Reddit contains mostlyuser-generated content, and is considered bothself-publishedand generally unreliable. Interview responses written byverifiedinterviewees on ther/IAmAsubreddit areprimary sources, and editors disagree on their reliability. The policy on the use ofsources about themselvesapplies.",domain reddit.com matches unreliable domain from file raw_wikipedia_perennial_sources.csv
mercury,slanted,mercury seafood dangers,3,10,https://www.youtube.com/watch?v=T1Q6EmC1nTY,youtube.com,Mercury Exposure Through Fish Consumption,2026-05-09 17:21:10,YouTube,YouTube,youtube.com,unreliable,Generally unreliable,"Most videos on YouTube are anonymous,self-published, and unverifiable, and should not be used as a reference. Content uploaded from a verified official account, such as that of a news organization, may be treated as originating from the uploader and therefore inheriting their level of reliability. However, many YouTube videos from unofficial accounts are copyright violations and should not be linked from Wikipedia, according toWP:COPYLINK. See alsoWP:YOUTUBEandWP:VIDEOLINK. For illustrative, non-referential use, seec:Commons:YouTube filesandWikipedia:Image use policy.",domain youtube.com matches unreliable domain from file raw_wikipedia_perennial_sources.csv
cloning,neutral,animal cloning research,2,2,https://www.sciencedirect.com/science/article/pii/S1319562X21001145,sciencedirect.com,Review Animal cloning and consumption of its by-products,2026-05-09 17:21:59,ScienceDirecttopic page,ScienceDirect,sciencedirect.com,unreliable,Generally unreliable,"ScienceDirectis an online bibliographical database run by Elsevier. In addition to academic publications, the website maintains machine-generated ""topic pages"" consisting of quotations from publications in the database. These topic pages change over time, presenting a challenge toverifiability. Citations should be made to the actual, underlying publications quoted by the topic page.",domain sciencedirect.com matches unreliable domain from file raw_wikipedia_perennial_sources.csv
cloning,neutral,animal cloning research,2,3,https://www.reddit.com/r/AskScienceDiscussion/comments/17726eo/realistic_why_did_research_of_cloning_basically/,reddit.com,"Realistic, why did research of cloning basically stoped after ...",2026-05-09 17:22:00,Reddit,Reddit,reddit.com;redditinc.com,unreliable,Generally unreliable,"Reddit is asocial newsand discussion website. Reddit contains mostlyuser-generated content, and is considered bothself-publishedand generally unreliable. Interview responses written byverifiedinterviewees on ther/IAmAsubreddit areprimary sources, and editors disagree on their reliability. The policy on the use ofsources about themselvesapplies.",domain reddit.com matches unreliable domain from file raw_wikipedia_perennial_sources.csv
cloning,slanted,cloning ethical concerns,2,1,https://www.reddit.com/r/Ethics/comments/1p5megi/is_human_cloning_ethical_what_are_the_bioethical/,reddit.com,Is human cloning ethical? What are the bio- ...,2026-05-09 17:22:54,Reddit,Reddit,reddit.com;redditinc.com,unreliable,Generally unreliable,"Reddit is asocial newsand discussion website. Reddit contains mostlyuser-generated content, and is considered bothself-publishedand generally unreliable. Interview responses written byverifiedinterviewees on ther/IAmAsubreddit areprimary sources, and editors disagree on their reliability. The policy on the use ofsources about themselvesapplies.",domain reddit.com matches unreliable domain from file raw_wikipedia_perennial_sources.csv
cloning,slanted,cloning ethical concerns,2,7,https://www.youtube.com/watch?v=bTQAGh_uwR4,youtube.com,What Are The Ethical Concerns Of Human Cloning ...,2026-05-09 17:22:56,YouTube,YouTube,youtube.com,unreliable,Generally unreliable,"Most videos on YouTube are anonymous,self-published, and unverifiable, and should not be used as a reference. Content uploaded from a verified official account, such as that of a news organization, may be treated as originating from the uploader and therefore inheriting their level of reliability. However, many YouTube videos from unofficial accounts are copyright violations and should not be linked from Wikipedia, according toWP:COPYLINK. See alsoWP:YOUTUBEandWP:VIDEOLINK. For illustrative, non-referential use, seec:Commons:YouTube filesandWikipedia:Image use policy.",domain youtube.com matches unreliable domain from file raw_wikipedia_perennial_sources.csv
cloning,slanted,cloning ethical concerns,3,8,https://www.quora.com/What-are-the-potential-ethical-implications-of-human-cloning-in-the-future-How-can-we-prevent-them-from-occurring,quora.com,What are the potential ethical implications of human ...,2026-05-09 17:23:12,Quora,Quora,quora.com,unreliable,Generally unreliable,"Quora is aQ&A site. As an Internet forum, it is aself-published sourcethat incorporatesuser-generated content, and is considered generally unreliable. Posts fromverified accountson Quora can be used asprimary sourcesforstatements about themselves. Posts from verified accounts of established experts may also be used to substantiate statements in their field of expertise, in accordance with thepolicy on self-published sources.",domain quora.com matches unreliable domain from file raw_wikipedia_perennial_sources.csv
cloning,neutral,food cloning safety,1,8,https://www.sciencedirect.com/science/article/pii/S0924224408002197,sciencedirect.com,"Animal cloning for food: epigenetics, health, welfare and ...",2026-05-09 17:23:40,ScienceDirecttopic page,ScienceDirect,sciencedirect.com,unreliable,Generally unreliable,"ScienceDirectis an online bibliographical database run by Elsevier. In addition to academic publications, the website maintains machine-generated ""topic pages"" consisting of quotations from publications in the database. These topic pages change over time, presenting a challenge toverifiability. Citations should be made to the actual, underlying publications quoted by the topic page.",domain sciencedirect.com matches unreliable domain from file raw_wikipedia_perennial_sources.csv
cloning,neutral,food cloning safety,2,7,https://www.linkedin.com/posts/thefoodprofessor_since-we-outed-health-canada-on-the-cloned-activity-7395853054501359616-GFS1,linkedin.com,"""Since we outed Health Canada on the cloned meat ...",2026-05-09 17:23:59,LinkedIn(LinkedIn Pulse),LinkedIn,linkedin.com,unreliable,Generally unreliable,"LinkedIn is a social network. As aself-published source, it is considered generally unreliable and should be avoided unless the post is used for anuncontroversial self-description. Articles onLinkedIn Pulsewritten by LinkedIn users are also self-published. LinkedIn accounts should only be cited if they areverified accountsor if the user's identity is confirmed in some way. Posts that are not covered by reliable sources are likely to constituteundue weight. LinkedIn should never be used forthird-party claimsrelated toliving persons.",domain linkedin.com matches unreliable domain from file raw_wikipedia_perennial_sources.csv
cloning,neutral,food cloning safety,3,4,https://www.reddit.com/r/AskReddit/comments/1ipfj2z/how_comfortable_would_you_feel_eating_a_meal/,reddit.com,How comfortable would you feel eating a meal containing ...,2026-05-09 17:24:12,Reddit,Reddit,reddit.com;redditinc.com,unreliable,Generally unreliable,"Reddit is asocial newsand discussion website. Reddit contains mostlyuser-generated content, and is considered bothself-publishedand generally unreliable. Interview responses written byverifiedinterviewees on ther/IAmAsubreddit areprimary sources, and editors disagree on their reliability. The policy on the use ofsources about themselvesapplies.",domain reddit.com matches unreliable domain from file raw_wikipedia_perennial_sources.csv
cloning,neutral,food cloning safety,3,8,https://www.sciencedirect.com/science/article/abs/pii/S0278691517304295,sciencedirect.com,A study on current risk assessments and guidelines on the ...,2026-05-09 17:24:13,ScienceDirecttopic page,ScienceDirect,sciencedirect.com,unreliable,Generally unreliable,"ScienceDirectis an online bibliographical database run by Elsevier. In addition to academic publications, the website maintains machine-generated ""topic pages"" consisting of quotations from publications in the database. These topic pages change over time, presenting a challenge toverifiability. Citations should be made to the actual, underlying publications quoted by the topic page.",domain sciencedirect.com matches unreliable domain from file raw_wikipedia_perennial_sources.csv
cloning,slanted,cloned meat risks,1,7,https://www.sciencedirect.com/science/article/abs/pii/S0278691517304295,sciencedirect.com,A study on current risk assessments and guidelines on the ...,2026-05-09 17:24:37,ScienceDirecttopic page,ScienceDirect,sciencedirect.com,unreliable,Generally unreliable,"ScienceDirectis an online bibliographical database run by Elsevier. In addition to academic publications, the website maintains machine-generated ""topic pages"" consisting of quotations from publications in the database. These topic pages change over time, presenting a challenge toverifiability. Citations should be made to the actual, underlying publications quoted by the topic page.",domain sciencedirect.com matches unreliable domain from file raw_wikipedia_perennial_sources.csv
cloning,slanted,cloned meat risks,1,8,https://www.reddit.com/r/NatureofPredators/comments/1ox7tzn/meat_cloning_and_its_consequences/,reddit.com,Meat cloning and its consequences : r/NatureofPredators,2026-05-09 17:24:44,Reddit,Reddit,reddit.com;redditinc.com,unreliable,Generally unreliable,"Reddit is asocial newsand discussion website. Reddit contains mostlyuser-generated content, and is considered bothself-publishedand generally unreliable. Interview responses written byverifiedinterviewees on ther/IAmAsubreddit areprimary sources, and editors disagree on their reliability. The policy on the use ofsources about themselvesapplies.",domain reddit.com matches unreliable domain from file raw_wikipedia_perennial_sources.csv
cloning,slanted,cloned meat risks,2,3,https://www.linkedin.com/posts/thefoodprofessor_since-we-outed-health-canada-on-the-cloned-activity-7395853054501359616-GFS1,linkedin.com,"""Since we outed Health Canada on the cloned meat ...",2026-05-09 17:24:56,LinkedIn(LinkedIn Pulse),LinkedIn,linkedin.com,unreliable,Generally unreliable,"LinkedIn is a social network. As aself-published source, it is considered generally unreliable and should be avoided unless the post is used for anuncontroversial self-description. Articles onLinkedIn Pulsewritten by LinkedIn users are also self-published. LinkedIn accounts should only be cited if they areverified accountsor if the user's identity is confirmed in some way. Posts that are not covered by reliable sources are likely to constituteundue weight. LinkedIn should never be used forthird-party claimsrelated toliving persons.",domain linkedin.com matches unreliable domain from file raw_wikipedia_perennial_sources.csv
cloning,slanted,cloned meat risks,2,7,https://www.facebook.com/groups/FoodInTheWaterlooRegion/posts/25070045705986802/,facebook.com,Is cloned meat acceptable to eat?,2026-05-09 17:24:57,Facebook(Meta),Facebook,facebook.com,unreliable,Generally unreliable,"Facebook is considered generally unreliable because it is aself-published sourcewith no editorial oversight. In the 2020 RfC, there was consensus to add anedit filterto warn users who attempt to cite Facebook as a source, and no consensus on whether Facebook citations should be automatically reverted withXLinkBot.",domain facebook.com matches unreliable domain from file raw_wikipedia_perennial_sources.csv
cloning,slanted,cloned meat risks,3,10,https://www.facebook.com/groups/1317010423067206/posts/1325284932239755/,facebook.com,Is cloned meat safe for consumption?,2026-05-09 17:25:12,Facebook(Meta),Facebook,facebook.com,unreliable,Generally unreliable,"Facebook is considered generally unreliable because it is aself-published sourcewith no editorial oversight. In the 2020 RfC, there was consensus to add anedit filterto warn users who attempt to cite Facebook as a source, and no consensus on whether Facebook citations should be automatically reverted withXLinkBot.",domain facebook.com matches unreliable domain from file raw_wikipedia_perennial_sources.csv
coal,neutral,clean coal technology,1,1,https://www.sciencedirect.com/topics/engineering/clean-coal-technology,sciencedirect.com,Clean Coal Technology - an overview,2026-05-09 17:25:33,ScienceDirecttopic page,ScienceDirect,sciencedirect.com,unreliable,Generally unreliable,"ScienceDirectis an online bibliographical database run by Elsevier. In addition to academic publications, the website maintains machine-generated ""topic pages"" consisting of quotations from publications in the database. These topic pages change over time, presenting a challenge toverifiability. Citations should be made to the actual, underlying publications quoted by the topic page.",domain sciencedirect.com matches unreliable domain from file raw_wikipedia_perennial_sources.csv
coal,neutral,clean coal technology,1,8,https://www.reddit.com/r/askscience/comments/56pra0/what_is_clean_coal_how_clean_is_it_and_how_viable/,reddit.com,"What is clean coal, how clean is it and how viable is it as a ...",2026-05-09 17:25:45,Reddit,Reddit,reddit.com;redditinc.com,unreliable,Generally unreliable,"Reddit is asocial newsand discussion website. Reddit contains mostlyuser-generated content, and is considered bothself-publishedand generally unreliable. Interview responses written byverifiedinterviewees on ther/IAmAsubreddit areprimary sources, and editors disagree on their reliability. The policy on the use ofsources about themselvesapplies.",domain reddit.com matches unreliable domain from file raw_wikipedia_perennial_sources.csv
coal,neutral,clean coal technology,3,5,https://www.sciencedirect.com/science/article/pii/S2666790824000855,sciencedirect.com,Advancements in clean coal technologies in Bangladesh,2026-05-09 17:26:25,ScienceDirecttopic page,ScienceDirect,sciencedirect.com,unreliable,Generally unreliable,"ScienceDirectis an online bibliographical database run by Elsevier. In addition to academic publications, the website maintains machine-generated ""topic pages"" consisting of quotations from publications in the database. These topic pages change over time, presenting a challenge toverifiability. Citations should be made to the actual, underlying publications quoted by the topic page.",domain sciencedirect.com matches unreliable domain from file raw_wikipedia_perennial_sources.csv
coal,neutral,clean coal technology,3,6,https://www.reddit.com/r/explainlikeimfive/comments/56ptcb/eli5_what_is_clean_coal_and_is_it_actually_a_good/,reddit.com,ELI5: What is clean coal and is it actually a good alternative ...,2026-05-09 17:26:25,Reddit,Reddit,reddit.com;redditinc.com,unreliable,Generally unreliable,"Reddit is asocial newsand discussion website. Reddit contains mostlyuser-generated content, and is considered bothself-publishedand generally unreliable. Interview responses written byverifiedinterviewees on ther/IAmAsubreddit areprimary sources, and editors disagree on their reliability. The policy on the use ofsources about themselvesapplies.",domain reddit.com matches unreliable domain from file raw_wikipedia_perennial_sources.csv
coal,slanted,coal pollution deaths,2,3,https://www.facebook.com/thewire.in/posts/around-124-lakh-indians-every-year-thats-how-many-deaths-the-modi-government-cou/1014239264607435/,facebook.com,Around 1.24 lakh Indians every year – ...,2026-05-09 17:26:59,Facebook(Meta),Facebook,facebook.com,unreliable,Generally unreliable,"Facebook is considered generally unreliable because it is aself-published sourcewith no editorial oversight. In the 2020 RfC, there was consensus to add anedit filterto warn users who attempt to cite Facebook as a source, and no consensus on whether Facebook citations should be automatically reverted withXLinkBot.",domain facebook.com matches unreliable domain from file raw_wikipedia_perennial_sources.csv
coal,neutral,carbon capture research,1,4,https://www.sciencedirect.com/science/article/pii/S0016236125030017,sciencedirect.com,Carbon capture and storage: A comprehensive review on ...,2026-05-09 17:27:39,ScienceDirecttopic page,ScienceDirect,sciencedirect.com,unreliable,Generally unreliable,"ScienceDirectis an online bibliographical database run by Elsevier. In addition to academic publications, the website maintains machine-generated ""topic pages"" consisting of quotations from publications in the database. These topic pages change over time, presenting a challenge toverifiability. Citations should be made to the actual, underlying publications quoted by the topic page.",domain sciencedirect.com matches unreliable domain from file raw_wikipedia_perennial_sources.csv
coal,neutral,carbon capture research,3,9,https://www.reddit.com/r/climatechange/comments/1j2m766/is_there_any_promising_form_of_carbon_capture/,reddit.com,Is there any promising form of carbon capture that is ...,2026-05-09 17:28:20,Reddit,Reddit,reddit.com;redditinc.com,unreliable,Generally unreliable,"Reddit is asocial newsand discussion website. Reddit contains mostlyuser-generated content, and is considered bothself-publishedand generally unreliable. Interview responses written byverifiedinterviewees on ther/IAmAsubreddit areprimary sources, and editors disagree on their reliability. The policy on the use ofsources about themselvesapplies.",domain reddit.com matches unreliable domain from file raw_wikipedia_perennial_sources.csv
coal,slanted,coal mining dangers,2,7,https://www.quora.com/Were-people-aware-of-the-dangers-of-working-in-coal-mines-in-the-past,quora.com,Were people aware of the dangers of working in coal ...,2026-05-09 17:29:09,Quora,Quora,quora.com,unreliable,Generally unreliable,"Quora is aQ&A site. As an Internet forum, it is aself-published sourcethat incorporatesuser-generated content, and is considered generally unreliable. Posts fromverified accountson Quora can be used asprimary sourcesforstatements about themselves. Posts from verified accounts of established experts may also be used to substantiate statements in their field of expertise, in accordance with thepolicy on self-published sources.",domain quora.com matches unreliable domain from file raw_wikipedia_perennial_sources.csv
coal,slanted,coal mining dangers,3,7,https://www.reddit.com/r/mining/comments/1mmspef/how_safe_can_i_make_coal_mining/,reddit.com,How safe can I make coal mining?,2026-05-09 17:29:23,Reddit,Reddit,reddit.com;redditinc.com,unreliable,Generally unreliable,"Reddit is asocial newsand discussion website. Reddit contains mostlyuser-generated content, and is considered bothself-publishedand generally unreliable. Interview responses written byverifiedinterviewees on ther/IAmAsubreddit areprimary sources, and editors disagree on their reliability. The policy on the use ofsources about themselvesapplies.",domain reddit.com matches unreliable domain from file raw_wikipedia_perennial_sources.csv
coal,neutral,coal ash disposal safety,1,4,https://www.sciencedirect.com/science/article/pii/S0147651323014094,sciencedirect.com,A comprehensive review of toxicity of coal fly ash and its ...,2026-05-09 17:29:42,ScienceDirecttopic page,ScienceDirect,sciencedirect.com,unreliable,Generally unreliable,"ScienceDirectis an online bibliographical database run by Elsevier. In addition to academic publications, the website maintains machine-generated ""topic pages"" consisting of quotations from publications in the database. These topic pages change over time, presenting a challenge toverifiability. Citations should be made to the actual, underlying publications quoted by the topic page.",domain sciencedirect.com matches unreliable domain from file raw_wikipedia_perennial_sources.csv
coal,neutral,coal ash disposal safety,2,6,https://www.reddit.com/r/grilling/comments/1mxpivp/best_practices_for_disposal_of_coal_ash/,reddit.com,Best practices for disposal of coal ash? : r/grilling,2026-05-09 17:30:04,Reddit,Reddit,reddit.com;redditinc.com,unreliable,Generally unreliable,"Reddit is asocial newsand discussion website. Reddit contains mostlyuser-generated content, and is considered bothself-publishedand generally unreliable. Interview responses written byverifiedinterviewees on ther/IAmAsubreddit areprimary sources, and editors disagree on their reliability. The policy on the use ofsources about themselvesapplies.",domain reddit.com matches unreliable domain from file raw_wikipedia_perennial_sources.csv
coal,neutral,coal ash disposal safety,2,9,https://www.facebook.com/Northantsfire/posts/if-you-use-a-wood-burning-stove-or-coal-fire-at-home-please-take-extra-care-when/1272051664970111/,facebook.com,If you use a wood-burning stove or coal fire at home ...,2026-05-09 17:30:05,Facebook(Meta),Facebook,facebook.com,unreliable,Generally unreliable,"Facebook is considered generally unreliable because it is aself-published sourcewith no editorial oversight. In the 2020 RfC, there was consensus to add anedit filterto warn users who attempt to cite Facebook as a source, and no consensus on whether Facebook citations should be automatically reverted withXLinkBot.",domain facebook.com matches unreliable domain from file raw_wikipedia_perennial_sources.csv
coal,neutral,coal ash disposal safety,3,7,https://www.facebook.com/groups/londonboaters/posts/10155564010031286/,facebook.com,How are people disposing of their coal ash?,2026-05-09 17:30:18,Facebook(Meta),Facebook,facebook.com,unreliable,Generally unreliable,"Facebook is considered generally unreliable because it is aself-published sourcewith no editorial oversight. In the 2020 RfC, there was consensus to add anedit filterto warn users who attempt to cite Facebook as a source, and no consensus on whether Facebook citations should be automatically reverted withXLinkBot.",domain facebook.com matches unreliable domain from file raw_wikipedia_perennial_sources.csv
coal,slanted,coal ash toxic waste,1,4,https://www.sciencedirect.com/science/article/pii/S0147651323014094,sciencedirect.com,A comprehensive review of toxicity of coal fly ash and its ...,2026-05-09 17:30:44,ScienceDirecttopic page,ScienceDirect,sciencedirect.com,unreliable,Generally unreliable,"ScienceDirectis an online bibliographical database run by Elsevier. In addition to academic publications, the website maintains machine-generated ""topic pages"" consisting of quotations from publications in the database. These topic pages change over time, presenting a challenge toverifiability. Citations should be made to the actual, underlying publications quoted by the topic page.",domain sciencedirect.com matches unreliable domain from file raw_wikipedia_perennial_sources.csv
coal,slanted,coal ash toxic waste,2,5,https://www.facebook.com/CoosaRiverkeeper/posts/coal-ash-is-the-toxic-waste-that-remains-after-coal-is-burned-it-contains-high-c/1008629494710617/,facebook.com,Coal ash is the toxic waste that remains after coal is burned ...,2026-05-09 17:31:01,Facebook(Meta),Facebook,facebook.com,unreliable,Generally unreliable,"Facebook is considered generally unreliable because it is aself-published sourcewith no editorial oversight. In the 2020 RfC, there was consensus to add anedit filterto warn users who attempt to cite Facebook as a source, and no consensus on whether Facebook citations should be automatically reverted withXLinkBot.",domain facebook.com matches unreliable domain from file raw_wikipedia_perennial_sources.csv
coal,slanted,coal ash toxic waste,3,4,https://www.quora.com/What-happens-to-the-toxic-metals-found-in-coal-ash-and-why-is-that-a-bigger-environmental-concern-than-nuclear-waste-in-some-cases,quora.com,"What happens to the toxic metals found in coal ash, and ...",2026-05-09 17:31:15,Quora,Quora,quora.com,unreliable,Generally unreliable,"Quora is aQ&A site. As an Internet forum, it is aself-published sourcethat incorporatesuser-generated content, and is considered generally unreliable. Posts fromverified accountson Quora can be used asprimary sourcesforstatements about themselves. Posts from verified accounts of established experts may also be used to substantiate statements in their field of expertise, in accordance with thepolicy on self-published sources.",domain quora.com matches unreliable domain from file raw_wikipedia_perennial_sources.csv
coal,slanted,coal ash toxic waste,3,9,https://www.facebook.com/AppalachianVoices/posts/coal-ash-is-a-toxic-cocktail-of-whats-left-behind-when-power-companies-burn-coal/1198086079028826/,facebook.com,Coal ash is a toxic cocktail of what's left behind when ...,2026-05-09 17:31:16,Facebook(Meta),Facebook,facebook.com,unreliable,Generally unreliable,"Facebook is considered generally unreliable because it is aself-published sourcewith no editorial oversight. In the 2020 RfC, there was consensus to add anedit filterto warn users who attempt to cite Facebook as a source, and no consensus on whether Facebook citations should be automatically reverted withXLinkBot.",domain facebook.com matches unreliable domain from file raw_wikipedia_perennial_sources.csv
plastic,neutral,plastic recycling impact,2,4,https://www.sciencedirect.com/science/article/pii/S2772397624000753,sciencedirect.com,Waste plastic management: Recycling and the ...,2026-05-09 17:32:00,ScienceDirecttopic page,ScienceDirect,sciencedirect.com,unreliable,Generally unreliable,"ScienceDirectis an online bibliographical database run by Elsevier. In addition to academic publications, the website maintains machine-generated ""topic pages"" consisting of quotations from publications in the database. These topic pages change over time, presenting a challenge toverifiability. Citations should be made to the actual, underlying publications quoted by the topic page.",domain sciencedirect.com matches unreliable domain from file raw_wikipedia_perennial_sources.csv
plastic,neutral,plastic recycling impact,3,4,https://www.reddit.com/r/chemistry/comments/1i1attk/is_burning_plastic_better_long_term_than/,reddit.com,Is burning plastic better long term than pretending it gets ...,2026-05-09 17:32:15,Reddit,Reddit,reddit.com;redditinc.com,unreliable,Generally unreliable,"Reddit is asocial newsand discussion website. Reddit contains mostlyuser-generated content, and is considered bothself-publishedand generally unreliable. Interview responses written byverifiedinterviewees on ther/IAmAsubreddit areprimary sources, and editors disagree on their reliability. The policy on the use ofsources about themselvesapplies.",domain reddit.com matches unreliable domain from file raw_wikipedia_perennial_sources.csv
plastic,slanted,plastic recycling scam,1,5,https://www.reddit.com/r/AskEngineers/comments/iuy4eh/npr_recently_ran_a_story_on_how_plastics/,reddit.com,NPR recently ran a story on how plastics recycling is big ...,2026-05-09 17:34:21,Reddit,Reddit,reddit.com;redditinc.com,unreliable,Generally unreliable,"Reddit is asocial newsand discussion website. Reddit contains mostlyuser-generated content, and is considered bothself-publishedand generally unreliable. Interview responses written byverifiedinterviewees on ther/IAmAsubreddit areprimary sources, and editors disagree on their reliability. The policy on the use ofsources about themselvesapplies.",domain reddit.com matches unreliable domain from file raw_wikipedia_perennial_sources.csv
plastic,slanted,plastic recycling scam,2,2,https://www.youtube.com/watch?v=c8aVYb-a7Uw,youtube.com,Tracking your plastic: Exposing recycling myths (Marketplace),2026-05-09 17:34:36,YouTube,YouTube,youtube.com,unreliable,Generally unreliable,"Most videos on YouTube are anonymous,self-published, and unverifiable, and should not be used as a reference. Content uploaded from a verified official account, such as that of a news organization, may be treated as originating from the uploader and therefore inheriting their level of reliability. However, many YouTube videos from unofficial accounts are copyright violations and should not be linked from Wikipedia, according toWP:COPYLINK. See alsoWP:YOUTUBEandWP:VIDEOLINK. For illustrative, non-referential use, seec:Commons:YouTube filesandWikipedia:Image use policy.",domain youtube.com matches unreliable domain from file raw_wikipedia_perennial_sources.csv
plastic,slanted,plastic recycling scam,2,4,https://www.linkedin.com/posts/denisestraessler_recycling-environment-esg-activity-7426975066334146560-2MYj,linkedin.com,Plastic Recycling Scam Exposed: Blame Transfer and ...,2026-05-09 17:34:37,LinkedIn(LinkedIn Pulse),LinkedIn,linkedin.com,unreliable,Generally unreliable,"LinkedIn is a social network. As aself-published source, it is considered generally unreliable and should be avoided unless the post is used for anuncontroversial self-description. Articles onLinkedIn Pulsewritten by LinkedIn users are also self-published. LinkedIn accounts should only be cited if they areverified accountsor if the user's identity is confirmed in some way. Posts that are not covered by reliable sources are likely to constituteundue weight. LinkedIn should never be used forthird-party claimsrelated toliving persons.",domain linkedin.com matches unreliable domain from file raw_wikipedia_perennial_sources.csv
plastic,slanted,plastic recycling scam,2,10,https://www.instagram.com/p/C3mm0h4Ojkd/,instagram.com,Plastic recycling is a lie. It's time to stop ... - Instagram,2026-05-09 17:34:39,"Instagram(IG, Insta, The Gram)",Instagram,instagram.com,unreliable,Generally unreliable,"As asocial networking service, Instagram is covered by the following policies and guidelines:WP:SOCIALMEDIA,WP:RSSELF,WP:SPSandWP:UGC.",domain instagram.com matches unreliable domain from file raw_wikipedia_perennial_sources.csv
plastic,slanted,plastic recycling scam,3,6,https://www.instagram.com/p/C3mm0h4Ojkd/,instagram.com,Plastic recycling is a lie. It's time to stop pretending. ...,2026-05-09 17:34:52,"Instagram(IG, Insta, The Gram)",Instagram,instagram.com,unreliable,Generally unreliable,"As asocial networking service, Instagram is covered by the following policies and guidelines:WP:SOCIALMEDIA,WP:RSSELF,WP:SPSandWP:UGC.",domain instagram.com matches unreliable domain from file raw_wikipedia_perennial_sources.csv
plastic,slanted,plastic recycling scam,3,7,https://www.quora.com/Someone-told-me-that-recycling-plastic-is-actually-a-scam-because-most-plastic-cant-be-recycled-Is-it-true-What-about-other-garbage,quora.com,Someone told me that recycling plastic is actually a scam ...,2026-05-09 17:34:52,Quora,Quora,quora.com,unreliable,Generally unreliable,"Quora is aQ&A site. As an Internet forum, it is aself-published sourcethat incorporatesuser-generated content, and is considered generally unreliable. Posts fromverified accountson Quora can be used asprimary sourcesforstatements about themselves. Posts from verified accounts of established experts may also be used to substantiate statements in their field of expertise, in accordance with thepolicy on self-published sources.",domain quora.com matches unreliable domain from file raw_wikipedia_perennial_sources.csv
plastic,neutral,biodegradable plastics research,1,1,https://www.sciencedirect.com/science/article/abs/pii/S0048969725005467,sciencedirect.com,Bioplastics and biodegradable plastics: A review of recent ...,2026-05-09 17:35:10,ScienceDirecttopic page,ScienceDirect,sciencedirect.com,unreliable,Generally unreliable,"ScienceDirectis an online bibliographical database run by Elsevier. In addition to academic publications, the website maintains machine-generated ""topic pages"" consisting of quotations from publications in the database. These topic pages change over time, presenting a challenge toverifiability. Citations should be made to the actual, underlying publications quoted by the topic page.",domain sciencedirect.com matches unreliable domain from file raw_wikipedia_perennial_sources.csv
plastic,neutral,biodegradable plastics research,2,4,https://www.reddit.com/r/environmental_science/comments/1ozkq7a/why_dont_the_biotech_entrepreneurs_come_up_with/,reddit.com,Why don't the biotech entrepreneurs come up with ...,2026-05-09 17:36:34,Reddit,Reddit,reddit.com;redditinc.com,unreliable,Generally unreliable,"Reddit is asocial newsand discussion website. Reddit contains mostlyuser-generated content, and is considered bothself-publishedand generally unreliable. Interview responses written byverifiedinterviewees on ther/IAmAsubreddit areprimary sources, and editors disagree on their reliability. The policy on the use ofsources about themselvesapplies.",domain reddit.com matches unreliable domain from file raw_wikipedia_perennial_sources.csv
plastic,neutral,biodegradable plastics research,2,7,https://www.sciencedirect.com/science/article/pii/S266679082200009X,sciencedirect.com,Biodegradable plastic applications towards sustainability,2026-05-09 17:36:35,ScienceDirecttopic page,ScienceDirect,sciencedirect.com,unreliable,Generally unreliable,"ScienceDirectis an online bibliographical database run by Elsevier. In addition to academic publications, the website maintains machine-generated ""topic pages"" consisting of quotations from publications in the database. These topic pages change over time, presenting a challenge toverifiability. Citations should be made to the actual, underlying publications quoted by the topic page.",domain sciencedirect.com matches unreliable domain from file raw_wikipedia_perennial_sources.csv
plastic,neutral,biodegradable plastics research,3,7,https://www.linkedin.com/posts/wageningenuniversity_plastics-biobased-wurresearch-activity-7455533215064166401-JABU,linkedin.com,#plastics #biobased #wurresearch | Wageningen ...,2026-05-09 17:36:50,LinkedIn(LinkedIn Pulse),LinkedIn,linkedin.com,unreliable,Generally unreliable,"LinkedIn is a social network. As aself-published source, it is considered generally unreliable and should be avoided unless the post is used for anuncontroversial self-description. Articles onLinkedIn Pulsewritten by LinkedIn users are also self-published. LinkedIn accounts should only be cited if they areverified accountsor if the user's identity is confirmed in some way. Posts that are not covered by reliable sources are likely to constituteundue weight. LinkedIn should never be used forthird-party claimsrelated toliving persons.",domain linkedin.com matches unreliable domain from file raw_wikipedia_perennial_sources.csv
plastic,slanted,bioplastics environmental impact,1,1,https://www.sciencedirect.com/science/article/pii/S0957582024006359,sciencedirect.com,Impact of bioplastics on environment from its production to ...,2026-05-09 17:37:07,ScienceDirecttopic page,ScienceDirect,sciencedirect.com,unreliable,Generally unreliable,"ScienceDirectis an online bibliographical database run by Elsevier. In addition to academic publications, the website maintains machine-generated ""topic pages"" consisting of quotations from publications in the database. These topic pages change over time, presenting a challenge toverifiability. Citations should be made to the actual, underlying publications quoted by the topic page.",domain sciencedirect.com matches unreliable domain from file raw_wikipedia_perennial_sources.csv
plastic,slanted,bioplastics environmental impact,2,7,https://www.sciencedirect.com/science/article/pii/S3051060025000101,sciencedirect.com,Environmental risks and regulatory gaps in bioplastics,2026-05-09 17:37:33,ScienceDirecttopic page,ScienceDirect,sciencedirect.com,unreliable,Generally unreliable,"ScienceDirectis an online bibliographical database run by Elsevier. In addition to academic publications, the website maintains machine-generated ""topic pages"" consisting of quotations from publications in the database. These topic pages change over time, presenting a challenge toverifiability. Citations should be made to the actual, underlying publications quoted by the topic page.",domain sciencedirect.com matches unreliable domain from file raw_wikipedia_perennial_sources.csv
plastic,slanted,bioplastics environmental impact,2,9,https://www.facebook.com/FollowCII/posts/bioplastics-are-derived-from-renewable-sources-and-are-biodegradable-unlike-conv/1011516437674043/,facebook.com,Bioplastics are derived from #renewable sources and ...,2026-05-09 17:37:33,Facebook(Meta),Facebook,facebook.com,unreliable,Generally unreliable,"Facebook is considered generally unreliable because it is aself-published sourcewith no editorial oversight. In the 2020 RfC, there was consensus to add anedit filterto warn users who attempt to cite Facebook as a source, and no consensus on whether Facebook citations should be automatically reverted withXLinkBot.",domain facebook.com matches unreliable domain from file raw_wikipedia_perennial_sources.csv
plastic,slanted,bioplastics environmental impact,3,7,https://www.youtube.com/watch?v=Kjb7AlYOSgo,youtube.com,Are Bio-plastics a Sustainable Solution? | Vivian Tan ...,2026-05-09 17:37:48,YouTube,YouTube,youtube.com,unreliable,Generally unreliable,"Most videos on YouTube are anonymous,self-published, and unverifiable, and should not be used as a reference. Content uploaded from a verified official account, such as that of a news organization, may be treated as originating from the uploader and therefore inheriting their level of reliability. However, many YouTube videos from unofficial accounts are copyright violations and should not be linked from Wikipedia, according toWP:COPYLINK. See alsoWP:YOUTUBEandWP:VIDEOLINK. For illustrative, non-referential use, seec:Commons:YouTube filesandWikipedia:Image use policy.",domain youtube.com matches unreliable domain from file raw_wikipedia_perennial_sources.csv
plastic,neutral,microplastics health research,1,5,https://www.sciencedirect.com/science/article/pii/S2213343725035031,sciencedirect.com,Microplastics and human health: Exposure pathways ...,2026-05-09 17:38:15,ScienceDirecttopic page,ScienceDirect,sciencedirect.com,unreliable,Generally unreliable,"ScienceDirectis an online bibliographical database run by Elsevier. In addition to academic publications, the website maintains machine-generated ""topic pages"" consisting of quotations from publications in the database. These topic pages change over time, presenting a challenge toverifiability. Citations should be made to the actual, underlying publications quoted by the topic page.",domain sciencedirect.com matches unreliable domain from file raw_wikipedia_perennial_sources.csv
plastic,neutral,microplastics health research,3,5,https://www.instagram.com/p/DXzdwxJEWCx/,instagram.com,"endless claims about microplastics in our brains, blood ...",2026-05-09 17:38:51,"Instagram(IG, Insta, The Gram)",Instagram,instagram.com,unreliable,Generally unreliable,"As asocial networking service, Instagram is covered by the following policies and guidelines:WP:SOCIALMEDIA,WP:RSSELF,WP:SPSandWP:UGC.",domain instagram.com matches unreliable domain from file raw_wikipedia_perennial_sources.csv
plastic,neutral,microplastics health research,3,8,https://www.reddit.com/r/slatestarcodex/comments/192o2wc/is_there_any_hard_evidence_that_microplastics_are/,reddit.com,Is there any hard evidence that microplastics are harmful to ...,2026-05-09 17:38:52,Reddit,Reddit,reddit.com;redditinc.com,unreliable,Generally unreliable,"Reddit is asocial newsand discussion website. Reddit contains mostlyuser-generated content, and is considered bothself-publishedand generally unreliable. Interview responses written byverifiedinterviewees on ther/IAmAsubreddit areprimary sources, and editors disagree on their reliability. The policy on the use ofsources about themselvesapplies.",domain reddit.com matches unreliable domain from file raw_wikipedia_perennial_sources.csv
plastic,slanted,microplastics human toxicity,1,6,https://www.sciencedirect.com/science/article/pii/S2213343725035031,sciencedirect.com,Microplastics and human health: Exposure pathways ...,2026-05-09 17:39:08,ScienceDirecttopic page,ScienceDirect,sciencedirect.com,unreliable,Generally unreliable,"ScienceDirectis an online bibliographical database run by Elsevier. In addition to academic publications, the website maintains machine-generated ""topic pages"" consisting of quotations from publications in the database. These topic pages change over time, presenting a challenge toverifiability. Citations should be made to the actual, underlying publications quoted by the topic page.",domain sciencedirect.com matches unreliable domain from file raw_wikipedia_perennial_sources.csv
plastic,slanted,microplastics human toxicity,2,7,https://www.reddit.com/r/biology/comments/1j4qf30/im_a_bit_worried_about_the_microplastics_in_our/,reddit.com,I'm a bit worried about the microplastics in our bodies,2026-05-09 17:39:25,Reddit,Reddit,reddit.com;redditinc.com,unreliable,Generally unreliable,"Reddit is asocial newsand discussion website. Reddit contains mostlyuser-generated content, and is considered bothself-publishedand generally unreliable. Interview responses written byverifiedinterviewees on ther/IAmAsubreddit areprimary sources, and editors disagree on their reliability. The policy on the use ofsources about themselvesapplies.",domain reddit.com matches unreliable domain from file raw_wikipedia_perennial_sources.csv
plastic,slanted,microplastics human toxicity,3,1,https://www.sciencedirect.com/science/article/pii/S0048969723053913,sciencedirect.com,Review Recent progress of microplastic toxicity on human ...,2026-05-09 17:39:37,ScienceDirecttopic page,ScienceDirect,sciencedirect.com,unreliable,Generally unreliable,"ScienceDirectis an online bibliographical database run by Elsevier. In addition to academic publications, the website maintains machine-generated ""topic pages"" consisting of quotations from publications in the database. These topic pages change over time, presenting a challenge toverifiability. Citations should be made to the actual, underlying publications quoted by the topic page.",domain sciencedirect.com matches unreliable domain from file raw_wikipedia_perennial_sources.csv
plastic,slanted,microplastics human toxicity,3,5,https://www.quora.com/Do-you-think-researchers-will-find-that-exposure-to-microplastics-has-systemic-effects-on-humans,quora.com,Do you think researchers will find that exposure to ...,2026-05-09 17:39:38,Quora,Quora,quora.com,unreliable,Generally unreliable,"Quora is aQ&A site. As an Internet forum, it is aself-published sourcethat incorporatesuser-generated content, and is considered generally unreliable. Posts fromverified accountson Quora can be used asprimary sourcesforstatements about themselves. Posts from verified accounts of established experts may also be used to substantiate statements in their field of expertise, in accordance with thepolicy on self-published sources.",domain quora.com matches unreliable domain from file raw_wikipedia_perennial_sources.csv
wind_energy,neutral,wind turbine safety,2,4,https://www.reddit.com/r/windturbine/comments/17emiia/workers_rightssafety_on_wind_turbines_would_you/,reddit.com,Workers rights/safety on wind turbines – would you like to ...,2026-05-09 17:40:43,Reddit,Reddit,reddit.com;redditinc.com,unreliable,Generally unreliable,"Reddit is asocial newsand discussion website. Reddit contains mostlyuser-generated content, and is considered bothself-publishedand generally unreliable. Interview responses written byverifiedinterviewees on ther/IAmAsubreddit areprimary sources, and editors disagree on their reliability. The policy on the use ofsources about themselvesapplies.",domain reddit.com matches unreliable domain from file raw_wikipedia_perennial_sources.csv
wind_energy,neutral,wind turbine safety,3,9,https://www.linkedin.com/pulse/5-key-safety-precautions-wind-turbine-workers-gavin-coyle,linkedin.com,5 Key safety precautions for wind turbine workers,2026-05-09 17:41:00,LinkedIn(LinkedIn Pulse),LinkedIn,linkedin.com,unreliable,Generally unreliable,"LinkedIn is a social network. As aself-published source, it is considered generally unreliable and should be avoided unless the post is used for anuncontroversial self-description. Articles onLinkedIn Pulsewritten by LinkedIn users are also self-published. LinkedIn accounts should only be cited if they areverified accountsor if the user's identity is confirmed in some way. Posts that are not covered by reliable sources are likely to constituteundue weight. LinkedIn should never be used forthird-party claimsrelated toliving persons.",domain linkedin.com matches unreliable domain from file raw_wikipedia_perennial_sources.csv
wind_energy,slanted,wind turbine syndrome,1,7,https://www.sciencedirect.com/science/article/pii/S0013935120312573,sciencedirect.com,Symptoms intuitively associated with wind turbine infrasound,2026-05-09 17:41:36,ScienceDirecttopic page,ScienceDirect,sciencedirect.com,unreliable,Generally unreliable,"ScienceDirectis an online bibliographical database run by Elsevier. In addition to academic publications, the website maintains machine-generated ""topic pages"" consisting of quotations from publications in the database. These topic pages change over time, presenting a challenge toverifiability. Citations should be made to the actual, underlying publications quoted by the topic page.",domain sciencedirect.com matches unreliable domain from file raw_wikipedia_perennial_sources.csv
wind_energy,slanted,wind turbine syndrome,2,4,https://www.reddit.com/r/science/comments/1j3wbn0/a_new_study_tested_whether_wind_turbine_noise/,reddit.com,A new study tested whether wind turbine noise affects brain ...,2026-05-09 17:41:50,Reddit,Reddit,reddit.com;redditinc.com,unreliable,Generally unreliable,"Reddit is asocial newsand discussion website. Reddit contains mostlyuser-generated content, and is considered bothself-publishedand generally unreliable. Interview responses written byverifiedinterviewees on ther/IAmAsubreddit areprimary sources, and editors disagree on their reliability. The policy on the use ofsources about themselvesapplies.",domain reddit.com matches unreliable domain from file raw_wikipedia_perennial_sources.csv
wind_energy,slanted,wind turbine syndrome,3,2,https://www.facebook.com/thyssenkrupp/posts/have-you-ever-heard-that-wind-turbines-harm-our-health-through-infrasound-its-si/738977205502604/,facebook.com,Have you ever heard that wind turbines harm our health ...,2026-05-09 17:42:04,Facebook(Meta),Facebook,facebook.com,unreliable,Generally unreliable,"Facebook is considered generally unreliable because it is aself-published sourcewith no editorial oversight. In the 2020 RfC, there was consensus to add anedit filterto warn users who attempt to cite Facebook as a source, and no consensus on whether Facebook citations should be automatically reverted withXLinkBot.",domain facebook.com matches unreliable domain from file raw_wikipedia_perennial_sources.csv
wind_energy,slanted,wind turbine syndrome,3,9,https://www.reddit.com/r/science/comments/2e4bas/wind_turbine_syndrome_courts_arent_buying_it_the/,reddit.com,Wind Turbine Syndrome? Courts Aren't Buying It. The ...,2026-05-09 17:42:17,Reddit,Reddit,reddit.com;redditinc.com,unreliable,Generally unreliable,"Reddit is asocial newsand discussion website. Reddit contains mostlyuser-generated content, and is considered bothself-publishedand generally unreliable. Interview responses written byverifiedinterviewees on ther/IAmAsubreddit areprimary sources, and editors disagree on their reliability. The policy on the use ofsources about themselvesapplies.",domain reddit.com matches unreliable domain from file raw_wikipedia_perennial_sources.csv
wind_energy,neutral,offshore wind farm research,1,3,https://www.sciencedirect.com/science/article/pii/S0964569124000085,sciencedirect.com,The global impact of offshore wind farms on ecosystem ...,2026-05-09 17:42:41,ScienceDirecttopic page,ScienceDirect,sciencedirect.com,unreliable,Generally unreliable,"ScienceDirectis an online bibliographical database run by Elsevier. In addition to academic publications, the website maintains machine-generated ""topic pages"" consisting of quotations from publications in the database. These topic pages change over time, presenting a challenge toverifiability. Citations should be made to the actual, underlying publications quoted by the topic page.",domain sciencedirect.com matches unreliable domain from file raw_wikipedia_perennial_sources.csv
wind_energy,neutral,offshore wind farm research,2,7,https://www.sciencedirect.com/topics/engineering/offshore-wind-farms,sciencedirect.com,Offshore Wind Farms - an overview,2026-05-09 17:43:04,ScienceDirecttopic page,ScienceDirect,sciencedirect.com,unreliable,Generally unreliable,"ScienceDirectis an online bibliographical database run by Elsevier. In addition to academic publications, the website maintains machine-generated ""topic pages"" consisting of quotations from publications in the database. These topic pages change over time, presenting a challenge toverifiability. Citations should be made to the actual, underlying publications quoted by the topic page.",domain sciencedirect.com matches unreliable domain from file raw_wikipedia_perennial_sources.csv
wind_energy,slanted,wind energy bird deaths,1,7,https://www.reddit.com/r/energy/comments/1eq9qdd/do_wind_turbines_really_kill_a_lot_of_birds_i_did/,reddit.com,Do wind turbines really kill a lot of birds? I did some ...,2026-05-09 17:43:54,Reddit,Reddit,reddit.com;redditinc.com,unreliable,Generally unreliable,"Reddit is asocial newsand discussion website. Reddit contains mostlyuser-generated content, and is considered bothself-publishedand generally unreliable. Interview responses written byverifiedinterviewees on ther/IAmAsubreddit areprimary sources, and editors disagree on their reliability. The policy on the use ofsources about themselvesapplies.",domain reddit.com matches unreliable domain from file raw_wikipedia_perennial_sources.csv
wind_energy,slanted,wind energy bird deaths,2,10,https://www.facebook.com/euronews/posts/critics-say-wind-turbines-endanger-birds-but-two-new-studies-have-now-analysed-t/1327921902716470/,facebook.com,Critics say wind turbines endanger birds but two new ...,2026-05-09 17:44:12,Facebook(Meta),Facebook,facebook.com,unreliable,Generally unreliable,"Facebook is considered generally unreliable because it is aself-published sourcewith no editorial oversight. In the 2020 RfC, there was consensus to add anedit filterto warn users who attempt to cite Facebook as a source, and no consensus on whether Facebook citations should be automatically reverted withXLinkBot.",domain facebook.com matches unreliable domain from file raw_wikipedia_perennial_sources.csv
wind_energy,slanted,wind energy bird deaths,3,1,https://www.facebook.com/euronews/posts/critics-say-wind-turbines-endanger-birds-but-two-new-studies-have-now-analysed-t/1327921902716470/,facebook.com,Critics say wind turbines endanger birds but two new ...,2026-05-09 17:44:22,Facebook(Meta),Facebook,facebook.com,unreliable,Generally unreliable,"Facebook is considered generally unreliable because it is aself-published sourcewith no editorial oversight. In the 2020 RfC, there was consensus to add anedit filterto warn users who attempt to cite Facebook as a source, and no consensus on whether Facebook citations should be automatically reverted withXLinkBot.",domain facebook.com matches unreliable domain from file raw_wikipedia_perennial_sources.csv
wind_energy,slanted,wind energy bird deaths,3,9,https://www.foxnews.com/politics/regulators-allow-obama-era-solar-plant-kill-thousands-birds-annually-fines-enforcement-investigation-finds,foxnews.com,Ivanpah solar plant kills thousands of birds with no fines ...,2026-05-09 17:44:25,Fox News[aa](news excluding politics and science),Fox_News,foxnews.com,unreliable,No consensus,"Historically, there has been consensus that Fox News is generally reliable for news coverage on topics other than politics and science. However, many editors expressed concerns about the reliability of Fox News for any topic in a 2023 RFC. No formal consensus was reached on the matter, though.See also:Fox News (politics and science),Fox News (talk shows).",domain foxnews.com matches unreliable domain from file raw_wikipedia_perennial_sources.csv
wind_energy,neutral,wind power health effects,1,7,https://www.sciencedirect.com/science/article/abs/pii/S1364032125003156,sciencedirect.com,Health problems near wind turbines: A nationwide ...,2026-05-09 17:44:53,ScienceDirecttopic page,ScienceDirect,sciencedirect.com,unreliable,Generally unreliable,"ScienceDirectis an online bibliographical database run by Elsevier. In addition to academic publications, the website maintains machine-generated ""topic pages"" consisting of quotations from publications in the database. These topic pages change over time, presenting a challenge toverifiability. Citations should be made to the actual, underlying publications quoted by the topic page.",domain sciencedirect.com matches unreliable domain from file raw_wikipedia_perennial_sources.csv
wind_energy,neutral,wind power health effects,2,7,https://www.facebook.com/thyssenkrupp/posts/have-you-ever-heard-that-wind-turbines-harm-our-health-through-infrasound-its-si/738977205502604/,facebook.com,Have you ever heard that wind turbines harm our health ...,2026-05-09 17:45:13,Facebook(Meta),Facebook,facebook.com,unreliable,Generally unreliable,"Facebook is considered generally unreliable because it is aself-published sourcewith no editorial oversight. In the 2020 RfC, there was consensus to add anedit filterto warn users who attempt to cite Facebook as a source, and no consensus on whether Facebook citations should be automatically reverted withXLinkBot.",domain facebook.com matches unreliable domain from file raw_wikipedia_perennial_sources.csv
wind_energy,neutral,wind power health effects,2,10,https://www.reddit.com/r/science/comments/1j3wbn0/a_new_study_tested_whether_wind_turbine_noise/,reddit.com,A new study tested whether wind turbine noise affects brain ...,2026-05-09 17:45:14,Reddit,Reddit,reddit.com;redditinc.com,unreliable,Generally unreliable,"Reddit is asocial newsand discussion website. Reddit contains mostlyuser-generated content, and is considered bothself-publishedand generally unreliable. Interview responses written byverifiedinterviewees on ther/IAmAsubreddit areprimary sources, and editors disagree on their reliability. The policy on the use ofsources about themselvesapplies.",domain reddit.com matches unreliable domain from file raw_wikipedia_perennial_sources.csv
wind_energy,slanted,wind turbine noise complaints,1,7,https://www.sciencedirect.com/science/article/pii/S0160412025003654,sciencedirect.com,Wind turbine noise annoyance – an interdisciplinary three- ...,2026-05-09 17:45:59,ScienceDirecttopic page,ScienceDirect,sciencedirect.com,unreliable,Generally unreliable,"ScienceDirectis an online bibliographical database run by Elsevier. In addition to academic publications, the website maintains machine-generated ""topic pages"" consisting of quotations from publications in the database. These topic pages change over time, presenting a challenge toverifiability. Citations should be made to the actual, underlying publications quoted by the topic page.",domain sciencedirect.com matches unreliable domain from file raw_wikipedia_perennial_sources.csv
wind_energy,slanted,wind turbine noise complaints,2,1,https://www.reddit.com/r/science/comments/1j3wbn0/a_new_study_tested_whether_wind_turbine_noise/,reddit.com,A new study tested whether wind turbine noise affects brain ...,2026-05-09 17:46:12,Reddit,Reddit,reddit.com;redditinc.com,unreliable,Generally unreliable,"Reddit is asocial newsand discussion website. Reddit contains mostlyuser-generated content, and is considered bothself-publishedand generally unreliable. Interview responses written byverifiedinterviewees on ther/IAmAsubreddit areprimary sources, and editors disagree on their reliability. The policy on the use ofsources about themselvesapplies.",domain reddit.com matches unreliable domain from file raw_wikipedia_perennial_sources.csv
wind_energy,slanted,wind turbine noise complaints,2,9,https://www.quora.com/How-do-people-who-live-near-giant-industrial-wind-turbines-deal-with-the-constant-noise-they-make-even-at-night,quora.com,How do people who live near giant industrial wind turbines ...,2026-05-09 17:46:14,Quora,Quora,quora.com,unreliable,Generally unreliable,"Quora is aQ&A site. As an Internet forum, it is aself-published sourcethat incorporatesuser-generated content, and is considered generally unreliable. Posts fromverified accountson Quora can be used asprimary sourcesforstatements about themselves. Posts from verified accounts of established experts may also be used to substantiate statements in their field of expertise, in accordance with thepolicy on self-published sources.",domain quora.com matches unreliable domain from file raw_wikipedia_perennial_sources.csv
biodiesel,neutral,biodiesel environmental impact,1,3,https://www.sciencedirect.com/science/article/abs/pii/S0961953424001922,sciencedirect.com,A review on the environmental life cycle assessment of ...,2026-05-09 17:46:46,ScienceDirecttopic page,ScienceDirect,sciencedirect.com,unreliable,Generally unreliable,"ScienceDirectis an online bibliographical database run by Elsevier. In addition to academic publications, the website maintains machine-generated ""topic pages"" consisting of quotations from publications in the database. These topic pages change over time, presenting a challenge toverifiability. Citations should be made to the actual, underlying publications quoted by the topic page.",domain sciencedirect.com matches unreliable domain from file raw_wikipedia_perennial_sources.csv
biodiesel,neutral,biodiesel environmental impact,3,5,https://www.reddit.com/r/cars/comments/1fjyx2n/what_happened_to_biodiesel_its_complicated_the/,reddit.com,What Happened to Biodiesel? It's Complicated: The Drive,2026-05-09 17:47:29,Reddit,Reddit,reddit.com;redditinc.com,unreliable,Generally unreliable,"Reddit is asocial newsand discussion website. Reddit contains mostlyuser-generated content, and is considered bothself-publishedand generally unreliable. Interview responses written byverifiedinterviewees on ther/IAmAsubreddit areprimary sources, and editors disagree on their reliability. The policy on the use ofsources about themselvesapplies.",domain reddit.com matches unreliable domain from file raw_wikipedia_perennial_sources.csv
biodiesel,neutral,biodiesel environmental impact,3,8,https://www.sciencedirect.com/science/article/pii/S2590174525000212,sciencedirect.com,Biomass to biofuel: Impacts and mitigation of ...,2026-05-09 17:47:30,ScienceDirecttopic page,ScienceDirect,sciencedirect.com,unreliable,Generally unreliable,"ScienceDirectis an online bibliographical database run by Elsevier. In addition to academic publications, the website maintains machine-generated ""topic pages"" consisting of quotations from publications in the database. These topic pages change over time, presenting a challenge toverifiability. Citations should be made to the actual, underlying publications quoted by the topic page.",domain sciencedirect.com matches unreliable domain from file raw_wikipedia_perennial_sources.csv
biodiesel,slanted,biodiesel land use change,2,3,https://www.sciencedirect.com/science/article/abs/pii/S0921344921007394,sciencedirect.com,The importance of GHG emissions from land use change ...,2026-05-09 17:48:08,ScienceDirecttopic page,ScienceDirect,sciencedirect.com,unreliable,Generally unreliable,"ScienceDirectis an online bibliographical database run by Elsevier. In addition to academic publications, the website maintains machine-generated ""topic pages"" consisting of quotations from publications in the database. These topic pages change over time, presenting a challenge toverifiability. Citations should be made to the actual, underlying publications quoted by the topic page.",domain sciencedirect.com matches unreliable domain from file raw_wikipedia_perennial_sources.csv
biodiesel,slanted,biodiesel land use change,2,4,https://www.reddit.com/r/ClimateOffensive/comments/1t6bp3b/debunking_the_land_use_argument_against_biofuels/,reddit.com,Debunking the land use argument against biofuels once ...,2026-05-09 17:48:09,Reddit,Reddit,reddit.com;redditinc.com,unreliable,Generally unreliable,"Reddit is asocial newsand discussion website. Reddit contains mostlyuser-generated content, and is considered bothself-publishedand generally unreliable. Interview responses written byverifiedinterviewees on ther/IAmAsubreddit areprimary sources, and editors disagree on their reliability. The policy on the use ofsources about themselvesapplies.",domain reddit.com matches unreliable domain from file raw_wikipedia_perennial_sources.csv
biodiesel,slanted,biodiesel land use change,3,9,https://www.sciencedirect.com/science/article/abs/pii/S0306261918318427,sciencedirect.com,Exploring the impacts of biofuel expansion on land use ...,2026-05-09 17:48:25,ScienceDirecttopic page,ScienceDirect,sciencedirect.com,unreliable,Generally unreliable,"ScienceDirectis an online bibliographical database run by Elsevier. In addition to academic publications, the website maintains machine-generated ""topic pages"" consisting of quotations from publications in the database. These topic pages change over time, presenting a challenge toverifiability. Citations should be made to the actual, underlying publications quoted by the topic page.",domain sciencedirect.com matches unreliable domain from file raw_wikipedia_perennial_sources.csv
biodiesel,neutral,algae biofuel research,1,1,https://www.sciencedirect.com/science/article/abs/pii/S0013935124018073,sciencedirect.com,Advancements in sustainable production of biofuel by ...,2026-05-09 17:48:41,ScienceDirecttopic page,ScienceDirect,sciencedirect.com,unreliable,Generally unreliable,"ScienceDirectis an online bibliographical database run by Elsevier. In addition to academic publications, the website maintains machine-generated ""topic pages"" consisting of quotations from publications in the database. These topic pages change over time, presenting a challenge toverifiability. Citations should be made to the actual, underlying publications quoted by the topic page.",domain sciencedirect.com matches unreliable domain from file raw_wikipedia_perennial_sources.csv
biodiesel,neutral,algae biofuel research,3,2,https://www.reddit.com/r/environment/comments/11toxz1/the_big_oil_firms_are_giving_up_on_researching/,reddit.com,The Big Oil Firms Are Giving Up on Researching Algae ...,2026-05-09 17:49:13,Reddit,Reddit,reddit.com;redditinc.com,unreliable,Generally unreliable,"Reddit is asocial newsand discussion website. Reddit contains mostlyuser-generated content, and is considered bothself-publishedand generally unreliable. Interview responses written byverifiedinterviewees on ther/IAmAsubreddit areprimary sources, and editors disagree on their reliability. The policy on the use ofsources about themselvesapplies.",domain reddit.com matches unreliable domain from file raw_wikipedia_perennial_sources.csv
biodiesel,neutral,algae biofuel research,3,5,https://www.sciencedirect.com/science/article/abs/pii/S2211926425003625,sciencedirect.com,Exploring the efficiency and scalability of using algae as a ...,2026-05-09 17:49:14,ScienceDirecttopic page,ScienceDirect,sciencedirect.com,unreliable,Generally unreliable,"ScienceDirectis an online bibliographical database run by Elsevier. In addition to academic publications, the website maintains machine-generated ""topic pages"" consisting of quotations from publications in the database. These topic pages change over time, presenting a challenge toverifiability. Citations should be made to the actual, underlying publications quoted by the topic page.",domain sciencedirect.com matches unreliable domain from file raw_wikipedia_perennial_sources.csv
biodiesel,slanted,biofuel food vs fuel,1,7,https://www.sciencedirect.com/topics/engineering/food-versus-fuel-debate,sciencedirect.com,Food Versus Fuel Debate - an overview,2026-05-09 17:49:46,ScienceDirecttopic page,ScienceDirect,sciencedirect.com,unreliable,Generally unreliable,"ScienceDirectis an online bibliographical database run by Elsevier. In addition to academic publications, the website maintains machine-generated ""topic pages"" consisting of quotations from publications in the database. These topic pages change over time, presenting a challenge toverifiability. Citations should be made to the actual, underlying publications quoted by the topic page.",domain sciencedirect.com matches unreliable domain from file raw_wikipedia_perennial_sources.csv
biodiesel,slanted,biofuel food vs fuel,2,7,https://www.reddit.com/r/wikipedia/comments/1ftynms/food_versus_fuel_is_the_dilemma_regarding_the/,reddit.com,Food versus fuel is the dilemma regarding the risk ...,2026-05-09 17:50:05,Reddit,Reddit,reddit.com;redditinc.com,unreliable,Generally unreliable,"Reddit is asocial newsand discussion website. Reddit contains mostlyuser-generated content, and is considered bothself-publishedand generally unreliable. Interview responses written byverifiedinterviewees on ther/IAmAsubreddit areprimary sources, and editors disagree on their reliability. The policy on the use ofsources about themselvesapplies.",domain reddit.com matches unreliable domain from file raw_wikipedia_perennial_sources.csv
artificial_intelligence,neutral,ai safety research,2,6,https://www.reddit.com/r/neoliberal/comments/zvdlru/a_guide_to_ai_safety_research_why_you_should_care/,reddit.com,A Guide to AI Safety Research - Why you should care,2026-05-09 17:50:59,Reddit,Reddit,reddit.com;redditinc.com,unreliable,Generally unreliable,"Reddit is asocial newsand discussion website. Reddit contains mostlyuser-generated content, and is considered bothself-publishedand generally unreliable. Interview responses written byverifiedinterviewees on ther/IAmAsubreddit areprimary sources, and editors disagree on their reliability. The policy on the use ofsources about themselvesapplies.",domain reddit.com matches unreliable domain from file raw_wikipedia_perennial_sources.csv
artificial_intelligence,neutral,ai safety research,3,3,https://www.linkedin.com/top-content/artificial-intelligence/ai-safety-and-risk-management/current-status-of-ai-safety-research/,linkedin.com,Current Status of AI Safety Research,2026-05-09 17:51:11,LinkedIn(LinkedIn Pulse),LinkedIn,linkedin.com,unreliable,Generally unreliable,"LinkedIn is a social network. As aself-published source, it is considered generally unreliable and should be avoided unless the post is used for anuncontroversial self-description. Articles onLinkedIn Pulsewritten by LinkedIn users are also self-published. LinkedIn accounts should only be cited if they areverified accountsor if the user's identity is confirmed in some way. Posts that are not covered by reliable sources are likely to constituteundue weight. LinkedIn should never be used forthird-party claimsrelated toliving persons.",domain linkedin.com matches unreliable domain from file raw_wikipedia_perennial_sources.csv
artificial_intelligence,slanted,ai existential risk,1,4,https://www.reddit.com/r/ControlProblem/comments/1g499t6/experts_keep_talk_about_the_possible_existential/,reddit.com,Experts keep talk about the possible existential threat of AI. ...,2026-05-09 17:51:27,Reddit,Reddit,reddit.com;redditinc.com,unreliable,Generally unreliable,"Reddit is asocial newsand discussion website. Reddit contains mostlyuser-generated content, and is considered bothself-publishedand generally unreliable. Interview responses written byverifiedinterviewees on ther/IAmAsubreddit areprimary sources, and editors disagree on their reliability. The policy on the use ofsources about themselvesapplies.",domain reddit.com matches unreliable domain from file raw_wikipedia_perennial_sources.csv
artificial_intelligence,neutral,ai alignment effects,1,6,https://www.reddit.com/r/ControlProblem/comments/1hvs2gu/are_we_misunderstanding_the_ai_alignment_problem/,reddit.com,"Are We Misunderstanding the AI ""Alignment Problem ...",2026-05-09 17:52:32,Reddit,Reddit,reddit.com;redditinc.com,unreliable,Generally unreliable,"Reddit is asocial newsand discussion website. Reddit contains mostlyuser-generated content, and is considered bothself-publishedand generally unreliable. Interview responses written byverifiedinterviewees on ther/IAmAsubreddit areprimary sources, and editors disagree on their reliability. The policy on the use ofsources about themselvesapplies.",domain reddit.com matches unreliable domain from file raw_wikipedia_perennial_sources.csv
artificial_intelligence,neutral,ai alignment effects,1,8,https://medium.com/@meisshaily/understanding-the-crucial-role-of-ai-alignment-in-preventing-unintended-consequences-6e7b8fc04034,medium.com,Understanding the Crucial Role of AI Alignment in ...,2026-05-09 17:52:38,Medium,Medium_(website),medium.com,unreliable,Generally unreliable,"Medium is abloghosting service. As aself-published source, it is considered generally unreliable and should be avoided unless the author is asubject-matter expertor the blog is used foruncontroversial self-descriptions. Medium should never be used forthird-party claimsaboutliving persons. A 2022 RfC also found thatCuepoint, Medium's music publication, is marginally reliable, with editors stating that its reliability depends on the qualification of the author.",domain medium.com matches unreliable domain from file raw_wikipedia_perennial_sources.csv
artificial_intelligence,neutral,ai alignment effects,2,10,https://www.linkedin.com/top-content/artificial-intelligence/impact-of-ai-development/importance-of-ai-alignment/,linkedin.com,Importance of AI Alignment,2026-05-09 17:52:52,LinkedIn(LinkedIn Pulse),LinkedIn,linkedin.com,unreliable,Generally unreliable,"LinkedIn is a social network. As aself-published source, it is considered generally unreliable and should be avoided unless the post is used for anuncontroversial self-description. Articles onLinkedIn Pulsewritten by LinkedIn users are also self-published. LinkedIn accounts should only be cited if they areverified accountsor if the user's identity is confirmed in some way. Posts that are not covered by reliable sources are likely to constituteundue weight. LinkedIn should never be used forthird-party claimsrelated toliving persons.",domain linkedin.com matches unreliable domain from file raw_wikipedia_perennial_sources.csv
artificial_intelligence,slanted,ai uncontrolled intelligence,1,6,https://www.linkedin.com/top-content/artificial-intelligence/navigating-ai-risks/risks-of-uncontrolled-ai-infrastructure/,linkedin.com,Risks of Uncontrolled AI Infrastructure,2026-05-09 17:53:21,LinkedIn(LinkedIn Pulse),LinkedIn,linkedin.com,unreliable,Generally unreliable,"LinkedIn is a social network. As aself-published source, it is considered generally unreliable and should be avoided unless the post is used for anuncontroversial self-description. Articles onLinkedIn Pulsewritten by LinkedIn users are also self-published. LinkedIn accounts should only be cited if they areverified accountsor if the user's identity is confirmed in some way. Posts that are not covered by reliable sources are likely to constituteundue weight. LinkedIn should never be used forthird-party claimsrelated toliving persons.",domain linkedin.com matches unreliable domain from file raw_wikipedia_perennial_sources.csv
artificial_intelligence,slanted,ai uncontrolled intelligence,2,2,https://www.reddit.com/r/ArtificialInteligence/comments/1mvkzly/uncontrolled_ai_researchuse_will_do_nothing_but/,reddit.com,Uncontrolled AI research/use will do nothing but damage ...,2026-05-09 17:53:36,Reddit,Reddit,reddit.com;redditinc.com,unreliable,Generally unreliable,"Reddit is asocial newsand discussion website. Reddit contains mostlyuser-generated content, and is considered bothself-publishedand generally unreliable. Interview responses written byverifiedinterviewees on ther/IAmAsubreddit areprimary sources, and editors disagree on their reliability. The policy on the use ofsources about themselvesapplies.",domain reddit.com matches unreliable domain from file raw_wikipedia_perennial_sources.csv
artificial_intelligence,slanted,ai uncontrolled intelligence,2,5,https://www.instagram.com/p/DXxU6o6AT3K/,instagram.com,The world's leading scientists are warning that AI could “ ...,2026-05-09 17:53:37,"Instagram(IG, Insta, The Gram)",Instagram,instagram.com,unreliable,Generally unreliable,"As asocial networking service, Instagram is covered by the following policies and guidelines:WP:SOCIALMEDIA,WP:RSSELF,WP:SPSandWP:UGC.",domain instagram.com matches unreliable domain from file raw_wikipedia_perennial_sources.csv
artificial_intelligence,slanted,ai uncontrolled intelligence,2,10,https://www.amazon.com/Unexplainable-Unpredictable-Uncontrollable-Artificial-Intelligence/dp/1032576278,amazon.com,"AI: Unexplainable, Unpredictable, Uncontrollable ...",2026-05-09 17:53:38,Amazon,Amazon_(company),amazon.com,unreliable,Generally unreliable,"User reviews on Amazon are anonymous,self-published, and unverifiable, and should not be used at all. While Amazon itself is a reliable source for basic information about a work (such as release date, ISBN, etc.), it is unnecessary to cite Amazon when the work itself may serve as a source for that information. Future release dates may be unreliable.",domain amazon.com matches unreliable domain from file raw_wikipedia_perennial_sources.csv
artificial_intelligence,slanted,ai uncontrolled intelligence,3,9,https://www.quora.com/What-is-the-worst-possible-outcome-if-artificial-intelligence-becomes-uncontrollable,quora.com,What is the worst possible outcome if artificial intelligence ...,2026-05-09 17:53:52,Quora,Quora,quora.com,unreliable,Generally unreliable,"Quora is aQ&A site. As an Internet forum, it is aself-published sourcethat incorporatesuser-generated content, and is considered generally unreliable. Posts fromverified accountson Quora can be used asprimary sourcesforstatements about themselves. Posts from verified accounts of established experts may also be used to substantiate statements in their field of expertise, in accordance with thepolicy on self-published sources.",domain quora.com matches unreliable domain from file raw_wikipedia_perennial_sources.csv
artificial_intelligence,neutral,ai ethics guidelines,1,4,https://www.sciencedirect.com/science/article/pii/S2666389923002416,sciencedirect.com,Worldwide AI ethics: A review of 200 guidelines and ...,2026-05-09 17:54:16,ScienceDirecttopic page,ScienceDirect,sciencedirect.com,unreliable,Generally unreliable,"ScienceDirectis an online bibliographical database run by Elsevier. In addition to academic publications, the website maintains machine-generated ""topic pages"" consisting of quotations from publications in the database. These topic pages change over time, presenting a challenge toverifiability. Citations should be made to the actual, underlying publications quoted by the topic page.",domain sciencedirect.com matches unreliable domain from file raw_wikipedia_perennial_sources.csv
artificial_intelligence,slanted,ai bias dangers,1,9,https://www.sciencedirect.com/science/article/pii/S0893395224002667,sciencedirect.com,Ethical and Bias Considerations in Artificial Intelligence ...,2026-05-09 17:55:43,ScienceDirecttopic page,ScienceDirect,sciencedirect.com,unreliable,Generally unreliable,"ScienceDirectis an online bibliographical database run by Elsevier. In addition to academic publications, the website maintains machine-generated ""topic pages"" consisting of quotations from publications in the database. These topic pages change over time, presenting a challenge toverifiability. Citations should be made to the actual, underlying publications quoted by the topic page.",domain sciencedirect.com matches unreliable domain from file raw_wikipedia_perennial_sources.csv
artificial_intelligence,slanted,ai bias dangers,2,4,https://www.reddit.com/r/AgentsOfAI/comments/1n28yze/is_ai_bias_unavoidable_or_is_it_just_a_reflection/,reddit.com,Is AI bias unavoidable or is it just a reflection of human ...,2026-05-09 17:55:56,Reddit,Reddit,reddit.com;redditinc.com,unreliable,Generally unreliable,"Reddit is asocial newsand discussion website. Reddit contains mostlyuser-generated content, and is considered bothself-publishedand generally unreliable. Interview responses written byverifiedinterviewees on ther/IAmAsubreddit areprimary sources, and editors disagree on their reliability. The policy on the use ofsources about themselvesapplies.",domain reddit.com matches unreliable domain from file raw_wikipedia_perennial_sources.csv
artificial_intelligence,slanted,ai bias dangers,2,9,https://www.linkedin.com/pulse/navigating-risks-overcorrecting-ai-bias-danger-blindly-marty-resnick-bspwc,linkedin.com,Navigating the Risks of Overcorrecting AI Bias and ...,2026-05-09 17:55:57,LinkedIn(LinkedIn Pulse),LinkedIn,linkedin.com,unreliable,Generally unreliable,"LinkedIn is a social network. As aself-published source, it is considered generally unreliable and should be avoided unless the post is used for anuncontroversial self-description. Articles onLinkedIn Pulsewritten by LinkedIn users are also self-published. LinkedIn accounts should only be cited if they areverified accountsor if the user's identity is confirmed in some way. Posts that are not covered by reliable sources are likely to constituteundue weight. LinkedIn should never be used forthird-party claimsrelated toliving persons.",domain linkedin.com matches unreliable domain from file raw_wikipedia_perennial_sources.csv
artificial_intelligence,slanted,ai bias dangers,2,10,https://medium.com/@asyukesh/the-danger-of-ai-bias-can-we-trust-ai-to-make-fair-decisions-df4cc1b79be7,medium.com,The Danger of AI Bias: Can We Trust AI to Make Fair ...,2026-05-09 17:55:58,Medium,Medium_(website),medium.com,unreliable,Generally unreliable,"Medium is abloghosting service. As aself-published source, it is considered generally unreliable and should be avoided unless the author is asubject-matter expertor the blog is used foruncontroversial self-descriptions. Medium should never be used forthird-party claimsaboutliving persons. A 2022 RfC also found thatCuepoint, Medium's music publication, is marginally reliable, with editors stating that its reliability depends on the qualification of the author.",domain medium.com matches unreliable domain from file raw_wikipedia_perennial_sources.csv
gene_drives,neutral,gene drive malaria control,1,8,https://www.sciencedirect.com/science/article/pii/S1471492226000747,sciencedirect.com,Adapting Africa's vector surveillance systems to monitor ...,2026-05-09 17:56:41,ScienceDirecttopic page,ScienceDirect,sciencedirect.com,unreliable,Generally unreliable,"ScienceDirectis an online bibliographical database run by Elsevier. In addition to academic publications, the website maintains machine-generated ""topic pages"" consisting of quotations from publications in the database. These topic pages change over time, presenting a challenge toverifiability. Citations should be made to the actual, underlying publications quoted by the topic page.",domain sciencedirect.com matches unreliable domain from file raw_wikipedia_perennial_sources.csv
gene_drives,neutral,gene drive malaria control,2,9,https://www.youtube.com/watch?v=TnzcwTyr6cE,youtube.com,Genetic Engineering and Diseases – Gene Drive & Malaria,2026-05-09 17:56:56,YouTube,YouTube,youtube.com,unreliable,Generally unreliable,"Most videos on YouTube are anonymous,self-published, and unverifiable, and should not be used as a reference. Content uploaded from a verified official account, such as that of a news organization, may be treated as originating from the uploader and therefore inheriting their level of reliability. However, many YouTube videos from unofficial accounts are copyright violations and should not be linked from Wikipedia, according toWP:COPYLINK. See alsoWP:YOUTUBEandWP:VIDEOLINK. For illustrative, non-referential use, seec:Commons:YouTube filesandWikipedia:Image use policy.",domain youtube.com matches unreliable domain from file raw_wikipedia_perennial_sources.csv
gene_drives,slanted,gene drive ecological risks,1,6,https://www.sciencedirect.com/science/article/pii/S0168952523000902,sciencedirect.com,Leveraging eco-evolutionary models for gene drive risk ...,2026-05-09 17:57:32,ScienceDirecttopic page,ScienceDirect,sciencedirect.com,unreliable,Generally unreliable,"ScienceDirectis an online bibliographical database run by Elsevier. In addition to academic publications, the website maintains machine-generated ""topic pages"" consisting of quotations from publications in the database. These topic pages change over time, presenting a challenge toverifiability. Citations should be made to the actual, underlying publications quoted by the topic page.",domain sciencedirect.com matches unreliable domain from file raw_wikipedia_perennial_sources.csv
gene_drives,slanted,gene drive ecological risks,3,8,https://www.sciencedirect.com/science/article/pii/S0734975021001130,sciencedirect.com,Risk management recommendations for environmental ...,2026-05-09 17:58:03,ScienceDirecttopic page,ScienceDirect,sciencedirect.com,unreliable,Generally unreliable,"ScienceDirectis an online bibliographical database run by Elsevier. In addition to academic publications, the website maintains machine-generated ""topic pages"" consisting of quotations from publications in the database. These topic pages change over time, presenting a challenge toverifiability. Citations should be made to the actual, underlying publications quoted by the topic page.",domain sciencedirect.com matches unreliable domain from file raw_wikipedia_perennial_sources.csv
gene_drives,neutral,crispr gene drive research,1,7,https://www.sciencedirect.com/science/article/pii/S2351989417302196,sciencedirect.com,Identifying knowledge gaps for gene drive research to ...,2026-05-09 17:58:39,ScienceDirecttopic page,ScienceDirect,sciencedirect.com,unreliable,Generally unreliable,"ScienceDirectis an online bibliographical database run by Elsevier. In addition to academic publications, the website maintains machine-generated ""topic pages"" consisting of quotations from publications in the database. These topic pages change over time, presenting a challenge toverifiability. Citations should be made to the actual, underlying publications quoted by the topic page.",domain sciencedirect.com matches unreliable domain from file raw_wikipedia_perennial_sources.csv
gene_drives,neutral,crispr gene drive research,3,7,https://www.reddit.com/r/biology/comments/al9l7n/scientists_at_ucsd_have_demonstrated_a_crispr/,reddit.com,Scientists at UCSD have demonstrated a CRISPR Cas9 ...,2026-05-09 17:59:09,Reddit,Reddit,reddit.com;redditinc.com,unreliable,Generally unreliable,"Reddit is asocial newsand discussion website. Reddit contains mostlyuser-generated content, and is considered bothself-publishedand generally unreliable. Interview responses written byverifiedinterviewees on ther/IAmAsubreddit areprimary sources, and editors disagree on their reliability. The policy on the use ofsources about themselvesapplies.",domain reddit.com matches unreliable domain from file raw_wikipedia_perennial_sources.csv
gene_drives,slanted,gene drive extinction threat,2,1,https://www.reddit.com/r/genetics/comments/bfkutx/doesnt_it_seem_that_the_gene_drive_is_an/,reddit.com,Doesn't it seem that the Gene Drive is an existential threat?,2026-05-09 17:59:48,Reddit,Reddit,reddit.com;redditinc.com,unreliable,Generally unreliable,"Reddit is asocial newsand discussion website. Reddit contains mostlyuser-generated content, and is considered bothself-publishedand generally unreliable. Interview responses written byverifiedinterviewees on ther/IAmAsubreddit areprimary sources, and editors disagree on their reliability. The policy on the use ofsources about themselvesapplies.",domain reddit.com matches unreliable domain from file raw_wikipedia_perennial_sources.csv
gene_drives,slanted,gene drive extinction threat,2,4,https://www.sciencedirect.com/science/article/pii/S0304380023000133,sciencedirect.com,Review of gene drive modelling and implications for risk ...,2026-05-09 17:59:49,ScienceDirecttopic page,ScienceDirect,sciencedirect.com,unreliable,Generally unreliable,"ScienceDirectis an online bibliographical database run by Elsevier. In addition to academic publications, the website maintains machine-generated ""topic pages"" consisting of quotations from publications in the database. These topic pages change over time, presenting a challenge toverifiability. Citations should be made to the actual, underlying publications quoted by the topic page.",domain sciencedirect.com matches unreliable domain from file raw_wikipedia_perennial_sources.csv
gene_drives,neutral,gene drive regulation,2,10,https://www.sciencedirect.com/science/article/pii/S1462901122001514,sciencedirect.com,The principles driving gene drives for conservation,2026-05-09 18:00:50,ScienceDirecttopic page,ScienceDirect,sciencedirect.com,unreliable,Generally unreliable,"ScienceDirectis an online bibliographical database run by Elsevier. In addition to academic publications, the website maintains machine-generated ""topic pages"" consisting of quotations from publications in the database. These topic pages change over time, presenting a challenge toverifiability. Citations should be made to the actual, underlying publications quoted by the topic page.",domain sciencedirect.com matches unreliable domain from file raw_wikipedia_perennial_sources.csv
gene_drives,neutral,gene drive regulation,3,4,https://www.youtube.com/watch?v=M9h7xS6R0_s,youtube.com,"Gene Drives: Mechanisms and Key Research, Explained",2026-05-09 18:01:03,YouTube,YouTube,youtube.com,unreliable,Generally unreliable,"Most videos on YouTube are anonymous,self-published, and unverifiable, and should not be used as a reference. Content uploaded from a verified official account, such as that of a news organization, may be treated as originating from the uploader and therefore inheriting their level of reliability. However, many YouTube videos from unofficial accounts are copyright violations and should not be linked from Wikipedia, according toWP:COPYLINK. See alsoWP:YOUTUBEandWP:VIDEOLINK. For illustrative, non-referential use, seec:Commons:YouTube filesandWikipedia:Image use policy.",domain youtube.com matches unreliable domain from file raw_wikipedia_perennial_sources.csv
gene_drives,slanted,selfish genetic elements danger,1,10,https://www.sciencedirect.com/science/article/pii/S2589004224019655,sciencedirect.com,"An adaptive, plastic strategy of selfish genetic elements?",2026-05-09 18:01:34,ScienceDirecttopic page,ScienceDirect,sciencedirect.com,unreliable,Generally unreliable,"ScienceDirectis an online bibliographical database run by Elsevier. In addition to academic publications, the website maintains machine-generated ""topic pages"" consisting of quotations from publications in the database. These topic pages change over time, presenting a challenge toverifiability. Citations should be made to the actual, underlying publications quoted by the topic page.",domain sciencedirect.com matches unreliable domain from file raw_wikipedia_perennial_sources.csv
gene_drives,slanted,selfish genetic elements danger,2,3,https://www.reddit.com/r/AskBiology/comments/1jond0b/could_selfish_genetic_elements_have_a_role_in_the/,reddit.com,Could selfish genetic elements have a role in the origin of ...,2026-05-09 18:01:46,Reddit,Reddit,reddit.com;redditinc.com,unreliable,Generally unreliable,"Reddit is asocial newsand discussion website. Reddit contains mostlyuser-generated content, and is considered bothself-publishedand generally unreliable. Interview responses written byverifiedinterviewees on ther/IAmAsubreddit areprimary sources, and editors disagree on their reliability. The policy on the use ofsources about themselvesapplies.",domain reddit.com matches unreliable domain from file raw_wikipedia_perennial_sources.csv
gene_drives,slanted,selfish genetic elements danger,2,6,https://www.youtube.com/watch?v=W1XxSfgBOEI,youtube.com,Why are some genes selfish?,2026-05-09 18:01:47,YouTube,YouTube,youtube.com,unreliable,Generally unreliable,"Most videos on YouTube are anonymous,self-published, and unverifiable, and should not be used as a reference. Content uploaded from a verified official account, such as that of a news organization, may be treated as originating from the uploader and therefore inheriting their level of reliability. However, many YouTube videos from unofficial accounts are copyright violations and should not be linked from Wikipedia, according toWP:COPYLINK. See alsoWP:YOUTUBEandWP:VIDEOLINK. For illustrative, non-referential use, seec:Commons:YouTube filesandWikipedia:Image use policy.",domain youtube.com matches unreliable domain from file raw_wikipedia_perennial_sources.csv
gene_drives,slanted,selfish genetic elements danger,2,10,https://www.quora.com/Has-the-selfish-gene-theory-been-disproven,quora.com,Has the selfish gene theory been disproven?,2026-05-09 18:01:49,Quora,Quora,quora.com,unreliable,Generally unreliable,"Quora is aQ&A site. As an Internet forum, it is aself-published sourcethat incorporatesuser-generated content, and is considered generally unreliable. Posts fromverified accountson Quora can be used asprimary sourcesforstatements about themselves. Posts from verified accounts of established experts may also be used to substantiate statements in their field of expertise, in accordance with thepolicy on self-published sources.",domain quora.com matches unreliable domain from file raw_wikipedia_perennial_sources.csv
gene_drives,slanted,selfish genetic elements danger,3,1,https://www.quora.com/Has-the-selfish-gene-theory-been-disproven,quora.com,Has the selfish gene theory been disproven?,2026-05-09 18:02:01,Quora,Quora,quora.com,unreliable,Generally unreliable,"Quora is aQ&A site. As an Internet forum, it is aself-published sourcethat incorporatesuser-generated content, and is considered generally unreliable. Posts fromverified accountson Quora can be used asprimary sourcesforstatements about themselves. Posts from verified accounts of established experts may also be used to substantiate statements in their field of expertise, in accordance with thepolicy on self-published sources.",domain quora.com matches unreliable domain from file raw_wikipedia_perennial_sources.csv
synthetic_biology,neutral,synthetic biology facts,2,6,https://www.quora.com/What-are-the-coolest-synthetic-biology-facts,quora.com,What are the coolest synthetic biology facts?,2026-05-09 18:02:50,Quora,Quora,quora.com,unreliable,Generally unreliable,"Quora is aQ&A site. As an Internet forum, it is aself-published sourcethat incorporatesuser-generated content, and is considered generally unreliable. Posts fromverified accountson Quora can be used asprimary sourcesforstatements about themselves. Posts from verified accounts of established experts may also be used to substantiate statements in their field of expertise, in accordance with thepolicy on self-published sources.",domain quora.com matches unreliable domain from file raw_wikipedia_perennial_sources.csv
synthetic_biology,slanted,synthetic biology bioweapons,2,3,https://www.sciencedirect.com/science/article/abs/pii/S2352552525001355,sciencedirect.com,"Redefining biological weapons in the evolving AI, CRISPR, ...",2026-05-09 18:03:36,ScienceDirecttopic page,ScienceDirect,sciencedirect.com,unreliable,Generally unreliable,"ScienceDirectis an online bibliographical database run by Elsevier. In addition to academic publications, the website maintains machine-generated ""topic pages"" consisting of quotations from publications in the database. These topic pages change over time, presenting a challenge toverifiability. Citations should be made to the actual, underlying publications quoted by the topic page.",domain sciencedirect.com matches unreliable domain from file raw_wikipedia_perennial_sources.csv
synthetic_biology,slanted,synthetic biology bioweapons,2,6,https://www.reddit.com/r/neoliberal/comments/1fmhs30/the_new_bioweapons_how_synthetic_biology_could/,reddit.com,The New Bioweapons: How Synthetic Biology Could ...,2026-05-09 18:03:36,Reddit,Reddit,reddit.com;redditinc.com,unreliable,Generally unreliable,"Reddit is asocial newsand discussion website. Reddit contains mostlyuser-generated content, and is considered bothself-publishedand generally unreliable. Interview responses written byverifiedinterviewees on ther/IAmAsubreddit areprimary sources, and editors disagree on their reliability. The policy on the use ofsources about themselvesapplies.",domain reddit.com matches unreliable domain from file raw_wikipedia_perennial_sources.csv
synthetic_biology,neutral,genetic engineering research,1,5,https://www.sciencedirect.com/journal/journal-of-genetic-engineering-and-biotechnology,sciencedirect.com,Journal of Genetic Engineering and Biotechnology,2026-05-09 18:04:15,ScienceDirecttopic page,ScienceDirect,sciencedirect.com,unreliable,Generally unreliable,"ScienceDirectis an online bibliographical database run by Elsevier. In addition to academic publications, the website maintains machine-generated ""topic pages"" consisting of quotations from publications in the database. These topic pages change over time, presenting a challenge toverifiability. Citations should be made to the actual, underlying publications quoted by the topic page.",domain sciencedirect.com matches unreliable domain from file raw_wikipedia_perennial_sources.csv
synthetic_biology,neutral,genetic engineering research,2,5,https://www.youtube.com/watch?v=CDw4WPng2iE,youtube.com,Genetic Engineering,2026-05-09 18:04:31,YouTube,YouTube,youtube.com,unreliable,Generally unreliable,"Most videos on YouTube are anonymous,self-published, and unverifiable, and should not be used as a reference. Content uploaded from a verified official account, such as that of a news organization, may be treated as originating from the uploader and therefore inheriting their level of reliability. However, many YouTube videos from unofficial accounts are copyright violations and should not be linked from Wikipedia, according toWP:COPYLINK. See alsoWP:YOUTUBEandWP:VIDEOLINK. For illustrative, non-referential use, seec:Commons:YouTube filesandWikipedia:Image use policy.",domain youtube.com matches unreliable domain from file raw_wikipedia_perennial_sources.csv
synthetic_biology,neutral,genetic engineering research,2,9,https://www.reddit.com/r/biology/comments/191sat8/is_genetic_engineering_destined_to_be_a/,reddit.com,Is genetic Engineering destined to be a breakthrough as ...,2026-05-09 18:04:33,Reddit,Reddit,reddit.com;redditinc.com,unreliable,Generally unreliable,"Reddit is asocial newsand discussion website. Reddit contains mostlyuser-generated content, and is considered bothself-publishedand generally unreliable. Interview responses written byverifiedinterviewees on ther/IAmAsubreddit areprimary sources, and editors disagree on their reliability. The policy on the use ofsources about themselvesapplies.",domain reddit.com matches unreliable domain from file raw_wikipedia_perennial_sources.csv
synthetic_biology,neutral,genetic engineering research,3,6,https://www.quora.com/What-steps-do-I-take-to-get-into-Genetic-Engineering,quora.com,What steps do I take to get into Genetic Engineering?,2026-05-09 18:04:45,Quora,Quora,quora.com,unreliable,Generally unreliable,"Quora is aQ&A site. As an Internet forum, it is aself-published sourcethat incorporatesuser-generated content, and is considered generally unreliable. Posts fromverified accountson Quora can be used asprimary sourcesforstatements about themselves. Posts from verified accounts of established experts may also be used to substantiate statements in their field of expertise, in accordance with thepolicy on self-published sources.",domain quora.com matches unreliable domain from file raw_wikipedia_perennial_sources.csv
synthetic_biology,neutral,genetic engineering research,3,9,https://www.youtube.com/watch?v=jAhjPd4uNFY,youtube.com,Genetic Engineering Will Change Everything Forever – CRISPR,2026-05-09 18:04:46,YouTube,YouTube,youtube.com,unreliable,Generally unreliable,"Most videos on YouTube are anonymous,self-published, and unverifiable, and should not be used as a reference. Content uploaded from a verified official account, such as that of a news organization, may be treated as originating from the uploader and therefore inheriting their level of reliability. However, many YouTube videos from unofficial accounts are copyright violations and should not be linked from Wikipedia, according toWP:COPYLINK. See alsoWP:YOUTUBEandWP:VIDEOLINK. For illustrative, non-referential use, seec:Commons:YouTube filesandWikipedia:Image use policy.",domain youtube.com matches unreliable domain from file raw_wikipedia_perennial_sources.csv
synthetic_biology,slanted,designer babies ethics,1,4,https://www.reddit.com/r/AskFeminists/comments/1imnr06/what_is_your_position_on_the_ethics_of_designer/,reddit.com,What is your position on the ethics of designer babies?,2026-05-09 18:05:12,Reddit,Reddit,reddit.com;redditinc.com,unreliable,Generally unreliable,"Reddit is asocial newsand discussion website. Reddit contains mostlyuser-generated content, and is considered bothself-publishedand generally unreliable. Interview responses written byverifiedinterviewees on ther/IAmAsubreddit areprimary sources, and editors disagree on their reliability. The policy on the use ofsources about themselvesapplies.",domain reddit.com matches unreliable domain from file raw_wikipedia_perennial_sources.csv
synthetic_biology,slanted,designer babies ethics,3,2,https://medium.com/swlh/designer-babies-the-ethical-dilemma-with-gene-editing-67d7220bc2f5,medium.com,Designer Babies: The Ethical Dilemma with Gene Editing,2026-05-09 18:05:49,Medium,Medium_(website),medium.com,unreliable,Generally unreliable,"Medium is abloghosting service. As aself-published source, it is considered generally unreliable and should be avoided unless the author is asubject-matter expertor the blog is used foruncontroversial self-descriptions. Medium should never be used forthird-party claimsaboutliving persons. A 2022 RfC also found thatCuepoint, Medium's music publication, is marginally reliable, with editors stating that its reliability depends on the qualification of the author.",domain medium.com matches unreliable domain from file raw_wikipedia_perennial_sources.csv
synthetic_biology,slanted,designer babies ethics,3,6,https://www.youtube.com/watch?v=_YpACFaK0O4,youtube.com,Ethical concerns surrounding gene-edited babies,2026-05-09 18:05:51,YouTube,YouTube,youtube.com,unreliable,Generally unreliable,"Most videos on YouTube are anonymous,self-published, and unverifiable, and should not be used as a reference. Content uploaded from a verified official account, such as that of a news organization, may be treated as originating from the uploader and therefore inheriting their level of reliability. However, many YouTube videos from unofficial accounts are copyright violations and should not be linked from Wikipedia, according toWP:COPYLINK. See alsoWP:YOUTUBEandWP:VIDEOLINK. For illustrative, non-referential use, seec:Commons:YouTube filesandWikipedia:Image use policy.",domain youtube.com matches unreliable domain from file raw_wikipedia_perennial_sources.csv
synthetic_biology,slanted,designer babies ethics,3,7,https://www.quora.com/What-are-the-ethical-implications-of-designer-babies-and-genetic-modifications,quora.com,What are the ethical implications of designer babies and ...,2026-05-09 18:05:52,Quora,Quora,quora.com,unreliable,Generally unreliable,"Quora is aQ&A site. As an Internet forum, it is aself-published sourcethat incorporatesuser-generated content, and is considered generally unreliable. Posts fromverified accountson Quora can be used asprimary sourcesforstatements about themselves. Posts from verified accounts of established experts may also be used to substantiate statements in their field of expertise, in accordance with thepolicy on self-published sources.",domain quora.com matches unreliable domain from file raw_wikipedia_perennial_sources.csv
synthetic_biology,neutral,biohacking safety,2,1,https://www.sciencedirect.com/science/article/abs/pii/S0167779918300787,sciencedirect.com,Biohacking,2026-05-09 18:06:50,ScienceDirecttopic page,ScienceDirect,sciencedirect.com,unreliable,Generally unreliable,"ScienceDirectis an online bibliographical database run by Elsevier. In addition to academic publications, the website maintains machine-generated ""topic pages"" consisting of quotations from publications in the database. These topic pages change over time, presenting a challenge toverifiability. Citations should be made to the actual, underlying publications quoted by the topic page.",domain sciencedirect.com matches unreliable domain from file raw_wikipedia_perennial_sources.csv
synthetic_biology,neutral,biohacking safety,3,2,https://www.reddit.com/r/therapists/comments/1p8zm6b/biohacking_keeping_clients_sick_undercutting/,reddit.com,"""biohacking"" keeping clients sick? undercutting mental ...",2026-05-09 18:07:04,Reddit,Reddit,reddit.com;redditinc.com,unreliable,Generally unreliable,"Reddit is asocial newsand discussion website. Reddit contains mostlyuser-generated content, and is considered bothself-publishedand generally unreliable. Interview responses written byverifiedinterviewees on ther/IAmAsubreddit areprimary sources, and editors disagree on their reliability. The policy on the use ofsources about themselvesapplies.",domain reddit.com matches unreliable domain from file raw_wikipedia_perennial_sources.csv
synthetic_biology,neutral,biohacking safety,3,4,https://www.linkedin.com/pulse/biohacking-its-security-implications-age-converging-ntichika-yyldf,linkedin.com,Biohacking and its Security Implications in the Age of ...,2026-05-09 18:07:05,LinkedIn(LinkedIn Pulse),LinkedIn,linkedin.com,unreliable,Generally unreliable,"LinkedIn is a social network. As aself-published source, it is considered generally unreliable and should be avoided unless the post is used for anuncontroversial self-description. Articles onLinkedIn Pulsewritten by LinkedIn users are also self-published. LinkedIn accounts should only be cited if they areverified accountsor if the user's identity is confirmed in some way. Posts that are not covered by reliable sources are likely to constituteundue weight. LinkedIn should never be used forthird-party claimsrelated toliving persons.",domain linkedin.com matches unreliable domain from file raw_wikipedia_perennial_sources.csv
synthetic_biology,slanted,garage biology risks,2,6,https://www.quora.com/Could-I-run-a-biological-laboratory-in-my-garage,quora.com,Could I run a biological laboratory in my garage?,2026-05-09 18:07:41,Quora,Quora,quora.com,unreliable,Generally unreliable,"Quora is aQ&A site. As an Internet forum, it is aself-published sourcethat incorporatesuser-generated content, and is considered generally unreliable. Posts fromverified accountson Quora can be used asprimary sourcesforstatements about themselves. Posts from verified accounts of established experts may also be used to substantiate statements in their field of expertise, in accordance with thepolicy on self-published sources.",domain quora.com matches unreliable domain from file raw_wikipedia_perennial_sources.csv
nanotechnology,neutral,nanotechnology medical impact,1,6,https://www.sciencedirect.com/science/article/pii/S2414644723000337,sciencedirect.com,REVIEW Applications of nanotechnology in medical field,2026-05-09 18:08:20,ScienceDirecttopic page,ScienceDirect,sciencedirect.com,unreliable,Generally unreliable,"ScienceDirectis an online bibliographical database run by Elsevier. In addition to academic publications, the website maintains machine-generated ""topic pages"" consisting of quotations from publications in the database. These topic pages change over time, presenting a challenge toverifiability. Citations should be made to the actual, underlying publications quoted by the topic page.",domain sciencedirect.com matches unreliable domain from file raw_wikipedia_perennial_sources.csv
nanotechnology,neutral,nanotechnology medical impact,2,8,https://www.reddit.com/r/Futurology/comments/1c3fnij/what_do_you_think_is_the_future_of_nanotechnology/,reddit.com,What do you think is the future of nanotechnology in ...,2026-05-09 18:08:36,Reddit,Reddit,reddit.com;redditinc.com,unreliable,Generally unreliable,"Reddit is asocial newsand discussion website. Reddit contains mostlyuser-generated content, and is considered bothself-publishedand generally unreliable. Interview responses written byverifiedinterviewees on ther/IAmAsubreddit areprimary sources, and editors disagree on their reliability. The policy on the use ofsources about themselvesapplies.",domain reddit.com matches unreliable domain from file raw_wikipedia_perennial_sources.csv
nanotechnology,neutral,nanotechnology medical impact,2,10,https://www.linkedin.com/pulse/nanotechnologys-impact-medical-biological-research-afzal-mohammed-eq21c,linkedin.com,Nanotechnology's Impact on Medical and Biological ...,2026-05-09 18:08:36,LinkedIn(LinkedIn Pulse),LinkedIn,linkedin.com,unreliable,Generally unreliable,"LinkedIn is a social network. As aself-published source, it is considered generally unreliable and should be avoided unless the post is used for anuncontroversial self-description. Articles onLinkedIn Pulsewritten by LinkedIn users are also self-published. LinkedIn accounts should only be cited if they areverified accountsor if the user's identity is confirmed in some way. Posts that are not covered by reliable sources are likely to constituteundue weight. LinkedIn should never be used forthird-party claimsrelated toliving persons.",domain linkedin.com matches unreliable domain from file raw_wikipedia_perennial_sources.csv
nanotechnology,slanted,nanoparticle toxicity,1,5,https://www.sciencedirect.com/science/article/pii/S0147651325006761,sciencedirect.com,Machine learning-driven nanoparticle toxicity,2026-05-09 18:09:04,ScienceDirecttopic page,ScienceDirect,sciencedirect.com,unreliable,Generally unreliable,"ScienceDirectis an online bibliographical database run by Elsevier. In addition to academic publications, the website maintains machine-generated ""topic pages"" consisting of quotations from publications in the database. These topic pages change over time, presenting a challenge toverifiability. Citations should be made to the actual, underlying publications quoted by the topic page.",domain sciencedirect.com matches unreliable domain from file raw_wikipedia_perennial_sources.csv
nanotechnology,slanted,nanoparticle toxicity,2,6,https://www.youtube.com/watch?v=Pj21n6mFwFY,youtube.com,Nanotechnology: what we can't see is destroying our world ...,2026-05-09 18:09:33,YouTube,YouTube,youtube.com,unreliable,Generally unreliable,"Most videos on YouTube are anonymous,self-published, and unverifiable, and should not be used as a reference. Content uploaded from a verified official account, such as that of a news organization, may be treated as originating from the uploader and therefore inheriting their level of reliability. However, many YouTube videos from unofficial accounts are copyright violations and should not be linked from Wikipedia, according toWP:COPYLINK. See alsoWP:YOUTUBEandWP:VIDEOLINK. For illustrative, non-referential use, seec:Commons:YouTube filesandWikipedia:Image use policy.",domain youtube.com matches unreliable domain from file raw_wikipedia_perennial_sources.csv
nanotechnology,slanted,nanoparticle toxicity,2,7,https://www.reddit.com/r/chemistry/comments/nkqn8/how_dangerous_are_nanoparticles_really/,reddit.com,"How dangerous are nanoparticles, really? : r/chemistry",2026-05-09 18:09:34,Reddit,Reddit,reddit.com;redditinc.com,unreliable,Generally unreliable,"Reddit is asocial newsand discussion website. Reddit contains mostlyuser-generated content, and is considered bothself-publishedand generally unreliable. Interview responses written byverifiedinterviewees on ther/IAmAsubreddit areprimary sources, and editors disagree on their reliability. The policy on the use ofsources about themselvesapplies.",domain reddit.com matches unreliable domain from file raw_wikipedia_perennial_sources.csv
nanotechnology,slanted,nanoparticle toxicity,2,9,https://www.sciencedirect.com/science/article/pii/S2352952023000695,sciencedirect.com,Nanotoxicity induced by nanomaterials: A review of factors ...,2026-05-09 18:09:35,ScienceDirecttopic page,ScienceDirect,sciencedirect.com,unreliable,Generally unreliable,"ScienceDirectis an online bibliographical database run by Elsevier. In addition to academic publications, the website maintains machine-generated ""topic pages"" consisting of quotations from publications in the database. These topic pages change over time, presenting a challenge toverifiability. Citations should be made to the actual, underlying publications quoted by the topic page.",domain sciencedirect.com matches unreliable domain from file raw_wikipedia_perennial_sources.csv
nanotechnology,slanted,nanoparticle toxicity,3,6,https://www.quora.com/How-can-we-control-the-toxicological-effects-of-NanoParticles-using-other-NanoParticles,quora.com,How can we control the toxicological effects of ...,2026-05-09 18:09:48,Quora,Quora,quora.com,unreliable,Generally unreliable,"Quora is aQ&A site. As an Internet forum, it is aself-published sourcethat incorporatesuser-generated content, and is considered generally unreliable. Posts fromverified accountson Quora can be used asprimary sourcesforstatements about themselves. Posts from verified accounts of established experts may also be used to substantiate statements in their field of expertise, in accordance with thepolicy on self-published sources.",domain quora.com matches unreliable domain from file raw_wikipedia_perennial_sources.csv
nanotechnology,neutral,nanomaterials safety research,1,3,https://www.sciencedirect.com/science/article/pii/S2949697723000164,sciencedirect.com,Lessons from nanosafety research for effective regulation ...,2026-05-09 18:10:04,ScienceDirecttopic page,ScienceDirect,sciencedirect.com,unreliable,Generally unreliable,"ScienceDirectis an online bibliographical database run by Elsevier. In addition to academic publications, the website maintains machine-generated ""topic pages"" consisting of quotations from publications in the database. These topic pages change over time, presenting a challenge toverifiability. Citations should be made to the actual, underlying publications quoted by the topic page.",domain sciencedirect.com matches unreliable domain from file raw_wikipedia_perennial_sources.csv
nanotechnology,slanted,nanotech environmental impact,1,2,https://www.sciencedirect.com/science/article/abs/pii/S0045653522012395,sciencedirect.com,Nano-pollution: Why it should worry us,2026-05-09 18:10:52,ScienceDirecttopic page,ScienceDirect,sciencedirect.com,unreliable,Generally unreliable,"ScienceDirectis an online bibliographical database run by Elsevier. In addition to academic publications, the website maintains machine-generated ""topic pages"" consisting of quotations from publications in the database. These topic pages change over time, presenting a challenge toverifiability. Citations should be made to the actual, underlying publications quoted by the topic page.",domain sciencedirect.com matches unreliable domain from file raw_wikipedia_perennial_sources.csv
nanotechnology,slanted,nanotech environmental impact,2,3,https://www.youtube.com/watch?v=9ZFx-7zI9MQ,youtube.com,Nanotechnology's Impact on the Environment - Dynamic Earth ...,2026-05-09 18:11:19,YouTube,YouTube,youtube.com,unreliable,Generally unreliable,"Most videos on YouTube are anonymous,self-published, and unverifiable, and should not be used as a reference. Content uploaded from a verified official account, such as that of a news organization, may be treated as originating from the uploader and therefore inheriting their level of reliability. However, many YouTube videos from unofficial accounts are copyright violations and should not be linked from Wikipedia, according toWP:COPYLINK. See alsoWP:YOUTUBEandWP:VIDEOLINK. For illustrative, non-referential use, seec:Commons:YouTube filesandWikipedia:Image use policy.",domain youtube.com matches unreliable domain from file raw_wikipedia_perennial_sources.csv
nanotechnology,slanted,nanotech environmental impact,2,6,https://medium.com/@nandiniwrites2/green-nanotechnology-can-tiny-materials-make-a-big-environmental-impact-18eeb459831b,medium.com,Green Nanotechnology: Can Tiny Materials Make a Big ...,2026-05-09 18:11:21,Medium,Medium_(website),medium.com,unreliable,Generally unreliable,"Medium is abloghosting service. As aself-published source, it is considered generally unreliable and should be avoided unless the author is asubject-matter expertor the blog is used foruncontroversial self-descriptions. Medium should never be used forthird-party claimsaboutliving persons. A 2022 RfC also found thatCuepoint, Medium's music publication, is marginally reliable, with editors stating that its reliability depends on the qualification of the author.",domain medium.com matches unreliable domain from file raw_wikipedia_perennial_sources.csv
nanotechnology,slanted,nanotech environmental impact,3,5,https://www.sciencedirect.com/science/article/pii/S2666154323000480,sciencedirect.com,Nanotechnology as a sustainable approach for combating ...,2026-05-09 18:11:35,ScienceDirecttopic page,ScienceDirect,sciencedirect.com,unreliable,Generally unreliable,"ScienceDirectis an online bibliographical database run by Elsevier. In addition to academic publications, the website maintains machine-generated ""topic pages"" consisting of quotations from publications in the database. These topic pages change over time, presenting a challenge toverifiability. Citations should be made to the actual, underlying publications quoted by the topic page.",domain sciencedirect.com matches unreliable domain from file raw_wikipedia_perennial_sources.csv
nanotechnology,slanted,nanotech environmental impact,3,9,https://www.quora.com/What-is-the-negative-impact-of-nanotechnology,quora.com,What is the negative impact of nanotechnology?,2026-05-09 18:11:36,Quora,Quora,quora.com,unreliable,Generally unreliable,"Quora is aQ&A site. As an Internet forum, it is aself-published sourcethat incorporatesuser-generated content, and is considered generally unreliable. Posts fromverified accountson Quora can be used asprimary sourcesforstatements about themselves. Posts from verified accounts of established experts may also be used to substantiate statements in their field of expertise, in accordance with thepolicy on self-published sources.",domain quora.com matches unreliable domain from file raw_wikipedia_perennial_sources.csv
nanotechnology,neutral,carbon nanotube applications,1,6,https://www.sciencedirect.com/science/article/abs/pii/S0014305724007043,sciencedirect.com,Advances and significances of carbon nanotube applications,2026-05-09 18:12:08,ScienceDirecttopic page,ScienceDirect,sciencedirect.com,unreliable,Generally unreliable,"ScienceDirectis an online bibliographical database run by Elsevier. In addition to academic publications, the website maintains machine-generated ""topic pages"" consisting of quotations from publications in the database. These topic pages change over time, presenting a challenge toverifiability. Citations should be made to the actual, underlying publications quoted by the topic page.",domain sciencedirect.com matches unreliable domain from file raw_wikipedia_perennial_sources.csv
nanotechnology,neutral,carbon nanotube applications,2,1,https://www.linkedin.com/pulse/many-applications-carbon-nanotubes-cas-wy2vf,linkedin.com,The many applications of carbon nanotubes,2026-05-09 18:12:37,LinkedIn(LinkedIn Pulse),LinkedIn,linkedin.com,unreliable,Generally unreliable,"LinkedIn is a social network. As aself-published source, it is considered generally unreliable and should be avoided unless the post is used for anuncontroversial self-description. Articles onLinkedIn Pulsewritten by LinkedIn users are also self-published. LinkedIn accounts should only be cited if they areverified accountsor if the user's identity is confirmed in some way. Posts that are not covered by reliable sources are likely to constituteundue weight. LinkedIn should never be used forthird-party claimsrelated toliving persons.",domain linkedin.com matches unreliable domain from file raw_wikipedia_perennial_sources.csv
nanotechnology,neutral,carbon nanotube applications,2,3,https://www.youtube.com/watch?v=cNtc0vW0ZW8,youtube.com,"Understanding Carbon Nanotubes: Properties, Synthesis, and ...",2026-05-09 18:12:38,YouTube,YouTube,youtube.com,unreliable,Generally unreliable,"Most videos on YouTube are anonymous,self-published, and unverifiable, and should not be used as a reference. Content uploaded from a verified official account, such as that of a news organization, may be treated as originating from the uploader and therefore inheriting their level of reliability. However, many YouTube videos from unofficial accounts are copyright violations and should not be linked from Wikipedia, according toWP:COPYLINK. See alsoWP:YOUTUBEandWP:VIDEOLINK. For illustrative, non-referential use, seec:Commons:YouTube filesandWikipedia:Image use policy.",domain youtube.com matches unreliable domain from file raw_wikipedia_perennial_sources.csv
nanotechnology,neutral,carbon nanotube applications,2,9,https://medium.com/@muhammadmananali7/carbon-nanotube-applications-revolutionizing-materials-and-electronics-677d8b186644,medium.com,Carbon Nanotube Applications: Revolutionizing Materials ...,2026-05-09 18:12:39,Medium,Medium_(website),medium.com,unreliable,Generally unreliable,"Medium is abloghosting service. As aself-published source, it is considered generally unreliable and should be avoided unless the author is asubject-matter expertor the blog is used foruncontroversial self-descriptions. Medium should never be used forthird-party claimsaboutliving persons. A 2022 RfC also found thatCuepoint, Medium's music publication, is marginally reliable, with editors stating that its reliability depends on the qualification of the author.",domain medium.com matches unreliable domain from file raw_wikipedia_perennial_sources.csv
nanotechnology,neutral,carbon nanotube applications,3,3,https://www.youtube.com/watch?v=ag4blOvUh8o,youtube.com,Carbon Nanotubes Production and Applications,2026-05-09 18:12:52,YouTube,YouTube,youtube.com,unreliable,Generally unreliable,"Most videos on YouTube are anonymous,self-published, and unverifiable, and should not be used as a reference. Content uploaded from a verified official account, such as that of a news organization, may be treated as originating from the uploader and therefore inheriting their level of reliability. However, many YouTube videos from unofficial accounts are copyright violations and should not be linked from Wikipedia, according toWP:COPYLINK. See alsoWP:YOUTUBEandWP:VIDEOLINK. For illustrative, non-referential use, seec:Commons:YouTube filesandWikipedia:Image use policy.",domain youtube.com matches unreliable domain from file raw_wikipedia_perennial_sources.csv
nanotechnology,neutral,carbon nanotube applications,3,7,https://www.sciencedirect.com/science/article/pii/S2590048X24001286,sciencedirect.com,"Carbon nanotubes: Structure, properties and applications ...",2026-05-09 18:12:54,ScienceDirecttopic page,ScienceDirect,sciencedirect.com,unreliable,Generally unreliable,"ScienceDirectis an online bibliographical database run by Elsevier. In addition to academic publications, the website maintains machine-generated ""topic pages"" consisting of quotations from publications in the database. These topic pages change over time, presenting a challenge toverifiability. Citations should be made to the actual, underlying publications quoted by the topic page.",domain sciencedirect.com matches unreliable domain from file raw_wikipedia_perennial_sources.csv
nanotechnology,slanted,nanoparticle lung disease,1,4,https://www.sciencedirect.com/science/article/pii/S2590006425001747,sciencedirect.com,Treatment of lung diseases via nanoparticles and nanorobots,2026-05-09 18:13:09,ScienceDirecttopic page,ScienceDirect,sciencedirect.com,unreliable,Generally unreliable,"ScienceDirectis an online bibliographical database run by Elsevier. In addition to academic publications, the website maintains machine-generated ""topic pages"" consisting of quotations from publications in the database. These topic pages change over time, presenting a challenge toverifiability. Citations should be made to the actual, underlying publications quoted by the topic page.",domain sciencedirect.com matches unreliable domain from file raw_wikipedia_perennial_sources.csv
nanotechnology,slanted,nanoparticle lung disease,2,6,https://www.sciencedirect.com/science/article/pii/S2590006425007690,sciencedirect.com,Application of nanoparticles in the treatment of acute lung ...,2026-05-09 18:13:26,ScienceDirecttopic page,ScienceDirect,sciencedirect.com,unreliable,Generally unreliable,"ScienceDirectis an online bibliographical database run by Elsevier. In addition to academic publications, the website maintains machine-generated ""topic pages"" consisting of quotations from publications in the database. These topic pages change over time, presenting a challenge toverifiability. Citations should be made to the actual, underlying publications quoted by the topic page.",domain sciencedirect.com matches unreliable domain from file raw_wikipedia_perennial_sources.csv
nanotechnology,slanted,nanoparticle lung disease,3,2,https://www.youtube.com/watch?v=tZinZ1S048o,youtube.com,Aerosolizable Lipid Nanoparticles for Pulmonary Delivery of ...,2026-05-09 18:13:39,YouTube,YouTube,youtube.com,unreliable,Generally unreliable,"Most videos on YouTube are anonymous,self-published, and unverifiable, and should not be used as a reference. Content uploaded from a verified official account, such as that of a news organization, may be treated as originating from the uploader and therefore inheriting their level of reliability. However, many YouTube videos from unofficial accounts are copyright violations and should not be linked from Wikipedia, according toWP:COPYLINK. See alsoWP:YOUTUBEandWP:VIDEOLINK. For illustrative, non-referential use, seec:Commons:YouTube filesandWikipedia:Image use policy.",domain youtube.com matches unreliable domain from file raw_wikipedia_perennial_sources.csv
nanotechnology,slanted,nanoparticle lung disease,3,5,https://www.sciencedirect.com/science/article/pii/S0048969723079822,sciencedirect.com,Advances in the study of silica nanoparticles in lung diseases,2026-05-09 18:13:41,ScienceDirecttopic page,ScienceDirect,sciencedirect.com,unreliable,Generally unreliable,"ScienceDirectis an online bibliographical database run by Elsevier. In addition to academic publications, the website maintains machine-generated ""topic pages"" consisting of quotations from publications in the database. These topic pages change over time, presenting a challenge toverifiability. Citations should be made to the actual, underlying publications quoted by the topic page.",domain sciencedirect.com matches unreliable domain from file raw_wikipedia_perennial_sources.csv
nanotechnology,slanted,nanoparticle lung disease,3,6,https://www.youtube.com/watch?v=ZGYlb0vrUEM,youtube.com,YouTube,2026-05-09 18:13:41,YouTube,YouTube,youtube.com,unreliable,Generally unreliable,"Most videos on YouTube are anonymous,self-published, and unverifiable, and should not be used as a reference. Content uploaded from a verified official account, such as that of a news organization, may be treated as originating from the uploader and therefore inheriting their level of reliability. However, many YouTube videos from unofficial accounts are copyright violations and should not be linked from Wikipedia, according toWP:COPYLINK. See alsoWP:YOUTUBEandWP:VIDEOLINK. For illustrative, non-referential use, seec:Commons:YouTube filesandWikipedia:Image use policy.",domain youtube.com matches unreliable domain from file raw_wikipedia_perennial_sources.csv
quantum_computing,neutral,quantum computing cryptography,1,7,https://www.reddit.com/r/QuantumComputing/comments/174lcgg/quantum_computers_are_really_a_threat_to/,reddit.com,Quantum computers are really a threat to Cryptography?,2026-05-09 18:14:09,Reddit,Reddit,reddit.com;redditinc.com,unreliable,Generally unreliable,"Reddit is asocial newsand discussion website. Reddit contains mostlyuser-generated content, and is considered bothself-publishedand generally unreliable. Interview responses written byverifiedinterviewees on ther/IAmAsubreddit areprimary sources, and editors disagree on their reliability. The policy on the use ofsources about themselvesapplies.",domain reddit.com matches unreliable domain from file raw_wikipedia_perennial_sources.csv
quantum_computing,slanted,quantum computer security risks,1,4,https://www.sciencedirect.com/science/article/pii/S0167404824001846,sciencedirect.com,Navigating quantum security risks in networked environments,2026-05-09 18:15:15,ScienceDirecttopic page,ScienceDirect,sciencedirect.com,unreliable,Generally unreliable,"ScienceDirectis an online bibliographical database run by Elsevier. In addition to academic publications, the website maintains machine-generated ""topic pages"" consisting of quotations from publications in the database. These topic pages change over time, presenting a challenge toverifiability. Citations should be made to the actual, underlying publications quoted by the topic page.",domain sciencedirect.com matches unreliable domain from file raw_wikipedia_perennial_sources.csv
quantum_computing,slanted,quantum computer security risks,2,1,https://www.reddit.com/r/cybersecurity/comments/1kdbeua/how_strongly_and_how_soon_is_quantum_computing/,reddit.com,How strongly and how soon is quantum computing going to ...,2026-05-09 18:15:42,Reddit,Reddit,reddit.com;redditinc.com,unreliable,Generally unreliable,"Reddit is asocial newsand discussion website. Reddit contains mostlyuser-generated content, and is considered bothself-publishedand generally unreliable. Interview responses written byverifiedinterviewees on ther/IAmAsubreddit areprimary sources, and editors disagree on their reliability. The policy on the use ofsources about themselvesapplies.",domain reddit.com matches unreliable domain from file raw_wikipedia_perennial_sources.csv
quantum_computing,slanted,quantum computer security risks,2,9,https://www.linkedin.com/top-content/technology/cybersecurity-risks/quantum-security-risks-in-modern-digital-ecosystems/,linkedin.com,Quantum Security Risks in Modern Digital Ecosystems,2026-05-09 18:15:45,LinkedIn(LinkedIn Pulse),LinkedIn,linkedin.com,unreliable,Generally unreliable,"LinkedIn is a social network. As aself-published source, it is considered generally unreliable and should be avoided unless the post is used for anuncontroversial self-description. Articles onLinkedIn Pulsewritten by LinkedIn users are also self-published. LinkedIn accounts should only be cited if they areverified accountsor if the user's identity is confirmed in some way. Posts that are not covered by reliable sources are likely to constituteundue weight. LinkedIn should never be used forthird-party claimsrelated toliving persons.",domain linkedin.com matches unreliable domain from file raw_wikipedia_perennial_sources.csv
quantum_computing,slanted,quantum computer security risks,3,9,https://www.reddit.com/r/QuantumComputing/comments/1kf0l6t/threats_of_quantum_computing_vs_reality/,reddit.com,Threats of Quantum Computing vs Reality,2026-05-09 18:15:58,Reddit,Reddit,reddit.com;redditinc.com,unreliable,Generally unreliable,"Reddit is asocial newsand discussion website. Reddit contains mostlyuser-generated content, and is considered bothself-publishedand generally unreliable. Interview responses written byverifiedinterviewees on ther/IAmAsubreddit areprimary sources, and editors disagree on their reliability. The policy on the use ofsources about themselvesapplies.",domain reddit.com matches unreliable domain from file raw_wikipedia_perennial_sources.csv
quantum_computing,neutral,quantum supremacy research,2,1,https://www.youtube.com/watch?v=-ZNEzzDcllU,youtube.com,Demonstrating Quantum Supremacy,2026-05-09 18:16:47,YouTube,YouTube,youtube.com,unreliable,Generally unreliable,"Most videos on YouTube are anonymous,self-published, and unverifiable, and should not be used as a reference. Content uploaded from a verified official account, such as that of a news organization, may be treated as originating from the uploader and therefore inheriting their level of reliability. However, many YouTube videos from unofficial accounts are copyright violations and should not be linked from Wikipedia, according toWP:COPYLINK. See alsoWP:YOUTUBEandWP:VIDEOLINK. For illustrative, non-referential use, seec:Commons:YouTube filesandWikipedia:Image use policy.",domain youtube.com matches unreliable domain from file raw_wikipedia_perennial_sources.csv
quantum_computing,neutral,quantum supremacy research,2,3,https://www.reddit.com/r/QuantumComputing/comments/1lsinbb/what_is_quantum_supremacy_like_how_and_how_can/,reddit.com,"What is Quantum supremacy, like how ,and how can they ...",2026-05-09 18:16:48,Reddit,Reddit,reddit.com;redditinc.com,unreliable,Generally unreliable,"Reddit is asocial newsand discussion website. Reddit contains mostlyuser-generated content, and is considered bothself-publishedand generally unreliable. Interview responses written byverifiedinterviewees on ther/IAmAsubreddit areprimary sources, and editors disagree on their reliability. The policy on the use ofsources about themselvesapplies.",domain reddit.com matches unreliable domain from file raw_wikipedia_perennial_sources.csv
quantum_computing,neutral,quantum supremacy research,3,5,https://www.facebook.com/scmp/posts/china-has-built-the-worlds-first-dual-core-quantum-computer-a-development-that-c/1372306568278725/,facebook.com,China has built the world's first dual-core quantum ...,2026-05-09 18:17:03,Facebook(Meta),Facebook,facebook.com,unreliable,Generally unreliable,"Facebook is considered generally unreliable because it is aself-published sourcewith no editorial oversight. In the 2020 RfC, there was consensus to add anedit filterto warn users who attempt to cite Facebook as a source, and no consensus on whether Facebook citations should be automatically reverted withXLinkBot.",domain facebook.com matches unreliable domain from file raw_wikipedia_perennial_sources.csv
quantum_computing,slanted,quantum decryption threats,1,6,https://www.sciencedirect.com/science/article/abs/pii/S0045790625005920,sciencedirect.com,The Impact of Quantum Computing on Cybersecurity ...,2026-05-09 18:17:28,ScienceDirecttopic page,ScienceDirect,sciencedirect.com,unreliable,Generally unreliable,"ScienceDirectis an online bibliographical database run by Elsevier. In addition to academic publications, the website maintains machine-generated ""topic pages"" consisting of quotations from publications in the database. These topic pages change over time, presenting a challenge toverifiability. Citations should be made to the actual, underlying publications quoted by the topic page.",domain sciencedirect.com matches unreliable domain from file raw_wikipedia_perennial_sources.csv
quantum_computing,slanted,quantum decryption threats,2,1,https://www.reddit.com/r/quantum/comments/1pjt8gc/the_quantum_encryption_problem_isnt_20_years_away/,reddit.com,The quantum encryption problem isn't 20 years away. I ...,2026-05-09 18:17:50,Reddit,Reddit,reddit.com;redditinc.com,unreliable,Generally unreliable,"Reddit is asocial newsand discussion website. Reddit contains mostlyuser-generated content, and is considered bothself-publishedand generally unreliable. Interview responses written byverifiedinterviewees on ther/IAmAsubreddit areprimary sources, and editors disagree on their reliability. The policy on the use ofsources about themselvesapplies.",domain reddit.com matches unreliable domain from file raw_wikipedia_perennial_sources.csv
quantum_computing,slanted,quantum decryption threats,2,8,https://www.linkedin.com/top-content/technology/cybersecurity-risks/how-quantum-decryption-risks-global-security/,linkedin.com,How Quantum Decryption Risks Global Security,2026-05-09 18:17:52,LinkedIn(LinkedIn Pulse),LinkedIn,linkedin.com,unreliable,Generally unreliable,"LinkedIn is a social network. As aself-published source, it is considered generally unreliable and should be avoided unless the post is used for anuncontroversial self-description. Articles onLinkedIn Pulsewritten by LinkedIn users are also self-published. LinkedIn accounts should only be cited if they areverified accountsor if the user's identity is confirmed in some way. Posts that are not covered by reliable sources are likely to constituteundue weight. LinkedIn should never be used forthird-party claimsrelated toliving persons.",domain linkedin.com matches unreliable domain from file raw_wikipedia_perennial_sources.csv
quantum_computing,neutral,quantum ai research,2,1,https://www.reddit.com/r/QuantumComputing/comments/1shvn4w/is_quantum_ai_the_next_real_boom_after_genai_or/,reddit.com,"Is Quantum AI the next real boom after GenAI, or still a ...",2026-05-09 18:18:45,Reddit,Reddit,reddit.com;redditinc.com,unreliable,Generally unreliable,"Reddit is asocial newsand discussion website. Reddit contains mostlyuser-generated content, and is considered bothself-publishedand generally unreliable. Interview responses written byverifiedinterviewees on ther/IAmAsubreddit areprimary sources, and editors disagree on their reliability. The policy on the use ofsources about themselvesapplies.",domain reddit.com matches unreliable domain from file raw_wikipedia_perennial_sources.csv
quantum_computing,neutral,quantum ai research,2,6,https://www.youtube.com/watch?v=I0V14dTS9JQ,youtube.com,What is Quantum Mechanics? | Google Quantum AI,2026-05-09 18:18:47,YouTube,YouTube,youtube.com,unreliable,Generally unreliable,"Most videos on YouTube are anonymous,self-published, and unverifiable, and should not be used as a reference. Content uploaded from a verified official account, such as that of a news organization, may be treated as originating from the uploader and therefore inheriting their level of reliability. However, many YouTube videos from unofficial accounts are copyright violations and should not be linked from Wikipedia, according toWP:COPYLINK. See alsoWP:YOUTUBEandWP:VIDEOLINK. For illustrative, non-referential use, seec:Commons:YouTube filesandWikipedia:Image use policy.",domain youtube.com matches unreliable domain from file raw_wikipedia_perennial_sources.csv
quantum_computing,neutral,quantum ai research,2,7,https://www.sciencedirect.com/science/article/pii/S1574013725000838,sciencedirect.com,Quantum artificial intelligence: A survey,2026-05-09 18:18:48,ScienceDirecttopic page,ScienceDirect,sciencedirect.com,unreliable,Generally unreliable,"ScienceDirectis an online bibliographical database run by Elsevier. In addition to academic publications, the website maintains machine-generated ""topic pages"" consisting of quotations from publications in the database. These topic pages change over time, presenting a challenge toverifiability. Citations should be made to the actual, underlying publications quoted by the topic page.",domain sciencedirect.com matches unreliable domain from file raw_wikipedia_perennial_sources.csv
quantum_computing,neutral,quantum ai research,3,1,https://www.youtube.com/watch?v=I0V14dTS9JQ,youtube.com,What is Quantum Mechanics? | Google Quantum AI,2026-05-09 18:18:59,YouTube,YouTube,youtube.com,unreliable,Generally unreliable,"Most videos on YouTube are anonymous,self-published, and unverifiable, and should not be used as a reference. Content uploaded from a verified official account, such as that of a news organization, may be treated as originating from the uploader and therefore inheriting their level of reliability. However, many YouTube videos from unofficial accounts are copyright violations and should not be linked from Wikipedia, according toWP:COPYLINK. See alsoWP:YOUTUBEandWP:VIDEOLINK. For illustrative, non-referential use, seec:Commons:YouTube filesandWikipedia:Image use policy.",domain youtube.com matches unreliable domain from file raw_wikipedia_perennial_sources.csv
quantum_computing,slanted,quantum computing dangers,1,2,https://www.reddit.com/r/QuantumComputing/comments/1kf0l6t/threats_of_quantum_computing_vs_reality/,reddit.com,Threats of Quantum Computing vs Reality,2026-05-09 18:19:16,Reddit,Reddit,reddit.com;redditinc.com,unreliable,Generally unreliable,"Reddit is asocial newsand discussion website. Reddit contains mostlyuser-generated content, and is considered bothself-publishedand generally unreliable. Interview responses written byverifiedinterviewees on ther/IAmAsubreddit areprimary sources, and editors disagree on their reliability. The policy on the use ofsources about themselvesapplies.",domain reddit.com matches unreliable domain from file raw_wikipedia_perennial_sources.csv
quantum_computing,slanted,quantum computing dangers,1,5,https://medium.com/@Artiscribe/the-hidden-dangers-of-quantum-computing-in-everyday-life-by-2040-7caadb2881cd,medium.com,The Hidden Dangers of Quantum Computing in Everyday ...,2026-05-09 18:19:36,Medium,Medium_(website),medium.com,unreliable,Generally unreliable,"Medium is abloghosting service. As aself-published source, it is considered generally unreliable and should be avoided unless the author is asubject-matter expertor the blog is used foruncontroversial self-descriptions. Medium should never be used forthird-party claimsaboutliving persons. A 2022 RfC also found thatCuepoint, Medium's music publication, is marginally reliable, with editors stating that its reliability depends on the qualification of the author.",domain medium.com matches unreliable domain from file raw_wikipedia_perennial_sources.csv
quantum_computing,slanted,quantum computing dangers,1,7,https://www.sciencedirect.com/science/article/abs/pii/S0045790625005920,sciencedirect.com,The Impact of Quantum Computing on Cybersecurity ...,2026-05-09 18:19:50,ScienceDirecttopic page,ScienceDirect,sciencedirect.com,unreliable,Generally unreliable,"ScienceDirectis an online bibliographical database run by Elsevier. In addition to academic publications, the website maintains machine-generated ""topic pages"" consisting of quotations from publications in the database. These topic pages change over time, presenting a challenge toverifiability. Citations should be made to the actual, underlying publications quoted by the topic page.",domain sciencedirect.com matches unreliable domain from file raw_wikipedia_perennial_sources.csv
quantum_computing,slanted,quantum computing dangers,2,9,https://www.linkedin.com/top-content/technology/cybersecurity-risks/quantum-computing-risks-for-federal-agencies/,linkedin.com,Quantum Computing Risks for Federal Agencies,2026-05-09 18:20:03,LinkedIn(LinkedIn Pulse),LinkedIn,linkedin.com,unreliable,Generally unreliable,"LinkedIn is a social network. As aself-published source, it is considered generally unreliable and should be avoided unless the post is used for anuncontroversial self-description. Articles onLinkedIn Pulsewritten by LinkedIn users are also self-published. LinkedIn accounts should only be cited if they areverified accountsor if the user's identity is confirmed in some way. Posts that are not covered by reliable sources are likely to constituteundue weight. LinkedIn should never be used forthird-party claimsrelated toliving persons.",domain linkedin.com matches unreliable domain from file raw_wikipedia_perennial_sources.csv
lab_grown_meat,neutral,cultured meat safety,1,1,https://www.sciencedirect.com/science/article/abs/pii/S0924224423002091,sciencedirect.com,Risk assessment of cultured meat,2026-05-09 18:20:33,ScienceDirecttopic page,ScienceDirect,sciencedirect.com,unreliable,Generally unreliable,"ScienceDirectis an online bibliographical database run by Elsevier. In addition to academic publications, the website maintains machine-generated ""topic pages"" consisting of quotations from publications in the database. These topic pages change over time, presenting a challenge toverifiability. Citations should be made to the actual, underlying publications quoted by the topic page.",domain sciencedirect.com matches unreliable domain from file raw_wikipedia_perennial_sources.csv
lab_grown_meat,neutral,cultured meat safety,2,1,https://www.reddit.com/r/Futurology/comments/1d126d5/why_cultivate_or_labgrown_meat_is_not_only_safe/,reddit.com,"Why cultivate, or lab-grown meat, is not only safe, and ...",2026-05-09 18:21:15,Reddit,Reddit,reddit.com;redditinc.com,unreliable,Generally unreliable,"Reddit is asocial newsand discussion website. Reddit contains mostlyuser-generated content, and is considered bothself-publishedand generally unreliable. Interview responses written byverifiedinterviewees on ther/IAmAsubreddit areprimary sources, and editors disagree on their reliability. The policy on the use ofsources about themselvesapplies.",domain reddit.com matches unreliable domain from file raw_wikipedia_perennial_sources.csv
lab_grown_meat,neutral,cultured meat safety,3,2,https://www.sciencedirect.com/science/article/pii/S2666833525001017,sciencedirect.com,Food safety considerations in the advancement of cultured ...,2026-05-09 18:21:30,ScienceDirecttopic page,ScienceDirect,sciencedirect.com,unreliable,Generally unreliable,"ScienceDirectis an online bibliographical database run by Elsevier. In addition to academic publications, the website maintains machine-generated ""topic pages"" consisting of quotations from publications in the database. These topic pages change over time, presenting a challenge toverifiability. Citations should be made to the actual, underlying publications quoted by the topic page.",domain sciencedirect.com matches unreliable domain from file raw_wikipedia_perennial_sources.csv
lab_grown_meat,neutral,cultured meat safety,3,9,https://www.reddit.com/r/ObscurePatentDangers/comments/1qm3mz2/is_lab_cultured_meat_healthy_or_safe_truth_is_we/,reddit.com,Is lab cultured meat healthy or safe? Truth is we don't know ...,2026-05-09 18:21:31,Reddit,Reddit,reddit.com;redditinc.com,unreliable,Generally unreliable,"Reddit is asocial newsand discussion website. Reddit contains mostlyuser-generated content, and is considered bothself-publishedand generally unreliable. Interview responses written byverifiedinterviewees on ther/IAmAsubreddit areprimary sources, and editors disagree on their reliability. The policy on the use ofsources about themselvesapplies.",domain reddit.com matches unreliable domain from file raw_wikipedia_perennial_sources.csv
lab_grown_meat,slanted,lab meat health risks,1,4,https://www.reddit.com/r/wheresthebeef/comments/q8m0ch/are_there_any_health_risks_associated_with_lab/,reddit.com,Are there any health risks associated with lab meat?,2026-05-09 18:21:52,Reddit,Reddit,reddit.com;redditinc.com,unreliable,Generally unreliable,"Reddit is asocial newsand discussion website. Reddit contains mostlyuser-generated content, and is considered bothself-publishedand generally unreliable. Interview responses written byverifiedinterviewees on ther/IAmAsubreddit areprimary sources, and editors disagree on their reliability. The policy on the use ofsources about themselvesapplies.",domain reddit.com matches unreliable domain from file raw_wikipedia_perennial_sources.csv
lab_grown_meat,slanted,lab meat health risks,1,9,https://www.sciencedirect.com/science/article/abs/pii/S0924224423002091,sciencedirect.com,Risk assessment of cultured meat,2026-05-09 18:21:55,ScienceDirecttopic page,ScienceDirect,sciencedirect.com,unreliable,Generally unreliable,"ScienceDirectis an online bibliographical database run by Elsevier. In addition to academic publications, the website maintains machine-generated ""topic pages"" consisting of quotations from publications in the database. These topic pages change over time, presenting a challenge toverifiability. Citations should be made to the actual, underlying publications quoted by the topic page.",domain sciencedirect.com matches unreliable domain from file raw_wikipedia_perennial_sources.csv
lab_grown_meat,slanted,lab meat health risks,3,8,https://medium.com/illumination/lab-grown-meat-a-critical-health-examination-for-political-decision-db5aa04ca43a,medium.com,What Is the Problem with Lab-Grown Meat?,2026-05-09 18:22:25,Medium,Medium_(website),medium.com,unreliable,Generally unreliable,"Medium is abloghosting service. As aself-published source, it is considered generally unreliable and should be avoided unless the author is asubject-matter expertor the blog is used foruncontroversial self-descriptions. Medium should never be used forthird-party claimsaboutliving persons. A 2022 RfC also found thatCuepoint, Medium's music publication, is marginally reliable, with editors stating that its reliability depends on the qualification of the author.",domain medium.com matches unreliable domain from file raw_wikipedia_perennial_sources.csv
lab_grown_meat,neutral,cellular agriculture research,1,2,https://www.sciencedirect.com/science/article/pii/S2590262821000241,sciencedirect.com,Cellular agriculture research progress and prospects,2026-05-09 18:22:41,ScienceDirecttopic page,ScienceDirect,sciencedirect.com,unreliable,Generally unreliable,"ScienceDirectis an online bibliographical database run by Elsevier. In addition to academic publications, the website maintains machine-generated ""topic pages"" consisting of quotations from publications in the database. These topic pages change over time, presenting a challenge toverifiability. Citations should be made to the actual, underlying publications quoted by the topic page.",domain sciencedirect.com matches unreliable domain from file raw_wikipedia_perennial_sources.csv
lab_grown_meat,neutral,cellular agriculture research,2,10,https://www.reddit.com/r/Futurology/comments/1t0027j/cellular_agirculture_what_happens_next/,reddit.com,Cellular agirculture - what happens next? : r/Futurology,2026-05-09 18:23:00,Reddit,Reddit,reddit.com;redditinc.com,unreliable,Generally unreliable,"Reddit is asocial newsand discussion website. Reddit contains mostlyuser-generated content, and is considered bothself-publishedand generally unreliable. Interview responses written byverifiedinterviewees on ther/IAmAsubreddit areprimary sources, and editors disagree on their reliability. The policy on the use ofsources about themselvesapplies.",domain reddit.com matches unreliable domain from file raw_wikipedia_perennial_sources.csv
lab_grown_meat,slanted,test tube meat dangers,1,6,https://www.reddit.com/r/wheresthebeef/comments/q8m0ch/are_there_any_health_risks_associated_with_lab/,reddit.com,Are there any health risks associated with lab meat?,2026-05-09 18:23:44,Reddit,Reddit,reddit.com;redditinc.com,unreliable,Generally unreliable,"Reddit is asocial newsand discussion website. Reddit contains mostlyuser-generated content, and is considered bothself-publishedand generally unreliable. Interview responses written byverifiedinterviewees on ther/IAmAsubreddit areprimary sources, and editors disagree on their reliability. The policy on the use ofsources about themselvesapplies.",domain reddit.com matches unreliable domain from file raw_wikipedia_perennial_sources.csv
lab_grown_meat,slanted,test tube meat dangers,1,8,https://www.sciencedirect.com/science/article/abs/pii/S0924224423002091,sciencedirect.com,Risk assessment of cultured meat,2026-05-09 18:23:46,ScienceDirecttopic page,ScienceDirect,sciencedirect.com,unreliable,Generally unreliable,"ScienceDirectis an online bibliographical database run by Elsevier. In addition to academic publications, the website maintains machine-generated ""topic pages"" consisting of quotations from publications in the database. These topic pages change over time, presenting a challenge toverifiability. Citations should be made to the actual, underlying publications quoted by the topic page.",domain sciencedirect.com matches unreliable domain from file raw_wikipedia_perennial_sources.csv
lab_grown_meat,slanted,test tube meat dangers,2,2,https://www.quora.com/What-are-some-potential-negative-side-effects-of-consuming-test-tube-meat,quora.com,What are some potential negative side-effects of ...,2026-05-09 18:23:58,Quora,Quora,quora.com,unreliable,Generally unreliable,"Quora is aQ&A site. As an Internet forum, it is aself-published sourcethat incorporatesuser-generated content, and is considered generally unreliable. Posts fromverified accountson Quora can be used asprimary sourcesforstatements about themselves. Posts from verified accounts of established experts may also be used to substantiate statements in their field of expertise, in accordance with thepolicy on self-published sources.",domain quora.com matches unreliable domain from file raw_wikipedia_perennial_sources.csv
lab_grown_meat,slanted,test tube meat dangers,3,9,https://www.sciencedirect.com/science/article/pii/S2666833525001017,sciencedirect.com,Food safety considerations in the advancement of cultured ...,2026-05-09 18:24:14,ScienceDirecttopic page,ScienceDirect,sciencedirect.com,unreliable,Generally unreliable,"ScienceDirectis an online bibliographical database run by Elsevier. In addition to academic publications, the website maintains machine-generated ""topic pages"" consisting of quotations from publications in the database. These topic pages change over time, presenting a challenge toverifiability. Citations should be made to the actual, underlying publications quoted by the topic page.",domain sciencedirect.com matches unreliable domain from file raw_wikipedia_perennial_sources.csv
lab_grown_meat,neutral,clean meat environmental impact,1,1,https://www.sciencedirect.com/science/article/pii/S3050835525000075,sciencedirect.com,Is cultivated meat sustainable? – Research pathways to ...,2026-05-09 18:24:31,ScienceDirecttopic page,ScienceDirect,sciencedirect.com,unreliable,Generally unreliable,"ScienceDirectis an online bibliographical database run by Elsevier. In addition to academic publications, the website maintains machine-generated ""topic pages"" consisting of quotations from publications in the database. These topic pages change over time, presenting a challenge toverifiability. Citations should be made to the actual, underlying publications quoted by the topic page.",domain sciencedirect.com matches unreliable domain from file raw_wikipedia_perennial_sources.csv
lab_grown_meat,neutral,clean meat environmental impact,2,9,https://www.reddit.com/r/sustainability/comments/vhb9fo/is_abstaining_from_beef_going_to_have_a_net/,reddit.com,Is abstaining from beef going to have a net positive effect ...,2026-05-09 18:24:58,Reddit,Reddit,reddit.com;redditinc.com,unreliable,Generally unreliable,"Reddit is asocial newsand discussion website. Reddit contains mostlyuser-generated content, and is considered bothself-publishedand generally unreliable. Interview responses written byverifiedinterviewees on ther/IAmAsubreddit areprimary sources, and editors disagree on their reliability. The policy on the use ofsources about themselvesapplies.",domain reddit.com matches unreliable domain from file raw_wikipedia_perennial_sources.csv
lab_grown_meat,slanted,fake meat processing risks,1,5,https://www.sciencedirect.com/science/article/pii/S0023643825015142,sciencedirect.com,Safety analysis of plant-based meat analogs from raw ...,2026-05-09 18:25:26,ScienceDirecttopic page,ScienceDirect,sciencedirect.com,unreliable,Generally unreliable,"ScienceDirectis an online bibliographical database run by Elsevier. In addition to academic publications, the website maintains machine-generated ""topic pages"" consisting of quotations from publications in the database. These topic pages change over time, presenting a challenge toverifiability. Citations should be made to the actual, underlying publications quoted by the topic page.",domain sciencedirect.com matches unreliable domain from file raw_wikipedia_perennial_sources.csv
lab_grown_meat,slanted,fake meat processing risks,2,2,https://www.reddit.com/r/vegan/comments/17zs0xb/study_finds_highly_processed_plantbased/,reddit.com,Study finds highly processed plant-based alternatives are ...,2026-05-09 18:25:49,Reddit,Reddit,reddit.com;redditinc.com,unreliable,Generally unreliable,"Reddit is asocial newsand discussion website. Reddit contains mostlyuser-generated content, and is considered bothself-publishedand generally unreliable. Interview responses written byverifiedinterviewees on ther/IAmAsubreddit areprimary sources, and editors disagree on their reliability. The policy on the use ofsources about themselvesapplies.",domain reddit.com matches unreliable domain from file raw_wikipedia_perennial_sources.csv
lab_grown_meat,slanted,fake meat processing risks,2,6,https://www.youtube.com/watch?v=Jy_sAxwDO7U,youtube.com,The Biggest Danger of Eating Fake Meat is NOT Canola Oil ...,2026-05-09 18:25:51,YouTube,YouTube,youtube.com,unreliable,Generally unreliable,"Most videos on YouTube are anonymous,self-published, and unverifiable, and should not be used as a reference. Content uploaded from a verified official account, such as that of a news organization, may be treated as originating from the uploader and therefore inheriting their level of reliability. However, many YouTube videos from unofficial accounts are copyright violations and should not be linked from Wikipedia, according toWP:COPYLINK. See alsoWP:YOUTUBEandWP:VIDEOLINK. For illustrative, non-referential use, seec:Commons:YouTube filesandWikipedia:Image use policy.",domain youtube.com matches unreliable domain from file raw_wikipedia_perennial_sources.csv
lab_grown_meat,slanted,fake meat processing risks,2,7,https://www.sciencedirect.com/science/article/pii/S2667268525000440,sciencedirect.com,Are ultra-processed plant-based meats better than the ...,2026-05-09 18:25:51,ScienceDirecttopic page,ScienceDirect,sciencedirect.com,unreliable,Generally unreliable,"ScienceDirectis an online bibliographical database run by Elsevier. In addition to academic publications, the website maintains machine-generated ""topic pages"" consisting of quotations from publications in the database. These topic pages change over time, presenting a challenge toverifiability. Citations should be made to the actual, underlying publications quoted by the topic page.",domain sciencedirect.com matches unreliable domain from file raw_wikipedia_perennial_sources.csv
3d_printing,neutral,3d printed organs facts,1,4,https://www.sciencedirect.com/science/article/pii/S2666998625001607,sciencedirect.com,A roadmap for the implementation of 3D-printed organs in ...,2026-05-09 18:26:31,ScienceDirecttopic page,ScienceDirect,sciencedirect.com,unreliable,Generally unreliable,"ScienceDirectis an online bibliographical database run by Elsevier. In addition to academic publications, the website maintains machine-generated ""topic pages"" consisting of quotations from publications in the database. These topic pages change over time, presenting a challenge toverifiability. Citations should be made to the actual, underlying publications quoted by the topic page.",domain sciencedirect.com matches unreliable domain from file raw_wikipedia_perennial_sources.csv
3d_printing,neutral,3d printed organs facts,1,7,https://medium.com/predict/100-mind-blowing-things-you-need-to-know-about-3d-printed-organs-19510d0174e,medium.com,100 Mind-blowing Things You Need To Know About 3D- ...,2026-05-09 18:26:43,Medium,Medium_(website),medium.com,unreliable,Generally unreliable,"Medium is abloghosting service. As aself-published source, it is considered generally unreliable and should be avoided unless the author is asubject-matter expertor the blog is used foruncontroversial self-descriptions. Medium should never be used forthird-party claimsaboutliving persons. A 2022 RfC also found thatCuepoint, Medium's music publication, is marginally reliable, with editors stating that its reliability depends on the qualification of the author.",domain medium.com matches unreliable domain from file raw_wikipedia_perennial_sources.csv
3d_printing,neutral,3d printed organs facts,1,8,https://www.reddit.com/r/Futurology/comments/1oiyuye/just_realized_how_close_3d_printed_organs/,reddit.com,Just realized how close 3D printed organs actually are and ...,2026-05-09 18:26:44,Reddit,Reddit,reddit.com;redditinc.com,unreliable,Generally unreliable,"Reddit is asocial newsand discussion website. Reddit contains mostlyuser-generated content, and is considered bothself-publishedand generally unreliable. Interview responses written byverifiedinterviewees on ther/IAmAsubreddit areprimary sources, and editors disagree on their reliability. The policy on the use ofsources about themselvesapplies.",domain reddit.com matches unreliable domain from file raw_wikipedia_perennial_sources.csv
3d_printing,neutral,3d printed organs facts,2,6,https://www.facebook.com/engineeringexploration/posts/scientists-have-reached-a-major-milestone-in-regenerative-medicine-by-creating-a/900521505854765/,facebook.com,Engineering Facts,2026-05-09 18:26:59,Facebook(Meta),Facebook,facebook.com,unreliable,Generally unreliable,"Facebook is considered generally unreliable because it is aself-published sourcewith no editorial oversight. In the 2020 RfC, there was consensus to add anedit filterto warn users who attempt to cite Facebook as a source, and no consensus on whether Facebook citations should be automatically reverted withXLinkBot.",domain facebook.com matches unreliable domain from file raw_wikipedia_perennial_sources.csv
3d_printing,neutral,3d printed organs facts,3,2,https://www.facebook.com/engineeringexploration/posts/this-medical-milestone-represents-one-of-the-most-advanced-uses-of-bioprinting-t/893370726569843/,facebook.com,Engineering Facts,2026-05-09 18:27:12,Facebook(Meta),Facebook,facebook.com,unreliable,Generally unreliable,"Facebook is considered generally unreliable because it is aself-published sourcewith no editorial oversight. In the 2020 RfC, there was consensus to add anedit filterto warn users who attempt to cite Facebook as a source, and no consensus on whether Facebook citations should be automatically reverted withXLinkBot.",domain facebook.com matches unreliable domain from file raw_wikipedia_perennial_sources.csv
3d_printing,slanted,3d printing bioprinting risks,2,1,https://www.sciencedirect.com/science/article/pii/S2950575525000310,sciencedirect.com,3D bioprinting for facial reconstruction: Advances and ...,2026-05-09 18:29:00,ScienceDirecttopic page,ScienceDirect,sciencedirect.com,unreliable,Generally unreliable,"ScienceDirectis an online bibliographical database run by Elsevier. In addition to academic publications, the website maintains machine-generated ""topic pages"" consisting of quotations from publications in the database. These topic pages change over time, presenting a challenge toverifiability. Citations should be made to the actual, underlying publications quoted by the topic page.",domain sciencedirect.com matches unreliable domain from file raw_wikipedia_perennial_sources.csv
3d_printing,slanted,3d printing bioprinting risks,3,8,https://www.quora.com/What-are-the-challenges-of-implantable-3D-bioprinted-organs,quora.com,What are the challenges of implantable 3D bioprinted ...,2026-05-09 18:29:17,Quora,Quora,quora.com,unreliable,Generally unreliable,"Quora is aQ&A site. As an Internet forum, it is aself-published sourcethat incorporatesuser-generated content, and is considered generally unreliable. Posts fromverified accountson Quora can be used asprimary sourcesforstatements about themselves. Posts from verified accounts of established experts may also be used to substantiate statements in their field of expertise, in accordance with thepolicy on self-published sources.",domain quora.com matches unreliable domain from file raw_wikipedia_perennial_sources.csv
3d_printing,neutral,additive manufacturing research,1,3,https://www.sciencedirect.com/journal/additive-manufacturing,sciencedirect.com,Additive Manufacturing | Journal,2026-05-09 18:29:33,ScienceDirecttopic page,ScienceDirect,sciencedirect.com,unreliable,Generally unreliable,"ScienceDirectis an online bibliographical database run by Elsevier. In addition to academic publications, the website maintains machine-generated ""topic pages"" consisting of quotations from publications in the database. These topic pages change over time, presenting a challenge toverifiability. Citations should be made to the actual, underlying publications quoted by the topic page.",domain sciencedirect.com matches unreliable domain from file raw_wikipedia_perennial_sources.csv
3d_printing,neutral,additive manufacturing research,2,1,https://www.linkedin.com/company/additive-manufacturing-research,linkedin.com,Additive Manufacturing Research,2026-05-09 18:29:49,LinkedIn(LinkedIn Pulse),LinkedIn,linkedin.com,unreliable,Generally unreliable,"LinkedIn is a social network. As aself-published source, it is considered generally unreliable and should be avoided unless the post is used for anuncontroversial self-description. Articles onLinkedIn Pulsewritten by LinkedIn users are also self-published. LinkedIn accounts should only be cited if they areverified accountsor if the user's identity is confirmed in some way. Posts that are not covered by reliable sources are likely to constituteundue weight. LinkedIn should never be used forthird-party claimsrelated toliving persons.",domain linkedin.com matches unreliable domain from file raw_wikipedia_perennial_sources.csv
3d_printing,neutral,additive manufacturing research,2,6,https://www.reddit.com/r/AdditiveManufacturing/comments/1smp7qz/research_idea_in_additive_manufacturing/,reddit.com,Research Idea In Additive Manufacturing,2026-05-09 18:29:51,Reddit,Reddit,reddit.com;redditinc.com,unreliable,Generally unreliable,"Reddit is asocial newsand discussion website. Reddit contains mostlyuser-generated content, and is considered bothself-publishedand generally unreliable. Interview responses written byverifiedinterviewees on ther/IAmAsubreddit areprimary sources, and editors disagree on their reliability. The policy on the use ofsources about themselvesapplies.",domain reddit.com matches unreliable domain from file raw_wikipedia_perennial_sources.csv
3d_printing,neutral,additive manufacturing research,2,7,https://www.youtube.com/watch?v=N4qW5EquREs,youtube.com,Sustainability through Additive Manufacturing | University of ...,2026-05-09 18:29:51,YouTube,YouTube,youtube.com,unreliable,Generally unreliable,"Most videos on YouTube are anonymous,self-published, and unverifiable, and should not be used as a reference. Content uploaded from a verified official account, such as that of a news organization, may be treated as originating from the uploader and therefore inheriting their level of reliability. However, many YouTube videos from unofficial accounts are copyright violations and should not be linked from Wikipedia, according toWP:COPYLINK. See alsoWP:YOUTUBEandWP:VIDEOLINK. For illustrative, non-referential use, seec:Commons:YouTube filesandWikipedia:Image use policy.",domain youtube.com matches unreliable domain from file raw_wikipedia_perennial_sources.csv
3d_printing,neutral,additive manufacturing research,3,5,https://www.sciencedirect.com/science/article/pii/S2666496825000226,sciencedirect.com,Additive manufacturing: shaping the future of ...,2026-05-09 18:30:05,ScienceDirecttopic page,ScienceDirect,sciencedirect.com,unreliable,Generally unreliable,"ScienceDirectis an online bibliographical database run by Elsevier. In addition to academic publications, the website maintains machine-generated ""topic pages"" consisting of quotations from publications in the database. These topic pages change over time, presenting a challenge toverifiability. Citations should be made to the actual, underlying publications quoted by the topic page.",domain sciencedirect.com matches unreliable domain from file raw_wikipedia_perennial_sources.csv
3d_printing,slanted,3d printed gun dangers,1,9,https://www.reddit.com/r/changemyview/comments/1lfakb1/cmv_the_proliferation_of_3d_printed_firearms_is_a/,reddit.com,The proliferation of 3D printed Firearms is a weak counter ...,2026-05-09 18:30:26,Reddit,Reddit,reddit.com;redditinc.com,unreliable,Generally unreliable,"Reddit is asocial newsand discussion website. Reddit contains mostlyuser-generated content, and is considered bothself-publishedand generally unreliable. Interview responses written byverifiedinterviewees on ther/IAmAsubreddit areprimary sources, and editors disagree on their reliability. The policy on the use ofsources about themselvesapplies.",domain reddit.com matches unreliable domain from file raw_wikipedia_perennial_sources.csv
3d_printing,slanted,3d printed gun dangers,2,4,https://www.sciencedirect.com/science/article/pii/S037907382300186X,sciencedirect.com,Was a 3D-printed firearm discharged? Study of traces ...,2026-05-09 18:30:39,ScienceDirecttopic page,ScienceDirect,sciencedirect.com,unreliable,Generally unreliable,"ScienceDirectis an online bibliographical database run by Elsevier. In addition to academic publications, the website maintains machine-generated ""topic pages"" consisting of quotations from publications in the database. These topic pages change over time, presenting a challenge toverifiability. Citations should be made to the actual, underlying publications quoted by the topic page.",domain sciencedirect.com matches unreliable domain from file raw_wikipedia_perennial_sources.csv
3d_printing,slanted,3d printed gun dangers,2,9,https://www.youtube.com/watch?v=9taL4svjH_g,youtube.com,NSW Police Commissioner warns of dangers of 3D guns,2026-05-09 18:30:41,YouTube,YouTube,youtube.com,unreliable,Generally unreliable,"Most videos on YouTube are anonymous,self-published, and unverifiable, and should not be used as a reference. Content uploaded from a verified official account, such as that of a news organization, may be treated as originating from the uploader and therefore inheriting their level of reliability. However, many YouTube videos from unofficial accounts are copyright violations and should not be linked from Wikipedia, according toWP:COPYLINK. See alsoWP:YOUTUBEandWP:VIDEOLINK. For illustrative, non-referential use, seec:Commons:YouTube filesandWikipedia:Image use policy.",domain youtube.com matches unreliable domain from file raw_wikipedia_perennial_sources.csv
3d_printing,slanted,3d printed gun dangers,3,1,https://www.instagram.com/reel/DXLHLbGCYzQ/,instagram.com,"With the rise in accessibility and affordability, anyone can ...",2026-05-09 18:30:52,"Instagram(IG, Insta, The Gram)",Instagram,instagram.com,unreliable,Generally unreliable,"As asocial networking service, Instagram is covered by the following policies and guidelines:WP:SOCIALMEDIA,WP:RSSELF,WP:SPSandWP:UGC.",domain instagram.com matches unreliable domain from file raw_wikipedia_perennial_sources.csv
3d_printing,slanted,3d printed gun dangers,3,8,https://www.quora.com/Are-plastic-3D-printed-guns-safe-for-the-shooters,quora.com,Are plastic 3D printed guns safe for the shooters?,2026-05-09 18:30:55,Quora,Quora,quora.com,unreliable,Generally unreliable,"Quora is aQ&A site. As an Internet forum, it is aself-published sourcethat incorporatesuser-generated content, and is considered generally unreliable. Posts fromverified accountson Quora can be used asprimary sourcesforstatements about themselves. Posts from verified accounts of established experts may also be used to substantiate statements in their field of expertise, in accordance with thepolicy on self-published sources.",domain quora.com matches unreliable domain from file raw_wikipedia_perennial_sources.csv
3d_printing,neutral,metal 3d printing safety,1,4,https://www.reddit.com/r/3Dprinting/comments/1f8qznc/how_dangerous_is_metal_3d_printing/,reddit.com,How dangerous is metal 3D printing? : r/3Dprinting,2026-05-09 18:31:11,Reddit,Reddit,reddit.com;redditinc.com,unreliable,Generally unreliable,"Reddit is asocial newsand discussion website. Reddit contains mostlyuser-generated content, and is considered bothself-publishedand generally unreliable. Interview responses written byverifiedinterviewees on ther/IAmAsubreddit areprimary sources, and editors disagree on their reliability. The policy on the use ofsources about themselvesapplies.",domain reddit.com matches unreliable domain from file raw_wikipedia_perennial_sources.csv
3d_printing,slanted,3d printing toxic emissions,1,2,https://www.sciencedirect.com/science/article/pii/S0360132325008030,sciencedirect.com,Impact of 3D printing on indoor particulate matter and ...,2026-05-09 18:32:26,ScienceDirecttopic page,ScienceDirect,sciencedirect.com,unreliable,Generally unreliable,"ScienceDirectis an online bibliographical database run by Elsevier. In addition to academic publications, the website maintains machine-generated ""topic pages"" consisting of quotations from publications in the database. These topic pages change over time, presenting a challenge toverifiability. Citations should be made to the actual, underlying publications quoted by the topic page.",domain sciencedirect.com matches unreliable domain from file raw_wikipedia_perennial_sources.csv
3d_printing,slanted,3d printing toxic emissions,1,3,https://www.reddit.com/r/3Dprinting/comments/15vcejk/printing_safely_volatile_organic_compounds_and/,reddit.com,Volatile Organic Compounds and Particulate Emissions,2026-05-09 18:32:31,Reddit,Reddit,reddit.com;redditinc.com,unreliable,Generally unreliable,"Reddit is asocial newsand discussion website. Reddit contains mostlyuser-generated content, and is considered bothself-publishedand generally unreliable. Interview responses written byverifiedinterviewees on ther/IAmAsubreddit areprimary sources, and editors disagree on their reliability. The policy on the use ofsources about themselvesapplies.",domain reddit.com matches unreliable domain from file raw_wikipedia_perennial_sources.csv
3d_printing,slanted,3d printing toxic emissions,3,6,https://www.sciencedirect.com/science/article/pii/S2772416625003420,sciencedirect.com,A global evaluation of exposure to pollutants in 3D printing,2026-05-09 18:33:14,ScienceDirecttopic page,ScienceDirect,sciencedirect.com,unreliable,Generally unreliable,"ScienceDirectis an online bibliographical database run by Elsevier. In addition to academic publications, the website maintains machine-generated ""topic pages"" consisting of quotations from publications in the database. These topic pages change over time, presenting a challenge toverifiability. Citations should be made to the actual, underlying publications quoted by the topic page.",domain sciencedirect.com matches unreliable domain from file raw_wikipedia_perennial_sources.csv
3d_printing,slanted,3d printing toxic emissions,3,7,https://www.facebook.com/groups/3dprintingforbeginnersandpros/posts/1226843725912484/,facebook.com,3d printers emit toxic air pollutants,2026-05-09 18:33:14,Facebook(Meta),Facebook,facebook.com,unreliable,Generally unreliable,"Facebook is considered generally unreliable because it is aself-published sourcewith no editorial oversight. In the 2020 RfC, there was consensus to add anedit filterto warn users who attempt to cite Facebook as a source, and no consensus on whether Facebook citations should be automatically reverted withXLinkBot.",domain facebook.com matches unreliable domain from file raw_wikipedia_perennial_sources.csv
autonomous_vehicles,neutral,self driving car safety,1,6,https://www.reddit.com/r/SelfDrivingCars/comments/1dit5ch/driverless_cars_are_mostly_safer_than_humans_but/,reddit.com,Driverless cars are mostly safer than humans – but worse ...,2026-05-09 18:33:41,Reddit,Reddit,reddit.com;redditinc.com,unreliable,Generally unreliable,"Reddit is asocial newsand discussion website. Reddit contains mostlyuser-generated content, and is considered bothself-publishedand generally unreliable. Interview responses written byverifiedinterviewees on ther/IAmAsubreddit areprimary sources, and editors disagree on their reliability. The policy on the use ofsources about themselvesapplies.",domain reddit.com matches unreliable domain from file raw_wikipedia_perennial_sources.csv
autonomous_vehicles,neutral,self driving car safety,2,3,https://www.youtube.com/watch?v=8od0odyFApw,youtube.com,Self-driving cars | Are they safe?,2026-05-09 18:33:59,YouTube,YouTube,youtube.com,unreliable,Generally unreliable,"Most videos on YouTube are anonymous,self-published, and unverifiable, and should not be used as a reference. Content uploaded from a verified official account, such as that of a news organization, may be treated as originating from the uploader and therefore inheriting their level of reliability. However, many YouTube videos from unofficial accounts are copyright violations and should not be linked from Wikipedia, according toWP:COPYLINK. See alsoWP:YOUTUBEandWP:VIDEOLINK. For illustrative, non-referential use, seec:Commons:YouTube filesandWikipedia:Image use policy.",domain youtube.com matches unreliable domain from file raw_wikipedia_perennial_sources.csv
autonomous_vehicles,neutral,self driving car safety,2,4,https://www.sciencedirect.com/science/article/abs/pii/S0968090X21001522,sciencedirect.com,Safety challenges for autonomous vehicles in the absence ...,2026-05-09 18:34:00,ScienceDirecttopic page,ScienceDirect,sciencedirect.com,unreliable,Generally unreliable,"ScienceDirectis an online bibliographical database run by Elsevier. In addition to academic publications, the website maintains machine-generated ""topic pages"" consisting of quotations from publications in the database. These topic pages change over time, presenting a challenge toverifiability. Citations should be made to the actual, underlying publications quoted by the topic page.",domain sciencedirect.com matches unreliable domain from file raw_wikipedia_perennial_sources.csv
autonomous_vehicles,neutral,self driving car safety,3,4,https://www.youtube.com/watch?v=Kcq0tjmvGOs,youtube.com,Why Fully Self-Driving Cars Are Almost Impossible | The Limit,2026-05-09 18:34:14,YouTube,YouTube,youtube.com,unreliable,Generally unreliable,"Most videos on YouTube are anonymous,self-published, and unverifiable, and should not be used as a reference. Content uploaded from a verified official account, such as that of a news organization, may be treated as originating from the uploader and therefore inheriting their level of reliability. However, many YouTube videos from unofficial accounts are copyright violations and should not be linked from Wikipedia, according toWP:COPYLINK. See alsoWP:YOUTUBEandWP:VIDEOLINK. For illustrative, non-referential use, seec:Commons:YouTube filesandWikipedia:Image use policy.",domain youtube.com matches unreliable domain from file raw_wikipedia_perennial_sources.csv
autonomous_vehicles,slanted,autonomous vehicle accidents,1,1,https://www.sciencedirect.com/science/article/pii/S2352146523012231,sciencedirect.com,Autonomous vehicles and traffic accidents,2026-05-09 18:34:34,ScienceDirecttopic page,ScienceDirect,sciencedirect.com,unreliable,Generally unreliable,"ScienceDirectis an online bibliographical database run by Elsevier. In addition to academic publications, the website maintains machine-generated ""topic pages"" consisting of quotations from publications in the database. These topic pages change over time, presenting a challenge toverifiability. Citations should be made to the actual, underlying publications quoted by the topic page.",domain sciencedirect.com matches unreliable domain from file raw_wikipedia_perennial_sources.csv
autonomous_vehicles,slanted,autonomous vehicle accidents,2,1,https://www.reddit.com/r/technology/comments/1q980me/full_selfdriving_sounds_like_magic_until_you_see/,reddit.com,Full Self-Driving Sounds Like Magic Until You See the ...,2026-05-09 18:34:56,Reddit,Reddit,reddit.com;redditinc.com,unreliable,Generally unreliable,"Reddit is asocial newsand discussion website. Reddit contains mostlyuser-generated content, and is considered bothself-publishedand generally unreliable. Interview responses written byverifiedinterviewees on ther/IAmAsubreddit areprimary sources, and editors disagree on their reliability. The policy on the use ofsources about themselvesapplies.",domain reddit.com matches unreliable domain from file raw_wikipedia_perennial_sources.csv
autonomous_vehicles,slanted,autonomous vehicle accidents,3,2,https://www.reddit.com/r/SelfDrivingCars/comments/1rjvw6g/new_analysis_finds_that_selfdriving_cars_have/,reddit.com,New analysis finds that self-driving cars have only been at ...,2026-05-09 18:35:10,Reddit,Reddit,reddit.com;redditinc.com,unreliable,Generally unreliable,"Reddit is asocial newsand discussion website. Reddit contains mostlyuser-generated content, and is considered bothself-publishedand generally unreliable. Interview responses written byverifiedinterviewees on ther/IAmAsubreddit areprimary sources, and editors disagree on their reliability. The policy on the use ofsources about themselvesapplies.",domain reddit.com matches unreliable domain from file raw_wikipedia_perennial_sources.csv
autonomous_vehicles,slanted,autonomous vehicle accidents,3,4,https://www.sciencedirect.com/science/article/pii/S2772586324000674,sciencedirect.com,Experimental determination of factors causing crashes ...,2026-05-09 18:35:10,ScienceDirecttopic page,ScienceDirect,sciencedirect.com,unreliable,Generally unreliable,"ScienceDirectis an online bibliographical database run by Elsevier. In addition to academic publications, the website maintains machine-generated ""topic pages"" consisting of quotations from publications in the database. These topic pages change over time, presenting a challenge toverifiability. Citations should be made to the actual, underlying publications quoted by the topic page.",domain sciencedirect.com matches unreliable domain from file raw_wikipedia_perennial_sources.csv
autonomous_vehicles,neutral,autonomous trucking impact,1,4,https://www.sciencedirect.com/science/article/pii/S2192437624000165,sciencedirect.com,Quantifying the potential impact of self-driving trucks,2026-05-09 18:35:36,ScienceDirecttopic page,ScienceDirect,sciencedirect.com,unreliable,Generally unreliable,"ScienceDirectis an online bibliographical database run by Elsevier. In addition to academic publications, the website maintains machine-generated ""topic pages"" consisting of quotations from publications in the database. These topic pages change over time, presenting a challenge toverifiability. Citations should be made to the actual, underlying publications quoted by the topic page.",domain sciencedirect.com matches unreliable domain from file raw_wikipedia_perennial_sources.csv
autonomous_vehicles,neutral,autonomous trucking impact,1,6,https://www.linkedin.com/pulse/fact-versus-myth-why-we-all-benefit-from-autonomous-trucking-nliuf,linkedin.com,Fact versus Myth: Why we all benefit from Autonomous ...,2026-05-09 18:35:38,LinkedIn(LinkedIn Pulse),LinkedIn,linkedin.com,unreliable,Generally unreliable,"LinkedIn is a social network. As aself-published source, it is considered generally unreliable and should be avoided unless the post is used for anuncontroversial self-description. Articles onLinkedIn Pulsewritten by LinkedIn users are also self-published. LinkedIn accounts should only be cited if they areverified accountsor if the user's identity is confirmed in some way. Posts that are not covered by reliable sources are likely to constituteundue weight. LinkedIn should never be used forthird-party claimsrelated toliving persons.",domain linkedin.com matches unreliable domain from file raw_wikipedia_perennial_sources.csv
autonomous_vehicles,neutral,autonomous trucking impact,3,4,https://www.reddit.com/r/SelfDrivingCars/comments/2xwqhh/effects_of_selfdriving_trucks_on_trucking_industry/,reddit.com,Effects of self-driving trucks on trucking industry?,2026-05-09 18:36:07,Reddit,Reddit,reddit.com;redditinc.com,unreliable,Generally unreliable,"Reddit is asocial newsand discussion website. Reddit contains mostlyuser-generated content, and is considered bothself-publishedand generally unreliable. Interview responses written byverifiedinterviewees on ther/IAmAsubreddit areprimary sources, and editors disagree on their reliability. The policy on the use ofsources about themselvesapplies.",domain reddit.com matches unreliable domain from file raw_wikipedia_perennial_sources.csv
autonomous_vehicles,slanted,self driving truck dangers,2,2,https://www.reddit.com/r/SelfDrivingCars/comments/2xwqhh/effects_of_selfdriving_trucks_on_trucking_industry/,reddit.com,Effects of self-driving trucks on trucking industry?,2026-05-09 18:36:43,Reddit,Reddit,reddit.com;redditinc.com,unreliable,Generally unreliable,"Reddit is asocial newsand discussion website. Reddit contains mostlyuser-generated content, and is considered bothself-publishedand generally unreliable. Interview responses written byverifiedinterviewees on ther/IAmAsubreddit areprimary sources, and editors disagree on their reliability. The policy on the use ofsources about themselvesapplies.",domain reddit.com matches unreliable domain from file raw_wikipedia_perennial_sources.csv
autonomous_vehicles,slanted,self driving truck dangers,3,4,https://www.quora.com/Will-autonomous-trucks-cause-or-prevent-crashes-in-work-zones,quora.com,Will autonomous trucks cause or prevent crashes in work ...,2026-05-09 18:36:58,Quora,Quora,quora.com,unreliable,Generally unreliable,"Quora is aQ&A site. As an Internet forum, it is aself-published sourcethat incorporatesuser-generated content, and is considered generally unreliable. Posts fromverified accountson Quora can be used asprimary sourcesforstatements about themselves. Posts from verified accounts of established experts may also be used to substantiate statements in their field of expertise, in accordance with thepolicy on self-published sources.",domain quora.com matches unreliable domain from file raw_wikipedia_perennial_sources.csv
autonomous_vehicles,slanted,self driving truck dangers,3,6,https://www.facebook.com/groups/truckerfeed/posts/2601605719936702/,facebook.com,Autonomous truck judgment and safety concerns,2026-05-09 18:36:59,Facebook(Meta),Facebook,facebook.com,unreliable,Generally unreliable,"Facebook is considered generally unreliable because it is aself-published sourcewith no editorial oversight. In the 2020 RfC, there was consensus to add anedit filterto warn users who attempt to cite Facebook as a source, and no consensus on whether Facebook citations should be automatically reverted withXLinkBot.",domain facebook.com matches unreliable domain from file raw_wikipedia_perennial_sources.csv
autonomous_vehicles,slanted,self driving truck dangers,3,8,https://www.foxnews.com/tech/can-autonomous-trucks-really-make-highways-safer,foxnews.com,Can autonomous trucks really make highways safer?,2026-05-09 18:37:00,Fox News[aa](news excluding politics and science),Fox_News,foxnews.com,unreliable,No consensus,"Historically, there has been consensus that Fox News is generally reliable for news coverage on topics other than politics and science. However, many editors expressed concerns about the reliability of Fox News for any topic in a 2023 RFC. No formal consensus was reached on the matter, though.See also:Fox News (politics and science),Fox News (talk shows).",domain foxnews.com matches unreliable domain from file raw_wikipedia_perennial_sources.csv
autonomous_vehicles,neutral,ai driving research,2,8,https://www.linkedin.com/pulse/digital-ai-researchers-self-driving-labs-future-alex-liu-ph-d--igmwc,linkedin.com,Digital AI Researchers and Self-Driving Labs,2026-05-09 18:37:41,LinkedIn(LinkedIn Pulse),LinkedIn,linkedin.com,unreliable,Generally unreliable,"LinkedIn is a social network. As aself-published source, it is considered generally unreliable and should be avoided unless the post is used for anuncontroversial self-description. Articles onLinkedIn Pulsewritten by LinkedIn users are also self-published. LinkedIn accounts should only be cited if they areverified accountsor if the user's identity is confirmed in some way. Posts that are not covered by reliable sources are likely to constituteundue weight. LinkedIn should never be used forthird-party claimsrelated toliving persons.",domain linkedin.com matches unreliable domain from file raw_wikipedia_perennial_sources.csv
autonomous_vehicles,neutral,ai driving research,3,3,https://www.reddit.com/r/SelfDrivingCars/comments/1eylitr/ai_and_selfdriving_cars_were_once_practically/,reddit.com,AI and self-driving cars were once practically synonymous. ...,2026-05-09 18:37:53,Reddit,Reddit,reddit.com;redditinc.com,unreliable,Generally unreliable,"Reddit is asocial newsand discussion website. Reddit contains mostlyuser-generated content, and is considered bothself-publishedand generally unreliable. Interview responses written byverifiedinterviewees on ther/IAmAsubreddit areprimary sources, and editors disagree on their reliability. The policy on the use ofsources about themselvesapplies.",domain reddit.com matches unreliable domain from file raw_wikipedia_perennial_sources.csv
autonomous_vehicles,neutral,ai driving research,3,8,https://www.sciencedirect.com/science/article/pii/S1471772724000022,sciencedirect.com,Learning from uncertainty in autonomous driving systems,2026-05-09 18:37:55,ScienceDirecttopic page,ScienceDirect,sciencedirect.com,unreliable,Generally unreliable,"ScienceDirectis an online bibliographical database run by Elsevier. In addition to academic publications, the website maintains machine-generated ""topic pages"" consisting of quotations from publications in the database. These topic pages change over time, presenting a challenge toverifiability. Citations should be made to the actual, underlying publications quoted by the topic page.",domain sciencedirect.com matches unreliable domain from file raw_wikipedia_perennial_sources.csv
autonomous_vehicles,slanted,driverless car hacking risks,1,9,https://www.sciencedirect.com/science/article/pii/S0967070X24001197,sciencedirect.com,The impact of perceived cyber-risks on automated vehicle ...,2026-05-09 18:38:21,ScienceDirecttopic page,ScienceDirect,sciencedirect.com,unreliable,Generally unreliable,"ScienceDirectis an online bibliographical database run by Elsevier. In addition to academic publications, the website maintains machine-generated ""topic pages"" consisting of quotations from publications in the database. These topic pages change over time, presenting a challenge toverifiability. Citations should be made to the actual, underlying publications quoted by the topic page.",domain sciencedirect.com matches unreliable domain from file raw_wikipedia_perennial_sources.csv
autonomous_vehicles,slanted,driverless car hacking risks,2,3,https://www.reddit.com/r/SelfDrivingCars/comments/9oohpt/cyber_security_concerns_with_selfdriving_cars/,reddit.com,Cyber Security concerns with Self-Driving Cars?,2026-05-09 18:38:40,Reddit,Reddit,reddit.com;redditinc.com,unreliable,Generally unreliable,"Reddit is asocial newsand discussion website. Reddit contains mostlyuser-generated content, and is considered bothself-publishedand generally unreliable. Interview responses written byverifiedinterviewees on ther/IAmAsubreddit areprimary sources, and editors disagree on their reliability. The policy on the use ofsources about themselvesapplies.",domain reddit.com matches unreliable domain from file raw_wikipedia_perennial_sources.csv
autonomous_vehicles,slanted,driverless car hacking risks,3,7,https://www.facebook.com/TheNationalNews/posts/experts-seek-to-blunt-the-effects-of-hacked-self-driving-vehicles/1212713714218384/,facebook.com,Experts seek to blunt the effects of hacked self-driving ...,2026-05-09 18:38:55,Facebook(Meta),Facebook,facebook.com,unreliable,Generally unreliable,"Facebook is considered generally unreliable because it is aself-published sourcewith no editorial oversight. In the 2020 RfC, there was consensus to add anedit filterto warn users who attempt to cite Facebook as a source, and no consensus on whether Facebook citations should be automatically reverted withXLinkBot.",domain facebook.com matches unreliable domain from file raw_wikipedia_perennial_sources.csv
cryptocurrency,neutral,bitcoin blockchain security,2,2,https://www.reddit.com/r/Buttcoin/comments/1mxfiam/realistically_how_advanced_is_blockchain_can_it/,reddit.com,"Realistically, how advanced is blockchain? Can it never ...",2026-05-09 18:39:40,Reddit,Reddit,reddit.com;redditinc.com,unreliable,Generally unreliable,"Reddit is asocial newsand discussion website. Reddit contains mostlyuser-generated content, and is considered bothself-publishedand generally unreliable. Interview responses written byverifiedinterviewees on ther/IAmAsubreddit areprimary sources, and editors disagree on their reliability. The policy on the use ofsources about themselvesapplies.",domain reddit.com matches unreliable domain from file raw_wikipedia_perennial_sources.csv
cryptocurrency,slanted,cryptocurrency environmental damage,1,4,https://www.sciencedirect.com/science/article/pii/S2666188825003570,sciencedirect.com,Analyzing CO2 emissions in the 9 leading mining countries,2026-05-09 18:40:21,ScienceDirecttopic page,ScienceDirect,sciencedirect.com,unreliable,Generally unreliable,"ScienceDirectis an online bibliographical database run by Elsevier. In addition to academic publications, the website maintains machine-generated ""topic pages"" consisting of quotations from publications in the database. These topic pages change over time, presenting a challenge toverifiability. Citations should be made to the actual, underlying publications quoted by the topic page.",domain sciencedirect.com matches unreliable domain from file raw_wikipedia_perennial_sources.csv
cryptocurrency,slanted,cryptocurrency environmental damage,2,3,https://www.reddit.com/r/BlockchainStartups/comments/1n826ez/are_blockchain_and_crypto_bad_for_the_environment/,reddit.com,Are blockchain and crypto bad for the environment ...,2026-05-09 18:42:16,Reddit,Reddit,reddit.com;redditinc.com,unreliable,Generally unreliable,"Reddit is asocial newsand discussion website. Reddit contains mostlyuser-generated content, and is considered bothself-publishedand generally unreliable. Interview responses written byverifiedinterviewees on ther/IAmAsubreddit areprimary sources, and editors disagree on their reliability. The policy on the use ofsources about themselvesapplies.",domain reddit.com matches unreliable domain from file raw_wikipedia_perennial_sources.csv
cryptocurrency,slanted,cryptocurrency environmental damage,3,6,https://www.sciencedirect.com/science/article/pii/S2590174525005458,sciencedirect.com,"Energy, economic and environmental impacts of ...",2026-05-09 18:42:26,ScienceDirecttopic page,ScienceDirect,sciencedirect.com,unreliable,Generally unreliable,"ScienceDirectis an online bibliographical database run by Elsevier. In addition to academic publications, the website maintains machine-generated ""topic pages"" consisting of quotations from publications in the database. These topic pages change over time, presenting a challenge toverifiability. Citations should be made to the actual, underlying publications quoted by the topic page.",domain sciencedirect.com matches unreliable domain from file raw_wikipedia_perennial_sources.csv
cryptocurrency,neutral,crypto mining energy use,2,3,https://www.sciencedirect.com/science/article/pii/S2590174525005458,sciencedirect.com,"Energy, economic and environmental impacts of ...",2026-05-09 18:43:06,ScienceDirecttopic page,ScienceDirect,sciencedirect.com,unreliable,Generally unreliable,"ScienceDirectis an online bibliographical database run by Elsevier. In addition to academic publications, the website maintains machine-generated ""topic pages"" consisting of quotations from publications in the database. These topic pages change over time, presenting a challenge toverifiability. Citations should be made to the actual, underlying publications quoted by the topic page.",domain sciencedirect.com matches unreliable domain from file raw_wikipedia_perennial_sources.csv
cryptocurrency,neutral,crypto mining energy use,2,4,https://www.reddit.com/r/Bitcoin/comments/1ml6jj6/cambridge_study_says_524_of_all_energy_used_in/,reddit.com,Cambridge study says 52.4% of all energy used in BTC ...,2026-05-09 18:43:06,Reddit,Reddit,reddit.com;redditinc.com,unreliable,Generally unreliable,"Reddit is asocial newsand discussion website. Reddit contains mostlyuser-generated content, and is considered bothself-publishedand generally unreliable. Interview responses written byverifiedinterviewees on ther/IAmAsubreddit areprimary sources, and editors disagree on their reliability. The policy on the use ofsources about themselvesapplies.",domain reddit.com matches unreliable domain from file raw_wikipedia_perennial_sources.csv
cryptocurrency,neutral,crypto mining energy use,3,5,https://www.sciencedirect.com/science/article/abs/pii/S2214629620302966,sciencedirect.com,Bitcoin's energy consumption is underestimated: A market ...,2026-05-09 18:43:16,ScienceDirecttopic page,ScienceDirect,sciencedirect.com,unreliable,Generally unreliable,"ScienceDirectis an online bibliographical database run by Elsevier. In addition to academic publications, the website maintains machine-generated ""topic pages"" consisting of quotations from publications in the database. These topic pages change over time, presenting a challenge toverifiability. Citations should be made to the actual, underlying publications quoted by the topic page.",domain sciencedirect.com matches unreliable domain from file raw_wikipedia_perennial_sources.csv
cryptocurrency,slanted,bitcoin carbon footprint,1,3,https://www.sciencedirect.com/science/article/pii/S2772737823000147,sciencedirect.com,Assessment of Bitcoin carbon footprint,2026-05-09 18:43:29,ScienceDirecttopic page,ScienceDirect,sciencedirect.com,unreliable,Generally unreliable,"ScienceDirectis an online bibliographical database run by Elsevier. In addition to academic publications, the website maintains machine-generated ""topic pages"" consisting of quotations from publications in the database. These topic pages change over time, presenting a challenge toverifiability. Citations should be made to the actual, underlying publications quoted by the topic page.",domain sciencedirect.com matches unreliable domain from file raw_wikipedia_perennial_sources.csv
cryptocurrency,slanted,bitcoin carbon footprint,2,3,https://www.reddit.com/r/Bitcoin/comments/1qehrck/bitcoins_climate_impact/,reddit.com,Bitcoin's climate impact,2026-05-09 18:43:49,Reddit,Reddit,reddit.com;redditinc.com,unreliable,Generally unreliable,"Reddit is asocial newsand discussion website. Reddit contains mostlyuser-generated content, and is considered bothself-publishedand generally unreliable. Interview responses written byverifiedinterviewees on ther/IAmAsubreddit areprimary sources, and editors disagree on their reliability. The policy on the use ofsources about themselvesapplies.",domain reddit.com matches unreliable domain from file raw_wikipedia_perennial_sources.csv
cryptocurrency,slanted,bitcoin carbon footprint,3,2,https://www.sciencedirect.com/science/article/pii/S221282712300094X,sciencedirect.com,Carbon Footprint Comparison of Bitcoin and Conventional ...,2026-05-09 18:43:57,ScienceDirecttopic page,ScienceDirect,sciencedirect.com,unreliable,Generally unreliable,"ScienceDirectis an online bibliographical database run by Elsevier. In addition to academic publications, the website maintains machine-generated ""topic pages"" consisting of quotations from publications in the database. These topic pages change over time, presenting a challenge toverifiability. Citations should be made to the actual, underlying publications quoted by the topic page.",domain sciencedirect.com matches unreliable domain from file raw_wikipedia_perennial_sources.csv
cryptocurrency,slanted,bitcoin carbon footprint,3,7,https://www.reddit.com/r/Bitcoin/comments/1aizsnt/how_do_you_reconcile_the_benefits_of_bitcoin_with/,reddit.com,How do you reconcile the benefits of Bitcoin with the large ...,2026-05-09 18:43:58,Reddit,Reddit,reddit.com;redditinc.com,unreliable,Generally unreliable,"Reddit is asocial newsand discussion website. Reddit contains mostlyuser-generated content, and is considered bothself-publishedand generally unreliable. Interview responses written byverifiedinterviewees on ther/IAmAsubreddit areprimary sources, and editors disagree on their reliability. The policy on the use ofsources about themselvesapplies.",domain reddit.com matches unreliable domain from file raw_wikipedia_perennial_sources.csv
cryptocurrency,neutral,cryptocurrency financial inclusion,1,3,https://www.sciencedirect.com/science/article/pii/S1059056026003461,sciencedirect.com,Financial inclusion status and cryptocurrency usage in the ...,2026-05-09 18:44:17,ScienceDirecttopic page,ScienceDirect,sciencedirect.com,unreliable,Generally unreliable,"ScienceDirectis an online bibliographical database run by Elsevier. In addition to academic publications, the website maintains machine-generated ""topic pages"" consisting of quotations from publications in the database. These topic pages change over time, presenting a challenge toverifiability. Citations should be made to the actual, underlying publications quoted by the topic page.",domain sciencedirect.com matches unreliable domain from file raw_wikipedia_perennial_sources.csv
cryptocurrency,neutral,cryptocurrency financial inclusion,2,9,https://www.linkedin.com/pulse/how-crypto-advancing-financial-inclusion-worldwide-2themoon-global-lku0f,linkedin.com,How Crypto is Advancing Financial Inclusion Worldwide,2026-05-09 18:44:38,LinkedIn(LinkedIn Pulse),LinkedIn,linkedin.com,unreliable,Generally unreliable,"LinkedIn is a social network. As aself-published source, it is considered generally unreliable and should be avoided unless the post is used for anuncontroversial self-description. Articles onLinkedIn Pulsewritten by LinkedIn users are also self-published. LinkedIn accounts should only be cited if they areverified accountsor if the user's identity is confirmed in some way. Posts that are not covered by reliable sources are likely to constituteundue weight. LinkedIn should never be used forthird-party claimsrelated toliving persons.",domain linkedin.com matches unreliable domain from file raw_wikipedia_perennial_sources.csv
cryptocurrency,neutral,cryptocurrency financial inclusion,3,4,https://www.quora.com/What-are-the-most-realistic-ways-for-cryptocurrency-and-blockchain-technology-to-drive-financial-inclusion-globally-over-the-next-decade,quora.com,What are the most realistic ways for cryptocurrency ...,2026-05-09 18:44:45,Quora,Quora,quora.com,unreliable,Generally unreliable,"Quora is aQ&A site. As an Internet forum, it is aself-published sourcethat incorporatesuser-generated content, and is considered generally unreliable. Posts fromverified accountson Quora can be used asprimary sourcesforstatements about themselves. Posts from verified accounts of established experts may also be used to substantiate statements in their field of expertise, in accordance with thepolicy on self-published sources.",domain quora.com matches unreliable domain from file raw_wikipedia_perennial_sources.csv
cryptocurrency,slanted,crypto scam risks,3,2,https://www.youtube.com/watch?v=cC-jh1PJeHw,youtube.com,"Crypto Scams to Avoid in 2025: Phishing, Hacks & AI Threats ...",2026-05-09 18:45:25,YouTube,YouTube,youtube.com,unreliable,Generally unreliable,"Most videos on YouTube are anonymous,self-published, and unverifiable, and should not be used as a reference. Content uploaded from a verified official account, such as that of a news organization, may be treated as originating from the uploader and therefore inheriting their level of reliability. However, many YouTube videos from unofficial accounts are copyright violations and should not be linked from Wikipedia, according toWP:COPYLINK. See alsoWP:YOUTUBEandWP:VIDEOLINK. For illustrative, non-referential use, seec:Commons:YouTube filesandWikipedia:Image use policy.",domain youtube.com matches unreliable domain from file raw_wikipedia_perennial_sources.csv
cryptocurrency,slanted,crypto scam risks,3,9,https://www.quora.com/What-are-the-risks-of-cryptocurrency-scams-How-can-we-avoid-them,quora.com,What are the risks of cryptocurrency scams? How can we ...,2026-05-09 18:45:28,Quora,Quora,quora.com,unreliable,Generally unreliable,"Quora is aQ&A site. As an Internet forum, it is aself-published sourcethat incorporatesuser-generated content, and is considered generally unreliable. Posts fromverified accountson Quora can be used asprimary sourcesforstatements about themselves. Posts from verified accounts of established experts may also be used to substantiate statements in their field of expertise, in accordance with thepolicy on self-published sources.",domain quora.com matches unreliable domain from file raw_wikipedia_perennial_sources.csv
blockchain,neutral,blockchain supply chain ,1,3,https://www.sciencedirect.com/science/article/pii/S2772503025000192,sciencedirect.com,Blockchain technology in supply chain management,2026-05-09 18:45:51,ScienceDirecttopic page,ScienceDirect,sciencedirect.com,unreliable,Generally unreliable,"ScienceDirectis an online bibliographical database run by Elsevier. In addition to academic publications, the website maintains machine-generated ""topic pages"" consisting of quotations from publications in the database. These topic pages change over time, presenting a challenge toverifiability. Citations should be made to the actual, underlying publications quoted by the topic page.",domain sciencedirect.com matches unreliable domain from file raw_wikipedia_perennial_sources.csv
blockchain,neutral,blockchain supply chain ,2,9,https://www.reddit.com/r/CryptoTechnology/comments/gnds98/how_does_blockchain_help_supply_chains/,reddit.com,How does blockchain help supply chains?,2026-05-09 18:46:10,Reddit,Reddit,reddit.com;redditinc.com,unreliable,Generally unreliable,"Reddit is asocial newsand discussion website. Reddit contains mostlyuser-generated content, and is considered bothself-publishedand generally unreliable. Interview responses written byverifiedinterviewees on ther/IAmAsubreddit areprimary sources, and editors disagree on their reliability. The policy on the use ofsources about themselvesapplies.",domain reddit.com matches unreliable domain from file raw_wikipedia_perennial_sources.csv
blockchain,neutral,blockchain supply chain ,3,9,https://www.sciencedirect.com/science/article/pii/S1478409224000761,sciencedirect.com,The role of blockchain technology in supply chain ...,2026-05-09 18:46:19,ScienceDirecttopic page,ScienceDirect,sciencedirect.com,unreliable,Generally unreliable,"ScienceDirectis an online bibliographical database run by Elsevier. In addition to academic publications, the website maintains machine-generated ""topic pages"" consisting of quotations from publications in the database. These topic pages change over time, presenting a challenge toverifiability. Citations should be made to the actual, underlying publications quoted by the topic page.",domain sciencedirect.com matches unreliable domain from file raw_wikipedia_perennial_sources.csv
blockchain,neutral,blockchain supply chain ,3,10,https://www.quora.com/What-is-the-difference-between-a-supply-chain-and-a-blockchain,quora.com,What is the difference between a supply chain ...,2026-05-09 18:46:19,Quora,Quora,quora.com,unreliable,Generally unreliable,"Quora is aQ&A site. As an Internet forum, it is aself-published sourcethat incorporatesuser-generated content, and is considered generally unreliable. Posts fromverified accountson Quora can be used asprimary sourcesforstatements about themselves. Posts from verified accounts of established experts may also be used to substantiate statements in their field of expertise, in accordance with thepolicy on self-published sources.",domain quora.com matches unreliable domain from file raw_wikipedia_perennial_sources.csv
blockchain,slanted,blockchain energy consumption,1,3,https://www.sciencedirect.com/science/article/pii/S0960148124020044,sciencedirect.com,Optimizing energy consumption for blockchain adoption ...,2026-05-09 18:46:32,ScienceDirecttopic page,ScienceDirect,sciencedirect.com,unreliable,Generally unreliable,"ScienceDirectis an online bibliographical database run by Elsevier. In addition to academic publications, the website maintains machine-generated ""topic pages"" consisting of quotations from publications in the database. These topic pages change over time, presenting a challenge toverifiability. Citations should be made to the actual, underlying publications quoted by the topic page.",domain sciencedirect.com matches unreliable domain from file raw_wikipedia_perennial_sources.csv
blockchain,slanted,blockchain energy consumption,2,7,https://www.reddit.com/r/CryptoTechnology/comments/1hlg5bh/is_the_blockchain_energy_debate_overhyped_or/,reddit.com,Is the blockchain energy debate overhyped? Or necessary?,2026-05-09 18:47:03,Reddit,Reddit,reddit.com;redditinc.com,unreliable,Generally unreliable,"Reddit is asocial newsand discussion website. Reddit contains mostlyuser-generated content, and is considered bothself-publishedand generally unreliable. Interview responses written byverifiedinterviewees on ther/IAmAsubreddit areprimary sources, and editors disagree on their reliability. The policy on the use ofsources about themselvesapplies.",domain reddit.com matches unreliable domain from file raw_wikipedia_perennial_sources.csv
blockchain,neutral,smart contracts security,2,4,https://medium.com/@rishabhparmartpoint/smart-contract-security-what-every-blockchain-developer-should-know-dfd41947aee3,medium.com,Smart Contract Security: What Every Blockchain Developer ...,2026-05-09 18:47:53,Medium,Medium_(website),medium.com,unreliable,Generally unreliable,"Medium is abloghosting service. As aself-published source, it is considered generally unreliable and should be avoided unless the author is asubject-matter expertor the blog is used foruncontroversial self-descriptions. Medium should never be used forthird-party claimsaboutliving persons. A 2022 RfC also found thatCuepoint, Medium's music publication, is marginally reliable, with editors stating that its reliability depends on the qualification of the author.",domain medium.com matches unreliable domain from file raw_wikipedia_perennial_sources.csv
blockchain,neutral,smart contracts security,2,5,https://www.reddit.com/r/ethdev/comments/1juxxvz/is_pursuing_solidity_and_smart_contract_security/,reddit.com,Is pursuing Solidity and smart contract security still a good ...,2026-05-09 18:47:54,Reddit,Reddit,reddit.com;redditinc.com,unreliable,Generally unreliable,"Reddit is asocial newsand discussion website. Reddit contains mostlyuser-generated content, and is considered bothself-publishedand generally unreliable. Interview responses written byverifiedinterviewees on ther/IAmAsubreddit areprimary sources, and editors disagree on their reliability. The policy on the use ofsources about themselvesapplies.",domain reddit.com matches unreliable domain from file raw_wikipedia_perennial_sources.csv
blockchain,slanted,blockchain vulnerabilities,1,3,https://www.sciencedirect.com/science/article/abs/pii/S138912862500252X,sciencedirect.com,Blockchain security threats: A comprehensive classification ...,2026-05-09 18:48:17,ScienceDirecttopic page,ScienceDirect,sciencedirect.com,unreliable,Generally unreliable,"ScienceDirectis an online bibliographical database run by Elsevier. In addition to academic publications, the website maintains machine-generated ""topic pages"" consisting of quotations from publications in the database. These topic pages change over time, presenting a challenge toverifiability. Citations should be made to the actual, underlying publications quoted by the topic page.",domain sciencedirect.com matches unreliable domain from file raw_wikipedia_perennial_sources.csv
blockchain,slanted,blockchain vulnerabilities,3,4,https://www.reddit.com/r/cybersecurity/comments/1jdgx7w/if_cryptocurrency_is_built_on_secure_blockchain/,reddit.com,If cryptocurrency is built on secure blockchain technology ...,2026-05-09 18:48:46,Reddit,Reddit,reddit.com;redditinc.com,unreliable,Generally unreliable,"Reddit is asocial newsand discussion website. Reddit contains mostlyuser-generated content, and is considered bothself-publishedand generally unreliable. Interview responses written byverifiedinterviewees on ther/IAmAsubreddit areprimary sources, and editors disagree on their reliability. The policy on the use ofsources about themselvesapplies.",domain reddit.com matches unreliable domain from file raw_wikipedia_perennial_sources.csv
blockchain,slanted,blockchain vulnerabilities,3,10,https://www.linkedin.com/pulse/securing-web3-common-blockchain-vulnerabilities-how-avoid-white,linkedin.com,Securing Web3: Common Blockchain Vulnerabilities and ...,2026-05-09 18:48:47,LinkedIn(LinkedIn Pulse),LinkedIn,linkedin.com,unreliable,Generally unreliable,"LinkedIn is a social network. As aself-published source, it is considered generally unreliable and should be avoided unless the post is used for anuncontroversial self-description. Articles onLinkedIn Pulsewritten by LinkedIn users are also self-published. LinkedIn accounts should only be cited if they areverified accountsor if the user's identity is confirmed in some way. Posts that are not covered by reliable sources are likely to constituteundue weight. LinkedIn should never be used forthird-party claimsrelated toliving persons.",domain linkedin.com matches unreliable domain from file raw_wikipedia_perennial_sources.csv
blockchain,neutral,decentralized finance research,1,2,https://www.sciencedirect.com/science/article/pii/S2666188825007713,sciencedirect.com,Decentralized finance evolution: A comprehensive ...,2026-05-09 18:49:05,ScienceDirecttopic page,ScienceDirect,sciencedirect.com,unreliable,Generally unreliable,"ScienceDirectis an online bibliographical database run by Elsevier. In addition to academic publications, the website maintains machine-generated ""topic pages"" consisting of quotations from publications in the database. These topic pages change over time, presenting a challenge toverifiability. Citations should be made to the actual, underlying publications quoted by the topic page.",domain sciencedirect.com matches unreliable domain from file raw_wikipedia_perennial_sources.csv
blockchain,neutral,decentralized finance research,2,9,https://www.reddit.com/r/defi/comments/1qvflsa/defi_research_for_university/,reddit.com,Defi research for university,2026-05-09 18:49:18,Reddit,Reddit,reddit.com;redditinc.com,unreliable,Generally unreliable,"Reddit is asocial newsand discussion website. Reddit contains mostlyuser-generated content, and is considered bothself-publishedand generally unreliable. Interview responses written byverifiedinterviewees on ther/IAmAsubreddit areprimary sources, and editors disagree on their reliability. The policy on the use ofsources about themselvesapplies.",domain reddit.com matches unreliable domain from file raw_wikipedia_perennial_sources.csv
blockchain,neutral,decentralized finance research,3,9,https://www.sciencedirect.com/science/article/pii/S0929119925001841,sciencedirect.com,What data have told us about decentralized finance,2026-05-09 18:49:28,ScienceDirecttopic page,ScienceDirect,sciencedirect.com,unreliable,Generally unreliable,"ScienceDirectis an online bibliographical database run by Elsevier. In addition to academic publications, the website maintains machine-generated ""topic pages"" consisting of quotations from publications in the database. These topic pages change over time, presenting a challenge toverifiability. Citations should be made to the actual, underlying publications quoted by the topic page.",domain sciencedirect.com matches unreliable domain from file raw_wikipedia_perennial_sources.csv
blockchain,slanted,defi hacking risks,1,6,https://www.reddit.com/r/defi/comments/11r69c3/what_are_the_risks_associated_with_using_defi_and/,reddit.com,"What are the risks associated with using DeFi, and how ...",2026-05-09 18:49:45,Reddit,Reddit,reddit.com;redditinc.com,unreliable,Generally unreliable,"Reddit is asocial newsand discussion website. Reddit contains mostlyuser-generated content, and is considered bothself-publishedand generally unreliable. Interview responses written byverifiedinterviewees on ther/IAmAsubreddit areprimary sources, and editors disagree on their reliability. The policy on the use ofsources about themselvesapplies.",domain reddit.com matches unreliable domain from file raw_wikipedia_perennial_sources.csv
blockchain,slanted,defi hacking risks,2,4,https://medium.com/@RocketMeUpCybersecurity/exploring-blockchain-attacks-in-web3-and-defi-how-hackers-are-exploiting-decentralized-finance-559159d58957,medium.com,How Hackers Are Exploiting Decentralized Finance…,2026-05-09 18:50:02,Medium,Medium_(website),medium.com,unreliable,Generally unreliable,"Medium is abloghosting service. As aself-published source, it is considered generally unreliable and should be avoided unless the author is asubject-matter expertor the blog is used foruncontroversial self-descriptions. Medium should never be used forthird-party claimsaboutliving persons. A 2022 RfC also found thatCuepoint, Medium's music publication, is marginally reliable, with editors stating that its reliability depends on the qualification of the author.",domain medium.com matches unreliable domain from file raw_wikipedia_perennial_sources.csv
blockchain,slanted,defi hacking risks,3,6,https://www.coindesk.com/business/2026/04/29/defi-shaken-by-usd292-million-hack-but-showing-resilience-standard-chartered-says,coindesk.com,DeFi absorbs $292 million shock as AAVE-led rescue ...,2026-05-09 18:50:12,CoinDesk,CoinDesk,coindesk.com,unreliable,Generally unreliable,"There is consensus that CoinDesk should not be used to establishnotabilityfor article topics, and that it should be avoided in favor of more mainstream sources. Check CoinDesk articles forconflict of interestdisclosures, and verify whether their parent company at the time (previouslyDigital Currency Group, now Bullion) has an ownership stake in a company covered by CoinDesk.[10]",domain coindesk.com matches unreliable domain from file raw_wikipedia_perennial_sources.csv
social_media,neutral,instagram mental health research,1,3,https://www.sciencedirect.com/science/article/pii/S2451958821000695,sciencedirect.com,The relationship between Instagram use and indicators of ...,2026-05-09 18:50:31,ScienceDirecttopic page,ScienceDirect,sciencedirect.com,unreliable,Generally unreliable,"ScienceDirectis an online bibliographical database run by Elsevier. In addition to academic publications, the website maintains machine-generated ""topic pages"" consisting of quotations from publications in the database. These topic pages change over time, presenting a challenge toverifiability. Citations should be made to the actual, underlying publications quoted by the topic page.",domain sciencedirect.com matches unreliable domain from file raw_wikipedia_perennial_sources.csv
social_media,neutral,instagram mental health research,1,7,https://www.instagram.com/p/DYCtB2GCgGy/,instagram.com,"In the digital era, social media has become a primary ...",2026-05-09 18:50:34,"Instagram(IG, Insta, The Gram)",Instagram,instagram.com,unreliable,Generally unreliable,"As asocial networking service, Instagram is covered by the following policies and guidelines:WP:SOCIALMEDIA,WP:RSSELF,WP:SPSandWP:UGC.",domain instagram.com matches unreliable domain from file raw_wikipedia_perennial_sources.csv
social_media,neutral,instagram mental health research,2,6,https://www.linkedin.com/pulse/impact-instagram-mental-health-comprehensive-analysis-bharath-varma-ok6hc,linkedin.com,The Impact of Instagram on Mental Health,2026-05-09 18:50:48,LinkedIn(LinkedIn Pulse),LinkedIn,linkedin.com,unreliable,Generally unreliable,"LinkedIn is a social network. As aself-published source, it is considered generally unreliable and should be avoided unless the post is used for anuncontroversial self-description. Articles onLinkedIn Pulsewritten by LinkedIn users are also self-published. LinkedIn accounts should only be cited if they areverified accountsor if the user's identity is confirmed in some way. Posts that are not covered by reliable sources are likely to constituteundue weight. LinkedIn should never be used forthird-party claimsrelated toliving persons.",domain linkedin.com matches unreliable domain from file raw_wikipedia_perennial_sources.csv
social_media,neutral,instagram mental health research,2,9,https://www.instagram.com/mentalhealthfoundation/,instagram.com,Mental Health Foundation (@mentalhealthfoundation),2026-05-09 18:50:49,"Instagram(IG, Insta, The Gram)",Instagram,instagram.com,unreliable,Generally unreliable,"As asocial networking service, Instagram is covered by the following policies and guidelines:WP:SOCIALMEDIA,WP:RSSELF,WP:SPSandWP:UGC.",domain instagram.com matches unreliable domain from file raw_wikipedia_perennial_sources.csv
social_media,neutral,instagram mental health research,3,4,https://medium.com/@danilovesgatos/the-mental-battle-instagrams-hidden-impact-on-mental-health-cd66452ab7ca,medium.com,The Mental Battle: Instagram's Hidden Impact on ...,2026-05-09 18:50:57,Medium,Medium_(website),medium.com,unreliable,Generally unreliable,"Medium is abloghosting service. As aself-published source, it is considered generally unreliable and should be avoided unless the author is asubject-matter expertor the blog is used foruncontroversial self-descriptions. Medium should never be used forthird-party claimsaboutliving persons. A 2022 RfC also found thatCuepoint, Medium's music publication, is marginally reliable, with editors stating that its reliability depends on the qualification of the author.",domain medium.com matches unreliable domain from file raw_wikipedia_perennial_sources.csv
social_media,neutral,instagram mental health research,3,9,https://www.reddit.com/r/selfimprovement/comments/v56186/does_anyone_else_find_a_lot_of/,reddit.com,Does anyone else find a lot of psychology/mental-health ...,2026-05-09 18:50:58,Reddit,Reddit,reddit.com;redditinc.com,unreliable,Generally unreliable,"Reddit is asocial newsand discussion website. Reddit contains mostlyuser-generated content, and is considered bothself-publishedand generally unreliable. Interview responses written byverifiedinterviewees on ther/IAmAsubreddit areprimary sources, and editors disagree on their reliability. The policy on the use ofsources about themselvesapplies.",domain reddit.com matches unreliable domain from file raw_wikipedia_perennial_sources.csv
social_media,neutral,instagram mental health research,3,10,https://www.instagram.com/p/DYFPUtaDgDk/,instagram.com,Clinical trial treated comorbid #depression & #anxiety w ...,2026-05-09 18:50:59,"Instagram(IG, Insta, The Gram)",Instagram,instagram.com,unreliable,Generally unreliable,"As asocial networking service, Instagram is covered by the following policies and guidelines:WP:SOCIALMEDIA,WP:RSSELF,WP:SPSandWP:UGC.",domain instagram.com matches unreliable domain from file raw_wikipedia_perennial_sources.csv
social_media,neutral,tiktok algorithm study,2,3,https://www.sciencedirect.com/science/article/pii/S0736585325000620,sciencedirect.com,For you vs. for everyone: The effectiveness of algorithmic ...,2026-05-09 18:52:08,ScienceDirecttopic page,ScienceDirect,sciencedirect.com,unreliable,Generally unreliable,"ScienceDirectis an online bibliographical database run by Elsevier. In addition to academic publications, the website maintains machine-generated ""topic pages"" consisting of quotations from publications in the database. These topic pages change over time, presenting a challenge toverifiability. Citations should be made to the actual, underlying publications quoted by the topic page.",domain sciencedirect.com matches unreliable domain from file raw_wikipedia_perennial_sources.csv
social_media,neutral,tiktok algorithm study,2,5,https://www.reddit.com/r/MachineLearning/comments/111e9hx/r_what_are_some_papers_that_describe_tiktoks/,reddit.com,[R] What are some papers that describe TikTok's algorithm?,2026-05-09 18:52:09,Reddit,Reddit,reddit.com;redditinc.com,unreliable,Generally unreliable,"Reddit is asocial newsand discussion website. Reddit contains mostlyuser-generated content, and is considered bothself-publishedand generally unreliable. Interview responses written byverifiedinterviewees on ther/IAmAsubreddit areprimary sources, and editors disagree on their reliability. The policy on the use ofsources about themselvesapplies.",domain reddit.com matches unreliable domain from file raw_wikipedia_perennial_sources.csv
social_media,slanted,tiktok addiction risks,1,7,https://www.sciencedirect.com/science/article/abs/pii/S0165178123001889,sciencedirect.com,TikTok use and psychosocial factors among adolescents,2026-05-09 18:52:34,ScienceDirecttopic page,ScienceDirect,sciencedirect.com,unreliable,Generally unreliable,"ScienceDirectis an online bibliographical database run by Elsevier. In addition to academic publications, the website maintains machine-generated ""topic pages"" consisting of quotations from publications in the database. These topic pages change over time, presenting a challenge toverifiability. Citations should be made to the actual, underlying publications quoted by the topic page.",domain sciencedirect.com matches unreliable domain from file raw_wikipedia_perennial_sources.csv
social_media,slanted,tiktok addiction risks,2,2,https://www.instagram.com/p/DVvwm8fgGJq/,instagram.com,Should problematic TikTok use be considered an addiction?,2026-05-09 18:52:42,"Instagram(IG, Insta, The Gram)",Instagram,instagram.com,unreliable,Generally unreliable,"As asocial networking service, Instagram is covered by the following policies and guidelines:WP:SOCIALMEDIA,WP:RSSELF,WP:SPSandWP:UGC.",domain instagram.com matches unreliable domain from file raw_wikipedia_perennial_sources.csv
social_media,slanted,tiktok addiction risks,2,4,https://www.reddit.com/r/nosurf/comments/wjixeq/just_realizing_tiktok_is_kind_of_frighteningly/,reddit.com,just realizing tiktok is kind of frighteningly addicting : r/nosurf,2026-05-09 18:52:43,Reddit,Reddit,reddit.com;redditinc.com,unreliable,Generally unreliable,"Reddit is asocial newsand discussion website. Reddit contains mostlyuser-generated content, and is considered bothself-publishedand generally unreliable. Interview responses written byverifiedinterviewees on ther/IAmAsubreddit areprimary sources, and editors disagree on their reliability. The policy on the use ofsources about themselvesapplies.",domain reddit.com matches unreliable domain from file raw_wikipedia_perennial_sources.csv
social_media,slanted,tiktok addiction risks,3,1,https://www.youtube.com/watch?v=piSdp0iqabc,youtube.com,EU investigates TikTok's 'addictive design',2026-05-09 18:52:50,YouTube,YouTube,youtube.com,unreliable,Generally unreliable,"Most videos on YouTube are anonymous,self-published, and unverifiable, and should not be used as a reference. Content uploaded from a verified official account, such as that of a news organization, may be treated as originating from the uploader and therefore inheriting their level of reliability. However, many YouTube videos from unofficial accounts are copyright violations and should not be linked from Wikipedia, according toWP:COPYLINK. See alsoWP:YOUTUBEandWP:VIDEOLINK. For illustrative, non-referential use, seec:Commons:YouTube filesandWikipedia:Image use policy.",domain youtube.com matches unreliable domain from file raw_wikipedia_perennial_sources.csv
social_media,neutral,facebook misinformation research,2,2,https://www.facebook.com/ScienceMagazine/posts/social-media-posts-containing-misinformation-evoke-more-moral-outrage-than-posts/957029976288972/,facebook.com,Social media posts containing misinformation evoke more ...,2026-05-09 18:53:21,Facebook(Meta),Facebook,facebook.com,unreliable,Generally unreliable,"Facebook is considered generally unreliable because it is aself-published sourcewith no editorial oversight. In the 2020 RfC, there was consensus to add anedit filterto warn users who attempt to cite Facebook as a source, and no consensus on whether Facebook citations should be automatically reverted withXLinkBot.",domain facebook.com matches unreliable domain from file raw_wikipedia_perennial_sources.csv
social_media,neutral,facebook misinformation research,3,4,https://www.sciencedirect.com/science/article/pii/S0160791X24002021,sciencedirect.com,Misinformation on social platforms: A review and research ...,2026-05-09 18:53:31,ScienceDirecttopic page,ScienceDirect,sciencedirect.com,unreliable,Generally unreliable,"ScienceDirectis an online bibliographical database run by Elsevier. In addition to academic publications, the website maintains machine-generated ""topic pages"" consisting of quotations from publications in the database. These topic pages change over time, presenting a challenge toverifiability. Citations should be made to the actual, underlying publications quoted by the topic page.",domain sciencedirect.com matches unreliable domain from file raw_wikipedia_perennial_sources.csv
social_media,slanted,facebook polarizing effects,1,4,https://www.sciencedirect.com/science/article/pii/S0047272726000253,sciencedirect.com,Ranking for engagement: How social media algorithms fuel ...,2026-05-09 18:53:50,ScienceDirecttopic page,ScienceDirect,sciencedirect.com,unreliable,Generally unreliable,"ScienceDirectis an online bibliographical database run by Elsevier. In addition to academic publications, the website maintains machine-generated ""topic pages"" consisting of quotations from publications in the database. These topic pages change over time, presenting a challenge toverifiability. Citations should be made to the actual, underlying publications quoted by the topic page.",domain sciencedirect.com matches unreliable domain from file raw_wikipedia_perennial_sources.csv
social_media,slanted,facebook polarizing effects,2,1,https://www.facebook.com/newyorker/posts/many-decry-the-polarizing-effect-of-social-media-but-what-if-its-simply-a-reflec/10159191378263869/,facebook.com,Many decry the polarizing effect of social media. But what if ...,2026-05-09 18:54:05,Facebook(Meta),Facebook,facebook.com,unreliable,Generally unreliable,"Facebook is considered generally unreliable because it is aself-published sourcewith no editorial oversight. In the 2020 RfC, there was consensus to add anedit filterto warn users who attempt to cite Facebook as a source, and no consensus on whether Facebook citations should be automatically reverted withXLinkBot.",domain facebook.com matches unreliable domain from file raw_wikipedia_perennial_sources.csv
social_media,neutral,twitter echo chamber,1,9,https://www.reddit.com/r/AskConservatives/comments/1grr1jw/do_you_agree_twitterx_has_just_became_a_big_echo/,reddit.com,Do you agree Twitter/X has just became a big echo ...,2026-05-09 18:54:42,Reddit,Reddit,reddit.com;redditinc.com,unreliable,Generally unreliable,"Reddit is asocial newsand discussion website. Reddit contains mostlyuser-generated content, and is considered bothself-publishedand generally unreliable. Interview responses written byverifiedinterviewees on ther/IAmAsubreddit areprimary sources, and editors disagree on their reliability. The policy on the use ofsources about themselvesapplies.",domain reddit.com matches unreliable domain from file raw_wikipedia_perennial_sources.csv
online_privacy,neutral,gdpr effectiveness,1,3,https://www.reddit.com/r/gdpr/comments/1maiotj/does_gdpr_deliver_genuine_privacy_or_just/,reddit.com,Does GDPR deliver genuine privacy or just compliance ...,2026-05-09 18:57:19,Reddit,Reddit,reddit.com;redditinc.com,unreliable,Generally unreliable,"Reddit is asocial newsand discussion website. Reddit contains mostlyuser-generated content, and is considered bothself-publishedand generally unreliable. Interview responses written byverifiedinterviewees on ther/IAmAsubreddit areprimary sources, and editors disagree on their reliability. The policy on the use ofsources about themselvesapplies.",domain reddit.com matches unreliable domain from file raw_wikipedia_perennial_sources.csv
online_privacy,neutral,gdpr effectiveness,1,4,https://www.sciencedirect.com/science/article/pii/S2212473X25000021,sciencedirect.com,Mapping the empirical literature of the GDPR's (In-) ...,2026-05-09 18:57:27,ScienceDirecttopic page,ScienceDirect,sciencedirect.com,unreliable,Generally unreliable,"ScienceDirectis an online bibliographical database run by Elsevier. In addition to academic publications, the website maintains machine-generated ""topic pages"" consisting of quotations from publications in the database. These topic pages change over time, presenting a challenge toverifiability. Citations should be made to the actual, underlying publications quoted by the topic page.",domain sciencedirect.com matches unreliable domain from file raw_wikipedia_perennial_sources.csv
online_privacy,neutral,gdpr effectiveness,3,9,https://www.reddit.com/r/gdpr/comments/1o82v78/gdpr_is_not_loved_but_does_it_work/,reddit.com,"GDPR is not loved, but does it work?",2026-05-09 18:57:56,Reddit,Reddit,reddit.com;redditinc.com,unreliable,Generally unreliable,"Reddit is asocial newsand discussion website. Reddit contains mostlyuser-generated content, and is considered bothself-publishedand generally unreliable. Interview responses written byverifiedinterviewees on ther/IAmAsubreddit areprimary sources, and editors disagree on their reliability. The policy on the use ofsources about themselvesapplies.",domain reddit.com matches unreliable domain from file raw_wikipedia_perennial_sources.csv
online_privacy,slanted,data collection privacy risks,2,3,https://www.reddit.com/r/privacy/comments/1i56zwx/what_are_the_real_dangers_of_data_collection/,reddit.com,What are the real dangers of data collection? : r/privacy,2026-05-09 18:58:20,Reddit,Reddit,reddit.com;redditinc.com,unreliable,Generally unreliable,"Reddit is asocial newsand discussion website. Reddit contains mostlyuser-generated content, and is considered bothself-publishedand generally unreliable. Interview responses written byverifiedinterviewees on ther/IAmAsubreddit areprimary sources, and editors disagree on their reliability. The policy on the use ofsources about themselvesapplies.",domain reddit.com matches unreliable domain from file raw_wikipedia_perennial_sources.csv
online_privacy,slanted,data collection privacy risks,2,6,https://www.linkedin.com/top-content/artificial-intelligence/navigating-data-privacy/privacy-risks-in-detailed-vs-broad-data-collection/,linkedin.com,Privacy Risks in Detailed vs. Broad Data Collection,2026-05-09 18:58:21,LinkedIn(LinkedIn Pulse),LinkedIn,linkedin.com,unreliable,Generally unreliable,"LinkedIn is a social network. As aself-published source, it is considered generally unreliable and should be avoided unless the post is used for anuncontroversial self-description. Articles onLinkedIn Pulsewritten by LinkedIn users are also self-published. LinkedIn accounts should only be cited if they areverified accountsor if the user's identity is confirmed in some way. Posts that are not covered by reliable sources are likely to constituteundue weight. LinkedIn should never be used forthird-party claimsrelated toliving persons.",domain linkedin.com matches unreliable domain from file raw_wikipedia_perennial_sources.csv
online_privacy,slanted,data collection privacy risks,3,6,https://www.sciencedirect.com/science/article/pii/S0007681322001288,sciencedirect.com,Data-driven business and data privacy: Challenges ...,2026-05-09 18:58:29,ScienceDirecttopic page,ScienceDirect,sciencedirect.com,unreliable,Generally unreliable,"ScienceDirectis an online bibliographical database run by Elsevier. In addition to academic publications, the website maintains machine-generated ""topic pages"" consisting of quotations from publications in the database. These topic pages change over time, presenting a challenge toverifiability. Citations should be made to the actual, underlying publications quoted by the topic page.",domain sciencedirect.com matches unreliable domain from file raw_wikipedia_perennial_sources.csv
online_privacy,neutral,encryption security research,2,3,https://www.sciencedirect.com/science/article/pii/S187705092501899X,sciencedirect.com,Application Research of Data Encryption Technology in ...,2026-05-09 18:59:03,ScienceDirecttopic page,ScienceDirect,sciencedirect.com,unreliable,Generally unreliable,"ScienceDirectis an online bibliographical database run by Elsevier. In addition to academic publications, the website maintains machine-generated ""topic pages"" consisting of quotations from publications in the database. These topic pages change over time, presenting a challenge toverifiability. Citations should be made to the actual, underlying publications quoted by the topic page.",domain sciencedirect.com matches unreliable domain from file raw_wikipedia_perennial_sources.csv
online_privacy,neutral,encryption security research,3,7,https://www.reddit.com/r/crypto/comments/hjjghj/how_would_i_start_doing_security_research_on/,reddit.com,How would I start doing security research on cryptographic ...,2026-05-09 18:59:13,Reddit,Reddit,reddit.com;redditinc.com,unreliable,Generally unreliable,"Reddit is asocial newsand discussion website. Reddit contains mostlyuser-generated content, and is considered bothself-publishedand generally unreliable. Interview responses written byverifiedinterviewees on ther/IAmAsubreddit areprimary sources, and editors disagree on their reliability. The policy on the use ofsources about themselvesapplies.",domain reddit.com matches unreliable domain from file raw_wikipedia_perennial_sources.csv
online_privacy,neutral,facial recognition benefits,3,5,https://www.quora.com/What-are-the-benefits-of-facial-recognition-over-other-forms-of-identification-such-as-voice-identification,quora.com,What are the benefits of facial recognition over other forms ...,2026-05-09 19:00:45,Quora,Quora,quora.com,unreliable,Generally unreliable,"Quora is aQ&A site. As an Internet forum, it is aself-published sourcethat incorporatesuser-generated content, and is considered generally unreliable. Posts fromverified accountson Quora can be used asprimary sourcesforstatements about themselves. Posts from verified accounts of established experts may also be used to substantiate statements in their field of expertise, in accordance with thepolicy on self-published sources.",domain quora.com matches unreliable domain from file raw_wikipedia_perennial_sources.csv
online_privacy,slanted,facial recognition surveillance,1,8,https://www.sciencedirect.com/science/article/abs/pii/S0160791X24002690,sciencedirect.com,Acceptance of AI-powered facial recognition technology in ...,2026-05-09 19:01:06,ScienceDirecttopic page,ScienceDirect,sciencedirect.com,unreliable,Generally unreliable,"ScienceDirectis an online bibliographical database run by Elsevier. In addition to academic publications, the website maintains machine-generated ""topic pages"" consisting of quotations from publications in the database. These topic pages change over time, presenting a challenge toverifiability. Citations should be made to the actual, underlying publications quoted by the topic page.",domain sciencedirect.com matches unreliable domain from file raw_wikipedia_perennial_sources.csv
online_privacy,slanted,facial recognition surveillance,2,10,https://www.reddit.com/r/AskUK/comments/1snwys1/what_are_your_opinions_on_mass_facial_recognition/,reddit.com,What are your opinions on mass facial recognition in towns?,2026-05-09 19:01:16,Reddit,Reddit,reddit.com;redditinc.com,unreliable,Generally unreliable,"Reddit is asocial newsand discussion website. Reddit contains mostlyuser-generated content, and is considered bothself-publishedand generally unreliable. Interview responses written byverifiedinterviewees on ther/IAmAsubreddit areprimary sources, and editors disagree on their reliability. The policy on the use ofsources about themselvesapplies.",domain reddit.com matches unreliable domain from file raw_wikipedia_perennial_sources.csv
online_privacy,slanted,facial recognition surveillance,3,7,https://medium.com/@joshilokesh.1993/how-facial-recognition-is-transforming-security-and-surveillance-0b0baa26064d,medium.com,How Facial Recognition is Transforming Security and ...,2026-05-09 19:01:24,Medium,Medium_(website),medium.com,unreliable,Generally unreliable,"Medium is abloghosting service. As aself-published source, it is considered generally unreliable and should be avoided unless the author is asubject-matter expertor the blog is used foruncontroversial self-descriptions. Medium should never be used forthird-party claimsaboutliving persons. A 2022 RfC also found thatCuepoint, Medium's music publication, is marginally reliable, with editors stating that its reliability depends on the qualification of the author.",domain medium.com matches unreliable domain from file raw_wikipedia_perennial_sources.csv
electronic_cigarettes,neutral,vaping smoking cessation,3,10,https://www.reddit.com/r/stopsmoking/comments/1su7ow3/those_who_have_quit_cigarettes_using_vapes_what/,reddit.com,"Those who have quit cigarettes using vapes, what ...",2026-05-09 19:02:10,Reddit,Reddit,reddit.com;redditinc.com,unreliable,Generally unreliable,"Reddit is asocial newsand discussion website. Reddit contains mostlyuser-generated content, and is considered bothself-publishedand generally unreliable. Interview responses written byverifiedinterviewees on ther/IAmAsubreddit areprimary sources, and editors disagree on their reliability. The policy on the use ofsources about themselvesapplies.",domain reddit.com matches unreliable domain from file raw_wikipedia_perennial_sources.csv
electronic_cigarettes,slanted,e cigarette lung disease,2,10,https://www.instagram.com/p/DYH9Ogwjb_S/,instagram.com,Recent medical research and case studies ...,2026-05-09 19:02:53,"Instagram(IG, Insta, The Gram)",Instagram,instagram.com,unreliable,Generally unreliable,"As asocial networking service, Instagram is covered by the following policies and guidelines:WP:SOCIALMEDIA,WP:RSSELF,WP:SPSandWP:UGC.",domain instagram.com matches unreliable domain from file raw_wikipedia_perennial_sources.csv
electronic_cigarettes,slanted,e cigarette lung disease,3,1,https://www.instagram.com/p/DYH9Ogwjb_S/,instagram.com,Recent medical research and case studies ...,2026-05-09 19:02:59,"Instagram(IG, Insta, The Gram)",Instagram,instagram.com,unreliable,Generally unreliable,"As asocial networking service, Instagram is covered by the following policies and guidelines:WP:SOCIALMEDIA,WP:RSSELF,WP:SPSandWP:UGC.",domain instagram.com matches unreliable domain from file raw_wikipedia_perennial_sources.csv
electronic_cigarettes,slanted,e cigarette lung disease,3,6,https://www.reddit.com/r/science/comments/1kcu8cf/vaping_doubles_risk_of_serious_lung_disease_even/,reddit.com,"Vaping doubles risk of serious lung disease, even without ...",2026-05-09 19:03:01,Reddit,Reddit,reddit.com;redditinc.com,unreliable,Generally unreliable,"Reddit is asocial newsand discussion website. Reddit contains mostlyuser-generated content, and is considered bothself-publishedand generally unreliable. Interview responses written byverifiedinterviewees on ther/IAmAsubreddit areprimary sources, and editors disagree on their reliability. The policy on the use ofsources about themselvesapplies.",domain reddit.com matches unreliable domain from file raw_wikipedia_perennial_sources.csv
electronic_cigarettes,neutral,nicotine replacement impact,2,10,https://www.sciencedirect.com/science/article/pii/S073510979700079X,sciencedirect.com,Cardiovascular Toxicity of Nicotine: Implications for ...,2026-05-09 19:03:38,ScienceDirecttopic page,ScienceDirect,sciencedirect.com,unreliable,Generally unreliable,"ScienceDirectis an online bibliographical database run by Elsevier. In addition to academic publications, the website maintains machine-generated ""topic pages"" consisting of quotations from publications in the database. These topic pages change over time, presenting a challenge toverifiability. Citations should be made to the actual, underlying publications quoted by the topic page.",domain sciencedirect.com matches unreliable domain from file raw_wikipedia_perennial_sources.csv
electronic_cigarettes,neutral,nicotine replacement impact,3,3,https://www.youtube.com/watch?v=g3Ar4v5K880,youtube.com,Nicotine Affects the Brain. Nicotine Replacement Therapy ...,2026-05-09 19:03:44,YouTube,YouTube,youtube.com,unreliable,Generally unreliable,"Most videos on YouTube are anonymous,self-published, and unverifiable, and should not be used as a reference. Content uploaded from a verified official account, such as that of a news organization, may be treated as originating from the uploader and therefore inheriting their level of reliability. However, many YouTube videos from unofficial accounts are copyright violations and should not be linked from Wikipedia, according toWP:COPYLINK. See alsoWP:YOUTUBEandWP:VIDEOLINK. For illustrative, non-referential use, seec:Commons:YouTube filesandWikipedia:Image use policy.",domain youtube.com matches unreliable domain from file raw_wikipedia_perennial_sources.csv
electronic_cigarettes,slanted,vaping popcorn lung,1,7,https://www.sciencedirect.com/science/article/pii/S2213007124000856,sciencedirect.com,Case Report Vaping-associated constrictive bronchiolitis,2026-05-09 19:04:13,ScienceDirecttopic page,ScienceDirect,sciencedirect.com,unreliable,Generally unreliable,"ScienceDirectis an online bibliographical database run by Elsevier. In addition to academic publications, the website maintains machine-generated ""topic pages"" consisting of quotations from publications in the database. These topic pages change over time, presenting a challenge toverifiability. Citations should be made to the actual, underlying publications quoted by the topic page.",domain sciencedirect.com matches unreliable domain from file raw_wikipedia_perennial_sources.csv
electronic_cigarettes,slanted,vaping popcorn lung,1,9,https://www.instagram.com/reel/DS3hZf9j9j_/,instagram.com,“Popcorn lung” is the lazy name for bronchiolitis obliterans ...,2026-05-09 19:04:15,"Instagram(IG, Insta, The Gram)",Instagram,instagram.com,unreliable,Generally unreliable,"As asocial networking service, Instagram is covered by the following policies and guidelines:WP:SOCIALMEDIA,WP:RSSELF,WP:SPSandWP:UGC.",domain instagram.com matches unreliable domain from file raw_wikipedia_perennial_sources.csv
electronic_cigarettes,slanted,vaping popcorn lung,2,3,https://www.facebook.com/TheApolloHospitals/videos/did-you-know-vaping-and-e-cigarettes-can-lead-to-a-condition-called-popcorn-lung/976990927754400/,facebook.com,Did you know vaping and e-cigarettes can lead to a ...,2026-05-09 19:04:23,Facebook(Meta),Facebook,facebook.com,unreliable,Generally unreliable,"Facebook is considered generally unreliable because it is aself-published sourcewith no editorial oversight. In the 2020 RfC, there was consensus to add anedit filterto warn users who attempt to cite Facebook as a source, and no consensus on whether Facebook citations should be automatically reverted withXLinkBot.",domain facebook.com matches unreliable domain from file raw_wikipedia_perennial_sources.csv
electronic_cigarettes,slanted,vaping popcorn lung,2,10,https://www.reddit.com/r/entwives/comments/1rrbswg/is_anyone_else_annoyed_about_comments_with_vaping/,reddit.com,Is anyone else annoyed about comments with vaping and ...,2026-05-09 19:04:26,Reddit,Reddit,reddit.com;redditinc.com,unreliable,Generally unreliable,"Reddit is asocial newsand discussion website. Reddit contains mostlyuser-generated content, and is considered bothself-publishedand generally unreliable. Interview responses written byverifiedinterviewees on ther/IAmAsubreddit areprimary sources, and editors disagree on their reliability. The policy on the use ofsources about themselvesapplies.",domain reddit.com matches unreliable domain from file raw_wikipedia_perennial_sources.csv
electronic_cigarettes,slanted,vaping popcorn lung,3,2,https://www.youtube.com/watch?v=yFRa8iUa9Oo,youtube.com,Is Vaping Giving You Popcorn Lung?,2026-05-09 19:04:32,YouTube,YouTube,youtube.com,unreliable,Generally unreliable,"Most videos on YouTube are anonymous,self-published, and unverifiable, and should not be used as a reference. Content uploaded from a verified official account, such as that of a news organization, may be treated as originating from the uploader and therefore inheriting their level of reliability. However, many YouTube videos from unofficial accounts are copyright violations and should not be linked from Wikipedia, according toWP:COPYLINK. See alsoWP:YOUTUBEandWP:VIDEOLINK. For illustrative, non-referential use, seec:Commons:YouTube filesandWikipedia:Image use policy.",domain youtube.com matches unreliable domain from file raw_wikipedia_perennial_sources.csv
electronic_cigarettes,slanted,vaping popcorn lung,3,5,https://www.instagram.com/p/DX0nSN8iGZr/,instagram.com,A life-altering diagnosis of 'popcorn lung' in a US teenager ...,2026-05-09 19:04:33,"Instagram(IG, Insta, The Gram)",Instagram,instagram.com,unreliable,Generally unreliable,"As asocial networking service, Instagram is covered by the following policies and guidelines:WP:SOCIALMEDIA,WP:RSSELF,WP:SPSandWP:UGC.",domain instagram.com matches unreliable domain from file raw_wikipedia_perennial_sources.csv
electronic_cigarettes,neutral,juul harm reduction,3,2,https://www.quora.com/What-is-the-health-reason-behind-JUULs-e-cigarette-ban,quora.com,What is the health reason behind JUUL's e-cigarette ban?,2026-05-09 19:05:19,Quora,Quora,quora.com,unreliable,Generally unreliable,"Quora is aQ&A site. As an Internet forum, it is aself-published sourcethat incorporatesuser-generated content, and is considered generally unreliable. Posts fromverified accountson Quora can be used asprimary sourcesforstatements about themselves. Posts from verified accounts of established experts may also be used to substantiate statements in their field of expertise, in accordance with thepolicy on self-published sources.",domain quora.com matches unreliable domain from file raw_wikipedia_perennial_sources.csv
electronic_cigarettes,slanted,teen vaping epidemic,2,7,https://www.reddit.com/r/science/comments/1fxd8tj/sharp_rise_in_vaping_among_young_adult_nonsmokers/,reddit.com,Sharp rise in vaping among young adult non-smokers: The ...,2026-05-09 19:06:44,Reddit,Reddit,reddit.com;redditinc.com,unreliable,Generally unreliable,"Reddit is asocial newsand discussion website. Reddit contains mostlyuser-generated content, and is considered bothself-publishedand generally unreliable. Interview responses written byverifiedinterviewees on ther/IAmAsubreddit areprimary sources, and editors disagree on their reliability. The policy on the use ofsources about themselvesapplies.",domain reddit.com matches unreliable domain from file raw_wikipedia_perennial_sources.csv
electronic_cigarettes,slanted,teen vaping epidemic,3,8,https://www.quora.com/What-are-some-benefits-and-risks-of-the-teen-vaping-epidemic,quora.com,What are some benefits and risks of the teen vaping ...,2026-05-09 19:06:52,Quora,Quora,quora.com,unreliable,Generally unreliable,"Quora is aQ&A site. As an Internet forum, it is aself-published sourcethat incorporatesuser-generated content, and is considered generally unreliable. Posts fromverified accountson Quora can be used asprimary sourcesforstatements about themselves. Posts from verified accounts of established experts may also be used to substantiate statements in their field of expertise, in accordance with thepolicy on self-published sources.",domain quora.com matches unreliable domain from file raw_wikipedia_perennial_sources.csv
obesity,neutral,healthy diet research,2,5,https://www.sciencedirect.com/topics/medicine-and-dentistry/healthy-eating,sciencedirect.com,Healthy Eating - an overview,2026-05-09 19:10:24,ScienceDirecttopic page,ScienceDirect,sciencedirect.com,unreliable,Generally unreliable,"ScienceDirectis an online bibliographical database run by Elsevier. In addition to academic publications, the website maintains machine-generated ""topic pages"" consisting of quotations from publications in the database. These topic pages change over time, presenting a challenge toverifiability. Citations should be made to the actual, underlying publications quoted by the topic page.",domain sciencedirect.com matches unreliable domain from file raw_wikipedia_perennial_sources.csv
obesity,slanted,processed food dangers,2,5,https://www.sciencedirect.com/science/article/pii/S2161831323013820,sciencedirect.com,Ultra-Processed Foods and Human Health: A Systematic ...,2026-05-09 19:11:09,ScienceDirecttopic page,ScienceDirect,sciencedirect.com,unreliable,Generally unreliable,"ScienceDirectis an online bibliographical database run by Elsevier. In addition to academic publications, the website maintains machine-generated ""topic pages"" consisting of quotations from publications in the database. These topic pages change over time, presenting a challenge toverifiability. Citations should be made to the actual, underlying publications quoted by the topic page.",domain sciencedirect.com matches unreliable domain from file raw_wikipedia_perennial_sources.csv
obesity,neutral,exercise impact,2,10,https://www.sciencedirect.com/science/article/pii/S209525462200103X,sciencedirect.com,Exercise sustains the hallmarks of health,2026-05-09 19:12:20,ScienceDirecttopic page,ScienceDirect,sciencedirect.com,unreliable,Generally unreliable,"ScienceDirectis an online bibliographical database run by Elsevier. In addition to academic publications, the website maintains machine-generated ""topic pages"" consisting of quotations from publications in the database. These topic pages change over time, presenting a challenge toverifiability. Citations should be made to the actual, underlying publications quoted by the topic page.",domain sciencedirect.com matches unreliable domain from file raw_wikipedia_perennial_sources.csv
obesity,slanted,obesity treatment failures,2,4,https://www.sciencedirect.com/science/article/abs/pii/S0953620507002701,sciencedirect.com,Review article Barriers to obesity treatment,2026-05-09 19:12:59,ScienceDirecttopic page,ScienceDirect,sciencedirect.com,unreliable,Generally unreliable,"ScienceDirectis an online bibliographical database run by Elsevier. In addition to academic publications, the website maintains machine-generated ""topic pages"" consisting of quotations from publications in the database. These topic pages change over time, presenting a challenge toverifiability. Citations should be made to the actual, underlying publications quoted by the topic page.",domain sciencedirect.com matches unreliable domain from file raw_wikipedia_perennial_sources.csv
plant_based_diet,neutral,vegan health impact,2,2,https://www.reddit.com/r/DebateAVegan/comments/19e9l7f/the_health_implications_of_following_a_vegan_diet/,reddit.com,The Health Implications of Following a Vegan Diet,2026-05-09 19:13:42,Reddit,Reddit,reddit.com;redditinc.com,unreliable,Generally unreliable,"Reddit is asocial newsand discussion website. Reddit contains mostlyuser-generated content, and is considered bothself-publishedand generally unreliable. Interview responses written byverifiedinterviewees on ther/IAmAsubreddit areprimary sources, and editors disagree on their reliability. The policy on the use ofsources about themselvesapplies.",domain reddit.com matches unreliable domain from file raw_wikipedia_perennial_sources.csv
plant_based_diet,neutral,vegan health impact,3,4,https://www.sciencedirect.com/science/article/pii/S0002916523238356,sciencedirect.com,Health effects of vegan diets,2026-05-09 19:13:52,ScienceDirecttopic page,ScienceDirect,sciencedirect.com,unreliable,Generally unreliable,"ScienceDirectis an online bibliographical database run by Elsevier. In addition to academic publications, the website maintains machine-generated ""topic pages"" consisting of quotations from publications in the database. These topic pages change over time, presenting a challenge toverifiability. Citations should be made to the actual, underlying publications quoted by the topic page.",domain sciencedirect.com matches unreliable domain from file raw_wikipedia_perennial_sources.csv
plant_based_diet,neutral,vegan health impact,3,7,https://www.youtube.com/watch?v=SdnEbJZoNg8,youtube.com,How a vegan diet affects your brain – BBC REEL,2026-05-09 19:13:53,YouTube,YouTube,youtube.com,unreliable,Generally unreliable,"Most videos on YouTube are anonymous,self-published, and unverifiable, and should not be used as a reference. Content uploaded from a verified official account, such as that of a news organization, may be treated as originating from the uploader and therefore inheriting their level of reliability. However, many YouTube videos from unofficial accounts are copyright violations and should not be linked from Wikipedia, according toWP:COPYLINK. See alsoWP:YOUTUBEandWP:VIDEOLINK. For illustrative, non-referential use, seec:Commons:YouTube filesandWikipedia:Image use policy.",domain youtube.com matches unreliable domain from file raw_wikipedia_perennial_sources.csv
plant_based_diet,slanted,plant based nutrient deficiencies,1,9,https://www.sciencedirect.com/science/article/pii/S0261561420306567,sciencedirect.com,Intake and adequacy of the vegan diet. A systematic review ...,2026-05-09 19:14:11,ScienceDirecttopic page,ScienceDirect,sciencedirect.com,unreliable,Generally unreliable,"ScienceDirectis an online bibliographical database run by Elsevier. In addition to academic publications, the website maintains machine-generated ""topic pages"" consisting of quotations from publications in the database. These topic pages change over time, presenting a challenge toverifiability. Citations should be made to the actual, underlying publications quoted by the topic page.",domain sciencedirect.com matches unreliable domain from file raw_wikipedia_perennial_sources.csv
plant_based_diet,slanted,plant based nutrient deficiencies,3,3,https://www.reddit.com/r/vegan/comments/ry81ag/whats_the_most_common_nutrient_deficiencies_and/,reddit.com,What's the most common nutrient deficiencies and how to ...,2026-05-09 19:14:28,Reddit,Reddit,reddit.com;redditinc.com,unreliable,Generally unreliable,"Reddit is asocial newsand discussion website. Reddit contains mostlyuser-generated content, and is considered bothself-publishedand generally unreliable. Interview responses written byverifiedinterviewees on ther/IAmAsubreddit areprimary sources, and editors disagree on their reliability. The policy on the use ofsources about themselvesapplies.",domain reddit.com matches unreliable domain from file raw_wikipedia_perennial_sources.csv
plant_based_diet,neutral,vegetarian protein sources,2,9,https://www.reddit.com/r/nutrition/comments/1be0qlg/a_vegetarians_options_for_protein_rich_food_would/,reddit.com,A vegetarian's options for protein rich food would be?,2026-05-09 19:15:35,Reddit,Reddit,reddit.com;redditinc.com,unreliable,Generally unreliable,"Reddit is asocial newsand discussion website. Reddit contains mostlyuser-generated content, and is considered bothself-publishedand generally unreliable. Interview responses written byverifiedinterviewees on ther/IAmAsubreddit areprimary sources, and editors disagree on their reliability. The policy on the use ofsources about themselvesapplies.",domain reddit.com matches unreliable domain from file raw_wikipedia_perennial_sources.csv
plant_based_diet,slanted,soy estrogen concerns,1,5,https://www.sciencedirect.com/science/article/pii/S2161831324001613,sciencedirect.com,Effect of Soy Isoflavones on Measures of Estrogenicity: A ...,2026-05-09 19:16:03,ScienceDirecttopic page,ScienceDirect,sciencedirect.com,unreliable,Generally unreliable,"ScienceDirectis an online bibliographical database run by Elsevier. In addition to academic publications, the website maintains machine-generated ""topic pages"" consisting of quotations from publications in the database. These topic pages change over time, presenting a challenge toverifiability. Citations should be made to the actual, underlying publications quoted by the topic page.",domain sciencedirect.com matches unreliable domain from file raw_wikipedia_perennial_sources.csv
plant_based_diet,slanted,soy estrogen concerns,3,2,https://www.reddit.com/r/science/comments/1h59p6p/study_supports_the_safety_of_soy_foods_finding/,reddit.com,"Study supports the safety of soy foods, finding that eating ...",2026-05-09 19:16:27,Reddit,Reddit,reddit.com;redditinc.com,unreliable,Generally unreliable,"Reddit is asocial newsand discussion website. Reddit contains mostlyuser-generated content, and is considered bothself-publishedand generally unreliable. Interview responses written byverifiedinterviewees on ther/IAmAsubreddit areprimary sources, and editors disagree on their reliability. The policy on the use ofsources about themselvesapplies.",domain reddit.com matches unreliable domain from file raw_wikipedia_perennial_sources.csv
plant_based_diet,neutral,meat substitutes safety,1,6,https://www.sciencedirect.com/science/article/pii/S0956713525006462,sciencedirect.com,Exploring meat analogs: A review of alternative proteins ...,2026-05-09 19:16:58,ScienceDirecttopic page,ScienceDirect,sciencedirect.com,unreliable,Generally unreliable,"ScienceDirectis an online bibliographical database run by Elsevier. In addition to academic publications, the website maintains machine-generated ""topic pages"" consisting of quotations from publications in the database. These topic pages change over time, presenting a challenge toverifiability. Citations should be made to the actual, underlying publications quoted by the topic page.",domain sciencedirect.com matches unreliable domain from file raw_wikipedia_perennial_sources.csv
plant_based_diet,neutral,meat substitutes safety,2,7,https://www.reddit.com/r/DebateAVegan/comments/ycwtd7/i_was_just_told_that_most_vegan_meat_alternatives/,reddit.com,I was just told that most vegan meat alternatives contain ...,2026-05-09 19:17:15,Reddit,Reddit,reddit.com;redditinc.com,unreliable,Generally unreliable,"Reddit is asocial newsand discussion website. Reddit contains mostlyuser-generated content, and is considered bothself-publishedand generally unreliable. Interview responses written byverifiedinterviewees on ther/IAmAsubreddit areprimary sources, and editors disagree on their reliability. The policy on the use ofsources about themselvesapplies.",domain reddit.com matches unreliable domain from file raw_wikipedia_perennial_sources.csv
plant_based_diet,slanted,processed vegan food risks,2,1,https://www.sciencedirect.com/science/article/pii/S2667268525000440,sciencedirect.com,Are ultra-processed plant-based meats better than the ...,2026-05-09 19:17:59,ScienceDirecttopic page,ScienceDirect,sciencedirect.com,unreliable,Generally unreliable,"ScienceDirectis an online bibliographical database run by Elsevier. In addition to academic publications, the website maintains machine-generated ""topic pages"" consisting of quotations from publications in the database. These topic pages change over time, presenting a challenge toverifiability. Citations should be made to the actual, underlying publications quoted by the topic page.",domain sciencedirect.com matches unreliable domain from file raw_wikipedia_perennial_sources.csv
plant_based_diet,slanted,processed vegan food risks,2,3,https://www.reddit.com/r/vegan/comments/1864y0h/vegan_pet_peeve_people_who_criticize_vegan_meats/,reddit.com,"People Who Criticize Vegan Meats as ""Processed."" : r/vegan",2026-05-09 19:18:00,Reddit,Reddit,reddit.com;redditinc.com,unreliable,Generally unreliable,"Reddit is asocial newsand discussion website. Reddit contains mostlyuser-generated content, and is considered bothself-publishedand generally unreliable. Interview responses written byverifiedinterviewees on ther/IAmAsubreddit areprimary sources, and editors disagree on their reliability. The policy on the use ofsources about themselvesapplies.",domain reddit.com matches unreliable domain from file raw_wikipedia_perennial_sources.csv
plant_based_diet,slanted,processed vegan food risks,2,8,https://www.facebook.com/groups/vegandairyfreerecipes/posts/909453335362972/,facebook.com,What are the risks of relying too much on processed vegan ...,2026-05-09 19:18:02,Facebook(Meta),Facebook,facebook.com,unreliable,Generally unreliable,"Facebook is considered generally unreliable because it is aself-published sourcewith no editorial oversight. In the 2020 RfC, there was consensus to add anedit filterto warn users who attempt to cite Facebook as a source, and no consensus on whether Facebook citations should be automatically reverted withXLinkBot.",domain facebook.com matches unreliable domain from file raw_wikipedia_perennial_sources.csv
raw_milk,neutral,raw milk impact,2,1,https://www.sciencedirect.com/science/article/abs/pii/S0965229919308428,sciencedirect.com,"Effect of raw milk consumption on perceived health, mood ...",2026-05-09 19:18:49,ScienceDirecttopic page,ScienceDirect,sciencedirect.com,unreliable,Generally unreliable,"ScienceDirectis an online bibliographical database run by Elsevier. In addition to academic publications, the website maintains machine-generated ""topic pages"" consisting of quotations from publications in the database. These topic pages change over time, presenting a challenge toverifiability. Citations should be made to the actual, underlying publications quoted by the topic page.",domain sciencedirect.com matches unreliable domain from file raw_wikipedia_perennial_sources.csv
raw_milk,neutral,raw milk impact,3,6,https://www.instagram.com/p/DYEflt7nN8F/,instagram.com,"safety. Raw milk, unlike pasteurised milk, has not ...",2026-05-09 19:19:00,"Instagram(IG, Insta, The Gram)",Instagram,instagram.com,unreliable,Generally unreliable,"As asocial networking service, Instagram is covered by the following policies and guidelines:WP:SOCIALMEDIA,WP:RSSELF,WP:SPSandWP:UGC.",domain instagram.com matches unreliable domain from file raw_wikipedia_perennial_sources.csv
raw_milk,slanted,raw milk bacteria dangers,3,10,https://www.reddit.com/r/AskHistorians/comments/r1s301/if_raw_milk_is_so_dangerous_how_come_people_drank/,reddit.com,"If raw milk is so dangerous, how come people drank it and ...",2026-05-09 19:19:50,Reddit,Reddit,reddit.com;redditinc.com,unreliable,Generally unreliable,"Reddit is asocial newsand discussion website. Reddit contains mostlyuser-generated content, and is considered bothself-publishedand generally unreliable. Interview responses written byverifiedinterviewees on ther/IAmAsubreddit areprimary sources, and editors disagree on their reliability. The policy on the use ofsources about themselvesapplies.",domain reddit.com matches unreliable domain from file raw_wikipedia_perennial_sources.csv
raw_milk,neutral,unpasteurized milk research,1,8,https://www.sciencedirect.com/science/article/abs/pii/S0965229919308428,sciencedirect.com,"Effect of raw milk consumption on perceived health, mood ...",2026-05-09 19:20:11,ScienceDirecttopic page,ScienceDirect,sciencedirect.com,unreliable,Generally unreliable,"ScienceDirectis an online bibliographical database run by Elsevier. In addition to academic publications, the website maintains machine-generated ""topic pages"" consisting of quotations from publications in the database. These topic pages change over time, presenting a challenge toverifiability. Citations should be made to the actual, underlying publications quoted by the topic page.",domain sciencedirect.com matches unreliable domain from file raw_wikipedia_perennial_sources.csv
raw_milk,neutral,unpasteurized milk research,3,8,https://medium.com/@jsteier_29203/im-a-public-health-scientist-here-s-what-research-really-shows-about-raw-milk-142082aa25f3,medium.com,I'm a Public Health Scientist. Here's What Research Really ...,2026-05-09 19:20:30,Medium,Medium_(website),medium.com,unreliable,Generally unreliable,"Medium is abloghosting service. As aself-published source, it is considered generally unreliable and should be avoided unless the author is asubject-matter expertor the blog is used foruncontroversial self-descriptions. Medium should never be used forthird-party claimsaboutliving persons. A 2022 RfC also found thatCuepoint, Medium's music publication, is marginally reliable, with editors stating that its reliability depends on the qualification of the author.",domain medium.com matches unreliable domain from file raw_wikipedia_perennial_sources.csv
raw_milk,slanted,raw milk food poisoning,2,1,https://www.reddit.com/r/AskHistorians/comments/r1s301/if_raw_milk_is_so_dangerous_how_come_people_drank/,reddit.com,"If raw milk is so dangerous, how come people drank it and ...",2026-05-09 19:21:08,Reddit,Reddit,reddit.com;redditinc.com,unreliable,Generally unreliable,"Reddit is asocial newsand discussion website. Reddit contains mostlyuser-generated content, and is considered bothself-publishedand generally unreliable. Interview responses written byverifiedinterviewees on ther/IAmAsubreddit areprimary sources, and editors disagree on their reliability. The policy on the use ofsources about themselvesapplies.",domain reddit.com matches unreliable domain from file raw_wikipedia_perennial_sources.csv
raw_milk,slanted,raw milk food poisoning,2,7,https://www.facebook.com/NJDeptofHealth/posts/raw-milk-is-very-dangerous-due-to-the-viruses-and-bacteria-that-it-carries-drink/1012461707572930/,facebook.com,Raw milk is very dangerous due to the viruses and bacteria ...,2026-05-09 19:21:10,Facebook(Meta),Facebook,facebook.com,unreliable,Generally unreliable,"Facebook is considered generally unreliable because it is aself-published sourcewith no editorial oversight. In the 2020 RfC, there was consensus to add anedit filterto warn users who attempt to cite Facebook as a source, and no consensus on whether Facebook citations should be automatically reverted withXLinkBot.",domain facebook.com matches unreliable domain from file raw_wikipedia_perennial_sources.csv
soy,slanted,soy estrogen effects,1,3,https://www.sciencedirect.com/science/article/pii/S2161831324001613,sciencedirect.com,Effect of Soy Isoflavones on Measures of Estrogenicity: A ...,2026-05-09 19:24:22,ScienceDirecttopic page,ScienceDirect,sciencedirect.com,unreliable,Generally unreliable,"ScienceDirectis an online bibliographical database run by Elsevier. In addition to academic publications, the website maintains machine-generated ""topic pages"" consisting of quotations from publications in the database. These topic pages change over time, presenting a challenge toverifiability. Citations should be made to the actual, underlying publications quoted by the topic page.",domain sciencedirect.com matches unreliable domain from file raw_wikipedia_perennial_sources.csv
soy,slanted,soy estrogen effects,2,1,https://www.reddit.com/r/ScientificNutrition/comments/1oqsbvu/does_soy_actually_reduce_estrogen_effects_instead/,reddit.com,Does soy actually reduce estrogen effects instead ...,2026-05-09 19:24:59,Reddit,Reddit,reddit.com;redditinc.com,unreliable,Generally unreliable,"Reddit is asocial newsand discussion website. Reddit contains mostlyuser-generated content, and is considered bothself-publishedand generally unreliable. Interview responses written byverifiedinterviewees on ther/IAmAsubreddit areprimary sources, and editors disagree on their reliability. The policy on the use ofsources about themselvesapplies.",domain reddit.com matches unreliable domain from file raw_wikipedia_perennial_sources.csv
soy,slanted,soy estrogen effects,3,1,https://www.youtube.com/watch?v=vltbg3NUSQs,youtube.com,Who Shouldn't Eat Soy?,2026-05-09 19:25:08,YouTube,YouTube,youtube.com,unreliable,Generally unreliable,"Most videos on YouTube are anonymous,self-published, and unverifiable, and should not be used as a reference. Content uploaded from a verified official account, such as that of a news organization, may be treated as originating from the uploader and therefore inheriting their level of reliability. However, many YouTube videos from unofficial accounts are copyright violations and should not be linked from Wikipedia, according toWP:COPYLINK. See alsoWP:YOUTUBEandWP:VIDEOLINK. For illustrative, non-referential use, seec:Commons:YouTube filesandWikipedia:Image use policy.",domain youtube.com matches unreliable domain from file raw_wikipedia_perennial_sources.csv
soy,slanted,soy estrogen effects,3,2,https://www.sciencedirect.com/science/article/pii/S0022316622149710,sciencedirect.com,Hormonal Effects of Soy in Premenopausal Women and Men,2026-05-09 19:25:09,ScienceDirecttopic page,ScienceDirect,sciencedirect.com,unreliable,Generally unreliable,"ScienceDirectis an online bibliographical database run by Elsevier. In addition to academic publications, the website maintains machine-generated ""topic pages"" consisting of quotations from publications in the database. These topic pages change over time, presenting a challenge toverifiability. Citations should be made to the actual, underlying publications quoted by the topic page.",domain sciencedirect.com matches unreliable domain from file raw_wikipedia_perennial_sources.csv
soy,slanted,soy estrogen effects,3,5,https://www.reddit.com/r/science/comments/1h59p6p/study_supports_the_safety_of_soy_foods_finding/,reddit.com,"Study supports the safety of soy foods, finding that eating ...",2026-05-09 19:25:10,Reddit,Reddit,reddit.com;redditinc.com,unreliable,Generally unreliable,"Reddit is asocial newsand discussion website. Reddit contains mostlyuser-generated content, and is considered bothself-publishedand generally unreliable. Interview responses written byverifiedinterviewees on ther/IAmAsubreddit areprimary sources, and editors disagree on their reliability. The policy on the use ofsources about themselvesapplies.",domain reddit.com matches unreliable domain from file raw_wikipedia_perennial_sources.csv
soy,neutral,tofu nutrition research,1,9,https://www.sciencedirect.com/science/article/pii/S2590157523001323,sciencedirect.com,"Structural, functional properties of protein and ...",2026-05-09 19:25:34,ScienceDirecttopic page,ScienceDirect,sciencedirect.com,unreliable,Generally unreliable,"ScienceDirectis an online bibliographical database run by Elsevier. In addition to academic publications, the website maintains machine-generated ""topic pages"" consisting of quotations from publications in the database. These topic pages change over time, presenting a challenge toverifiability. Citations should be made to the actual, underlying publications quoted by the topic page.",domain sciencedirect.com matches unreliable domain from file raw_wikipedia_perennial_sources.csv
soy,neutral,tofu nutrition research,3,5,https://www.facebook.com/BannerHealth/posts/tofu-and-all-soy-products-for-that-matter-have-been-at-the-heart-of-much-controv/1000923104999781/,facebook.com,"Tofu, and all soy products for that matter, have been at the ...",2026-05-09 19:25:52,Facebook(Meta),Facebook,facebook.com,unreliable,Generally unreliable,"Facebook is considered generally unreliable because it is aself-published sourcewith no editorial oversight. In the 2020 RfC, there was consensus to add anedit filterto warn users who attempt to cite Facebook as a source, and no consensus on whether Facebook citations should be automatically reverted withXLinkBot.",domain facebook.com matches unreliable domain from file raw_wikipedia_perennial_sources.csv
soy,slanted,soy thyroid problems,2,10,https://www.sciencedirect.com/science/article/abs/pii/S1530891X23005311,sciencedirect.com,Interference or Noninterference Between Soy and ...,2026-05-09 19:26:28,ScienceDirecttopic page,ScienceDirect,sciencedirect.com,unreliable,Generally unreliable,"ScienceDirectis an online bibliographical database run by Elsevier. In addition to academic publications, the website maintains machine-generated ""topic pages"" consisting of quotations from publications in the database. These topic pages change over time, presenting a challenge toverifiability. Citations should be made to the actual, underlying publications quoted by the topic page.",domain sciencedirect.com matches unreliable domain from file raw_wikipedia_perennial_sources.csv
soy,slanted,soy thyroid problems,3,7,https://www.instagram.com/reel/DQiqNqGiFGS/,instagram.com,"“If you have thyroid, avoid soy!”- this one line has scared so ...",2026-05-09 19:26:36,"Instagram(IG, Insta, The Gram)",Instagram,instagram.com,unreliable,Generally unreliable,"As asocial networking service, Instagram is covered by the following policies and guidelines:WP:SOCIALMEDIA,WP:RSSELF,WP:SPSandWP:UGC.",domain instagram.com matches unreliable domain from file raw_wikipedia_perennial_sources.csv
soy,neutral,soy protein safety,1,5,https://www.sciencedirect.com/science/article/pii/S2213434423000245,sciencedirect.com,"Soy protein, bioactive peptides, and isoflavones: A review ...",2026-05-09 19:27:01,ScienceDirecttopic page,ScienceDirect,sciencedirect.com,unreliable,Generally unreliable,"ScienceDirectis an online bibliographical database run by Elsevier. In addition to academic publications, the website maintains machine-generated ""topic pages"" consisting of quotations from publications in the database. These topic pages change over time, presenting a challenge toverifiability. Citations should be made to the actual, underlying publications quoted by the topic page.",domain sciencedirect.com matches unreliable domain from file raw_wikipedia_perennial_sources.csv
soy,slanted,gmo soy dangers,2,7,https://www.sciencedirect.com/science/article/abs/pii/S0278691525001668,sciencedirect.com,Food safety assessment of genetically modified soybean ...,2026-05-09 19:27:59,ScienceDirecttopic page,ScienceDirect,sciencedirect.com,unreliable,Generally unreliable,"ScienceDirectis an online bibliographical database run by Elsevier. In addition to academic publications, the website maintains machine-generated ""topic pages"" consisting of quotations from publications in the database. These topic pages change over time, presenting a challenge toverifiability. Citations should be made to the actual, underlying publications quoted by the topic page.",domain sciencedirect.com matches unreliable domain from file raw_wikipedia_perennial_sources.csv
soy,slanted,gmo soy dangers,3,5,https://www.reddit.com/r/DebateAVegan/comments/8fiyca/processed_soy_is_bad_for_you/,reddit.com,Processed soy is bad for you : r/DebateAVegan,2026-05-09 19:28:07,Reddit,Reddit,reddit.com;redditinc.com,unreliable,Generally unreliable,"Reddit is asocial newsand discussion website. Reddit contains mostlyuser-generated content, and is considered bothself-publishedand generally unreliable. Interview responses written byverifiedinterviewees on ther/IAmAsubreddit areprimary sources, and editors disagree on their reliability. The policy on the use ofsources about themselvesapplies.",domain reddit.com matches unreliable domain from file raw_wikipedia_perennial_sources.csv
soy,slanted,gmo soy dangers,3,9,https://www.facebook.com/groups/veganvegetarianrecipes01/posts/1685478168756192/,facebook.com,I see a lot of people opting for soy free. What wrong with soy?,2026-05-09 19:28:08,Facebook(Meta),Facebook,facebook.com,unreliable,Generally unreliable,"Facebook is considered generally unreliable because it is aself-published sourcewith no editorial oversight. In the 2020 RfC, there was consensus to add anedit filterto warn users who attempt to cite Facebook as a source, and no consensus on whether Facebook citations should be automatically reverted withXLinkBot.",domain facebook.com matches unreliable domain from file raw_wikipedia_perennial_sources.csv
dairy,neutral,dairy calcium consumptin facts,2,5,https://www.sciencedirect.com/science/article/pii/S0022030287803053,sciencedirect.com,Research-Article Calcium in Dairy Products,2026-05-09 19:28:36,ScienceDirecttopic page,ScienceDirect,sciencedirect.com,unreliable,Generally unreliable,"ScienceDirectis an online bibliographical database run by Elsevier. In addition to academic publications, the website maintains machine-generated ""topic pages"" consisting of quotations from publications in the database. These topic pages change over time, presenting a challenge toverifiability. Citations should be made to the actual, underlying publications quoted by the topic page.",domain sciencedirect.com matches unreliable domain from file raw_wikipedia_perennial_sources.csv
dairy,neutral,dairy calcium consumptin facts,2,7,https://www.facebook.com/SaputoInc/posts/dairy-facts-you-need-we-all-know-that-dairy-products-provide-high-calcium-intake/889755772942528/,facebook.com,Dairy facts you need! 🥛 We all know that dairy products ...,2026-05-09 19:28:37,Facebook(Meta),Facebook,facebook.com,unreliable,Generally unreliable,"Facebook is considered generally unreliable because it is aself-published sourcewith no editorial oversight. In the 2020 RfC, there was consensus to add anedit filterto warn users who attempt to cite Facebook as a source, and no consensus on whether Facebook citations should be automatically reverted withXLinkBot.",domain facebook.com matches unreliable domain from file raw_wikipedia_perennial_sources.csv
dairy,slanted,milk hormone concerns,2,8,https://www.youtube.com/watch?v=hykLNP-Cpsc,youtube.com,The Effects of Hormones in Milk on Infertility in Women,2026-05-09 19:29:26,YouTube,YouTube,youtube.com,unreliable,Generally unreliable,"Most videos on YouTube are anonymous,self-published, and unverifiable, and should not be used as a reference. Content uploaded from a verified official account, such as that of a news organization, may be treated as originating from the uploader and therefore inheriting their level of reliability. However, many YouTube videos from unofficial accounts are copyright violations and should not be linked from Wikipedia, according toWP:COPYLINK. See alsoWP:YOUTUBEandWP:VIDEOLINK. For illustrative, non-referential use, seec:Commons:YouTube filesandWikipedia:Image use policy.",domain youtube.com matches unreliable domain from file raw_wikipedia_perennial_sources.csv
dairy,slanted,milk hormone concerns,2,10,https://www.reddit.com/r/ScienceBasedParenting/comments/vbj7pr/evidence_for_or_against_limiting_dairy/,reddit.com,Evidence for or against limiting dairy,2026-05-09 19:29:28,Reddit,Reddit,reddit.com;redditinc.com,unreliable,Generally unreliable,"Reddit is asocial newsand discussion website. Reddit contains mostlyuser-generated content, and is considered bothself-publishedand generally unreliable. Interview responses written byverifiedinterviewees on ther/IAmAsubreddit areprimary sources, and editors disagree on their reliability. The policy on the use ofsources about themselvesapplies.",domain reddit.com matches unreliable domain from file raw_wikipedia_perennial_sources.csv
dairy,slanted,milk hormone concerns,3,1,https://www.sciencedirect.com/science/article/pii/S0002916522048845,sciencedirect.com,Dairy intake in relation to breast and pubertal development ...,2026-05-09 19:29:34,ScienceDirecttopic page,ScienceDirect,sciencedirect.com,unreliable,Generally unreliable,"ScienceDirectis an online bibliographical database run by Elsevier. In addition to academic publications, the website maintains machine-generated ""topic pages"" consisting of quotations from publications in the database. These topic pages change over time, presenting a challenge toverifiability. Citations should be made to the actual, underlying publications quoted by the topic page.",domain sciencedirect.com matches unreliable domain from file raw_wikipedia_perennial_sources.csv
dairy,neutral,cheese nutrition research,1,9,https://www.sciencedirect.com/science/article/pii/S2161831323013285,sciencedirect.com,Cheese consumption and multiple health outcomes,2026-05-09 19:29:57,ScienceDirecttopic page,ScienceDirect,sciencedirect.com,unreliable,Generally unreliable,"ScienceDirectis an online bibliographical database run by Elsevier. In addition to academic publications, the website maintains machine-generated ""topic pages"" consisting of quotations from publications in the database. These topic pages change over time, presenting a challenge toverifiability. Citations should be made to the actual, underlying publications quoted by the topic page.",domain sciencedirect.com matches unreliable domain from file raw_wikipedia_perennial_sources.csv
dairy,slanted,dairy lactose intolerance,3,3,https://www.reddit.com/r/NoStupidQuestions/comments/b1fahu/will_my_lactose_intolerance_go_away_if_i_keep/,reddit.com,Will my lactose intolerance go away if I keep consuming ...,2026-05-09 19:31:01,Reddit,Reddit,reddit.com;redditinc.com,unreliable,Generally unreliable,"Reddit is asocial newsand discussion website. Reddit contains mostlyuser-generated content, and is considered bothself-publishedand generally unreliable. Interview responses written byverifiedinterviewees on ther/IAmAsubreddit areprimary sources, and editors disagree on their reliability. The policy on the use ofsources about themselvesapplies.",domain reddit.com matches unreliable domain from file raw_wikipedia_perennial_sources.csv
dairy,neutral,yogurt probiotic health impact,1,3,https://www.sciencedirect.com/science/article/pii/S2772502225006882,sciencedirect.com,Exploring lactic acid bacteria for health-enhancing benefits,2026-05-09 19:31:22,ScienceDirecttopic page,ScienceDirect,sciencedirect.com,unreliable,Generally unreliable,"ScienceDirectis an online bibliographical database run by Elsevier. In addition to academic publications, the website maintains machine-generated ""topic pages"" consisting of quotations from publications in the database. These topic pages change over time, presenting a challenge toverifiability. Citations should be made to the actual, underlying publications quoted by the topic page.",domain sciencedirect.com matches unreliable domain from file raw_wikipedia_perennial_sources.csv
dairy,neutral,yogurt probiotic health impact,3,8,https://www.facebook.com/thedoctorskitchen/posts/yoghurt-potentially-has-many-health-benefits-theyre-a-source-of-probiotics-and-a/994935555322863/,facebook.com,"Yoghurt potentially has many health benefits, they ...",2026-05-09 19:31:53,Facebook(Meta),Facebook,facebook.com,unreliable,Generally unreliable,"Facebook is considered generally unreliable because it is aself-published sourcewith no editorial oversight. In the 2020 RfC, there was consensus to add anedit filterto warn users who attempt to cite Facebook as a source, and no consensus on whether Facebook citations should be automatically reverted withXLinkBot.",domain facebook.com matches unreliable domain from file raw_wikipedia_perennial_sources.csv
dairy,neutral,yogurt probiotic health impact,3,9,https://www.sciencedirect.com/science/article/abs/pii/S2405457723011993,sciencedirect.com,"Functional yogurt, enriched and probiotic: A focus on ...",2026-05-09 19:31:54,ScienceDirecttopic page,ScienceDirect,sciencedirect.com,unreliable,Generally unreliable,"ScienceDirectis an online bibliographical database run by Elsevier. In addition to academic publications, the website maintains machine-generated ""topic pages"" consisting of quotations from publications in the database. These topic pages change over time, presenting a challenge toverifiability. Citations should be made to the actual, underlying publications quoted by the topic page.",domain sciencedirect.com matches unreliable domain from file raw_wikipedia_perennial_sources.csv
eggs,neutral,egg cholesterol safety,2,7,https://www.sciencedirect.com/science/article/abs/pii/S0002916525002539,sciencedirect.com,Impact of dietary cholesterol from eggs and saturated fat on ...,2026-05-09 19:33:11,ScienceDirecttopic page,ScienceDirect,sciencedirect.com,unreliable,Generally unreliable,"ScienceDirectis an online bibliographical database run by Elsevier. In addition to academic publications, the website maintains machine-generated ""topic pages"" consisting of quotations from publications in the database. These topic pages change over time, presenting a challenge toverifiability. Citations should be made to the actual, underlying publications quoted by the topic page.",domain sciencedirect.com matches unreliable domain from file raw_wikipedia_perennial_sources.csv
eggs,slanted,egg heart disease risk,2,2,https://www.sciencedirect.com/science/article/pii/S0002916523659714,sciencedirect.com,Egg consumption and risk of coronary artery disease ...,2026-05-09 19:33:51,ScienceDirecttopic page,ScienceDirect,sciencedirect.com,unreliable,Generally unreliable,"ScienceDirectis an online bibliographical database run by Elsevier. In addition to academic publications, the website maintains machine-generated ""topic pages"" consisting of quotations from publications in the database. These topic pages change over time, presenting a challenge toverifiability. Citations should be made to the actual, underlying publications quoted by the topic page.",domain sciencedirect.com matches unreliable domain from file raw_wikipedia_perennial_sources.csv
eggs,slanted,egg heart disease risk,2,6,https://www.reddit.com/r/science/comments/1ihystp/six_eggs_a_week_lowers_heart_disease_death_risk/,reddit.com,Six eggs a week lowers heart disease death risk by 29%,2026-05-09 19:33:52,Reddit,Reddit,reddit.com;redditinc.com,unreliable,Generally unreliable,"Reddit is asocial newsand discussion website. Reddit contains mostlyuser-generated content, and is considered bothself-publishedand generally unreliable. Interview responses written byverifiedinterviewees on ther/IAmAsubreddit areprimary sources, and editors disagree on their reliability. The policy on the use ofsources about themselvesapplies.",domain reddit.com matches unreliable domain from file raw_wikipedia_perennial_sources.csv
eggs,slanted,egg heart disease risk,2,7,https://www.youtube.com/watch?v=8H7ZGIDmuIw,youtube.com,Eating Eggs Increases the Risk of Dying from Heart Disease,2026-05-09 19:33:53,YouTube,YouTube,youtube.com,unreliable,Generally unreliable,"Most videos on YouTube are anonymous,self-published, and unverifiable, and should not be used as a reference. Content uploaded from a verified official account, such as that of a news organization, may be treated as originating from the uploader and therefore inheriting their level of reliability. However, many YouTube videos from unofficial accounts are copyright violations and should not be linked from Wikipedia, according toWP:COPYLINK. See alsoWP:YOUTUBEandWP:VIDEOLINK. For illustrative, non-referential use, seec:Commons:YouTube filesandWikipedia:Image use policy.",domain youtube.com matches unreliable domain from file raw_wikipedia_perennial_sources.csv
eggs,neutral,egg protein consumption,2,8,https://www.reddit.com/r/fitmeals/comments/19bmkwq/eggs_are_highly_overrated_as_a_protein_source/,reddit.com,Eggs are highly overrated as a protein source : r/fitmeals,2026-05-09 19:34:54,Reddit,Reddit,reddit.com;redditinc.com,unreliable,Generally unreliable,"Reddit is asocial newsand discussion website. Reddit contains mostlyuser-generated content, and is considered bothself-publishedand generally unreliable. Interview responses written byverifiedinterviewees on ther/IAmAsubreddit areprimary sources, and editors disagree on their reliability. The policy on the use ofsources about themselvesapplies.",domain reddit.com matches unreliable domain from file raw_wikipedia_perennial_sources.csv
eggs,neutral,egg protein consumption,3,3,https://www.sciencedirect.com/science/article/pii/S0261561422003235,sciencedirect.com,The role of protein intake in the relationship between egg ...,2026-05-09 19:35:02,ScienceDirecttopic page,ScienceDirect,sciencedirect.com,unreliable,Generally unreliable,"ScienceDirectis an online bibliographical database run by Elsevier. In addition to academic publications, the website maintains machine-generated ""topic pages"" consisting of quotations from publications in the database. These topic pages change over time, presenting a challenge toverifiability. Citations should be made to the actual, underlying publications quoted by the topic page.",domain sciencedirect.com matches unreliable domain from file raw_wikipedia_perennial_sources.csv
eggs,slanted,salmonella egg dangers,3,5,https://www.linkedin.com/pulse/hidden-danger-eggs-learnqualltd-qghre,linkedin.com,The Hidden Dangers of Eggs: Understanding Salmonella ...,2026-05-09 19:35:42,LinkedIn(LinkedIn Pulse),LinkedIn,linkedin.com,unreliable,Generally unreliable,"LinkedIn is a social network. As aself-published source, it is considered generally unreliable and should be avoided unless the post is used for anuncontroversial self-description. Articles onLinkedIn Pulsewritten by LinkedIn users are also self-published. LinkedIn accounts should only be cited if they areverified accountsor if the user's identity is confirmed in some way. Posts that are not covered by reliable sources are likely to constituteundue weight. LinkedIn should never be used forthird-party claimsrelated toliving persons.",domain linkedin.com matches unreliable domain from file raw_wikipedia_perennial_sources.csv
eggs,neutral,pasteurized eggs research,1,1,https://www.sciencedirect.com/science/article/pii/S1878450X22000828,sciencedirect.com,Pasteurised eggs - A food safety solution against ...,2026-05-09 19:36:00,ScienceDirecttopic page,ScienceDirect,sciencedirect.com,unreliable,Generally unreliable,"ScienceDirectis an online bibliographical database run by Elsevier. In addition to academic publications, the website maintains machine-generated ""topic pages"" consisting of quotations from publications in the database. These topic pages change over time, presenting a challenge toverifiability. Citations should be made to the actual, underlying publications quoted by the topic page.",domain sciencedirect.com matches unreliable domain from file raw_wikipedia_perennial_sources.csv
eggs,neutral,pasteurized eggs research,3,3,https://www.reddit.com/r/nutrition/comments/1k8gsf4/protein_bioavailability_of_raw_pasteurised/,reddit.com,"Protein Bioavailability of raw, pasteurised, cartoned egg ...",2026-05-09 19:36:21,Reddit,Reddit,reddit.com;redditinc.com,unreliable,Generally unreliable,"Reddit is asocial newsand discussion website. Reddit contains mostlyuser-generated content, and is considered bothself-publishedand generally unreliable. Interview responses written byverifiedinterviewees on ther/IAmAsubreddit areprimary sources, and editors disagree on their reliability. The policy on the use ofsources about themselvesapplies.",domain reddit.com matches unreliable domain from file raw_wikipedia_perennial_sources.csv
eggs,neutral,pasteurized eggs research,3,4,https://www.facebook.com/KXANnews/posts/a-study-showed-eating-any-amount-of-eggs-was-associated-with-a-1727-reduced-risk/1441650411336213/,facebook.com,"27% reduced risk of Alzheimer's disease,"" compared to ...",2026-05-09 19:36:22,Facebook(Meta),Facebook,facebook.com,unreliable,Generally unreliable,"Facebook is considered generally unreliable because it is aself-published sourcewith no editorial oversight. In the 2020 RfC, there was consensus to add anedit filterto warn users who attempt to cite Facebook as a source, and no consensus on whether Facebook citations should be automatically reverted withXLinkBot.",domain facebook.com matches unreliable domain from file raw_wikipedia_perennial_sources.csv
eggs,neutral,pasteurized eggs research,3,5,https://www.sciencedirect.com/science/article/abs/pii/S0956713523005066,sciencedirect.com,Research advances on the effects of thermal and non ...,2026-05-09 19:36:22,ScienceDirecttopic page,ScienceDirect,sciencedirect.com,unreliable,Generally unreliable,"ScienceDirectis an online bibliographical database run by Elsevier. In addition to academic publications, the website maintains machine-generated ""topic pages"" consisting of quotations from publications in the database. These topic pages change over time, presenting a challenge toverifiability. Citations should be made to the actual, underlying publications quoted by the topic page.",domain sciencedirect.com matches unreliable domain from file raw_wikipedia_perennial_sources.csv
eggs,slanted,raw egg safety,1,2,https://www.reddit.com/r/Cooking/comments/11692ky/so_are_raw_eggs_dangerous_or_what/,reddit.com,So are raw eggs dangerous or what? : r/Cooking,2026-05-09 19:36:36,Reddit,Reddit,reddit.com;redditinc.com,unreliable,Generally unreliable,"Reddit is asocial newsand discussion website. Reddit contains mostlyuser-generated content, and is considered bothself-publishedand generally unreliable. Interview responses written byverifiedinterviewees on ther/IAmAsubreddit areprimary sources, and editors disagree on their reliability. The policy on the use ofsources about themselvesapplies.",domain reddit.com matches unreliable domain from file raw_wikipedia_perennial_sources.csv
eggs,slanted,raw egg safety,3,7,https://www.sciencedirect.com/topics/food-science/raw-eggs,sciencedirect.com,Raw Eggs - an overview,2026-05-09 19:37:12,ScienceDirecttopic page,ScienceDirect,sciencedirect.com,unreliable,Generally unreliable,"ScienceDirectis an online bibliographical database run by Elsevier. In addition to academic publications, the website maintains machine-generated ""topic pages"" consisting of quotations from publications in the database. These topic pages change over time, presenting a challenge toverifiability. Citations should be made to the actual, underlying publications quoted by the topic page.",domain sciencedirect.com matches unreliable domain from file raw_wikipedia_perennial_sources.csv
sugar,neutral,sugar consumption effects,1,9,https://www.sciencedirect.com/science/article/pii/S0149763418308613,sciencedirect.com,The impact of sugar consumption on stress driven ...,2026-05-09 19:37:44,ScienceDirecttopic page,ScienceDirect,sciencedirect.com,unreliable,Generally unreliable,"ScienceDirectis an online bibliographical database run by Elsevier. In addition to academic publications, the website maintains machine-generated ""topic pages"" consisting of quotations from publications in the database. These topic pages change over time, presenting a challenge toverifiability. Citations should be made to the actual, underlying publications quoted by the topic page.",domain sciencedirect.com matches unreliable domain from file raw_wikipedia_perennial_sources.csv
sugar,neutral,sugar consumption effects,2,10,https://www.youtube.com/watch?v=lEXBxijQREo,youtube.com,How sugar affects the brain - Nicole Avena,2026-05-09 19:37:54,YouTube,YouTube,youtube.com,unreliable,Generally unreliable,"Most videos on YouTube are anonymous,self-published, and unverifiable, and should not be used as a reference. Content uploaded from a verified official account, such as that of a news organization, may be treated as originating from the uploader and therefore inheriting their level of reliability. However, many YouTube videos from unofficial accounts are copyright violations and should not be linked from Wikipedia, according toWP:COPYLINK. See alsoWP:YOUTUBEandWP:VIDEOLINK. For illustrative, non-referential use, seec:Commons:YouTube filesandWikipedia:Image use policy.",domain youtube.com matches unreliable domain from file raw_wikipedia_perennial_sources.csv
sugar,slanted,sugar addiction risks,1,9,https://www.sciencedirect.com/science/article/pii/S0149763418308613,sciencedirect.com,The impact of sugar consumption on stress driven ...,2026-05-09 19:38:20,ScienceDirecttopic page,ScienceDirect,sciencedirect.com,unreliable,Generally unreliable,"ScienceDirectis an online bibliographical database run by Elsevier. In addition to academic publications, the website maintains machine-generated ""topic pages"" consisting of quotations from publications in the database. These topic pages change over time, presenting a challenge toverifiability. Citations should be made to the actual, underlying publications quoted by the topic page.",domain sciencedirect.com matches unreliable domain from file raw_wikipedia_perennial_sources.csv
sugar,slanted,sugar addiction risks,2,10,https://www.youtube.com/watch?v=lEXBxijQREo,youtube.com,How sugar affects the brain - Nicole Avena,2026-05-09 19:38:36,YouTube,YouTube,youtube.com,unreliable,Generally unreliable,"Most videos on YouTube are anonymous,self-published, and unverifiable, and should not be used as a reference. Content uploaded from a verified official account, such as that of a news organization, may be treated as originating from the uploader and therefore inheriting their level of reliability. However, many YouTube videos from unofficial accounts are copyright violations and should not be linked from Wikipedia, according toWP:COPYLINK. See alsoWP:YOUTUBEandWP:VIDEOLINK. For illustrative, non-referential use, seec:Commons:YouTube filesandWikipedia:Image use policy.",domain youtube.com matches unreliable domain from file raw_wikipedia_perennial_sources.csv
sugar,neutral,added sugar guidelines,2,5,https://www.facebook.com/FDA/posts/the-new-dietary-guidelines-for-americans-recommend-limiting-added-sugars-to-supp/1322126489944706/,facebook.com,The new Dietary Guidelines for Americans recommend ...,2026-05-09 19:39:18,Facebook(Meta),Facebook,facebook.com,unreliable,Generally unreliable,"Facebook is considered generally unreliable because it is aself-published sourcewith no editorial oversight. In the 2020 RfC, there was consensus to add anedit filterto warn users who attempt to cite Facebook as a source, and no consensus on whether Facebook citations should be automatically reverted withXLinkBot.",domain facebook.com matches unreliable domain from file raw_wikipedia_perennial_sources.csv
sugar,neutral,added sugar guidelines,3,4,https://www.youtube.com/watch?v=0cjJ-aaMP9E,youtube.com,"Added Sugars: Current Evidence on Sources, Health ...",2026-05-09 19:39:27,YouTube,YouTube,youtube.com,unreliable,Generally unreliable,"Most videos on YouTube are anonymous,self-published, and unverifiable, and should not be used as a reference. Content uploaded from a verified official account, such as that of a news organization, may be treated as originating from the uploader and therefore inheriting their level of reliability. However, many YouTube videos from unofficial accounts are copyright violations and should not be linked from Wikipedia, according toWP:COPYLINK. See alsoWP:YOUTUBEandWP:VIDEOLINK. For illustrative, non-referential use, seec:Commons:YouTube filesandWikipedia:Image use policy.",domain youtube.com matches unreliable domain from file raw_wikipedia_perennial_sources.csv
sugar,slanted,high fructose corn syrup dangers,2,4,https://www.reddit.com/r/askscience/comments/giz9v/how_bad_exactly_is_high_fructose_corn_syrup/,reddit.com,"How bad, exactly, is High Fructose Corn Syrup?",2026-05-09 19:40:13,Reddit,Reddit,reddit.com;redditinc.com,unreliable,Generally unreliable,"Reddit is asocial newsand discussion website. Reddit contains mostlyuser-generated content, and is considered bothself-publishedand generally unreliable. Interview responses written byverifiedinterviewees on ther/IAmAsubreddit areprimary sources, and editors disagree on their reliability. The policy on the use ofsources about themselvesapplies.",domain reddit.com matches unreliable domain from file raw_wikipedia_perennial_sources.csv
sugar,slanted,high fructose corn syrup dangers,3,7,https://www.foxnews.com/health/not-so-sweet-the-hidden-danger-in-high-fructose-corn-syrup,foxnews.com,Not So Sweet: The Hidden Danger in High-Fructose Corn ...,2026-05-09 19:40:22,Fox News[aa](news excluding politics and science),Fox_News,foxnews.com,unreliable,No consensus,"Historically, there has been consensus that Fox News is generally reliable for news coverage on topics other than politics and science. However, many editors expressed concerns about the reliability of Fox News for any topic in a 2023 RFC. No formal consensus was reached on the matter, though.See also:Fox News (politics and science),Fox News (talk shows).",domain foxnews.com matches unreliable domain from file raw_wikipedia_perennial_sources.csv
sugar,neutral,natural sugar vs processed,3,4,https://www.reddit.com/r/explainlikeimfive/comments/15zn8ce/eli5_whats_the_difference_between_processed_sugar/,reddit.com,"Eli5: Whats the difference between ""processed sugar"" and ...",2026-05-09 19:41:56,Reddit,Reddit,reddit.com;redditinc.com,unreliable,Generally unreliable,"Reddit is asocial newsand discussion website. Reddit contains mostlyuser-generated content, and is considered bothself-publishedand generally unreliable. Interview responses written byverifiedinterviewees on ther/IAmAsubreddit areprimary sources, and editors disagree on their reliability. The policy on the use ofsources about themselvesapplies.",domain reddit.com matches unreliable domain from file raw_wikipedia_perennial_sources.csv
sugar,slanted,artificial sweeteners cancer,2,5,https://www.reddit.com/r/science/comments/udz7n8/artificial_sweeteners_and_cancer_risk_results/,reddit.com,Artificial sweeteners and cancer risk: Results from the ...,2026-05-09 19:42:34,Reddit,Reddit,reddit.com;redditinc.com,unreliable,Generally unreliable,"Reddit is asocial newsand discussion website. Reddit contains mostlyuser-generated content, and is considered bothself-publishedand generally unreliable. Interview responses written byverifiedinterviewees on ther/IAmAsubreddit areprimary sources, and editors disagree on their reliability. The policy on the use ofsources about themselvesapplies.",domain reddit.com matches unreliable domain from file raw_wikipedia_perennial_sources.csv
sugar,slanted,artificial sweeteners cancer,3,4,https://www.sciencedirect.com/science/article/pii/S0923753419375763,sciencedirect.com,Artificial sweeteners and cancer risk in a network of case– ...,2026-05-09 19:42:43,ScienceDirecttopic page,ScienceDirect,sciencedirect.com,unreliable,Generally unreliable,"ScienceDirectis an online bibliographical database run by Elsevier. In addition to academic publications, the website maintains machine-generated ""topic pages"" consisting of quotations from publications in the database. These topic pages change over time, presenting a challenge toverifiability. Citations should be made to the actual, underlying publications quoted by the topic page.",domain sciencedirect.com matches unreliable domain from file raw_wikipedia_perennial_sources.csv
salt,neutral,sodium intake guidelines,3,3,https://www.youtube.com/watch?v=Hu03EcGGfR4,youtube.com,The Science Behind the Sodium Intake Guidelines,2026-05-09 19:43:45,YouTube,YouTube,youtube.com,unreliable,Generally unreliable,"Most videos on YouTube are anonymous,self-published, and unverifiable, and should not be used as a reference. Content uploaded from a verified official account, such as that of a news organization, may be treated as originating from the uploader and therefore inheriting their level of reliability. However, many YouTube videos from unofficial accounts are copyright violations and should not be linked from Wikipedia, according toWP:COPYLINK. See alsoWP:YOUTUBEandWP:VIDEOLINK. For illustrative, non-referential use, seec:Commons:YouTube filesandWikipedia:Image use policy.",domain youtube.com matches unreliable domain from file raw_wikipedia_perennial_sources.csv
salt,neutral,sodium intake guidelines,3,8,https://www.sciencedirect.com/science/article/pii/S0002916523071204,sciencedirect.com,The dietary guideline for sodium: should we shake it up? Yes!,2026-05-09 19:43:48,ScienceDirecttopic page,ScienceDirect,sciencedirect.com,unreliable,Generally unreliable,"ScienceDirectis an online bibliographical database run by Elsevier. In addition to academic publications, the website maintains machine-generated ""topic pages"" consisting of quotations from publications in the database. These topic pages change over time, presenting a challenge toverifiability. Citations should be made to the actual, underlying publications quoted by the topic page.",domain sciencedirect.com matches unreliable domain from file raw_wikipedia_perennial_sources.csv
salt,slanted,salt hypertension risk,3,6,https://www.facebook.com/ClevelandClinic/posts/too-much-salt-can-increase-your-blood-pressure-and-put-you-at-risk-for-heart-dis/1023001433208479/,facebook.com,Too much salt can increase your blood pressure and put ...,2026-05-09 19:44:22,Facebook(Meta),Facebook,facebook.com,unreliable,Generally unreliable,"Facebook is considered generally unreliable because it is aself-published sourcewith no editorial oversight. In the 2020 RfC, there was consensus to add anedit filterto warn users who attempt to cite Facebook as a source, and no consensus on whether Facebook citations should be automatically reverted withXLinkBot.",domain facebook.com matches unreliable domain from file raw_wikipedia_perennial_sources.csv
salt,slanted,salt hypertension risk,3,7,https://www.sciencedirect.com/science/article/pii/S0735109719386929,sciencedirect.com,Salt Reduction to Prevent Hypertension and ...,2026-05-09 19:44:22,ScienceDirecttopic page,ScienceDirect,sciencedirect.com,unreliable,Generally unreliable,"ScienceDirectis an online bibliographical database run by Elsevier. In addition to academic publications, the website maintains machine-generated ""topic pages"" consisting of quotations from publications in the database. These topic pages change over time, presenting a challenge toverifiability. Citations should be made to the actual, underlying publications quoted by the topic page.",domain sciencedirect.com matches unreliable domain from file raw_wikipedia_perennial_sources.csv
salt,slanted,sea salt heavy metals,1,6,https://www.sciencedirect.com/science/article/abs/pii/S0025326X21002496,sciencedirect.com,Evaluation of heavy metal pollutants in salt and seawater ...,2026-05-09 19:46:43,ScienceDirecttopic page,ScienceDirect,sciencedirect.com,unreliable,Generally unreliable,"ScienceDirectis an online bibliographical database run by Elsevier. In addition to academic publications, the website maintains machine-generated ""topic pages"" consisting of quotations from publications in the database. These topic pages change over time, presenting a challenge toverifiability. Citations should be made to the actual, underlying publications quoted by the topic page.",domain sciencedirect.com matches unreliable domain from file raw_wikipedia_perennial_sources.csv
salt,slanted,sea salt heavy metals,1,7,https://medium.com/@truvis.thornton/ai-research-comprehensive-salt-safety-analysis-heavy-metal-contamination-data-and-health-risk-4cd425e45f00,medium.com,Comprehensive Salt Safety Analysis: Heavy Metal ...,2026-05-09 19:46:44,Medium,Medium_(website),medium.com,unreliable,Generally unreliable,"Medium is abloghosting service. As aself-published source, it is considered generally unreliable and should be avoided unless the author is asubject-matter expertor the blog is used foruncontroversial self-descriptions. Medium should never be used forthird-party claimsaboutliving persons. A 2022 RfC also found thatCuepoint, Medium's music publication, is marginally reliable, with editors stating that its reliability depends on the qualification of the author.",domain medium.com matches unreliable domain from file raw_wikipedia_perennial_sources.csv
salt,slanted,sea salt heavy metals,1,8,https://www.reddit.com/r/explainlikeimfive/comments/1mstlfw/eli5_how_commercially_sold_sea_salt_is_safe_for/,reddit.com,"ELI5 How Commercially Sold Sea Salt is ""Safe"" for ...",2026-05-09 19:46:45,Reddit,Reddit,reddit.com;redditinc.com,unreliable,Generally unreliable,"Reddit is asocial newsand discussion website. Reddit contains mostlyuser-generated content, and is considered bothself-publishedand generally unreliable. Interview responses written byverifiedinterviewees on ther/IAmAsubreddit areprimary sources, and editors disagree on their reliability. The policy on the use ofsources about themselvesapplies.",domain reddit.com matches unreliable domain from file raw_wikipedia_perennial_sources.csv
salt,slanted,sea salt heavy metals,3,2,https://www.facebook.com/groups/cleanlivingfinds/posts/1436257590723048/,facebook.com,What salt is safe to use?,2026-05-09 19:47:02,Facebook(Meta),Facebook,facebook.com,unreliable,Generally unreliable,"Facebook is considered generally unreliable because it is aself-published sourcewith no editorial oversight. In the 2020 RfC, there was consensus to add anedit filterto warn users who attempt to cite Facebook as a source, and no consensus on whether Facebook citations should be automatically reverted withXLinkBot.",domain facebook.com matches unreliable domain from file raw_wikipedia_perennial_sources.csv
salt,slanted,sea salt heavy metals,3,7,https://www.reddit.com/r/blueprint_/comments/1gdqfih/best_salt_without_heavy_metals/,reddit.com,Best Salt WITHOUT heavy metals? : r/blueprint_,2026-05-09 19:47:04,Reddit,Reddit,reddit.com;redditinc.com,unreliable,Generally unreliable,"Reddit is asocial newsand discussion website. Reddit contains mostlyuser-generated content, and is considered bothself-publishedand generally unreliable. Interview responses written byverifiedinterviewees on ther/IAmAsubreddit areprimary sources, and editors disagree on their reliability. The policy on the use ofsources about themselvesapplies.",domain reddit.com matches unreliable domain from file raw_wikipedia_perennial_sources.csv
salt,neutral,low sodium diet research,1,8,https://www.sciencedirect.com/science/article/pii/S2772487522000344,sciencedirect.com,Low sodium intake and cardiovascular disease mortality ...,2026-05-09 19:47:24,ScienceDirecttopic page,ScienceDirect,sciencedirect.com,unreliable,Generally unreliable,"ScienceDirectis an online bibliographical database run by Elsevier. In addition to academic publications, the website maintains machine-generated ""topic pages"" consisting of quotations from publications in the database. These topic pages change over time, presenting a challenge toverifiability. Citations should be made to the actual, underlying publications quoted by the topic page.",domain sciencedirect.com matches unreliable domain from file raw_wikipedia_perennial_sources.csv
salt,neutral,low sodium diet research,2,9,https://www.reddit.com/r/science/comments/1qoim4l/researchers_find_reducing_salt_in_everyday_foods/,reddit.com,Researchers find reducing salt in everyday foods,2026-05-09 19:47:34,Reddit,Reddit,reddit.com;redditinc.com,unreliable,Generally unreliable,"Reddit is asocial newsand discussion website. Reddit contains mostlyuser-generated content, and is considered bothself-publishedand generally unreliable. Interview responses written byverifiedinterviewees on ther/IAmAsubreddit areprimary sources, and editors disagree on their reliability. The policy on the use ofsources about themselvesapplies.",domain reddit.com matches unreliable domain from file raw_wikipedia_perennial_sources.csv
salt,neutral,low sodium diet research,3,3,https://www.youtube.com/watch?v=8gnJTNUQehs,youtube.com,Completely WRONG About Salt (New Study),2026-05-09 19:47:41,YouTube,YouTube,youtube.com,unreliable,Generally unreliable,"Most videos on YouTube are anonymous,self-published, and unverifiable, and should not be used as a reference. Content uploaded from a verified official account, such as that of a news organization, may be treated as originating from the uploader and therefore inheriting their level of reliability. However, many YouTube videos from unofficial accounts are copyright violations and should not be linked from Wikipedia, according toWP:COPYLINK. See alsoWP:YOUTUBEandWP:VIDEOLINK. For illustrative, non-referential use, seec:Commons:YouTube filesandWikipedia:Image use policy.",domain youtube.com matches unreliable domain from file raw_wikipedia_perennial_sources.csv
salt,slanted,salt heart disease,2,7,https://www.youtube.com/watch?v=onWtndwgPBI,youtube.com,Ask the Expert: The Link Between Salt Intake and Heart Disease,2026-05-09 19:48:17,YouTube,YouTube,youtube.com,unreliable,Generally unreliable,"Most videos on YouTube are anonymous,self-published, and unverifiable, and should not be used as a reference. Content uploaded from a verified official account, such as that of a news organization, may be treated as originating from the uploader and therefore inheriting their level of reliability. However, many YouTube videos from unofficial accounts are copyright violations and should not be linked from Wikipedia, according toWP:COPYLINK. See alsoWP:YOUTUBEandWP:VIDEOLINK. For illustrative, non-referential use, seec:Commons:YouTube filesandWikipedia:Image use policy.",domain youtube.com matches unreliable domain from file raw_wikipedia_perennial_sources.csv
salt,slanted,salt heart disease,2,9,https://www.sciencedirect.com/science/article/pii/S0735109722070358,sciencedirect.com,Adding Salt to Foods and Risk of Cardiovascular Disease,2026-05-09 19:48:19,ScienceDirecttopic page,ScienceDirect,sciencedirect.com,unreliable,Generally unreliable,"ScienceDirectis an online bibliographical database run by Elsevier. In addition to academic publications, the website maintains machine-generated ""topic pages"" consisting of quotations from publications in the database. These topic pages change over time, presenting a challenge toverifiability. Citations should be made to the actual, underlying publications quoted by the topic page.",domain sciencedirect.com matches unreliable domain from file raw_wikipedia_perennial_sources.csv
caffeine,neutral,caffeine health impact,1,6,https://www.sciencedirect.com/science/article/pii/S2772417424000104,sciencedirect.com,Pharmacology of caffeine and its effects on the human body,2026-05-09 19:48:52,ScienceDirecttopic page,ScienceDirect,sciencedirect.com,unreliable,Generally unreliable,"ScienceDirectis an online bibliographical database run by Elsevier. In addition to academic publications, the website maintains machine-generated ""topic pages"" consisting of quotations from publications in the database. These topic pages change over time, presenting a challenge toverifiability. Citations should be made to the actual, underlying publications quoted by the topic page.",domain sciencedirect.com matches unreliable domain from file raw_wikipedia_perennial_sources.csv
caffeine,slanted,caffeine anxiety risks,2,2,https://www.sciencedirect.com/science/article/abs/pii/S0165178123002573,sciencedirect.com,The association between coffee consumption and risk of ...,2026-05-09 19:49:47,ScienceDirecttopic page,ScienceDirect,sciencedirect.com,unreliable,Generally unreliable,"ScienceDirectis an online bibliographical database run by Elsevier. In addition to academic publications, the website maintains machine-generated ""topic pages"" consisting of quotations from publications in the database. These topic pages change over time, presenting a challenge toverifiability. Citations should be made to the actual, underlying publications quoted by the topic page.",domain sciencedirect.com matches unreliable domain from file raw_wikipedia_perennial_sources.csv
caffeine,neutral,coffee antioxidant research,1,10,https://www.sciencedirect.com/science/article/abs/pii/S0963996907001792,sciencedirect.com,Antioxidant potential of low-grade coffee beans,2026-05-09 19:51:31,ScienceDirecttopic page,ScienceDirect,sciencedirect.com,unreliable,Generally unreliable,"ScienceDirectis an online bibliographical database run by Elsevier. In addition to academic publications, the website maintains machine-generated ""topic pages"" consisting of quotations from publications in the database. These topic pages change over time, presenting a challenge toverifiability. Citations should be made to the actual, underlying publications quoted by the topic page.",domain sciencedirect.com matches unreliable domain from file raw_wikipedia_perennial_sources.csv
caffeine,neutral,coffee antioxidant research,2,8,https://www.instagram.com/p/DYFWhxSDYAy/,instagram.com,Research shows it activates the same cellular ...,2026-05-09 19:51:40,"Instagram(IG, Insta, The Gram)",Instagram,instagram.com,unreliable,Generally unreliable,"As asocial networking service, Instagram is covered by the following policies and guidelines:WP:SOCIALMEDIA,WP:RSSELF,WP:SPSandWP:UGC.",domain instagram.com matches unreliable domain from file raw_wikipedia_perennial_sources.csv
caffeine,neutral,coffee antioxidant research,3,1,https://www.youtube.com/watch?v=vgrV9rjqQyA&vl=en,youtube.com,How To Use Coffee To Live Longer (Full Guide & Research),2026-05-09 19:51:47,YouTube,YouTube,youtube.com,unreliable,Generally unreliable,"Most videos on YouTube are anonymous,self-published, and unverifiable, and should not be used as a reference. Content uploaded from a verified official account, such as that of a news organization, may be treated as originating from the uploader and therefore inheriting their level of reliability. However, many YouTube videos from unofficial accounts are copyright violations and should not be linked from Wikipedia, according toWP:COPYLINK. See alsoWP:YOUTUBEandWP:VIDEOLINK. For illustrative, non-referential use, seec:Commons:YouTube filesandWikipedia:Image use policy.",domain youtube.com matches unreliable domain from file raw_wikipedia_perennial_sources.csv
caffeine,neutral,coffee antioxidant research,3,3,https://www.reddit.com/r/Biohackers/comments/1azv5c4/study_after_study_shows_coffee_reduces_allcause/,reddit.com,Study after study shows coffee reduces all-cause mortality,2026-05-09 19:51:47,Reddit,Reddit,reddit.com;redditinc.com,unreliable,Generally unreliable,"Reddit is asocial newsand discussion website. Reddit contains mostlyuser-generated content, and is considered bothself-publishedand generally unreliable. Interview responses written byverifiedinterviewees on ther/IAmAsubreddit areprimary sources, and editors disagree on their reliability. The policy on the use ofsources about themselvesapplies.",domain reddit.com matches unreliable domain from file raw_wikipedia_perennial_sources.csv
caffeine,slanted,energy drink dangers,3,2,https://www.reddit.com/r/explainlikeimfive/comments/1b13p2f/eli5_why_are_energy_drinks_and_the_like_so/,reddit.com,ELI5: Why are energy drinks and the like so dangerous?,2026-05-09 19:52:53,Reddit,Reddit,reddit.com;redditinc.com,unreliable,Generally unreliable,"Reddit is asocial newsand discussion website. Reddit contains mostlyuser-generated content, and is considered bothself-publishedand generally unreliable. Interview responses written byverifiedinterviewees on ther/IAmAsubreddit areprimary sources, and editors disagree on their reliability. The policy on the use ofsources about themselvesapplies.",domain reddit.com matches unreliable domain from file raw_wikipedia_perennial_sources.csv
caffeine,neutral,tea health effects,2,5,https://www.sciencedirect.com/science/article/pii/S0022316622141969,sciencedirect.com,Effects of Tea Consumption on Nutrition and Health,2026-05-09 19:53:34,ScienceDirecttopic page,ScienceDirect,sciencedirect.com,unreliable,Generally unreliable,"ScienceDirectis an online bibliographical database run by Elsevier. In addition to academic publications, the website maintains machine-generated ""topic pages"" consisting of quotations from publications in the database. These topic pages change over time, presenting a challenge toverifiability. Citations should be made to the actual, underlying publications quoted by the topic page.",domain sciencedirect.com matches unreliable domain from file raw_wikipedia_perennial_sources.csv
caffeine,neutral,tea health effects,2,9,https://www.youtube.com/watch?v=3G9JFSn40dI,youtube.com,One Bite At a Time - Teatime: a Review of Tea's Health ...,2026-05-09 19:53:35,YouTube,YouTube,youtube.com,unreliable,Generally unreliable,"Most videos on YouTube are anonymous,self-published, and unverifiable, and should not be used as a reference. Content uploaded from a verified official account, such as that of a news organization, may be treated as originating from the uploader and therefore inheriting their level of reliability. However, many YouTube videos from unofficial accounts are copyright violations and should not be linked from Wikipedia, according toWP:COPYLINK. See alsoWP:YOUTUBEandWP:VIDEOLINK. For illustrative, non-referential use, seec:Commons:YouTube filesandWikipedia:Image use policy.",domain youtube.com matches unreliable domain from file raw_wikipedia_perennial_sources.csv
caffeine,slanted,caffeine addiction,2,1,https://www.reddit.com/r/NoStupidQuestions/comments/1k7fpmg/is_a_caffeine_addiction_really_that_bad/,reddit.com,Is a caffeine addiction really THAT bad,2026-05-09 19:54:21,Reddit,Reddit,reddit.com;redditinc.com,unreliable,Generally unreliable,"Reddit is asocial newsand discussion website. Reddit contains mostlyuser-generated content, and is considered bothself-publishedand generally unreliable. Interview responses written byverifiedinterviewees on ther/IAmAsubreddit areprimary sources, and editors disagree on their reliability. The policy on the use ofsources about themselvesapplies.",domain reddit.com matches unreliable domain from file raw_wikipedia_perennial_sources.csv
caffeine,slanted,caffeine addiction,3,5,https://www.youtube.com/watch?v=WD6cYabx0nk,youtube.com,How Caffeine Addiction Changed History (ft. Michael Pollan ...,2026-05-09 19:54:30,YouTube,YouTube,youtube.com,unreliable,Generally unreliable,"Most videos on YouTube are anonymous,self-published, and unverifiable, and should not be used as a reference. Content uploaded from a verified official account, such as that of a news organization, may be treated as originating from the uploader and therefore inheriting their level of reliability. However, many YouTube videos from unofficial accounts are copyright violations and should not be linked from Wikipedia, according toWP:COPYLINK. See alsoWP:YOUTUBEandWP:VIDEOLINK. For illustrative, non-referential use, seec:Commons:YouTube filesandWikipedia:Image use policy.",domain youtube.com matches unreliable domain from file raw_wikipedia_perennial_sources.csv
caffeine,slanted,caffeine addiction,3,7,https://www.sciencedirect.com/science/article/abs/pii/S187620181630538X,sciencedirect.com,Caffeine addiction: Need for awareness and research and ...,2026-05-09 19:54:32,ScienceDirecttopic page,ScienceDirect,sciencedirect.com,unreliable,Generally unreliable,"ScienceDirectis an online bibliographical database run by Elsevier. In addition to academic publications, the website maintains machine-generated ""topic pages"" consisting of quotations from publications in the database. These topic pages change over time, presenting a challenge toverifiability. Citations should be made to the actual, underlying publications quoted by the topic page.",domain sciencedirect.com matches unreliable domain from file raw_wikipedia_perennial_sources.csv
alcohol,neutral,moderate alcohol consumption health impact,2,9,https://www.reddit.com/r/science/comments/1ebo6i2/moderate_drinking_not_better_for_health_than/,reddit.com,Moderate drinking not better for health than abstaining ...,2026-05-09 19:55:07,Reddit,Reddit,reddit.com;redditinc.com,unreliable,Generally unreliable,"Reddit is asocial newsand discussion website. Reddit contains mostlyuser-generated content, and is considered bothself-publishedand generally unreliable. Interview responses written byverifiedinterviewees on ther/IAmAsubreddit areprimary sources, and editors disagree on their reliability. The policy on the use ofsources about themselvesapplies.",domain reddit.com matches unreliable domain from file raw_wikipedia_perennial_sources.csv
alcohol,slanted,alcohol liver disease risk,2,1,https://www.sciencedirect.com/science/article/pii/S0168827825024596,sciencedirect.com,Risk of alcohol-related liver disease and cause-specific ...,2026-05-09 19:55:49,ScienceDirecttopic page,ScienceDirect,sciencedirect.com,unreliable,Generally unreliable,"ScienceDirectis an online bibliographical database run by Elsevier. In addition to academic publications, the website maintains machine-generated ""topic pages"" consisting of quotations from publications in the database. These topic pages change over time, presenting a challenge toverifiability. Citations should be made to the actual, underlying publications quoted by the topic page.",domain sciencedirect.com matches unreliable domain from file raw_wikipedia_perennial_sources.csv
alcohol,neutral,wine heart health,2,4,https://www.reddit.com/r/science/comments/1hh1rx0/in_moderation_drinking_wine_could_be_beneficial/,reddit.com,"In moderation, drinking wine could be beneficial for heart ...",2026-05-09 19:57:04,Reddit,Reddit,reddit.com;redditinc.com,unreliable,Generally unreliable,"Reddit is asocial newsand discussion website. Reddit contains mostlyuser-generated content, and is considered bothself-publishedand generally unreliable. Interview responses written byverifiedinterviewees on ther/IAmAsubreddit areprimary sources, and editors disagree on their reliability. The policy on the use ofsources about themselvesapplies.",domain reddit.com matches unreliable domain from file raw_wikipedia_perennial_sources.csv
alcohol,neutral,wine heart health,3,8,https://www.facebook.com/ClevelandClinic/posts/is-red-wine-good-for-your-heart-think-you-know-the-major-hearthealth-risk-factor/1295120059329947/,facebook.com,Is red wine good for your heart? 🍷 Think you know the ...,2026-05-09 19:57:14,Facebook(Meta),Facebook,facebook.com,unreliable,Generally unreliable,"Facebook is considered generally unreliable because it is aself-published sourcewith no editorial oversight. In the 2020 RfC, there was consensus to add anedit filterto warn users who attempt to cite Facebook as a source, and no consensus on whether Facebook citations should be automatically reverted withXLinkBot.",domain facebook.com matches unreliable domain from file raw_wikipedia_perennial_sources.csv
alcohol,slanted,binge drinking dangers,2,1,https://www.youtube.com/watch?v=VcQD6GFBmp0,youtube.com,Binge Drinking: What Really Happens to Your Body,2026-05-09 19:57:39,YouTube,YouTube,youtube.com,unreliable,Generally unreliable,"Most videos on YouTube are anonymous,self-published, and unverifiable, and should not be used as a reference. Content uploaded from a verified official account, such as that of a news organization, may be treated as originating from the uploader and therefore inheriting their level of reliability. However, many YouTube videos from unofficial accounts are copyright violations and should not be linked from Wikipedia, according toWP:COPYLINK. See alsoWP:YOUTUBEandWP:VIDEOLINK. For illustrative, non-referential use, seec:Commons:YouTube filesandWikipedia:Image use policy.",domain youtube.com matches unreliable domain from file raw_wikipedia_perennial_sources.csv
alcohol,neutral,beer nutrition research,1,4,https://www.sciencedirect.com/science/article/abs/pii/S0271531701003608,sciencedirect.com,Nutritional aspects of beer—a review,2026-05-09 19:58:08,ScienceDirecttopic page,ScienceDirect,sciencedirect.com,unreliable,Generally unreliable,"ScienceDirectis an online bibliographical database run by Elsevier. In addition to academic publications, the website maintains machine-generated ""topic pages"" consisting of quotations from publications in the database. These topic pages change over time, presenting a challenge toverifiability. Citations should be made to the actual, underlying publications quoted by the topic page.",domain sciencedirect.com matches unreliable domain from file raw_wikipedia_perennial_sources.csv
fast_food,neutral,food safety regulations,1,7,https://www.sciencedirect.com/science/article/pii/S030691929900072X,sciencedirect.com,Food safety regulation: an overview of contemporary issues,2026-05-09 19:59:54,ScienceDirecttopic page,ScienceDirect,sciencedirect.com,unreliable,Generally unreliable,"ScienceDirectis an online bibliographical database run by Elsevier. In addition to academic publications, the website maintains machine-generated ""topic pages"" consisting of quotations from publications in the database. These topic pages change over time, presenting a challenge toverifiability. Citations should be made to the actual, underlying publications quoted by the topic page.",domain sciencedirect.com matches unreliable domain from file raw_wikipedia_perennial_sources.csv
fast_food,neutral,food safety regulations,2,8,https://www.youtube.com/watch?v=ATC2f8jFyA4,youtube.com,Overview of the regulatory system for food and feed safety: EU,2026-05-09 20:00:04,YouTube,YouTube,youtube.com,unreliable,Generally unreliable,"Most videos on YouTube are anonymous,self-published, and unverifiable, and should not be used as a reference. Content uploaded from a verified official account, such as that of a news organization, may be treated as originating from the uploader and therefore inheriting their level of reliability. However, many YouTube videos from unofficial accounts are copyright violations and should not be linked from Wikipedia, according toWP:COPYLINK. See alsoWP:YOUTUBEandWP:VIDEOLINK. For illustrative, non-referential use, seec:Commons:YouTube filesandWikipedia:Image use policy.",domain youtube.com matches unreliable domain from file raw_wikipedia_perennial_sources.csv
fast_food,neutral,food safety regulations,3,5,https://www.youtube.com/watch?v=0AHIw6D5GZ0,youtube.com,Overview of Food Safety Regulations,2026-05-09 20:00:13,YouTube,YouTube,youtube.com,unreliable,Generally unreliable,"Most videos on YouTube are anonymous,self-published, and unverifiable, and should not be used as a reference. Content uploaded from a verified official account, such as that of a news organization, may be treated as originating from the uploader and therefore inheriting their level of reliability. However, many YouTube videos from unofficial accounts are copyright violations and should not be linked from Wikipedia, according toWP:COPYLINK. See alsoWP:YOUTUBEandWP:VIDEOLINK. For illustrative, non-referential use, seec:Commons:YouTube filesandWikipedia:Image use policy.",domain youtube.com matches unreliable domain from file raw_wikipedia_perennial_sources.csv
fast_food,slanted,fast food obesity,1,5,https://www.sciencedirect.com/science/article/pii/S2049080122007671,sciencedirect.com,Prevalence of obesity and its association with fast-food ...,2026-05-09 20:01:32,ScienceDirecttopic page,ScienceDirect,sciencedirect.com,unreliable,Generally unreliable,"ScienceDirectis an online bibliographical database run by Elsevier. In addition to academic publications, the website maintains machine-generated ""topic pages"" consisting of quotations from publications in the database. These topic pages change over time, presenting a challenge toverifiability. Citations should be made to the actual, underlying publications quoted by the topic page.",domain sciencedirect.com matches unreliable domain from file raw_wikipedia_perennial_sources.csv
fast_food,slanted,fast food obesity,2,8,https://www.reddit.com/r/NoStupidQuestions/comments/1hoy829/50_year_ago_we_had_sugary_beverages_greasy_fast/,reddit.com,"50 year ago, we had sugary beverages, greasy fast food ...",2026-05-09 20:01:48,Reddit,Reddit,reddit.com;redditinc.com,unreliable,Generally unreliable,"Reddit is asocial newsand discussion website. Reddit contains mostlyuser-generated content, and is considered bothself-publishedand generally unreliable. Interview responses written byverifiedinterviewees on ther/IAmAsubreddit areprimary sources, and editors disagree on their reliability. The policy on the use ofsources about themselvesapplies.",domain reddit.com matches unreliable domain from file raw_wikipedia_perennial_sources.csv
fast_food,slanted,fast food obesity,3,6,https://www.facebook.com/fitnesschefrecipes/videos/we-are-constantly-told-obesity-is-caused-by-fast-food-so-called-junk-food-insuli/2513121515874695/,facebook.com,We are constantly told obesity is caused by fast food ...,2026-05-09 20:01:58,Facebook(Meta),Facebook,facebook.com,unreliable,Generally unreliable,"Facebook is considered generally unreliable because it is aself-published sourcewith no editorial oversight. In the 2020 RfC, there was consensus to add anedit filterto warn users who attempt to cite Facebook as a source, and no consensus on whether Facebook citations should be automatically reverted withXLinkBot.",domain facebook.com matches unreliable domain from file raw_wikipedia_perennial_sources.csv
fast_food,slanted,fast food obesity,3,7,https://www.sciencedirect.com/science/article/pii/S266726852500018X,sciencedirect.com,The consumption of fast food and obesity associated with ...,2026-05-09 20:01:58,ScienceDirecttopic page,ScienceDirect,sciencedirect.com,unreliable,Generally unreliable,"ScienceDirectis an online bibliographical database run by Elsevier. In addition to academic publications, the website maintains machine-generated ""topic pages"" consisting of quotations from publications in the database. These topic pages change over time, presenting a challenge toverifiability. Citations should be made to the actual, underlying publications quoted by the topic page.",domain sciencedirect.com matches unreliable domain from file raw_wikipedia_perennial_sources.csv
fast_food,neutral,restaurant calorie labeling,3,2,https://www.youtube.com/watch?v=wuqO3ODoaXU,youtube.com,Calories Count (and Calorie Counts) When You're Eating Out,2026-05-09 20:02:59,YouTube,YouTube,youtube.com,unreliable,Generally unreliable,"Most videos on YouTube are anonymous,self-published, and unverifiable, and should not be used as a reference. Content uploaded from a verified official account, such as that of a news organization, may be treated as originating from the uploader and therefore inheriting their level of reliability. However, many YouTube videos from unofficial accounts are copyright violations and should not be linked from Wikipedia, according toWP:COPYLINK. See alsoWP:YOUTUBEandWP:VIDEOLINK. For illustrative, non-referential use, seec:Commons:YouTube filesandWikipedia:Image use policy.",domain youtube.com matches unreliable domain from file raw_wikipedia_perennial_sources.csv
fast_food,neutral,restaurant calorie labeling,3,9,https://www.sciencedirect.com/science/article/pii/S0749379713001761,sciencedirect.com,Menu Labeling Regulations and Calories Purchased at ...,2026-05-09 20:03:02,ScienceDirecttopic page,ScienceDirect,sciencedirect.com,unreliable,Generally unreliable,"ScienceDirectis an online bibliographical database run by Elsevier. In addition to academic publications, the website maintains machine-generated ""topic pages"" consisting of quotations from publications in the database. These topic pages change over time, presenting a challenge toverifiability. Citations should be made to the actual, underlying publications quoted by the topic page.",domain sciencedirect.com matches unreliable domain from file raw_wikipedia_perennial_sources.csv
fast_food,neutral,food processing research,2,9,https://www.sciencedirect.com/science/article/pii/S0924224424003790,sciencedirect.com,Benefits and challenges of food processing in the context ...,2026-05-09 20:04:16,ScienceDirecttopic page,ScienceDirect,sciencedirect.com,unreliable,Generally unreliable,"ScienceDirectis an online bibliographical database run by Elsevier. In addition to academic publications, the website maintains machine-generated ""topic pages"" consisting of quotations from publications in the database. These topic pages change over time, presenting a challenge toverifiability. Citations should be made to the actual, underlying publications quoted by the topic page.",domain sciencedirect.com matches unreliable domain from file raw_wikipedia_perennial_sources.csv
fast_food,slanted,fast food antibiotic meat,1,6,https://www.reddit.com/r/fastfood/comments/1pfrblw/do_any_chains_still_use_antibiotic_free_meat/,reddit.com,Do any chains still use antibiotic free meat? : r/fastfood,2026-05-09 20:04:46,Reddit,Reddit,reddit.com;redditinc.com,unreliable,Generally unreliable,"Reddit is asocial newsand discussion website. Reddit contains mostlyuser-generated content, and is considered bothself-publishedand generally unreliable. Interview responses written byverifiedinterviewees on ther/IAmAsubreddit areprimary sources, and editors disagree on their reliability. The policy on the use ofsources about themselvesapplies.",domain reddit.com matches unreliable domain from file raw_wikipedia_perennial_sources.csv
fast_food,slanted,fast food antibiotic meat,1,8,https://www.facebook.com/CIDRAP/posts/report-most-fast-food-chains-arent-making-the-grade-on-antibiotic-policiesthe-re/1129012462557773/,facebook.com,Report: Most fast-food chains aren't making the grade on ...,2026-05-09 20:04:47,Facebook(Meta),Facebook,facebook.com,unreliable,Generally unreliable,"Facebook is considered generally unreliable because it is aself-published sourcewith no editorial oversight. In the 2020 RfC, there was consensus to add anedit filterto warn users who attempt to cite Facebook as a source, and no consensus on whether Facebook citations should be automatically reverted withXLinkBot.",domain facebook.com matches unreliable domain from file raw_wikipedia_perennial_sources.csv
fast_food,slanted,fast food antibiotic meat,1,10,https://nypost.com/2024/03/27/lifestyle/fast-food-chains-still-serve-meats-containing-antibiotics-here-are-the-ones-to-watch-out-for/,nypost.com,Fast-food chains still serve meats containing antibiotics,2026-05-09 20:04:49,"New York Post(NY Post,New York Evening Post,Page Six)(excluding entertainment)",New_York_Post,1090-3321;2641-4139;nypost.com,unreliable,Generally unreliable,"There is consensus theNew York Postis generally unreliable for factual reporting, especially with regard to politics, particularlyNew York City politics. Atabloid newspaper, editors criticise its lack of concern for fact-checking or corrections, including examples of outright fabrication. Editors consider theNew York Postmore reliable before it changed ownership in 1976, and particularly unreliable for coverage involving theNew York City Police Department. A 2024 RfC concluded that theNew York Postis marginally reliable for entertainment coverage; see below.This consensus does not apply to the broadsheet publication of the same name that existed from 1801–1942.",domain nypost.com matches unreliable domain from file raw_wikipedia_perennial_sources.csv
fast_food,slanted,fast food antibiotic meat,2,1,https://www.youtube.com/watch?v=4-_k6ooIYUc,youtube.com,Fast Food Restaurants That Serve Low-Quality Beef,2026-05-09 20:04:56,YouTube,YouTube,youtube.com,unreliable,Generally unreliable,"Most videos on YouTube are anonymous,self-published, and unverifiable, and should not be used as a reference. Content uploaded from a verified official account, such as that of a news organization, may be treated as originating from the uploader and therefore inheriting their level of reliability. However, many YouTube videos from unofficial accounts are copyright violations and should not be linked from Wikipedia, according toWP:COPYLINK. See alsoWP:YOUTUBEandWP:VIDEOLINK. For illustrative, non-referential use, seec:Commons:YouTube filesandWikipedia:Image use policy.",domain youtube.com matches unreliable domain from file raw_wikipedia_perennial_sources.csv
fast_food,slanted,fast food antibiotic meat,2,7,https://www.facebook.com/groups/madisonfood/posts/795699219110420/,facebook.com,Which restaurants in town promise not to use antibiotic ...,2026-05-09 20:04:59,Facebook(Meta),Facebook,facebook.com,unreliable,Generally unreliable,"Facebook is considered generally unreliable because it is aself-published sourcewith no editorial oversight. In the 2020 RfC, there was consensus to add anedit filterto warn users who attempt to cite Facebook as a source, and no consensus on whether Facebook citations should be automatically reverted withXLinkBot.",domain facebook.com matches unreliable domain from file raw_wikipedia_perennial_sources.csv
fast_food,slanted,fast food antibiotic meat,3,2,https://www.youtube.com/watch?v=8A-r-0ViE14,youtube.com,10 Fast Food Chains OVERUSING Beef Antibiotics,2026-05-09 20:05:06,YouTube,YouTube,youtube.com,unreliable,Generally unreliable,"Most videos on YouTube are anonymous,self-published, and unverifiable, and should not be used as a reference. Content uploaded from a verified official account, such as that of a news organization, may be treated as originating from the uploader and therefore inheriting their level of reliability. However, many YouTube videos from unofficial accounts are copyright violations and should not be linked from Wikipedia, according toWP:COPYLINK. See alsoWP:YOUTUBEandWP:VIDEOLINK. For illustrative, non-referential use, seec:Commons:YouTube filesandWikipedia:Image use policy.",domain youtube.com matches unreliable domain from file raw_wikipedia_perennial_sources.csv
organic_food,neutral,organic food diet facts,2,1,https://www.sciencedirect.com/science/article/pii/S2405844024043196,sciencedirect.com,Are organics more nutritious than conventional foods? A ...,2026-05-09 20:05:45,ScienceDirecttopic page,ScienceDirect,sciencedirect.com,unreliable,Generally unreliable,"ScienceDirectis an online bibliographical database run by Elsevier. In addition to academic publications, the website maintains machine-generated ""topic pages"" consisting of quotations from publications in the database. These topic pages change over time, presenting a challenge toverifiability. Citations should be made to the actual, underlying publications quoted by the topic page.",domain sciencedirect.com matches unreliable domain from file raw_wikipedia_perennial_sources.csv
organic_food,slanted,organic food scam,1,2,https://www.reddit.com/r/unpopularopinion/comments/bn04n4/organic_food_is_a_scam/,reddit.com,Organic food is a SCAM : r/unpopularopinion,2026-05-09 20:06:18,Reddit,Reddit,reddit.com;redditinc.com,unreliable,Generally unreliable,"Reddit is asocial newsand discussion website. Reddit contains mostlyuser-generated content, and is considered bothself-publishedand generally unreliable. Interview responses written byverifiedinterviewees on ther/IAmAsubreddit areprimary sources, and editors disagree on their reliability. The policy on the use ofsources about themselvesapplies.",domain reddit.com matches unreliable domain from file raw_wikipedia_perennial_sources.csv
organic_food,slanted,organic food scam,1,7,https://www.linkedin.com/pulse/science-organic-foods-shhhhhh-its-scam-steve-sayer-0dt3c,linkedin.com,The Science of Organic Foods - shhhhhh - It's a SCAM !,2026-05-09 20:06:35,LinkedIn(LinkedIn Pulse),LinkedIn,linkedin.com,unreliable,Generally unreliable,"LinkedIn is a social network. As aself-published source, it is considered generally unreliable and should be avoided unless the post is used for anuncontroversial self-description. Articles onLinkedIn Pulsewritten by LinkedIn users are also self-published. LinkedIn accounts should only be cited if they areverified accountsor if the user's identity is confirmed in some way. Posts that are not covered by reliable sources are likely to constituteundue weight. LinkedIn should never be used forthird-party claimsrelated toliving persons.",domain linkedin.com matches unreliable domain from file raw_wikipedia_perennial_sources.csv
organic_food,slanted,organic food scam,2,1,https://www.quora.com/In-one-sentence-whats-the-best-argument-that-organic-food-is-not-a-scam-and-that-everyone-should-be-eating-organic-food,quora.com,"In one sentence, what's the best argument that organic ...",2026-05-09 20:06:43,Quora,Quora,quora.com,unreliable,Generally unreliable,"Quora is aQ&A site. As an Internet forum, it is aself-published sourcethat incorporatesuser-generated content, and is considered generally unreliable. Posts fromverified accountson Quora can be used asprimary sourcesforstatements about themselves. Posts from verified accounts of established experts may also be used to substantiate statements in their field of expertise, in accordance with thepolicy on self-published sources.",domain quora.com matches unreliable domain from file raw_wikipedia_perennial_sources.csv
organic_food,slanted,organic food scam,2,5,https://www.facebook.com/thefoodbabe/posts/i-cant-count-how-many-times-ive-heard-organic-is-a-scamyet-i-still-choose-organi/1242385550674794/,facebook.com,I can't count how many times I've heard: “Organic is a scam ...,2026-05-09 20:06:45,Facebook(Meta),Facebook,facebook.com,unreliable,Generally unreliable,"Facebook is considered generally unreliable because it is aself-published sourcewith no editorial oversight. In the 2020 RfC, there was consensus to add anedit filterto warn users who attempt to cite Facebook as a source, and no consensus on whether Facebook citations should be automatically reverted withXLinkBot.",domain facebook.com matches unreliable domain from file raw_wikipedia_perennial_sources.csv
organic_food,slanted,organic food scam,3,7,https://www.facebook.com/groups/BuxtonStreetbyStreet/posts/1585103342105843/,facebook.com,"Can you give more info about the organic produce please, ...",2026-05-09 20:06:54,Facebook(Meta),Facebook,facebook.com,unreliable,Generally unreliable,"Facebook is considered generally unreliable because it is aself-published sourcewith no editorial oversight. In the 2020 RfC, there was consensus to add anedit filterto warn users who attempt to cite Facebook as a source, and no consensus on whether Facebook citations should be automatically reverted withXLinkBot.",domain facebook.com matches unreliable domain from file raw_wikipedia_perennial_sources.csv
organic_food,slanted,organic food scam,3,8,https://www.quora.com/Is-the-entire-organic-foods-industry-a-scam,quora.com,Is the entire organic foods industry a scam?,2026-05-09 20:06:54,Quora,Quora,quora.com,unreliable,Generally unreliable,"Quora is aQ&A site. As an Internet forum, it is aself-published sourcethat incorporatesuser-generated content, and is considered generally unreliable. Posts fromverified accountson Quora can be used asprimary sourcesforstatements about themselves. Posts from verified accounts of established experts may also be used to substantiate statements in their field of expertise, in accordance with thepolicy on self-published sources.",domain quora.com matches unreliable domain from file raw_wikipedia_perennial_sources.csv
organic_food,neutral,organic produce safety,2,1,https://www.reddit.com/r/askscience/comments/udx64r/is_there_any_proof_that_foods_grown_with_organic/,reddit.com,Is there any proof that foods grown with organic pesticides ...,2026-05-09 20:07:38,Reddit,Reddit,reddit.com;redditinc.com,unreliable,Generally unreliable,"Reddit is asocial newsand discussion website. Reddit contains mostlyuser-generated content, and is considered bothself-publishedand generally unreliable. Interview responses written byverifiedinterviewees on ther/IAmAsubreddit areprimary sources, and editors disagree on their reliability. The policy on the use ofsources about themselvesapplies.",domain reddit.com matches unreliable domain from file raw_wikipedia_perennial_sources.csv
organic_food,neutral,organic produce safety,2,2,https://www.sciencedirect.com/science/article/abs/pii/S0048969721001455,sciencedirect.com,Organic farming: Does it contribute to contaminant-free ...,2026-05-09 20:07:38,ScienceDirecttopic page,ScienceDirect,sciencedirect.com,unreliable,Generally unreliable,"ScienceDirectis an online bibliographical database run by Elsevier. In addition to academic publications, the website maintains machine-generated ""topic pages"" consisting of quotations from publications in the database. These topic pages change over time, presenting a challenge toverifiability. Citations should be made to the actual, underlying publications quoted by the topic page.",domain sciencedirect.com matches unreliable domain from file raw_wikipedia_perennial_sources.csv
organic_food,neutral,organic produce safety,2,7,https://www.quora.com/I-have-heard-that-organic-produce-is-more-dangerous-than-conventional-sometimes-due-to-the-genetically-altered-foods-that-can-be-labeled-organic-What-are-your-thoughts-on-this,quora.com,I have heard that organic produce is more dangerous than ...,2026-05-09 20:07:40,Quora,Quora,quora.com,unreliable,Generally unreliable,"Quora is aQ&A site. As an Internet forum, it is aself-published sourcethat incorporatesuser-generated content, and is considered generally unreliable. Posts fromverified accountson Quora can be used asprimary sourcesforstatements about themselves. Posts from verified accounts of established experts may also be used to substantiate statements in their field of expertise, in accordance with thepolicy on self-published sources.",domain quora.com matches unreliable domain from file raw_wikipedia_perennial_sources.csv
organic_food,neutral,organic produce safety,3,4,https://www.facebook.com/FarmwithFred/posts/food-safety-doesnt-mean-organic-farming-though-organic-food-is-generally-safe-sa/1208975744572467/,facebook.com,Food safety doesn't mean organic farming. Though ...,2026-05-09 20:07:48,Facebook(Meta),Facebook,facebook.com,unreliable,Generally unreliable,"Facebook is considered generally unreliable because it is aself-published sourcewith no editorial oversight. In the 2020 RfC, there was consensus to add anedit filterto warn users who attempt to cite Facebook as a source, and no consensus on whether Facebook citations should be automatically reverted withXLinkBot.",domain facebook.com matches unreliable domain from file raw_wikipedia_perennial_sources.csv
organic_food,slanted,organic farming pesticides,1,9,https://www.reddit.com/r/organic/comments/11n3wbe/new_to_organic_and_have_a_question_about_organic/,reddit.com,New to organic and have a question about organic pesticides,2026-05-09 20:08:18,Reddit,Reddit,reddit.com;redditinc.com,unreliable,Generally unreliable,"Reddit is asocial newsand discussion website. Reddit contains mostlyuser-generated content, and is considered bothself-publishedand generally unreliable. Interview responses written byverifiedinterviewees on ther/IAmAsubreddit areprimary sources, and editors disagree on their reliability. The policy on the use ofsources about themselvesapplies.",domain reddit.com matches unreliable domain from file raw_wikipedia_perennial_sources.csv
organic_food,slanted,organic farming pesticides,3,9,https://www.sciencedirect.com/science/article/pii/S2590157520300031,sciencedirect.com,Pesticide residues evaluation of organic crops. A critical ...,2026-05-09 20:08:37,ScienceDirecttopic page,ScienceDirect,sciencedirect.com,unreliable,Generally unreliable,"ScienceDirectis an online bibliographical database run by Elsevier. In addition to academic publications, the website maintains machine-generated ""topic pages"" consisting of quotations from publications in the database. These topic pages change over time, presenting a challenge toverifiability. Citations should be made to the actual, underlying publications quoted by the topic page.",domain sciencedirect.com matches unreliable domain from file raw_wikipedia_perennial_sources.csv
organic_food,slanted,organic farming pesticides,3,10,https://www.facebook.com/IowaFarmBabe/posts/organics-may-or-may-not-use-pesticides-same-with-non-organic-pesticide-use-and-g/1346807640140997/,facebook.com,Organics may or may not use pesticides. Same with non ...,2026-05-09 20:08:37,Facebook(Meta),Facebook,facebook.com,unreliable,Generally unreliable,"Facebook is considered generally unreliable because it is aself-published sourcewith no editorial oversight. In the 2020 RfC, there was consensus to add anedit filterto warn users who attempt to cite Facebook as a source, and no consensus on whether Facebook citations should be automatically reverted withXLinkBot.",domain facebook.com matches unreliable domain from file raw_wikipedia_perennial_sources.csv
tap_water,neutral,tap water safety,2,1,https://www.reddit.com/r/environmental_science/comments/1jh0fc7/how_safe_is_safe_when_it_comes_to_drinking_tap/,reddit.com,How Safe is 'Safe' When it Comes to Drinking Tap Water in ...,2026-05-09 20:09:21,Reddit,Reddit,reddit.com;redditinc.com,unreliable,Generally unreliable,"Reddit is asocial newsand discussion website. Reddit contains mostlyuser-generated content, and is considered bothself-publishedand generally unreliable. Interview responses written byverifiedinterviewees on ther/IAmAsubreddit areprimary sources, and editors disagree on their reliability. The policy on the use ofsources about themselvesapplies.",domain reddit.com matches unreliable domain from file raw_wikipedia_perennial_sources.csv
tap_water,neutral,tap water safety,3,5,https://www.quora.com/Why-most-people-dont-drink-tap-water-Is-it-really-dangerous-to-drink-it,quora.com,Why most people don't drink tap water? Is it really ...,2026-05-09 20:09:32,Quora,Quora,quora.com,unreliable,Generally unreliable,"Quora is aQ&A site. As an Internet forum, it is aself-published sourcethat incorporatesuser-generated content, and is considered generally unreliable. Posts fromverified accountson Quora can be used asprimary sourcesforstatements about themselves. Posts from verified accounts of established experts may also be used to substantiate statements in their field of expertise, in accordance with thepolicy on self-published sources.",domain quora.com matches unreliable domain from file raw_wikipedia_perennial_sources.csv
tap_water,slanted,lead in tap water,1,7,https://www.sciencedirect.com/science/article/abs/pii/S2468584421000118,sciencedirect.com,Lead in drinking water – An ongoing public health concern?,2026-05-09 20:10:09,ScienceDirecttopic page,ScienceDirect,sciencedirect.com,unreliable,Generally unreliable,"ScienceDirectis an online bibliographical database run by Elsevier. In addition to academic publications, the website maintains machine-generated ""topic pages"" consisting of quotations from publications in the database. These topic pages change over time, presenting a challenge toverifiability. Citations should be made to the actual, underlying publications quoted by the topic page.",domain sciencedirect.com matches unreliable domain from file raw_wikipedia_perennial_sources.csv
tap_water,slanted,lead in tap water,2,1,https://www.reddit.com/r/Switzerland/comments/orfky1/lead_in_swiss_tap_water/,reddit.com,Lead in swiss tap water? : r/Switzerland,2026-05-09 20:10:16,Reddit,Reddit,reddit.com;redditinc.com,unreliable,Generally unreliable,"Reddit is asocial newsand discussion website. Reddit contains mostlyuser-generated content, and is considered bothself-publishedand generally unreliable. Interview responses written byverifiedinterviewees on ther/IAmAsubreddit areprimary sources, and editors disagree on their reliability. The policy on the use ofsources about themselvesapplies.",domain reddit.com matches unreliable domain from file raw_wikipedia_perennial_sources.csv
tap_water,neutral,water quality regulations,2,4,https://www.sciencedirect.com/topics/social-sciences/water-quality-standard,sciencedirect.com,Water Quality Standard - an overview,2026-05-09 20:15:09,ScienceDirecttopic page,ScienceDirect,sciencedirect.com,unreliable,Generally unreliable,"ScienceDirectis an online bibliographical database run by Elsevier. In addition to academic publications, the website maintains machine-generated ""topic pages"" consisting of quotations from publications in the database. These topic pages change over time, presenting a challenge toverifiability. Citations should be made to the actual, underlying publications quoted by the topic page.",domain sciencedirect.com matches unreliable domain from file raw_wikipedia_perennial_sources.csv
tap_water,neutral,water quality regulations,3,4,https://www.youtube.com/watch?v=eZJVEfZSg7M,youtube.com,Preview of updated WHO Guidelines for drinking water quality ...,2026-05-09 20:15:22,YouTube,YouTube,youtube.com,unreliable,Generally unreliable,"Most videos on YouTube are anonymous,self-published, and unverifiable, and should not be used as a reference. Content uploaded from a verified official account, such as that of a news organization, may be treated as originating from the uploader and therefore inheriting their level of reliability. However, many YouTube videos from unofficial accounts are copyright violations and should not be linked from Wikipedia, according toWP:COPYLINK. See alsoWP:YOUTUBEandWP:VIDEOLINK. For illustrative, non-referential use, seec:Commons:YouTube filesandWikipedia:Image use policy.",domain youtube.com matches unreliable domain from file raw_wikipedia_perennial_sources.csv
tap_water,neutral,fluoridated water consumption,1,5,https://www.sciencedirect.com/science/article/pii/S2161831325001851,sciencedirect.com,Public Health Impacts of Water Fluorides: Current Evidence ...,2026-05-09 20:16:45,ScienceDirecttopic page,ScienceDirect,sciencedirect.com,unreliable,Generally unreliable,"ScienceDirectis an online bibliographical database run by Elsevier. In addition to academic publications, the website maintains machine-generated ""topic pages"" consisting of quotations from publications in the database. These topic pages change over time, presenting a challenge toverifiability. Citations should be made to the actual, underlying publications quoted by the topic page.",domain sciencedirect.com matches unreliable domain from file raw_wikipedia_perennial_sources.csv
tap_water,slanted,water contamination risks,3,1,https://www.sciencedirect.com/science/article/pii/S2772735124001136,sciencedirect.com,Ensuring water purity: Mitigating environmental risks and ...,2026-05-09 20:18:10,ScienceDirecttopic page,ScienceDirect,sciencedirect.com,unreliable,Generally unreliable,"ScienceDirectis an online bibliographical database run by Elsevier. In addition to academic publications, the website maintains machine-generated ""topic pages"" consisting of quotations from publications in the database. These topic pages change over time, presenting a challenge toverifiability. Citations should be made to the actual, underlying publications quoted by the topic page.",domain sciencedirect.com matches unreliable domain from file raw_wikipedia_perennial_sources.csv
bottled_water,neutral,bottled water convenience,2,1,https://www.reddit.com/r/Anticonsumption/comments/1t7coja/bottled_water_consumption/,reddit.com,Bottled water consumption : r/Anticonsumption,2026-05-09 20:19:09,Reddit,Reddit,reddit.com;redditinc.com,unreliable,Generally unreliable,"Reddit is asocial newsand discussion website. Reddit contains mostlyuser-generated content, and is considered bothself-publishedand generally unreliable. Interview responses written byverifiedinterviewees on ther/IAmAsubreddit areprimary sources, and editors disagree on their reliability. The policy on the use ofsources about themselvesapplies.",domain reddit.com matches unreliable domain from file raw_wikipedia_perennial_sources.csv
bottled_water,neutral,bottled water convenience,2,3,https://www.linkedin.com/pulse/bottled-water-clear-choice-purity-convenience-prashant-kaushik-k3tzc,linkedin.com,Bottled Water: A Clear Choice for Purity and Convenience,2026-05-09 20:19:10,LinkedIn(LinkedIn Pulse),LinkedIn,linkedin.com,unreliable,Generally unreliable,"LinkedIn is a social network. As aself-published source, it is considered generally unreliable and should be avoided unless the post is used for anuncontroversial self-description. Articles onLinkedIn Pulsewritten by LinkedIn users are also self-published. LinkedIn accounts should only be cited if they areverified accountsor if the user's identity is confirmed in some way. Posts that are not covered by reliable sources are likely to constituteundue weight. LinkedIn should never be used forthird-party claimsrelated toliving persons.",domain linkedin.com matches unreliable domain from file raw_wikipedia_perennial_sources.csv
bottled_water,neutral,bottled water convenience,3,3,https://www.sciencedirect.com/topics/food-science/bottled-water,sciencedirect.com,Bottled Water - an overview | ScienceDirect Topics,2026-05-09 20:19:44,ScienceDirecttopic page,ScienceDirect,sciencedirect.com,unreliable,Generally unreliable,"ScienceDirectis an online bibliographical database run by Elsevier. In addition to academic publications, the website maintains machine-generated ""topic pages"" consisting of quotations from publications in the database. These topic pages change over time, presenting a challenge toverifiability. Citations should be made to the actual, underlying publications quoted by the topic page.",domain sciencedirect.com matches unreliable domain from file raw_wikipedia_perennial_sources.csv
bottled_water,neutral,bottled water convenience,3,4,https://www.quora.com/How-did-bottled-water-become-popular-despite-being-essentially-the-same-as-tap-water-Why-do-people-choose-to-buy-bottled-water-especially-in-countries-with-good-public-water-supplies,quora.com,How did bottled water become popular despite being ...,2026-05-09 20:19:45,Quora,Quora,quora.com,unreliable,Generally unreliable,"Quora is aQ&A site. As an Internet forum, it is aself-published sourcethat incorporatesuser-generated content, and is considered generally unreliable. Posts fromverified accountson Quora can be used asprimary sourcesforstatements about themselves. Posts from verified accounts of established experts may also be used to substantiate statements in their field of expertise, in accordance with thepolicy on self-published sources.",domain quora.com matches unreliable domain from file raw_wikipedia_perennial_sources.csv
bottled_water,neutral,bottled water convenience,3,8,https://www.youtube.com/watch?v=m6msEeBMumE,youtube.com,Tap Water vs Bottled Water: Which Is Really Better for You?,2026-05-09 20:19:48,YouTube,YouTube,youtube.com,unreliable,Generally unreliable,"Most videos on YouTube are anonymous,self-published, and unverifiable, and should not be used as a reference. Content uploaded from a verified official account, such as that of a news organization, may be treated as originating from the uploader and therefore inheriting their level of reliability. However, many YouTube videos from unofficial accounts are copyright violations and should not be linked from Wikipedia, according toWP:COPYLINK. See alsoWP:YOUTUBEandWP:VIDEOLINK. For illustrative, non-referential use, seec:Commons:YouTube filesandWikipedia:Image use policy.",domain youtube.com matches unreliable domain from file raw_wikipedia_perennial_sources.csv
bottled_water,slanted,plastic bottle pollution,2,5,https://www.reddit.com/r/environmental_science/comments/1lgdsce/a_french_study_claims_glass_bottles_contain_more/,reddit.com,A French study claims glass bottles contain more ...,2026-05-09 20:21:41,Reddit,Reddit,reddit.com;redditinc.com,unreliable,Generally unreliable,"Reddit is asocial newsand discussion website. Reddit contains mostlyuser-generated content, and is considered bothself-publishedand generally unreliable. Interview responses written byverifiedinterviewees on ther/IAmAsubreddit areprimary sources, and editors disagree on their reliability. The policy on the use ofsources about themselvesapplies.",domain reddit.com matches unreliable domain from file raw_wikipedia_perennial_sources.csv
bottled_water,slanted,bottled water bacteria,1,5,https://www.sciencedirect.com/science/article/abs/pii/S2214799324000961,sciencedirect.com,Microbial diversity and ecology of bottled water,2026-05-09 20:23:38,ScienceDirecttopic page,ScienceDirect,sciencedirect.com,unreliable,Generally unreliable,"ScienceDirectis an online bibliographical database run by Elsevier. In addition to academic publications, the website maintains machine-generated ""topic pages"" consisting of quotations from publications in the database. These topic pages change over time, presenting a challenge toverifiability. Citations should be made to the actual, underlying publications quoted by the topic page.",domain sciencedirect.com matches unreliable domain from file raw_wikipedia_perennial_sources.csv
bottled_water,slanted,bottled water bacteria,2,7,https://www.reddit.com/r/askscience/comments/kwhqb/if_i_leave_water_in_a_plastic_bottle_for_a_few/,reddit.com,"If I leave water in a plastic bottle for a few days, does it ...",2026-05-09 20:23:54,Reddit,Reddit,reddit.com;redditinc.com,unreliable,Generally unreliable,"Reddit is asocial newsand discussion website. Reddit contains mostlyuser-generated content, and is considered bothself-publishedand generally unreliable. Interview responses written byverifiedinterviewees on ther/IAmAsubreddit areprimary sources, and editors disagree on their reliability. The policy on the use ofsources about themselvesapplies.",domain reddit.com matches unreliable domain from file raw_wikipedia_perennial_sources.csv
bottled_water,slanted,bottled water bacteria,3,3,https://www.quora.com/Is-there-more-bacteria-in-a-glass-of-tap-water-or-a-glass-of-bottled-water,quora.com,Is there more bacteria in a glass of tap water or ...,2026-05-09 20:24:06,Quora,Quora,quora.com,unreliable,Generally unreliable,"Quora is aQ&A site. As an Internet forum, it is aself-published sourcethat incorporatesuser-generated content, and is considered generally unreliable. Posts fromverified accountson Quora can be used asprimary sourcesforstatements about themselves. Posts from verified accounts of established experts may also be used to substantiate statements in their field of expertise, in accordance with thepolicy on self-published sources.",domain quora.com matches unreliable domain from file raw_wikipedia_perennial_sources.csv
bottled_water,neutral,mineral water research,1,2,https://www.sciencedirect.com/topics/agricultural-and-biological-sciences/mineral-water,sciencedirect.com,Mineral Water - an overview | ScienceDirect Topics,2026-05-09 20:25:35,ScienceDirecttopic page,ScienceDirect,sciencedirect.com,unreliable,Generally unreliable,"ScienceDirectis an online bibliographical database run by Elsevier. In addition to academic publications, the website maintains machine-generated ""topic pages"" consisting of quotations from publications in the database. These topic pages change over time, presenting a challenge toverifiability. Citations should be made to the actual, underlying publications quoted by the topic page.",domain sciencedirect.com matches unreliable domain from file raw_wikipedia_perennial_sources.csv
bottled_water,neutral,mineral water research,3,6,https://www.sciencedirect.com/science/article/pii/S1944398624026675,sciencedirect.com,Minerals in tap water and bottled waters and their impact ...,2026-05-09 20:26:23,ScienceDirecttopic page,ScienceDirect,sciencedirect.com,unreliable,Generally unreliable,"ScienceDirectis an online bibliographical database run by Elsevier. In addition to academic publications, the website maintains machine-generated ""topic pages"" consisting of quotations from publications in the database. These topic pages change over time, presenting a challenge toverifiability. Citations should be made to the actual, underlying publications quoted by the topic page.",domain sciencedirect.com matches unreliable domain from file raw_wikipedia_perennial_sources.csv
bottled_water,neutral,mineral water research,3,7,https://www.quora.com/Does-mineral-water-actually-give-you-a-decent-amount-of-minerals,quora.com,Does mineral water actually give you a decent amount of ...,2026-05-09 20:26:23,Quora,Quora,quora.com,unreliable,Generally unreliable,"Quora is aQ&A site. As an Internet forum, it is aself-published sourcethat incorporatesuser-generated content, and is considered generally unreliable. Posts fromverified accountson Quora can be used asprimary sourcesforstatements about themselves. Posts from verified accounts of established experts may also be used to substantiate statements in their field of expertise, in accordance with thepolicy on self-published sources.",domain quora.com matches unreliable domain from file raw_wikipedia_perennial_sources.csv
bottled_water,slanted,phthalate leaching,1,6,https://www.sciencedirect.com/science/article/pii/S0304389422020507,sciencedirect.com,Leaching of phthalate acid esters from plastic mulch films ...,2026-05-09 20:26:43,ScienceDirecttopic page,ScienceDirect,sciencedirect.com,unreliable,Generally unreliable,"ScienceDirectis an online bibliographical database run by Elsevier. In addition to academic publications, the website maintains machine-generated ""topic pages"" consisting of quotations from publications in the database. These topic pages change over time, presenting a challenge toverifiability. Citations should be made to the actual, underlying publications quoted by the topic page.",domain sciencedirect.com matches unreliable domain from file raw_wikipedia_perennial_sources.csv
bottled_water,slanted,phthalate leaching,2,3,https://www.reddit.com/r/ScienceBasedParenting/comments/16r84o7/how_does_phthalate_leaching_out_of_plastics_work/,reddit.com,How does phthalate leaching out of plastics work work?,2026-05-09 20:27:03,Reddit,Reddit,reddit.com;redditinc.com,unreliable,Generally unreliable,"Reddit is asocial newsand discussion website. Reddit contains mostlyuser-generated content, and is considered bothself-publishedand generally unreliable. Interview responses written byverifiedinterviewees on ther/IAmAsubreddit areprimary sources, and editors disagree on their reliability. The policy on the use ofsources about themselvesapplies.",domain reddit.com matches unreliable domain from file raw_wikipedia_perennial_sources.csv
bottled_water,slanted,phthalate leaching,2,10,https://www.sciencedirect.com/science/article/abs/pii/S0048969713004907,sciencedirect.com,Study on the leaching of phthalates from polyethylene ...,2026-05-09 20:27:05,ScienceDirecttopic page,ScienceDirect,sciencedirect.com,unreliable,Generally unreliable,"ScienceDirectis an online bibliographical database run by Elsevier. In addition to academic publications, the website maintains machine-generated ""topic pages"" consisting of quotations from publications in the database. These topic pages change over time, presenting a challenge toverifiability. Citations should be made to the actual, underlying publications quoted by the topic page.",domain sciencedirect.com matches unreliable domain from file raw_wikipedia_perennial_sources.csv
bottled_water,slanted,phthalate leaching,3,7,https://www.instagram.com/p/DYAIOtHIKLo/,instagram.com,"🥗 What's in plastic isn't just plastic, it's chemicals. These ...",2026-05-09 20:27:17,"Instagram(IG, Insta, The Gram)",Instagram,instagram.com,unreliable,Generally unreliable,"As asocial networking service, Instagram is covered by the following policies and guidelines:WP:SOCIALMEDIA,WP:RSSELF,WP:SPSandWP:UGC.",domain instagram.com matches unreliable domain from file raw_wikipedia_perennial_sources.csv
mining,neutral,mining safety regulations,2,2,https://www.youtube.com/watch?v=j7iTADxS7zs,youtube.com,Safety in Mining,2026-05-09 20:28:07,YouTube,YouTube,youtube.com,unreliable,Generally unreliable,"Most videos on YouTube are anonymous,self-published, and unverifiable, and should not be used as a reference. Content uploaded from a verified official account, such as that of a news organization, may be treated as originating from the uploader and therefore inheriting their level of reliability. However, many YouTube videos from unofficial accounts are copyright violations and should not be linked from Wikipedia, according toWP:COPYLINK. See alsoWP:YOUTUBEandWP:VIDEOLINK. For illustrative, non-referential use, seec:Commons:YouTube filesandWikipedia:Image use policy.",domain youtube.com matches unreliable domain from file raw_wikipedia_perennial_sources.csv
mining,neutral,mining safety regulations,2,8,https://www.quora.com/What-are-the-safety-measures-that-can-be-taken-when-extracting-minerals-from-mines,quora.com,What are the safety measures that can be taken when ...,2026-05-09 20:28:10,Quora,Quora,quora.com,unreliable,Generally unreliable,"Quora is aQ&A site. As an Internet forum, it is aself-published sourcethat incorporatesuser-generated content, and is considered generally unreliable. Posts fromverified accountson Quora can be used asprimary sourcesforstatements about themselves. Posts from verified accounts of established experts may also be used to substantiate statements in their field of expertise, in accordance with thepolicy on self-published sources.",domain quora.com matches unreliable domain from file raw_wikipedia_perennial_sources.csv
mining,slanted,mining environmental damage,1,4,https://www.sciencedirect.com/science/article/abs/pii/S0301479720315486,sciencedirect.com,Evaluating the environmental and economic impact of ...,2026-05-09 20:28:53,ScienceDirecttopic page,ScienceDirect,sciencedirect.com,unreliable,Generally unreliable,"ScienceDirectis an online bibliographical database run by Elsevier. In addition to academic publications, the website maintains machine-generated ""topic pages"" consisting of quotations from publications in the database. These topic pages change over time, presenting a challenge toverifiability. Citations should be made to the actual, underlying publications quoted by the topic page.",domain sciencedirect.com matches unreliable domain from file raw_wikipedia_perennial_sources.csv
mining,slanted,mining environmental damage,2,1,https://www.reddit.com/r/ClimateOffensive/comments/1kjy8eo/can_mining_be_made_less_environmental_destructive/,reddit.com,Can mining be made less environmental destructive?,2026-05-09 20:29:23,Reddit,Reddit,reddit.com;redditinc.com,unreliable,Generally unreliable,"Reddit is asocial newsand discussion website. Reddit contains mostlyuser-generated content, and is considered bothself-publishedand generally unreliable. Interview responses written byverifiedinterviewees on ther/IAmAsubreddit areprimary sources, and editors disagree on their reliability. The policy on the use ofsources about themselvesapplies.",domain reddit.com matches unreliable domain from file raw_wikipedia_perennial_sources.csv
mining,neutral,coal mining technology,1,4,https://www.sciencedirect.com/science/chapter/edited-volume/pii/B978012824328200011X,sciencedirect.com,Advances in coal mining technology and sustainable ...,2026-05-09 20:30:10,ScienceDirecttopic page,ScienceDirect,sciencedirect.com,unreliable,Generally unreliable,"ScienceDirectis an online bibliographical database run by Elsevier. In addition to academic publications, the website maintains machine-generated ""topic pages"" consisting of quotations from publications in the database. These topic pages change over time, presenting a challenge toverifiability. Citations should be made to the actual, underlying publications quoted by the topic page.",domain sciencedirect.com matches unreliable domain from file raw_wikipedia_perennial_sources.csv
mining,neutral,coal mining technology,2,4,https://www.facebook.com/CoalMinistry/posts/technological-advancements-in-coal-mining-have-transformed-the-coal-sector-beyon/1419851906853459/,facebook.com,Technological advancements in coal mining have ...,2026-05-09 20:30:35,Facebook(Meta),Facebook,facebook.com,unreliable,Generally unreliable,"Facebook is considered generally unreliable because it is aself-published sourcewith no editorial oversight. In the 2020 RfC, there was consensus to add anedit filterto warn users who attempt to cite Facebook as a source, and no consensus on whether Facebook citations should be automatically reverted withXLinkBot.",domain facebook.com matches unreliable domain from file raw_wikipedia_perennial_sources.csv
mining,slanted,mountaintop removal dangers,2,5,https://www.sciencedirect.com/science/article/abs/pii/S016041201730140X,sciencedirect.com,Systematic review of community health impacts ...,2026-05-09 20:31:36,ScienceDirecttopic page,ScienceDirect,sciencedirect.com,unreliable,Generally unreliable,"ScienceDirectis an online bibliographical database run by Elsevier. In addition to academic publications, the website maintains machine-generated ""topic pages"" consisting of quotations from publications in the database. These topic pages change over time, presenting a challenge toverifiability. Citations should be made to the actual, underlying publications quoted by the topic page.",domain sciencedirect.com matches unreliable domain from file raw_wikipedia_perennial_sources.csv
mining,slanted,mountaintop removal dangers,3,5,https://medium.com/spring-2018-introduction-to-appalachian-studies/exploring-the-environmental-impacts-of-mountaintop-mining-operations-64dff4415f07,medium.com,Exploring the Environmental Impacts of Mountaintop ...,2026-05-09 20:31:50,Medium,Medium_(website),medium.com,unreliable,Generally unreliable,"Medium is abloghosting service. As aself-published source, it is considered generally unreliable and should be avoided unless the author is asubject-matter expertor the blog is used foruncontroversial self-descriptions. Medium should never be used forthird-party claimsaboutliving persons. A 2022 RfC also found thatCuepoint, Medium's music publication, is marginally reliable, with editors stating that its reliability depends on the qualification of the author.",domain medium.com matches unreliable domain from file raw_wikipedia_perennial_sources.csv
mining,neutral,gold mining economic impact,1,4,https://www.sciencedirect.com/science/article/pii/S0301420725001011,sciencedirect.com,Assessing the dual impact of gold mining on local ...,2026-05-09 20:32:14,ScienceDirecttopic page,ScienceDirect,sciencedirect.com,unreliable,Generally unreliable,"ScienceDirectis an online bibliographical database run by Elsevier. In addition to academic publications, the website maintains machine-generated ""topic pages"" consisting of quotations from publications in the database. These topic pages change over time, presenting a challenge toverifiability. Citations should be made to the actual, underlying publications quoted by the topic page.",domain sciencedirect.com matches unreliable domain from file raw_wikipedia_perennial_sources.csv
mining,neutral,gold mining economic impact,3,8,https://www.quora.com/How-would-the-World-economy-be-affected-If-a-new-Gold-Mine-discovered-An-amount-of-Gold-that-Doubled-the-amount-we-have-now,quora.com,How would the World economy be affected If a new Gold ...,2026-05-09 20:32:51,Quora,Quora,quora.com,unreliable,Generally unreliable,"Quora is aQ&A site. As an Internet forum, it is aself-published sourcethat incorporatesuser-generated content, and is considered generally unreliable. Posts fromverified accountson Quora can be used asprimary sourcesforstatements about themselves. Posts from verified accounts of established experts may also be used to substantiate statements in their field of expertise, in accordance with thepolicy on self-published sources.",domain quora.com matches unreliable domain from file raw_wikipedia_perennial_sources.csv
mining,neutral,gold mining economic impact,3,10,https://www.youtube.com/watch?v=gFYIqdNkelM,youtube.com,Gold Miners Exposed: Record Profits But LESS Production?!,2026-05-09 20:32:51,YouTube,YouTube,youtube.com,unreliable,Generally unreliable,"Most videos on YouTube are anonymous,self-published, and unverifiable, and should not be used as a reference. Content uploaded from a verified official account, such as that of a news organization, may be treated as originating from the uploader and therefore inheriting their level of reliability. However, many YouTube videos from unofficial accounts are copyright violations and should not be linked from Wikipedia, according toWP:COPYLINK. See alsoWP:YOUTUBEandWP:VIDEOLINK. For illustrative, non-referential use, seec:Commons:YouTube filesandWikipedia:Image use policy.",domain youtube.com matches unreliable domain from file raw_wikipedia_perennial_sources.csv
mining,slanted,mercury pollution gold mining,1,9,https://www.sciencedirect.com/science/article/abs/pii/S0269749125015301,sciencedirect.com,Historical artisanal gold mining poses long-term risk of ...,2026-05-09 20:33:06,ScienceDirecttopic page,ScienceDirect,sciencedirect.com,unreliable,Generally unreliable,"ScienceDirectis an online bibliographical database run by Elsevier. In addition to academic publications, the website maintains machine-generated ""topic pages"" consisting of quotations from publications in the database. These topic pages change over time, presenting a challenge toverifiability. Citations should be made to the actual, underlying publications quoted by the topic page.",domain sciencedirect.com matches unreliable domain from file raw_wikipedia_perennial_sources.csv
mining,slanted,mercury pollution gold mining,2,6,https://www.youtube.com/watch?v=MCtkzN69nbs,youtube.com,Breaking gold's toxic bond with mercury pollution,2026-05-09 20:33:20,YouTube,YouTube,youtube.com,unreliable,Generally unreliable,"Most videos on YouTube are anonymous,self-published, and unverifiable, and should not be used as a reference. Content uploaded from a verified official account, such as that of a news organization, may be treated as originating from the uploader and therefore inheriting their level of reliability. However, many YouTube videos from unofficial accounts are copyright violations and should not be linked from Wikipedia, according toWP:COPYLINK. See alsoWP:YOUTUBEandWP:VIDEOLINK. For illustrative, non-referential use, seec:Commons:YouTube filesandWikipedia:Image use policy.",domain youtube.com matches unreliable domain from file raw_wikipedia_perennial_sources.csv
mining,slanted,mercury pollution gold mining,3,10,https://www.linkedin.com/posts/kenkuang_mercury-eats-up-gold-when-they-touch-making-activity-7351235526403772416-0u7H,linkedin.com,Mercury's toxic impact on gold mining and the environment,2026-05-09 20:33:35,LinkedIn(LinkedIn Pulse),LinkedIn,linkedin.com,unreliable,Generally unreliable,"LinkedIn is a social network. As aself-published source, it is considered generally unreliable and should be avoided unless the post is used for anuncontroversial self-description. Articles onLinkedIn Pulsewritten by LinkedIn users are also self-published. LinkedIn accounts should only be cited if they areverified accountsor if the user's identity is confirmed in some way. Posts that are not covered by reliable sources are likely to constituteundue weight. LinkedIn should never be used forthird-party claimsrelated toliving persons.",domain linkedin.com matches unreliable domain from file raw_wikipedia_perennial_sources.csv
deforestation,neutral,forest conservation effects,1,3,https://www.sciencedirect.com/science/article/abs/pii/S0195925525001593,sciencedirect.com,Social-ecological impacts on forest conservation and ...,2026-05-09 20:34:02,ScienceDirecttopic page,ScienceDirect,sciencedirect.com,unreliable,Generally unreliable,"ScienceDirectis an online bibliographical database run by Elsevier. In addition to academic publications, the website maintains machine-generated ""topic pages"" consisting of quotations from publications in the database. These topic pages change over time, presenting a challenge toverifiability. Citations should be made to the actual, underlying publications quoted by the topic page.",domain sciencedirect.com matches unreliable domain from file raw_wikipedia_perennial_sources.csv
deforestation,neutral,forest conservation effects,3,6,https://www.facebook.com/UNBiodiversity/posts/the-importance-of-forests-cannot-be-underestimated-we-depend-on-forests-for-our-/533136605579306/,facebook.com,The importance of forests cannot be underestimated. ...,2026-05-09 20:34:34,Facebook(Meta),Facebook,facebook.com,unreliable,Generally unreliable,"Facebook is considered generally unreliable because it is aself-published sourcewith no editorial oversight. In the 2020 RfC, there was consensus to add anedit filterto warn users who attempt to cite Facebook as a source, and no consensus on whether Facebook citations should be automatically reverted withXLinkBot.",domain facebook.com matches unreliable domain from file raw_wikipedia_perennial_sources.csv
deforestation,neutral,rainforest protection research,2,8,https://www.instagram.com/p/DYBXc-dielv/,instagram.com,"As warming and deforestation intensify, the Amazon could ...",2026-05-09 20:36:24,"Instagram(IG, Insta, The Gram)",Instagram,instagram.com,unreliable,Generally unreliable,"As asocial networking service, Instagram is covered by the following policies and guidelines:WP:SOCIALMEDIA,WP:RSSELF,WP:SPSandWP:UGC.",domain instagram.com matches unreliable domain from file raw_wikipedia_perennial_sources.csv
deforestation,neutral,rainforest protection research,2,9,https://www.reddit.com/r/IAmA/comments/mzpgot/we_are_rainforest_ecologists_working_to_protect/,reddit.com,We are rainforest ecologists working to protect spider ...,2026-05-09 20:36:24,Reddit,Reddit,reddit.com;redditinc.com,unreliable,Generally unreliable,"Reddit is asocial newsand discussion website. Reddit contains mostlyuser-generated content, and is considered bothself-publishedand generally unreliable. Interview responses written byverifiedinterviewees on ther/IAmAsubreddit areprimary sources, and editors disagree on their reliability. The policy on the use ofsources about themselvesapplies.",domain reddit.com matches unreliable domain from file raw_wikipedia_perennial_sources.csv
deforestation,slanted,palm oil deforestation,1,6,https://www.sciencedirect.com/science/article/pii/S0921800925002228,sciencedirect.com,The impacts of palm oil expansion on deforestation and ...,2026-05-09 20:37:03,ScienceDirecttopic page,ScienceDirect,sciencedirect.com,unreliable,Generally unreliable,"ScienceDirectis an online bibliographical database run by Elsevier. In addition to academic publications, the website maintains machine-generated ""topic pages"" consisting of quotations from publications in the database. These topic pages change over time, presenting a challenge toverifiability. Citations should be made to the actual, underlying publications quoted by the topic page.",domain sciencedirect.com matches unreliable domain from file raw_wikipedia_perennial_sources.csv
deforestation,slanted,palm oil deforestation,2,8,https://www.reddit.com/r/explainlikeimfive/comments/4dq5zo/eli5_palm_oil_tree_is_a_tree_why_is_the/,reddit.com,Palm oil tree is a tree. Why is the deforestation of forests for ...,2026-05-09 20:37:20,Reddit,Reddit,reddit.com;redditinc.com,unreliable,Generally unreliable,"Reddit is asocial newsand discussion website. Reddit contains mostlyuser-generated content, and is considered bothself-publishedand generally unreliable. Interview responses written byverifiedinterviewees on ther/IAmAsubreddit areprimary sources, and editors disagree on their reliability. The policy on the use ofsources about themselvesapplies.",domain reddit.com matches unreliable domain from file raw_wikipedia_perennial_sources.csv
deforestation,slanted,palm oil deforestation,3,5,https://www.sciencedirect.com/science/article/pii/S009506962100036X,sciencedirect.com,Palm oil and the politics of deforestation in Indonesia,2026-05-09 20:37:32,ScienceDirecttopic page,ScienceDirect,sciencedirect.com,unreliable,Generally unreliable,"ScienceDirectis an online bibliographical database run by Elsevier. In addition to academic publications, the website maintains machine-generated ""topic pages"" consisting of quotations from publications in the database. These topic pages change over time, presenting a challenge toverifiability. Citations should be made to the actual, underlying publications quoted by the topic page.",domain sciencedirect.com matches unreliable domain from file raw_wikipedia_perennial_sources.csv
deforestation,neutral,reforestation projects,3,4,https://www.reddit.com/r/environmental_science/comments/135melb/reforestation_projects_organizations/,reddit.com,Reforestation Projects / Organizations,2026-05-09 20:40:50,Reddit,Reddit,reddit.com;redditinc.com,unreliable,Generally unreliable,"Reddit is asocial newsand discussion website. Reddit contains mostlyuser-generated content, and is considered bothself-publishedand generally unreliable. Interview responses written byverifiedinterviewees on ther/IAmAsubreddit areprimary sources, and editors disagree on their reliability. The policy on the use ofsources about themselvesapplies.",domain reddit.com matches unreliable domain from file raw_wikipedia_perennial_sources.csv
deforestation,slanted,illegal logging,2,3,https://www.sciencedirect.com/science/article/abs/pii/S0378112724004262,sciencedirect.com,New pathways for reducing global illegal logging,2026-05-09 20:41:59,ScienceDirecttopic page,ScienceDirect,sciencedirect.com,unreliable,Generally unreliable,"ScienceDirectis an online bibliographical database run by Elsevier. In addition to academic publications, the website maintains machine-generated ""topic pages"" consisting of quotations from publications in the database. These topic pages change over time, presenting a challenge toverifiability. Citations should be made to the actual, underlying publications quoted by the topic page.",domain sciencedirect.com matches unreliable domain from file raw_wikipedia_perennial_sources.csv
overfishing,neutral,sustainable fishing practices,2,8,https://www.reddit.com/r/ClimateOffensive/comments/r531v2/is_there_a_thing_such_as_sustainable_fishing_ive/,reddit.com,Is there a thing such as sustainable fishing? I've recently ...,2026-05-09 20:43:20,Reddit,Reddit,reddit.com;redditinc.com,unreliable,Generally unreliable,"Reddit is asocial newsand discussion website. Reddit contains mostlyuser-generated content, and is considered bothself-publishedand generally unreliable. Interview responses written byverifiedinterviewees on ther/IAmAsubreddit areprimary sources, and editors disagree on their reliability. The policy on the use ofsources about themselvesapplies.",domain reddit.com matches unreliable domain from file raw_wikipedia_perennial_sources.csv
overfishing,slanted,overfishing ocean collapse,2,3,https://www.reddit.com/r/climatechange/comments/1m3vjx7/the_ocean_is_being_depleted_by_human_pressure/,reddit.com,The Ocean Is Being Depleted by Human Pressure. ...,2026-05-09 20:44:13,Reddit,Reddit,reddit.com;redditinc.com,unreliable,Generally unreliable,"Reddit is asocial newsand discussion website. Reddit contains mostlyuser-generated content, and is considered bothself-publishedand generally unreliable. Interview responses written byverifiedinterviewees on ther/IAmAsubreddit areprimary sources, and editors disagree on their reliability. The policy on the use ofsources about themselvesapplies.",domain reddit.com matches unreliable domain from file raw_wikipedia_perennial_sources.csv
overfishing,slanted,overfishing ocean collapse,2,4,https://medium.com/@bettybassett63/the-oceans-collapse-the-unseen-crisis-threatening-civilization-a6726bb0e097,medium.com,The Ocean's Collapse: The Unseen Crisis Threatening ...,2026-05-09 20:44:13,Medium,Medium_(website),medium.com,unreliable,Generally unreliable,"Medium is abloghosting service. As aself-published source, it is considered generally unreliable and should be avoided unless the author is asubject-matter expertor the blog is used foruncontroversial self-descriptions. Medium should never be used forthird-party claimsaboutliving persons. A 2022 RfC also found thatCuepoint, Medium's music publication, is marginally reliable, with editors stating that its reliability depends on the qualification of the author.",domain medium.com matches unreliable domain from file raw_wikipedia_perennial_sources.csv
overfishing,slanted,overfishing ocean collapse,2,7,https://www.facebook.com/UNEPROAP/posts/if-too-many-fish-are-caught-at-once-the-ocean-cant-recover-when-breeding-populat/1358472656324221/,facebook.com,"If too many fish are caught at once, the ocean can't recover ...",2026-05-09 20:44:14,Facebook(Meta),Facebook,facebook.com,unreliable,Generally unreliable,"Facebook is considered generally unreliable because it is aself-published sourcewith no editorial oversight. In the 2020 RfC, there was consensus to add anedit filterto warn users who attempt to cite Facebook as a source, and no consensus on whether Facebook citations should be automatically reverted withXLinkBot.",domain facebook.com matches unreliable domain from file raw_wikipedia_perennial_sources.csv
overfishing,slanted,overfishing ocean collapse,3,3,https://www.youtube.com/watch?v=wr381N9u7xE,youtube.com,Global Fisheries Collapse: What If The Ocean Runs Out Of Fish?,2026-05-09 20:44:28,YouTube,YouTube,youtube.com,unreliable,Generally unreliable,"Most videos on YouTube are anonymous,self-published, and unverifiable, and should not be used as a reference. Content uploaded from a verified official account, such as that of a news organization, may be treated as originating from the uploader and therefore inheriting their level of reliability. However, many YouTube videos from unofficial accounts are copyright violations and should not be linked from Wikipedia, according toWP:COPYLINK. See alsoWP:YOUTUBEandWP:VIDEOLINK. For illustrative, non-referential use, seec:Commons:YouTube filesandWikipedia:Image use policy.",domain youtube.com matches unreliable domain from file raw_wikipedia_perennial_sources.csv
overfishing,neutral,fisheries management research,1,6,https://www.sciencedirect.com/journal/fisheries-research,sciencedirect.com,Fisheries Research | Journal | ScienceDirect.com by Elsevier,2026-05-09 20:44:49,ScienceDirecttopic page,ScienceDirect,sciencedirect.com,unreliable,Generally unreliable,"ScienceDirectis an online bibliographical database run by Elsevier. In addition to academic publications, the website maintains machine-generated ""topic pages"" consisting of quotations from publications in the database. These topic pages change over time, presenting a challenge toverifiability. Citations should be made to the actual, underlying publications quoted by the topic page.",domain sciencedirect.com matches unreliable domain from file raw_wikipedia_perennial_sources.csv
overfishing,neutral,fisheries management research,2,8,https://www.sciencedirect.com/topics/earth-and-planetary-sciences/fisheries-management,sciencedirect.com,Fisheries Management - an overview,2026-05-09 20:45:06,ScienceDirecttopic page,ScienceDirect,sciencedirect.com,unreliable,Generally unreliable,"ScienceDirectis an online bibliographical database run by Elsevier. In addition to academic publications, the website maintains machine-generated ""topic pages"" consisting of quotations from publications in the database. These topic pages change over time, presenting a challenge toverifiability. Citations should be made to the actual, underlying publications quoted by the topic page.",domain sciencedirect.com matches unreliable domain from file raw_wikipedia_perennial_sources.csv
overfishing,neutral,fisheries management research,3,2,https://www.reddit.com/r/commercialfishing/comments/ah2c03/what_do_fisheries_management_scientists_and/,reddit.com,What do fisheries management scientists and policymakers ...,2026-05-09 20:45:18,Reddit,Reddit,reddit.com;redditinc.com,unreliable,Generally unreliable,"Reddit is asocial newsand discussion website. Reddit contains mostlyuser-generated content, and is considered bothself-publishedand generally unreliable. Interview responses written byverifiedinterviewees on ther/IAmAsubreddit areprimary sources, and editors disagree on their reliability. The policy on the use ofsources about themselvesapplies.",domain reddit.com matches unreliable domain from file raw_wikipedia_perennial_sources.csv
overfishing,slanted,bycatch dolphin deaths,1,6,https://www.sciencedirect.com/science/article/abs/pii/S0006320720309022,sciencedirect.com,Mesh mash: Legal fishing nets cause most bycatch ...,2026-05-09 20:45:35,ScienceDirecttopic page,ScienceDirect,sciencedirect.com,unreliable,Generally unreliable,"ScienceDirectis an online bibliographical database run by Elsevier. In addition to academic publications, the website maintains machine-generated ""topic pages"" consisting of quotations from publications in the database. These topic pages change over time, presenting a challenge toverifiability. Citations should be made to the actual, underlying publications quoted by the topic page.",domain sciencedirect.com matches unreliable domain from file raw_wikipedia_perennial_sources.csv
overfishing,slanted,bycatch dolphin deaths,2,2,https://www.facebook.com/euronews/posts/every-year-thousands-of-dolphins-die-in-the-bay-of-biscay-due-to-accidental-capt/985086360333361/,facebook.com,"Every year, thousands of dolphins die in the Bay of Biscay ...",2026-05-09 20:45:48,Facebook(Meta),Facebook,facebook.com,unreliable,Generally unreliable,"Facebook is considered generally unreliable because it is aself-published sourcewith no editorial oversight. In the 2020 RfC, there was consensus to add anedit filterto warn users who attempt to cite Facebook as a source, and no consensus on whether Facebook citations should be automatically reverted withXLinkBot.",domain facebook.com matches unreliable domain from file raw_wikipedia_perennial_sources.csv
overfishing,slanted,bycatch dolphin deaths,2,9,https://www.facebook.com/environmentalinvestigationagency/posts/tens-of-thousands-of-whales-dolphins-and-porpoises-die-caught-in-fishing-gear-in/1107449708080685/,facebook.com,"Tens of thousands of 🐳 whales, 🐬 dolphins, and porpoises ...",2026-05-09 20:45:50,Facebook(Meta),Facebook,facebook.com,unreliable,Generally unreliable,"Facebook is considered generally unreliable because it is aself-published sourcewith no editorial oversight. In the 2020 RfC, there was consensus to add anedit filterto warn users who attempt to cite Facebook as a source, and no consensus on whether Facebook citations should be automatically reverted withXLinkBot.",domain facebook.com matches unreliable domain from file raw_wikipedia_perennial_sources.csv
overfishing,neutral,aquaculture data,2,4,https://www.sciencedirect.com/science/article/pii/S0308597X24003531,sciencedirect.com,Federating 'Aquaculture 4.0' for data-driven social and ...,2026-05-09 20:46:40,ScienceDirecttopic page,ScienceDirect,sciencedirect.com,unreliable,Generally unreliable,"ScienceDirectis an online bibliographical database run by Elsevier. In addition to academic publications, the website maintains machine-generated ""topic pages"" consisting of quotations from publications in the database. These topic pages change over time, presenting a challenge toverifiability. Citations should be made to the actual, underlying publications quoted by the topic page.",domain sciencedirect.com matches unreliable domain from file raw_wikipedia_perennial_sources.csv
overfishing,slanted,fish farm pollution,1,4,https://www.sciencedirect.com/science/article/pii/0025326X95001002,sciencedirect.com,The environmental impact of marine fish culture: Towards a ...,2026-05-09 20:47:14,ScienceDirecttopic page,ScienceDirect,sciencedirect.com,unreliable,Generally unreliable,"ScienceDirectis an online bibliographical database run by Elsevier. In addition to academic publications, the website maintains machine-generated ""topic pages"" consisting of quotations from publications in the database. These topic pages change over time, presenting a challenge toverifiability. Citations should be made to the actual, underlying publications quoted by the topic page.",domain sciencedirect.com matches unreliable domain from file raw_wikipedia_perennial_sources.csv
overfishing,slanted,fish farm pollution,2,4,https://www.instagram.com/p/DYBqQq4icgz/,instagram.com,"Wherever they are in the world, factory fish farms are an ...",2026-05-09 20:47:30,"Instagram(IG, Insta, The Gram)",Instagram,instagram.com,unreliable,Generally unreliable,"As asocial networking service, Instagram is covered by the following policies and guidelines:WP:SOCIALMEDIA,WP:RSSELF,WP:SPSandWP:UGC.",domain instagram.com matches unreliable domain from file raw_wikipedia_perennial_sources.csv
overfishing,slanted,fish farm pollution,2,7,https://www.reddit.com/r/environment/comments/1g5qsb0/why_farming_fish_is_more_unsustainable_than/,reddit.com,Why farming fish is more unsustainable than catching them ...,2026-05-09 20:47:31,Reddit,Reddit,reddit.com;redditinc.com,unreliable,Generally unreliable,"Reddit is asocial newsand discussion website. Reddit contains mostlyuser-generated content, and is considered bothself-publishedand generally unreliable. Interview responses written byverifiedinterviewees on ther/IAmAsubreddit areprimary sources, and editors disagree on their reliability. The policy on the use ofsources about themselvesapplies.",domain reddit.com matches unreliable domain from file raw_wikipedia_perennial_sources.csv
overfishing,slanted,fish farm pollution,2,8,https://www.sciencedirect.com/science/article/pii/0025326X95001002,sciencedirect.com,The environmental impact of marine fish culture: Towards a ...,2026-05-09 20:47:31,ScienceDirecttopic page,ScienceDirect,sciencedirect.com,unreliable,Generally unreliable,"ScienceDirectis an online bibliographical database run by Elsevier. In addition to academic publications, the website maintains machine-generated ""topic pages"" consisting of quotations from publications in the database. These topic pages change over time, presenting a challenge toverifiability. Citations should be made to the actual, underlying publications quoted by the topic page.",domain sciencedirect.com matches unreliable domain from file raw_wikipedia_perennial_sources.csv
overfishing,slanted,fish farm pollution,2,10,https://www.youtube.com/watch?v=nWSONmwjzac,youtube.com,Environmental Impact of Fish Farming,2026-05-09 20:47:32,YouTube,YouTube,youtube.com,unreliable,Generally unreliable,"Most videos on YouTube are anonymous,self-published, and unverifiable, and should not be used as a reference. Content uploaded from a verified official account, such as that of a news organization, may be treated as originating from the uploader and therefore inheriting their level of reliability. However, many YouTube videos from unofficial accounts are copyright violations and should not be linked from Wikipedia, according toWP:COPYLINK. See alsoWP:YOUTUBEandWP:VIDEOLINK. For illustrative, non-referential use, seec:Commons:YouTube filesandWikipedia:Image use policy.",domain youtube.com matches unreliable domain from file raw_wikipedia_perennial_sources.csv
overfishing,slanted,fish farm pollution,3,8,https://www.facebook.com/timesofmalta/posts/fish-farm-operators-have-failed-to-acknowledge-their-farms-are-the-source-of-rec/1139007894942026/,facebook.com,Fish farm operators have failed to acknowledge their ...,2026-05-09 20:47:47,Facebook(Meta),Facebook,facebook.com,unreliable,Generally unreliable,"Facebook is considered generally unreliable because it is aself-published sourcewith no editorial oversight. In the 2020 RfC, there was consensus to add anedit filterto warn users who attempt to cite Facebook as a source, and no consensus on whether Facebook citations should be automatically reverted withXLinkBot.",domain facebook.com matches unreliable domain from file raw_wikipedia_perennial_sources.csv
poverty,neutral,welfare program effectiveness,1,8,https://www.sciencedirect.com/topics/computer-science/welfare-program,sciencedirect.com,Welfare Program - an overview | ScienceDirect Topics,2026-05-09 20:48:13,ScienceDirecttopic page,ScienceDirect,sciencedirect.com,unreliable,Generally unreliable,"ScienceDirectis an online bibliographical database run by Elsevier. In addition to academic publications, the website maintains machine-generated ""topic pages"" consisting of quotations from publications in the database. These topic pages change over time, presenting a challenge toverifiability. Citations should be made to the actual, underlying publications quoted by the topic page.",domain sciencedirect.com matches unreliable domain from file raw_wikipedia_perennial_sources.csv
poverty,neutral,welfare program effectiveness,2,1,https://www.reddit.com/r/AskEconomics/comments/1ogxdzr/does_empirical_evidence_suggest_that_welfare/,reddit.com,Does empirical evidence suggest that welfare would cause ...,2026-05-09 20:48:34,Reddit,Reddit,reddit.com;redditinc.com,unreliable,Generally unreliable,"Reddit is asocial newsand discussion website. Reddit contains mostlyuser-generated content, and is considered bothself-publishedand generally unreliable. Interview responses written byverifiedinterviewees on ther/IAmAsubreddit areprimary sources, and editors disagree on their reliability. The policy on the use ofsources about themselvesapplies.",domain reddit.com matches unreliable domain from file raw_wikipedia_perennial_sources.csv
poverty,neutral,welfare program effectiveness,3,1,https://www.quora.com/How-do-you-measure-if-a-welfare-program-is-actually-helping-or-hurting-long-term,quora.com,How to measure if a welfare program is actually helping or ...,2026-05-09 20:48:48,Quora,Quora,quora.com,unreliable,Generally unreliable,"Quora is aQ&A site. As an Internet forum, it is aself-published sourcethat incorporatesuser-generated content, and is considered generally unreliable. Posts fromverified accountson Quora can be used asprimary sourcesforstatements about themselves. Posts from verified accounts of established experts may also be used to substantiate statements in their field of expertise, in accordance with thepolicy on self-published sources.",domain quora.com matches unreliable domain from file raw_wikipedia_perennial_sources.csv
poverty,slanted,poverty cycle,1,5,https://www.reddit.com/r/AskSocialScience/comments/1jrdvb/can_someone_explain_like_im_five_the_cycle_of/,reddit.com,can someone 'explain like I'm five' the Cycle of Poverty and ...,2026-05-09 20:49:36,Reddit,Reddit,reddit.com;redditinc.com,unreliable,Generally unreliable,"Reddit is asocial newsand discussion website. Reddit contains mostlyuser-generated content, and is considered bothself-publishedand generally unreliable. Interview responses written byverifiedinterviewees on ther/IAmAsubreddit areprimary sources, and editors disagree on their reliability. The policy on the use ofsources about themselvesapplies.",domain reddit.com matches unreliable domain from file raw_wikipedia_perennial_sources.csv
poverty,slanted,poverty cycle,3,6,https://www.youtube.com/watch?v=tK2OPkz2LTM,youtube.com,Breaking the generational cycle of poverty | Duncan Campbell ...,2026-05-09 20:50:39,YouTube,YouTube,youtube.com,unreliable,Generally unreliable,"Most videos on YouTube are anonymous,self-published, and unverifiable, and should not be used as a reference. Content uploaded from a verified official account, such as that of a news organization, may be treated as originating from the uploader and therefore inheriting their level of reliability. However, many YouTube videos from unofficial accounts are copyright violations and should not be linked from Wikipedia, according toWP:COPYLINK. See alsoWP:YOUTUBEandWP:VIDEOLINK. For illustrative, non-referential use, seec:Commons:YouTube filesandWikipedia:Image use policy.",domain youtube.com matches unreliable domain from file raw_wikipedia_perennial_sources.csv
poverty,slanted,poverty cycle,3,8,https://www.quora.com/The-poverty-cycle-is-so-impossible-to-break-off-its-constantly-two-steps-forward-and-one-step-back-you-can-never-stay-out-long-enough-to-fully-escape-financial-disaster-what-can-I-do,quora.com,The poverty cycle is so impossible to break off its constantly ...,2026-05-09 20:50:42,Quora,Quora,quora.com,unreliable,Generally unreliable,"Quora is aQ&A site. As an Internet forum, it is aself-published sourcethat incorporatesuser-generated content, and is considered generally unreliable. Posts fromverified accountson Quora can be used asprimary sourcesforstatements about themselves. Posts from verified accounts of established experts may also be used to substantiate statements in their field of expertise, in accordance with thepolicy on self-published sources.",domain quora.com matches unreliable domain from file raw_wikipedia_perennial_sources.csv
poverty,neutral,minimum wage economical impact,1,7,https://www.sciencedirect.com/science/article/pii/S0049089X25000043,sciencedirect.com,Assessing the impact of an increase in the minimum wage ...,2026-05-09 20:51:06,ScienceDirecttopic page,ScienceDirect,sciencedirect.com,unreliable,Generally unreliable,"ScienceDirectis an online bibliographical database run by Elsevier. In addition to academic publications, the website maintains machine-generated ""topic pages"" consisting of quotations from publications in the database. These topic pages change over time, presenting a challenge toverifiability. Citations should be made to the actual, underlying publications quoted by the topic page.",domain sciencedirect.com matches unreliable domain from file raw_wikipedia_perennial_sources.csv
poverty,neutral,minimum wage economical impact,2,9,https://www.reddit.com/r/AskEconomics/comments/1gsjm0q/can_minimum_wages_ever_be_good_for_the_economy/,reddit.com,Can minimum wages ever be good for the economy?,2026-05-09 20:51:22,Reddit,Reddit,reddit.com;redditinc.com,unreliable,Generally unreliable,"Reddit is asocial newsand discussion website. Reddit contains mostlyuser-generated content, and is considered bothself-publishedand generally unreliable. Interview responses written byverifiedinterviewees on ther/IAmAsubreddit areprimary sources, and editors disagree on their reliability. The policy on the use ofsources about themselvesapplies.",domain reddit.com matches unreliable domain from file raw_wikipedia_perennial_sources.csv
poverty,slanted,welfare dependency,2,8,https://www.reddit.com/r/CapitalismVSocialism/comments/130ewgb/there_isnt_much_evidence_that_welfare_dependency/,reddit.com,There isn't much evidence that welfare dependency exists ...,2026-05-09 20:52:21,Reddit,Reddit,reddit.com;redditinc.com,unreliable,Generally unreliable,"Reddit is asocial newsand discussion website. Reddit contains mostlyuser-generated content, and is considered bothself-publishedand generally unreliable. Interview responses written byverifiedinterviewees on ther/IAmAsubreddit areprimary sources, and editors disagree on their reliability. The policy on the use ofsources about themselvesapplies.",domain reddit.com matches unreliable domain from file raw_wikipedia_perennial_sources.csv
poverty,slanted,welfare dependency,3,5,https://www.sciencedirect.com/science/article/pii/S0921800924000569,sciencedirect.com,Growth dependency in the welfare state – An analysis of ...,2026-05-09 20:52:33,ScienceDirecttopic page,ScienceDirect,sciencedirect.com,unreliable,Generally unreliable,"ScienceDirectis an online bibliographical database run by Elsevier. In addition to academic publications, the website maintains machine-generated ""topic pages"" consisting of quotations from publications in the database. These topic pages change over time, presenting a challenge toverifiability. Citations should be made to the actual, underlying publications quoted by the topic page.",domain sciencedirect.com matches unreliable domain from file raw_wikipedia_perennial_sources.csv
poverty,neutral,universal basic income research,1,7,https://www.sciencedirect.com/science/article/abs/pii/S0304393224000680?utm_source=chatgpt.com,sciencedirect.com,The macroeconomic effects of universal basic income ...,2026-05-09 20:54:19,ScienceDirecttopic page,ScienceDirect,sciencedirect.com,unreliable,Generally unreliable,"ScienceDirectis an online bibliographical database run by Elsevier. In addition to academic publications, the website maintains machine-generated ""topic pages"" consisting of quotations from publications in the database. These topic pages change over time, presenting a challenge toverifiability. Citations should be made to the actual, underlying publications quoted by the topic page.",domain sciencedirect.com matches unreliable domain from file raw_wikipedia_perennial_sources.csv
poverty,neutral,universal basic income research,2,3,https://www.sciencedirect.com/science/article/abs/pii/S0304393224000680?utm_source=chatgpt.com,sciencedirect.com,The macroeconomic effects of universal basic income ...,2026-05-09 20:54:36,ScienceDirecttopic page,ScienceDirect,sciencedirect.com,unreliable,Generally unreliable,"ScienceDirectis an online bibliographical database run by Elsevier. In addition to academic publications, the website maintains machine-generated ""topic pages"" consisting of quotations from publications in the database. These topic pages change over time, presenting a challenge toverifiability. Citations should be made to the actual, underlying publications quoted by the topic page.",domain sciencedirect.com matches unreliable domain from file raw_wikipedia_perennial_sources.csv
poverty,neutral,universal basic income research,2,9,https://www.reddit.com/r/IAmA/comments/1onb5y8/can_guaranteed_income_save_the_world_im_neil/,reddit.com,Can Guaranteed Income Save the World? I'm Neil Howard ...,2026-05-09 20:54:38,Reddit,Reddit,reddit.com;redditinc.com,unreliable,Generally unreliable,"Reddit is asocial newsand discussion website. Reddit contains mostlyuser-generated content, and is considered bothself-publishedand generally unreliable. Interview responses written byverifiedinterviewees on ther/IAmAsubreddit areprimary sources, and editors disagree on their reliability. The policy on the use ofsources about themselvesapplies.",domain reddit.com matches unreliable domain from file raw_wikipedia_perennial_sources.csv
poverty,slanted,poverty traps,1,2,https://www.sciencedirect.com/science/chapter/handbook/pii/S1574068405010051,sciencedirect.com,Chapter 5 Poverty Traps,2026-05-09 20:55:14,ScienceDirecttopic page,ScienceDirect,sciencedirect.com,unreliable,Generally unreliable,"ScienceDirectis an online bibliographical database run by Elsevier. In addition to academic publications, the website maintains machine-generated ""topic pages"" consisting of quotations from publications in the database. These topic pages change over time, presenting a challenge toverifiability. Citations should be made to the actual, underlying publications quoted by the topic page.",domain sciencedirect.com matches unreliable domain from file raw_wikipedia_perennial_sources.csv
poverty,slanted,poverty traps,2,9,https://www.reddit.com/r/Economics/comments/2em7a9/do_poverty_traps_exist_assessing_the_evidence/,reddit.com,Do Poverty Traps Exist? Assessing the Evidence,2026-05-09 20:55:48,Reddit,Reddit,reddit.com;redditinc.com,unreliable,Generally unreliable,"Reddit is asocial newsand discussion website. Reddit contains mostlyuser-generated content, and is considered bothself-publishedand generally unreliable. Interview responses written byverifiedinterviewees on ther/IAmAsubreddit areprimary sources, and editors disagree on their reliability. The policy on the use ofsources about themselvesapplies.",domain reddit.com matches unreliable domain from file raw_wikipedia_perennial_sources.csv
poverty,slanted,poverty traps,3,4,https://www.quora.com/What-are-some-real-life-examples-of-a-poverty-trap,quora.com,What are some real life examples of a poverty trap?,2026-05-09 20:56:01,Quora,Quora,quora.com,unreliable,Generally unreliable,"Quora is aQ&A site. As an Internet forum, it is aself-published sourcethat incorporatesuser-generated content, and is considered generally unreliable. Posts fromverified accountson Quora can be used asprimary sourcesforstatements about themselves. Posts from verified accounts of established experts may also be used to substantiate statements in their field of expertise, in accordance with thepolicy on self-published sources.",domain quora.com matches unreliable domain from file raw_wikipedia_perennial_sources.csv
poverty,slanted,poverty traps,3,10,https://www.youtube.com/watch?v=jOLB1V0pGhU,youtube.com,Lecture 2: Poverty Traps: Theory,2026-05-09 20:56:03,YouTube,YouTube,youtube.com,unreliable,Generally unreliable,"Most videos on YouTube are anonymous,self-published, and unverifiable, and should not be used as a reference. Content uploaded from a verified official account, such as that of a news organization, may be treated as originating from the uploader and therefore inheriting their level of reliability. However, many YouTube videos from unofficial accounts are copyright violations and should not be linked from Wikipedia, according toWP:COPYLINK. See alsoWP:YOUTUBEandWP:VIDEOLINK. For illustrative, non-referential use, seec:Commons:YouTube filesandWikipedia:Image use policy.",domain youtube.com matches unreliable domain from file raw_wikipedia_perennial_sources.csv
education,neutral,public school data,2,2,https://www.youtube.com/watch?v=s477XCx-cws,youtube.com,Statistics in Schools An Overview,2026-05-09 20:57:48,YouTube,YouTube,youtube.com,unreliable,Generally unreliable,"Most videos on YouTube are anonymous,self-published, and unverifiable, and should not be used as a reference. Content uploaded from a verified official account, such as that of a news organization, may be treated as originating from the uploader and therefore inheriting their level of reliability. However, many YouTube videos from unofficial accounts are copyright violations and should not be linked from Wikipedia, according toWP:COPYLINK. See alsoWP:YOUTUBEandWP:VIDEOLINK. For illustrative, non-referential use, seec:Commons:YouTube filesandWikipedia:Image use policy.",domain youtube.com matches unreliable domain from file raw_wikipedia_perennial_sources.csv
education,neutral,public school data,3,1,https://www.youtube.com/watch?v=1c4onisYygk,youtube.com,How Can Schools Use Data to Drive Meaningful Change?,2026-05-09 20:58:03,YouTube,YouTube,youtube.com,unreliable,Generally unreliable,"Most videos on YouTube are anonymous,self-published, and unverifiable, and should not be used as a reference. Content uploaded from a verified official account, such as that of a news organization, may be treated as originating from the uploader and therefore inheriting their level of reliability. However, many YouTube videos from unofficial accounts are copyright violations and should not be linked from Wikipedia, according toWP:COPYLINK. See alsoWP:YOUTUBEandWP:VIDEOLINK. For illustrative, non-referential use, seec:Commons:YouTube filesandWikipedia:Image use policy.",domain youtube.com matches unreliable domain from file raw_wikipedia_perennial_sources.csv
education,neutral,public school data,3,6,https://www.foxnews.com/us/number-k-12-public-school-students-declined-half-states-report-indicates,foxnews.com,K-12 public school enrollment has dropped in 30 states ...,2026-05-09 20:58:05,Fox News[aa](news excluding politics and science),Fox_News,foxnews.com,unreliable,No consensus,"Historically, there has been consensus that Fox News is generally reliable for news coverage on topics other than politics and science. However, many editors expressed concerns about the reliability of Fox News for any topic in a 2023 RFC. No formal consensus was reached on the matter, though.See also:Fox News (politics and science),Fox News (talk shows).",domain foxnews.com matches unreliable domain from file raw_wikipedia_perennial_sources.csv
education,slanted,common core failures,1,6,https://www.reddit.com/r/mathteachers/comments/1amobxz/why_do_you_despise_the_common_core_state_standards/,reddit.com,Why do you despise the common core state standards?,2026-05-09 20:59:32,Reddit,Reddit,reddit.com;redditinc.com,unreliable,Generally unreliable,"Reddit is asocial newsand discussion website. Reddit contains mostlyuser-generated content, and is considered bothself-publishedand generally unreliable. Interview responses written byverifiedinterviewees on ther/IAmAsubreddit areprimary sources, and editors disagree on their reliability. The policy on the use ofsources about themselvesapplies.",domain reddit.com matches unreliable domain from file raw_wikipedia_perennial_sources.csv
education,slanted,common core failures,2,5,https://www.quora.com/How-badly-has-the-Common-Core-failed-the-education-system,quora.com,How badly has the Common Core failed the education ...,2026-05-09 20:59:46,Quora,Quora,quora.com,unreliable,Generally unreliable,"Quora is aQ&A site. As an Internet forum, it is aself-published sourcethat incorporatesuser-generated content, and is considered generally unreliable. Posts fromverified accountson Quora can be used asprimary sourcesforstatements about themselves. Posts from verified accounts of established experts may also be used to substantiate statements in their field of expertise, in accordance with thepolicy on self-published sources.",domain quora.com matches unreliable domain from file raw_wikipedia_perennial_sources.csv
education,neutral,charter school research,1,2,https://www.sciencedirect.com/science/article/pii/S0047272723001974,sciencedirect.com,The market-level effects of charter schools on student ...,2026-05-09 21:01:38,ScienceDirecttopic page,ScienceDirect,sciencedirect.com,unreliable,Generally unreliable,"ScienceDirectis an online bibliographical database run by Elsevier. In addition to academic publications, the website maintains machine-generated ""topic pages"" consisting of quotations from publications in the database. These topic pages change over time, presenting a challenge toverifiability. Citations should be made to the actual, underlying publications quoted by the topic page.",domain sciencedirect.com matches unreliable domain from file raw_wikipedia_perennial_sources.csv
education,slanted,school voucher controversy,1,4,https://www.reddit.com/r/changemyview/comments/1pcsre4/cmv_school_choice_and_school_voucher_programs_are/,reddit.com,CMV: School choice and school voucher programs are ...,2026-05-09 21:02:24,Reddit,Reddit,reddit.com;redditinc.com,unreliable,Generally unreliable,"Reddit is asocial newsand discussion website. Reddit contains mostlyuser-generated content, and is considered bothself-publishedand generally unreliable. Interview responses written byverifiedinterviewees on ther/IAmAsubreddit areprimary sources, and editors disagree on their reliability. The policy on the use ofsources about themselvesapplies.",domain reddit.com matches unreliable domain from file raw_wikipedia_perennial_sources.csv
education,slanted,school voucher controversy,2,5,https://www.quora.com/Whats-the-controversy-around-school-vouchers-and-why-do-some-say-theyre-only-beneficial-for-the-rich,quora.com,"What's the controversy around school vouchers, and why ...",2026-05-09 21:02:45,Quora,Quora,quora.com,unreliable,Generally unreliable,"Quora is aQ&A site. As an Internet forum, it is aself-published sourcethat incorporatesuser-generated content, and is considered generally unreliable. Posts fromverified accountson Quora can be used asprimary sourcesforstatements about themselves. Posts from verified accounts of established experts may also be used to substantiate statements in their field of expertise, in accordance with thepolicy on self-published sources.",domain quora.com matches unreliable domain from file raw_wikipedia_perennial_sources.csv
education,slanted,school voucher controversy,2,7,https://www.facebook.com/News4SA/posts/how-are-voucher-programs-reshaping-public-education-and-should-private-schools-t/1456036596566912/,facebook.com,How are voucher programs reshaping public education ...,2026-05-09 21:02:46,Facebook(Meta),Facebook,facebook.com,unreliable,Generally unreliable,"Facebook is considered generally unreliable because it is aself-published sourcewith no editorial oversight. In the 2020 RfC, there was consensus to add anedit filterto warn users who attempt to cite Facebook as a source, and no consensus on whether Facebook citations should be automatically reverted withXLinkBot.",domain facebook.com matches unreliable domain from file raw_wikipedia_perennial_sources.csv
education,slanted,school voucher controversy,3,4,https://www.reddit.com/r/education/comments/1itmggh/are_school_vouchers_largely_a_good_or_bad_thing/,reddit.com,Are school vouchers largely a good or bad thing?,2026-05-09 21:02:59,Reddit,Reddit,reddit.com;redditinc.com,unreliable,Generally unreliable,"Reddit is asocial newsand discussion website. Reddit contains mostlyuser-generated content, and is considered bothself-publishedand generally unreliable. Interview responses written byverifiedinterviewees on ther/IAmAsubreddit areprimary sources, and editors disagree on their reliability. The policy on the use ofsources about themselvesapplies.",domain reddit.com matches unreliable domain from file raw_wikipedia_perennial_sources.csv
education,slanted,school voucher controversy,3,7,https://www.instagram.com/p/DXp67XAiszO/,instagram.com,Our kids are getting screwed by Republican politicians ...,2026-05-09 21:03:00,"Instagram(IG, Insta, The Gram)",Instagram,instagram.com,unreliable,Generally unreliable,"As asocial networking service, Instagram is covered by the following policies and guidelines:WP:SOCIALMEDIA,WP:RSSELF,WP:SPSandWP:UGC.",domain instagram.com matches unreliable domain from file raw_wikipedia_perennial_sources.csv
education,slanted,school voucher controversy,3,8,https://medium.com/educreation/why-are-school-vouchers-so-controversial-954785d80d11,medium.com,Why Are School Vouchers So Controversial?,2026-05-09 21:03:01,Medium,Medium_(website),medium.com,unreliable,Generally unreliable,"Medium is abloghosting service. As aself-published source, it is considered generally unreliable and should be avoided unless the author is asubject-matter expertor the blog is used foruncontroversial self-descriptions. Medium should never be used forthird-party claimsaboutliving persons. A 2022 RfC also found thatCuepoint, Medium's music publication, is marginally reliable, with editors stating that its reliability depends on the qualification of the author.",domain medium.com matches unreliable domain from file raw_wikipedia_perennial_sources.csv
education,neutral,online learning effectiveness,1,4,https://medium.com/@jccv72/five-reasons-online-learning-is-more-effective-than-traditional-learning-192fbfe01914,medium.com,Five reasons online learning is more effective than ...,2026-05-09 21:03:22,Medium,Medium_(website),medium.com,unreliable,Generally unreliable,"Medium is abloghosting service. As aself-published source, it is considered generally unreliable and should be avoided unless the author is asubject-matter expertor the blog is used foruncontroversial self-descriptions. Medium should never be used forthird-party claimsaboutliving persons. A 2022 RfC also found thatCuepoint, Medium's music publication, is marginally reliable, with editors stating that its reliability depends on the qualification of the author.",domain medium.com matches unreliable domain from file raw_wikipedia_perennial_sources.csv
education,neutral,online learning effectiveness,2,9,https://www.quora.com/Is-online-learning-more-effective,quora.com,Is online learning more effective?,2026-05-09 21:03:41,Quora,Quora,quora.com,unreliable,Generally unreliable,"Quora is aQ&A site. As an Internet forum, it is aself-published sourcethat incorporatesuser-generated content, and is considered generally unreliable. Posts fromverified accountson Quora can be used asprimary sourcesforstatements about themselves. Posts from verified accounts of established experts may also be used to substantiate statements in their field of expertise, in accordance with thepolicy on self-published sources.",domain quora.com matches unreliable domain from file raw_wikipedia_perennial_sources.csv
education,neutral,online learning effectiveness,3,8,https://www.sciencedirect.com/science/article/pii/S2405844024062601,sciencedirect.com,E-Learning using zoom: A study of students' attitude and ...,2026-05-09 21:03:53,ScienceDirecttopic page,ScienceDirect,sciencedirect.com,unreliable,Generally unreliable,"ScienceDirectis an online bibliographical database run by Elsevier. In addition to academic publications, the website maintains machine-generated ""topic pages"" consisting of quotations from publications in the database. These topic pages change over time, presenting a challenge toverifiability. Citations should be made to the actual, underlying publications quoted by the topic page.",domain sciencedirect.com matches unreliable domain from file raw_wikipedia_perennial_sources.csv
education,neutral,online learning effectiveness,3,10,https://www.reddit.com/r/homeschool/comments/19aozjy/the_guardian_a_groundbreaking_study_shows_kids/,reddit.com,A groundbreaking study shows kids learn better on paper ...,2026-05-09 21:03:54,Reddit,Reddit,reddit.com;redditinc.com,unreliable,Generally unreliable,"Reddit is asocial newsand discussion website. Reddit contains mostlyuser-generated content, and is considered bothself-publishedand generally unreliable. Interview responses written byverifiedinterviewees on ther/IAmAsubreddit areprimary sources, and editors disagree on their reliability. The policy on the use ofsources about themselvesapplies.",domain reddit.com matches unreliable domain from file raw_wikipedia_perennial_sources.csv
education,slanted,student loan debt crisis,2,7,https://www.reddit.com/r/Economics/comments/1r25lh4/student_loan_defaults_rise_as_88_million/,reddit.com,Student loan defaults rise as 8.8 million borrowers fall behind,2026-05-09 21:05:54,Reddit,Reddit,reddit.com;redditinc.com,unreliable,Generally unreliable,"Reddit is asocial newsand discussion website. Reddit contains mostlyuser-generated content, and is considered bothself-publishedand generally unreliable. Interview responses written byverifiedinterviewees on ther/IAmAsubreddit areprimary sources, and editors disagree on their reliability. The policy on the use ofsources about themselvesapplies.",domain reddit.com matches unreliable domain from file raw_wikipedia_perennial_sources.csv
education,slanted,student loan debt crisis,3,4,https://x.com/DebtCrisisOrg/status/2052848547586855278,x.com,Why Students Take on Debt—and What It Reveals,2026-05-09 21:06:07,X(Twitter),X_(social_network),x.com,unreliable,Generally unreliable,"X (formerly known as Twitter before July 2023) is a social network. As aself-published source, it is considered generally unreliable and should be avoided unless the author is asubject-matter expertor the tweet is used for anuncontroversial self-description. In most cases, X accounts should only be cited if the user's identity is confirmed in some way. Tweets that are not covered by reliable sources are likely to constituteundue weight. X should never be used forthird-partyclaims related toliving persons.",domain x.com matches unreliable domain from file raw_wikipedia_perennial_sources.csv
education,slanted,student loan debt crisis,3,10,https://www.quora.com/Is-Americas-student-loan-problem-a-crisis-How-can-it-be-solved,quora.com,Is America's student loan problem a crisis? How can it be ...,2026-05-09 21:06:09,Quora,Quora,quora.com,unreliable,Generally unreliable,"Quora is aQ&A site. As an Internet forum, it is aself-published sourcethat incorporatesuser-generated content, and is considered generally unreliable. Posts fromverified accountson Quora can be used asprimary sourcesforstatements about themselves. Posts from verified accounts of established experts may also be used to substantiate statements in their field of expertise, in accordance with thepolicy on self-published sources.",domain quora.com matches unreliable domain from file raw_wikipedia_perennial_sources.csv
healthcare,slanted,medicare for all costs,1,9,https://www.reddit.com/r/AskEconomics/comments/1io8q4d/how_much_would_each_american_have_to_pay_per/,reddit.com,How much would each American have to pay per month ...,2026-05-09 21:07:26,Reddit,Reddit,reddit.com;redditinc.com,unreliable,Generally unreliable,"Reddit is asocial newsand discussion website. Reddit contains mostlyuser-generated content, and is considered bothself-publishedand generally unreliable. Interview responses written byverifiedinterviewees on ther/IAmAsubreddit areprimary sources, and editors disagree on their reliability. The policy on the use ofsources about themselvesapplies.",domain reddit.com matches unreliable domain from file raw_wikipedia_perennial_sources.csv
healthcare,slanted,medicare for all costs,3,2,https://www.youtube.com/watch?v=hQV4SZic0lE,youtube.com,"What Does ""Medicare for All"" Really Mean?",2026-05-09 21:07:52,YouTube,YouTube,youtube.com,unreliable,Generally unreliable,"Most videos on YouTube are anonymous,self-published, and unverifiable, and should not be used as a reference. Content uploaded from a verified official account, such as that of a news organization, may be treated as originating from the uploader and therefore inheriting their level of reliability. However, many YouTube videos from unofficial accounts are copyright violations and should not be linked from Wikipedia, according toWP:COPYLINK. See alsoWP:YOUTUBEandWP:VIDEOLINK. For illustrative, non-referential use, seec:Commons:YouTube filesandWikipedia:Image use policy.",domain youtube.com matches unreliable domain from file raw_wikipedia_perennial_sources.csv
healthcare,neutral,private insurance research,1,6,https://www.sciencedirect.com/topics/economics-econometrics-and-finance/private-health-insurance,sciencedirect.com,Private Health Insurance - an overview,2026-05-09 21:08:18,ScienceDirecttopic page,ScienceDirect,sciencedirect.com,unreliable,Generally unreliable,"ScienceDirectis an online bibliographical database run by Elsevier. In addition to academic publications, the website maintains machine-generated ""topic pages"" consisting of quotations from publications in the database. These topic pages change over time, presenting a challenge toverifiability. Citations should be made to the actual, underlying publications quoted by the topic page.",domain sciencedirect.com matches unreliable domain from file raw_wikipedia_perennial_sources.csv
healthcare,neutral,private insurance research,2,8,https://www.sciencedirect.com/topics/social-sciences/private-health-insurance,sciencedirect.com,Private Health Insurance - an overview,2026-05-09 21:08:40,ScienceDirecttopic page,ScienceDirect,sciencedirect.com,unreliable,Generally unreliable,"ScienceDirectis an online bibliographical database run by Elsevier. In addition to academic publications, the website maintains machine-generated ""topic pages"" consisting of quotations from publications in the database. These topic pages change over time, presenting a challenge toverifiability. Citations should be made to the actual, underlying publications quoted by the topic page.",domain sciencedirect.com matches unreliable domain from file raw_wikipedia_perennial_sources.csv
healthcare,slanted,obamacare failures,1,4,https://www.reddit.com/r/moderatepolitics/comments/188cgvx/was_obamacare_a_failure_did_it_cause_the_rationed/,reddit.com,Was ObamaCare a failure? Did it cause the rationed care ...,2026-05-09 21:09:12,Reddit,Reddit,reddit.com;redditinc.com,unreliable,Generally unreliable,"Reddit is asocial newsand discussion website. Reddit contains mostlyuser-generated content, and is considered bothself-publishedand generally unreliable. Interview responses written byverifiedinterviewees on ther/IAmAsubreddit areprimary sources, and editors disagree on their reliability. The policy on the use ofsources about themselvesapplies.",domain reddit.com matches unreliable domain from file raw_wikipedia_perennial_sources.csv
healthcare,neutral,healthcare reform,2,1,https://www.reddit.com/r/Switzerland/comments/1pigpz6/healthcare_reform_is_definitely_long_due/,reddit.com,Healthcare reform is definitely long due : r/Switzerland,2026-05-09 21:10:26,Reddit,Reddit,reddit.com;redditinc.com,unreliable,Generally unreliable,"Reddit is asocial newsand discussion website. Reddit contains mostlyuser-generated content, and is considered bothself-publishedand generally unreliable. Interview responses written byverifiedinterviewees on ther/IAmAsubreddit areprimary sources, and editors disagree on their reliability. The policy on the use ofsources about themselvesapplies.",domain reddit.com matches unreliable domain from file raw_wikipedia_perennial_sources.csv
healthcare,neutral,healthcare reform,2,8,https://www.sciencedirect.com/topics/social-sciences/health-reform,sciencedirect.com,Health Reform - an overview,2026-05-09 21:10:28,ScienceDirecttopic page,ScienceDirect,sciencedirect.com,unreliable,Generally unreliable,"ScienceDirectis an online bibliographical database run by Elsevier. In addition to academic publications, the website maintains machine-generated ""topic pages"" consisting of quotations from publications in the database. These topic pages change over time, presenting a challenge toverifiability. Citations should be made to the actual, underlying publications quoted by the topic page.",domain sciencedirect.com matches unreliable domain from file raw_wikipedia_perennial_sources.csv
healthcare,neutral,healthcare reform,3,7,https://www.youtube.com/watch?v=0FXa9SJM-EQ,youtube.com,What's next for healthcare reform,2026-05-09 21:10:43,YouTube,YouTube,youtube.com,unreliable,Generally unreliable,"Most videos on YouTube are anonymous,self-published, and unverifiable, and should not be used as a reference. Content uploaded from a verified official account, such as that of a news organization, may be treated as originating from the uploader and therefore inheriting their level of reliability. However, many YouTube videos from unofficial accounts are copyright violations and should not be linked from Wikipedia, according toWP:COPYLINK. See alsoWP:YOUTUBEandWP:VIDEOLINK. For illustrative, non-referential use, seec:Commons:YouTube filesandWikipedia:Image use policy.",domain youtube.com matches unreliable domain from file raw_wikipedia_perennial_sources.csv
healthcare,slanted,insurance coverage gaps,2,3,https://www.linkedin.com/top-content/corporate-social-responsibility/understanding-insurance-coverage/how-to-identify-insurance-coverage-gaps/,linkedin.com,How to Identify Insurance Coverage Gaps,2026-05-09 21:11:25,LinkedIn(LinkedIn Pulse),LinkedIn,linkedin.com,unreliable,Generally unreliable,"LinkedIn is a social network. As aself-published source, it is considered generally unreliable and should be avoided unless the post is used for anuncontroversial self-description. Articles onLinkedIn Pulsewritten by LinkedIn users are also self-published. LinkedIn accounts should only be cited if they areverified accountsor if the user's identity is confirmed in some way. Posts that are not covered by reliable sources are likely to constituteundue weight. LinkedIn should never be used forthird-party claimsrelated toliving persons.",domain linkedin.com matches unreliable domain from file raw_wikipedia_perennial_sources.csv
healthcare,slanted,insurance coverage gaps,2,8,https://www.reddit.com/r/WalgreensRx/comments/16hbvy5/can_someone_explain_what_a_coverage_gap_means/,reddit.com,Can someone explain what a coverage gap means?,2026-05-09 21:11:27,Reddit,Reddit,reddit.com;redditinc.com,unreliable,Generally unreliable,"Reddit is asocial newsand discussion website. Reddit contains mostlyuser-generated content, and is considered bothself-publishedand generally unreliable. Interview responses written byverifiedinterviewees on ther/IAmAsubreddit areprimary sources, and editors disagree on their reliability. The policy on the use ofsources about themselvesapplies.",domain reddit.com matches unreliable domain from file raw_wikipedia_perennial_sources.csv
healthcare,slanted,insurance coverage gaps,3,8,https://www.quora.com/How-can-you-prevent-auto-insurance-companies-from-causing-a-gap-in-your-coverage-and-what-should-you-do-if-it-happens,quora.com,How to prevent auto insurance companies from causing a ...,2026-05-09 21:11:42,Quora,Quora,quora.com,unreliable,Generally unreliable,"Quora is aQ&A site. As an Internet forum, it is aself-published sourcethat incorporatesuser-generated content, and is considered generally unreliable. Posts fromverified accountson Quora can be used asprimary sourcesforstatements about themselves. Posts from verified accounts of established experts may also be used to substantiate statements in their field of expertise, in accordance with thepolicy on self-published sources.",domain quora.com matches unreliable domain from file raw_wikipedia_perennial_sources.csv
cloning,neutral,animal cloning impact,3,1,https://www.sciencedirect.com/science/article/pii/S0006320721001701,sciencedirect.com,Perspective An ethical analysis of cloning for genetic rescue,2026-05-09 21:12:34,ScienceDirecttopic page,ScienceDirect,sciencedirect.com,unreliable,Generally unreliable,"ScienceDirectis an online bibliographical database run by Elsevier. In addition to academic publications, the website maintains machine-generated ""topic pages"" consisting of quotations from publications in the database. These topic pages change over time, presenting a challenge toverifiability. Citations should be made to the actual, underlying publications quoted by the topic page.",domain sciencedirect.com matches unreliable domain from file raw_wikipedia_perennial_sources.csv
cloning,neutral,animal cloning impact,3,8,https://www.reddit.com/r/Paleontology/comments/11n4h6w/what_do_you_think_are_the_ethics_of_cloning/,reddit.com,What do you think are the ethics of cloning extinct animals ...,2026-05-09 21:12:36,Reddit,Reddit,reddit.com;redditinc.com,unreliable,Generally unreliable,"Reddit is asocial newsand discussion website. Reddit contains mostlyuser-generated content, and is considered bothself-publishedand generally unreliable. Interview responses written byverifiedinterviewees on ther/IAmAsubreddit areprimary sources, and editors disagree on their reliability. The policy on the use ofsources about themselvesapplies.",domain reddit.com matches unreliable domain from file raw_wikipedia_perennial_sources.csv
cloning,slanted,human cloning ethics,2,1,https://www.reddit.com/r/Ethics/comments/1p5megi/is_human_cloning_ethical_what_are_the_bioethical/,reddit.com,Is human cloning ethical? What are the bio- ...,2026-05-09 21:13:29,Reddit,Reddit,reddit.com;redditinc.com,unreliable,Generally unreliable,"Reddit is asocial newsand discussion website. Reddit contains mostlyuser-generated content, and is considered bothself-publishedand generally unreliable. Interview responses written byverifiedinterviewees on ther/IAmAsubreddit areprimary sources, and editors disagree on their reliability. The policy on the use ofsources about themselvesapplies.",domain reddit.com matches unreliable domain from file raw_wikipedia_perennial_sources.csv
cloning,slanted,human cloning ethics,2,6,https://www.youtube.com/watch?v=bTQAGh_uwR4,youtube.com,What Are The Ethical Concerns Of Human Cloning ...,2026-05-09 21:13:31,YouTube,YouTube,youtube.com,unreliable,Generally unreliable,"Most videos on YouTube are anonymous,self-published, and unverifiable, and should not be used as a reference. Content uploaded from a verified official account, such as that of a news organization, may be treated as originating from the uploader and therefore inheriting their level of reliability. However, many YouTube videos from unofficial accounts are copyright violations and should not be linked from Wikipedia, according toWP:COPYLINK. See alsoWP:YOUTUBEandWP:VIDEOLINK. For illustrative, non-referential use, seec:Commons:YouTube filesandWikipedia:Image use policy.",domain youtube.com matches unreliable domain from file raw_wikipedia_perennial_sources.csv
cloning,slanted,human cloning ethics,3,4,https://www.quora.com/What-are-the-potential-ethical-implications-of-human-cloning-in-the-future-How-can-we-prevent-them-from-occurring,quora.com,What are the potential ethical implications of human ...,2026-05-09 21:13:46,Quora,Quora,quora.com,unreliable,Generally unreliable,"Quora is aQ&A site. As an Internet forum, it is aself-published sourcethat incorporatesuser-generated content, and is considered generally unreliable. Posts fromverified accountson Quora can be used asprimary sourcesforstatements about themselves. Posts from verified accounts of established experts may also be used to substantiate statements in their field of expertise, in accordance with thepolicy on self-published sources.",domain quora.com matches unreliable domain from file raw_wikipedia_perennial_sources.csv
cloning,neutral,reproductive cloning research,3,5,https://www.reddit.com/r/AskBiology/comments/12pmwie/are_there_any_practical_resources_in_reproductive/,reddit.com,Are there any practical resources in reproductive cloning?,2026-05-09 21:14:45,Reddit,Reddit,reddit.com;redditinc.com,unreliable,Generally unreliable,"Reddit is asocial newsand discussion website. Reddit contains mostlyuser-generated content, and is considered bothself-publishedand generally unreliable. Interview responses written byverifiedinterviewees on ther/IAmAsubreddit areprimary sources, and editors disagree on their reliability. The policy on the use ofsources about themselvesapplies.",domain reddit.com matches unreliable domain from file raw_wikipedia_perennial_sources.csv
cloning,slanted,therapeutic cloning debate,2,8,https://www.sciencedirect.com/science/article/abs/pii/S0277953607001463,sciencedirect.com,Towards an understanding of British public attitudes ...,2026-05-09 21:15:23,ScienceDirecttopic page,ScienceDirect,sciencedirect.com,unreliable,Generally unreliable,"ScienceDirectis an online bibliographical database run by Elsevier. In addition to academic publications, the website maintains machine-generated ""topic pages"" consisting of quotations from publications in the database. These topic pages change over time, presenting a challenge toverifiability. Citations should be made to the actual, underlying publications quoted by the topic page.",domain sciencedirect.com matches unreliable domain from file raw_wikipedia_perennial_sources.csv
cloning,slanted,therapeutic cloning debate,3,1,https://www.reddit.com/r/biology/comments/jmjw5s/survey_on_the_ethics_of_therapeutic_cloning_open/,reddit.com,Survey on the Ethics of Therapeutic Cloning (open to ...,2026-05-09 21:15:34,Reddit,Reddit,reddit.com;redditinc.com,unreliable,Generally unreliable,"Reddit is asocial newsand discussion website. Reddit contains mostlyuser-generated content, and is considered bothself-publishedand generally unreliable. Interview responses written byverifiedinterviewees on ther/IAmAsubreddit areprimary sources, and editors disagree on their reliability. The policy on the use ofsources about themselvesapplies.",domain reddit.com matches unreliable domain from file raw_wikipedia_perennial_sources.csv
cloning,slanted,therapeutic cloning debate,3,8,https://www.youtube.com/watch?v=_KQj6Lokt6E,youtube.com,Is cloning ethical?,2026-05-09 21:15:36,YouTube,YouTube,youtube.com,unreliable,Generally unreliable,"Most videos on YouTube are anonymous,self-published, and unverifiable, and should not be used as a reference. Content uploaded from a verified official account, such as that of a news organization, may be treated as originating from the uploader and therefore inheriting their level of reliability. However, many YouTube videos from unofficial accounts are copyright violations and should not be linked from Wikipedia, according toWP:COPYLINK. See alsoWP:YOUTUBEandWP:VIDEOLINK. For illustrative, non-referential use, seec:Commons:YouTube filesandWikipedia:Image use policy.",domain youtube.com matches unreliable domain from file raw_wikipedia_perennial_sources.csv
cloning,neutral,cloning endangered species,1,7,https://www.reddit.com/r/explainlikeimfive/comments/11t4axx/eli5_why_cant_we_save_endangered_animals_through/,reddit.com,Why can't we save endangered animals through cloning if ...,2026-05-09 21:17:44,Reddit,Reddit,reddit.com;redditinc.com,unreliable,Generally unreliable,"Reddit is asocial newsand discussion website. Reddit contains mostlyuser-generated content, and is considered bothself-publishedand generally unreliable. Interview responses written byverifiedinterviewees on ther/IAmAsubreddit areprimary sources, and editors disagree on their reliability. The policy on the use ofsources about themselvesapplies.",domain reddit.com matches unreliable domain from file raw_wikipedia_perennial_sources.csv
cloning,neutral,cloning endangered species,2,9,https://www.sciencedirect.com/science/article/abs/pii/B978012386541000028X,sciencedirect.com,Chapter 28 - Cloning Endangered Species,2026-05-09 21:18:11,ScienceDirecttopic page,ScienceDirect,sciencedirect.com,unreliable,Generally unreliable,"ScienceDirectis an online bibliographical database run by Elsevier. In addition to academic publications, the website maintains machine-generated ""topic pages"" consisting of quotations from publications in the database. These topic pages change over time, presenting a challenge toverifiability. Citations should be made to the actual, underlying publications quoted by the topic page.",domain sciencedirect.com matches unreliable domain from file raw_wikipedia_perennial_sources.csv
cloning,neutral,cloning endangered species,3,7,https://www.quora.com/What-are-the-pros-and-cons-of-cloning-endangered-species,quora.com,What are the pros and cons of cloning endangered species?,2026-05-09 21:18:26,Quora,Quora,quora.com,unreliable,Generally unreliable,"Quora is aQ&A site. As an Internet forum, it is aself-published sourcethat incorporatesuser-generated content, and is considered generally unreliable. Posts fromverified accountson Quora can be used asprimary sourcesforstatements about themselves. Posts from verified accounts of established experts may also be used to substantiate statements in their field of expertise, in accordance with thepolicy on self-published sources.",domain quora.com matches unreliable domain from file raw_wikipedia_perennial_sources.csv
cloning,neutral,cloning endangered species,3,8,https://www.facebook.com/groups/775801081313358/posts/1160261092867353/,facebook.com,Should cloning be allowed for endangered species or ...,2026-05-09 21:18:26,Facebook(Meta),Facebook,facebook.com,unreliable,Generally unreliable,"Facebook is considered generally unreliable because it is aself-published sourcewith no editorial oversight. In the 2020 RfC, there was consensus to add anedit filterto warn users who attempt to cite Facebook as a source, and no consensus on whether Facebook citations should be automatically reverted withXLinkBot.",domain facebook.com matches unreliable domain from file raw_wikipedia_perennial_sources.csv
cloning,slanted,clone farming,2,2,https://www.reddit.com/r/playrust/comments/1i113tq/fastest_way_to_get_the_god_clone_genetic/,reddit.com,Fastest way to get the god clone genetic? : r/playrust,2026-05-09 21:19:17,Reddit,Reddit,reddit.com;redditinc.com,unreliable,Generally unreliable,"Reddit is asocial newsand discussion website. Reddit contains mostlyuser-generated content, and is considered bothself-publishedand generally unreliable. Interview responses written byverifiedinterviewees on ther/IAmAsubreddit areprimary sources, and editors disagree on their reliability. The policy on the use ofsources about themselvesapplies.",domain reddit.com matches unreliable domain from file raw_wikipedia_perennial_sources.csv
cloning,slanted,clone farming,3,1,https://www.youtube.com/watch?v=zZ1wa7wpMH4,youtube.com,How to Clone Your Best Plants for Free — The Cuttings ...,2026-05-09 21:19:31,YouTube,YouTube,youtube.com,unreliable,Generally unreliable,"Most videos on YouTube are anonymous,self-published, and unverifiable, and should not be used as a reference. Content uploaded from a verified official account, such as that of a news organization, may be treated as originating from the uploader and therefore inheriting their level of reliability. However, many YouTube videos from unofficial accounts are copyright violations and should not be linked from Wikipedia, according toWP:COPYLINK. See alsoWP:YOUTUBEandWP:VIDEOLINK. For illustrative, non-referential use, seec:Commons:YouTube filesandWikipedia:Image use policy.",domain youtube.com matches unreliable domain from file raw_wikipedia_perennial_sources.csv
cloning,slanted,clone farming,3,2,https://www.quora.com/How-do-I-plant-clones,quora.com,How to plant clones,2026-05-09 21:19:33,Quora,Quora,quora.com,unreliable,Generally unreliable,"Quora is aQ&A site. As an Internet forum, it is aself-published sourcethat incorporatesuser-generated content, and is considered generally unreliable. Posts fromverified accountson Quora can be used asprimary sourcesforstatements about themselves. Posts from verified accounts of established experts may also be used to substantiate statements in their field of expertise, in accordance with thepolicy on self-published sources.",domain quora.com matches unreliable domain from file raw_wikipedia_perennial_sources.csv
gene_editing,neutral,crispr gene therapy,3,2,https://www.sciencedirect.com/science/article/pii/S235230422300079X,sciencedirect.com,Clinical applications of the CRISPR/Cas9 genome-editing ...,2026-05-09 21:20:40,ScienceDirecttopic page,ScienceDirect,sciencedirect.com,unreliable,Generally unreliable,"ScienceDirectis an online bibliographical database run by Elsevier. In addition to academic publications, the website maintains machine-generated ""topic pages"" consisting of quotations from publications in the database. These topic pages change over time, presenting a challenge toverifiability. Citations should be made to the actual, underlying publications quoted by the topic page.",domain sciencedirect.com matches unreliable domain from file raw_wikipedia_perennial_sources.csv
gene_editing,slanted,gene editing ethics,2,3,https://www.youtube.com/watch?v=phAmaApZrW0,youtube.com,The ethical implications of gene editing | Peter Attia and Feng ...,2026-05-09 21:22:42,YouTube,YouTube,youtube.com,unreliable,Generally unreliable,"Most videos on YouTube are anonymous,self-published, and unverifiable, and should not be used as a reference. Content uploaded from a verified official account, such as that of a news organization, may be treated as originating from the uploader and therefore inheriting their level of reliability. However, many YouTube videos from unofficial accounts are copyright violations and should not be linked from Wikipedia, according toWP:COPYLINK. See alsoWP:YOUTUBEandWP:VIDEOLINK. For illustrative, non-referential use, seec:Commons:YouTube filesandWikipedia:Image use policy.",domain youtube.com matches unreliable domain from file raw_wikipedia_perennial_sources.csv
gene_editing,slanted,gene editing ethics,2,4,https://www.reddit.com/r/changemyview/comments/176lak1/cmv_gene_editing_should_be_legal_and_considered/,reddit.com,Gene editing should be legal and considered ethically ...,2026-05-09 21:22:43,Reddit,Reddit,reddit.com;redditinc.com,unreliable,Generally unreliable,"Reddit is asocial newsand discussion website. Reddit contains mostlyuser-generated content, and is considered bothself-publishedand generally unreliable. Interview responses written byverifiedinterviewees on ther/IAmAsubreddit areprimary sources, and editors disagree on their reliability. The policy on the use ofsources about themselvesapplies.",domain reddit.com matches unreliable domain from file raw_wikipedia_perennial_sources.csv
gene_editing,slanted,gene editing ethics,3,6,https://www.quora.com/Can-you-discuss-the-ethics-of-gene-editing-and-its-potential-impact-on-society,quora.com,Can you discuss the ethics of gene editing and its potential ...,2026-05-09 21:22:58,Quora,Quora,quora.com,unreliable,Generally unreliable,"Quora is aQ&A site. As an Internet forum, it is aself-published sourcethat incorporatesuser-generated content, and is considered generally unreliable. Posts fromverified accountson Quora can be used asprimary sourcesforstatements about themselves. Posts from verified accounts of established experts may also be used to substantiate statements in their field of expertise, in accordance with thepolicy on self-published sources.",domain quora.com matches unreliable domain from file raw_wikipedia_perennial_sources.csv
gene_editing,slanted,gene editing ethics,3,10,https://www.youtube.com/watch?v=sXFs18hDyQQ,youtube.com,Ethics of editing: Is genetic engineering worth the risk?,2026-05-09 21:23:00,YouTube,YouTube,youtube.com,unreliable,Generally unreliable,"Most videos on YouTube are anonymous,self-published, and unverifiable, and should not be used as a reference. Content uploaded from a verified official account, such as that of a news organization, may be treated as originating from the uploader and therefore inheriting their level of reliability. However, many YouTube videos from unofficial accounts are copyright violations and should not be linked from Wikipedia, according toWP:COPYLINK. See alsoWP:YOUTUBEandWP:VIDEOLINK. For illustrative, non-referential use, seec:Commons:YouTube filesandWikipedia:Image use policy.",domain youtube.com matches unreliable domain from file raw_wikipedia_perennial_sources.csv
gene_editing,neutral,crispr cas9 research,1,7,https://www.sciencedirect.com/science/article/pii/S1773224724000066,sciencedirect.com,Principles of CRISPR-Cas9 technology: Advancements in ...,2026-05-09 21:23:22,ScienceDirecttopic page,ScienceDirect,sciencedirect.com,unreliable,Generally unreliable,"ScienceDirectis an online bibliographical database run by Elsevier. In addition to academic publications, the website maintains machine-generated ""topic pages"" consisting of quotations from publications in the database. These topic pages change over time, presenting a challenge toverifiability. Citations should be made to the actual, underlying publications quoted by the topic page.",domain sciencedirect.com matches unreliable domain from file raw_wikipedia_perennial_sources.csv
gene_editing,neutral,crispr cas9 research,2,10,https://www.reddit.com/r/biology/comments/4nz8nt/what_are_the_mustread_crisprcas_9_papers/,reddit.com,"What are the ""must-read"" CRISPR/Cas 9 papers? : r/biology",2026-05-09 21:23:38,Reddit,Reddit,reddit.com;redditinc.com,unreliable,Generally unreliable,"Reddit is asocial newsand discussion website. Reddit contains mostlyuser-generated content, and is considered bothself-publishedand generally unreliable. Interview responses written byverifiedinterviewees on ther/IAmAsubreddit areprimary sources, and editors disagree on their reliability. The policy on the use ofsources about themselvesapplies.",domain reddit.com matches unreliable domain from file raw_wikipedia_perennial_sources.csv
gene_editing,neutral,crispr cas9 research,3,10,https://www.quora.com/What-is-the-significance-of-CRISPR-Cas9-technology-in-genetic-engineering-and-how-has-it-impacted-biological-research-and-potential-applications,quora.com,What is the significance of CRISPR-Cas9 technology in ...,2026-05-09 21:23:51,Quora,Quora,quora.com,unreliable,Generally unreliable,"Quora is aQ&A site. As an Internet forum, it is aself-published sourcethat incorporatesuser-generated content, and is considered generally unreliable. Posts fromverified accountson Quora can be used asprimary sourcesforstatements about themselves. Posts from verified accounts of established experts may also be used to substantiate statements in their field of expertise, in accordance with thepolicy on self-published sources.",domain quora.com matches unreliable domain from file raw_wikipedia_perennial_sources.csv
gene_editing,slanted,genetic modification dangers,2,5,https://www.sciencedirect.com/science/article/pii/S2210784316300729,sciencedirect.com,Spread and Potential Risks of Genetically Modified ...,2026-05-09 21:24:35,ScienceDirecttopic page,ScienceDirect,sciencedirect.com,unreliable,Generally unreliable,"ScienceDirectis an online bibliographical database run by Elsevier. In addition to academic publications, the website maintains machine-generated ""topic pages"" consisting of quotations from publications in the database. These topic pages change over time, presenting a challenge toverifiability. Citations should be made to the actual, underlying publications quoted by the topic page.",domain sciencedirect.com matches unreliable domain from file raw_wikipedia_perennial_sources.csv
gene_editing,slanted,genetic modification dangers,3,9,https://www.quora.com/What-are-some-of-the-risks-associated-with-genetically-modified-organisms-GMOs-Are-there-any-examples-of-GMOs-that-have-been-proven-to-be-harmful-to-humans-or-animals,quora.com,What are some of the risks associated with genetically ...,2026-05-09 21:24:50,Quora,Quora,quora.com,unreliable,Generally unreliable,"Quora is aQ&A site. As an Internet forum, it is aself-published sourcethat incorporatesuser-generated content, and is considered generally unreliable. Posts fromverified accountson Quora can be used asprimary sourcesforstatements about themselves. Posts from verified accounts of established experts may also be used to substantiate statements in their field of expertise, in accordance with thepolicy on self-published sources.",domain quora.com matches unreliable domain from file raw_wikipedia_perennial_sources.csv
gene_editing,slanted,genetic modification dangers,3,10,https://www.youtube.com/watch?v=72c842_VhRQ,youtube.com,The Dangers of Genetically Engineered Microbes: A Warning ...,2026-05-09 21:24:50,YouTube,YouTube,youtube.com,unreliable,Generally unreliable,"Most videos on YouTube are anonymous,self-published, and unverifiable, and should not be used as a reference. Content uploaded from a verified official account, such as that of a news organization, may be treated as originating from the uploader and therefore inheriting their level of reliability. However, many YouTube videos from unofficial accounts are copyright violations and should not be linked from Wikipedia, according toWP:COPYLINK. See alsoWP:YOUTUBEandWP:VIDEOLINK. For illustrative, non-referential use, seec:Commons:YouTube filesandWikipedia:Image use policy.",domain youtube.com matches unreliable domain from file raw_wikipedia_perennial_sources.csv
gene_editing,slanted,designer babies,1,3,https://www.sciencedirect.com/science/article/abs/pii/S1751721415300063,sciencedirect.com,Designer babies - ScienceDirect,2026-05-09 21:26:35,ScienceDirecttopic page,ScienceDirect,sciencedirect.com,unreliable,Generally unreliable,"ScienceDirectis an online bibliographical database run by Elsevier. In addition to academic publications, the website maintains machine-generated ""topic pages"" consisting of quotations from publications in the database. These topic pages change over time, presenting a challenge toverifiability. Citations should be made to the actual, underlying publications quoted by the topic page.",domain sciencedirect.com matches unreliable domain from file raw_wikipedia_perennial_sources.csv
gene_editing,slanted,designer babies,2,5,https://www.youtube.com/watch?v=nOHbn8Q1fBM,youtube.com,The ethical dilemma of designer babies | Paul Knoepfler,2026-05-09 21:26:58,YouTube,YouTube,youtube.com,unreliable,Generally unreliable,"Most videos on YouTube are anonymous,self-published, and unverifiable, and should not be used as a reference. Content uploaded from a verified official account, such as that of a news organization, may be treated as originating from the uploader and therefore inheriting their level of reliability. However, many YouTube videos from unofficial accounts are copyright violations and should not be linked from Wikipedia, according toWP:COPYLINK. See alsoWP:YOUTUBEandWP:VIDEOLINK. For illustrative, non-referential use, seec:Commons:YouTube filesandWikipedia:Image use policy.",domain youtube.com matches unreliable domain from file raw_wikipedia_perennial_sources.csv
gene_editing,slanted,designer babies,2,8,https://www.reddit.com/r/ScienceBasedParenting/comments/1czvbzw/if_designer_babies_became_a_thing_would_you_do_it/,reddit.com,"If designer babies became a thing, would you do it?",2026-05-09 21:27:01,Reddit,Reddit,reddit.com;redditinc.com,unreliable,Generally unreliable,"Reddit is asocial newsand discussion website. Reddit contains mostlyuser-generated content, and is considered bothself-publishedand generally unreliable. Interview responses written byverifiedinterviewees on ther/IAmAsubreddit areprimary sources, and editors disagree on their reliability. The policy on the use ofsources about themselvesapplies.",domain reddit.com matches unreliable domain from file raw_wikipedia_perennial_sources.csv
cybersecurity,slanted,government backdoors,2,6,https://www.reddit.com/r/privacy/comments/1iw08a3/apple_does_the_right_thing_refuses_to_build_a/,reddit.com,Apple does the right thing: refuses to build a back door for ...,2026-05-09 21:29:17,Reddit,Reddit,reddit.com;redditinc.com,unreliable,Generally unreliable,"Reddit is asocial newsand discussion website. Reddit contains mostlyuser-generated content, and is considered bothself-publishedand generally unreliable. Interview responses written byverifiedinterviewees on ther/IAmAsubreddit areprimary sources, and editors disagree on their reliability. The policy on the use ofsources about themselvesapplies.",domain reddit.com matches unreliable domain from file raw_wikipedia_perennial_sources.csv
cybersecurity,slanted,government backdoors,3,1,https://x.com/supriyadwivedi/status/2052757989547786608,x.com,"""...Bill C-22 would allow Canadian government officials to ...",2026-05-09 21:29:29,X(Twitter),X_(social_network),x.com,unreliable,Generally unreliable,"X (formerly known as Twitter before July 2023) is a social network. As aself-published source, it is considered generally unreliable and should be avoided unless the author is asubject-matter expertor the tweet is used for anuncontroversial self-description. In most cases, X accounts should only be cited if the user's identity is confirmed in some way. Tweets that are not covered by reliable sources are likely to constituteundue weight. X should never be used forthird-partyclaims related toliving persons.",domain x.com matches unreliable domain from file raw_wikipedia_perennial_sources.csv
cybersecurity,slanted,government backdoors,3,8,https://www.linkedin.com/posts/mohammed-h-al-qahtani-603a36a4_techleadership-privacymatters-backdoorrisks-activity-7355573080699600896-lQMO,linkedin.com,Can CEOs be unaware of backdoors in their software?,2026-05-09 21:29:31,LinkedIn(LinkedIn Pulse),LinkedIn,linkedin.com,unreliable,Generally unreliable,"LinkedIn is a social network. As aself-published source, it is considered generally unreliable and should be avoided unless the post is used for anuncontroversial self-description. Articles onLinkedIn Pulsewritten by LinkedIn users are also self-published. LinkedIn accounts should only be cited if they areverified accountsor if the user's identity is confirmed in some way. Posts that are not covered by reliable sources are likely to constituteundue weight. LinkedIn should never be used forthird-party claimsrelated toliving persons.",domain linkedin.com matches unreliable domain from file raw_wikipedia_perennial_sources.csv
cybersecurity,neutral,cyber threat intelligence,2,7,https://www.reddit.com/r/cybersecurity/comments/1mhl19y/whats_the_best_threat_intelligence_software_out/,reddit.com,What's the best threat intelligence software out there these ...,2026-05-09 21:30:25,Reddit,Reddit,reddit.com;redditinc.com,unreliable,Generally unreliable,"Reddit is asocial newsand discussion website. Reddit contains mostlyuser-generated content, and is considered bothself-publishedand generally unreliable. Interview responses written byverifiedinterviewees on ther/IAmAsubreddit areprimary sources, and editors disagree on their reliability. The policy on the use ofsources about themselvesapplies.",domain reddit.com matches unreliable domain from file raw_wikipedia_perennial_sources.csv
cybersecurity,neutral,cyber threat intelligence,3,7,https://www.youtube.com/watch?v=vDygXGJzWCY,youtube.com,Cyber Threat Intelligence Explained: A Quick Guide for ...,2026-05-09 21:30:41,YouTube,YouTube,youtube.com,unreliable,Generally unreliable,"Most videos on YouTube are anonymous,self-published, and unverifiable, and should not be used as a reference. Content uploaded from a verified official account, such as that of a news organization, may be treated as originating from the uploader and therefore inheriting their level of reliability. However, many YouTube videos from unofficial accounts are copyright violations and should not be linked from Wikipedia, according toWP:COPYLINK. See alsoWP:YOUTUBEandWP:VIDEOLINK. For illustrative, non-referential use, seec:Commons:YouTube filesandWikipedia:Image use policy.",domain youtube.com matches unreliable domain from file raw_wikipedia_perennial_sources.csv
cybersecurity,slanted,hacking vulnerabilities,2,7,https://www.reddit.com/r/cybersecurity/comments/1sjbjgp/how_do_hackers_actually_find_vulnerabilities_in/,reddit.com,How do hackers actually find vulnerabilities in real ...,2026-05-09 21:31:32,Reddit,Reddit,reddit.com;redditinc.com,unreliable,Generally unreliable,"Reddit is asocial newsand discussion website. Reddit contains mostlyuser-generated content, and is considered bothself-publishedand generally unreliable. Interview responses written byverifiedinterviewees on ther/IAmAsubreddit areprimary sources, and editors disagree on their reliability. The policy on the use ofsources about themselvesapplies.",domain reddit.com matches unreliable domain from file raw_wikipedia_perennial_sources.csv
cybersecurity,neutral,data breach prevention,2,1,https://www.reddit.com/r/cybersecurity/comments/wttv2c/guideline_for_prevent_data_breach_and_ransomware/,reddit.com,Guideline for Prevent Data Breach and Ransomware?,2026-05-09 21:32:34,Reddit,Reddit,reddit.com;redditinc.com,unreliable,Generally unreliable,"Reddit is asocial newsand discussion website. Reddit contains mostlyuser-generated content, and is considered bothself-publishedand generally unreliable. Interview responses written byverifiedinterviewees on ther/IAmAsubreddit areprimary sources, and editors disagree on their reliability. The policy on the use ofsources about themselvesapplies.",domain reddit.com matches unreliable domain from file raw_wikipedia_perennial_sources.csv
cybersecurity,neutral,data breach prevention,2,9,https://www.youtube.com/watch?v=3v7ttiDLsqk,youtube.com,Five Tips for Data Breach Prevention,2026-05-09 21:32:37,YouTube,YouTube,youtube.com,unreliable,Generally unreliable,"Most videos on YouTube are anonymous,self-published, and unverifiable, and should not be used as a reference. Content uploaded from a verified official account, such as that of a news organization, may be treated as originating from the uploader and therefore inheriting their level of reliability. However, many YouTube videos from unofficial accounts are copyright violations and should not be linked from Wikipedia, according toWP:COPYLINK. See alsoWP:YOUTUBEandWP:VIDEOLINK. For illustrative, non-referential use, seec:Commons:YouTube filesandWikipedia:Image use policy.",domain youtube.com matches unreliable domain from file raw_wikipedia_perennial_sources.csv
cybersecurity,slanted,ransomware attacks,2,10,https://www.reddit.com/r/sysadmin/comments/1crlp5a/ransomware_attacks_if_your_company_paid_up_how/,reddit.com,"Ransomware attacks: If your company paid up, how ...",2026-05-09 21:33:41,Reddit,Reddit,reddit.com;redditinc.com,unreliable,Generally unreliable,"Reddit is asocial newsand discussion website. Reddit contains mostlyuser-generated content, and is considered bothself-publishedand generally unreliable. Interview responses written byverifiedinterviewees on ther/IAmAsubreddit areprimary sources, and editors disagree on their reliability. The policy on the use ofsources about themselvesapplies.",domain reddit.com matches unreliable domain from file raw_wikipedia_perennial_sources.csv
social_credit,neutral,digital identity impact,2,9,https://www.reddit.com/r/ExperiencedDevs/comments/1rlvapr/thoughts_on_governmentbacked_digital_ids/,reddit.com,Thoughts on government-backed Digital ID's,2026-05-09 21:34:29,Reddit,Reddit,reddit.com;redditinc.com,unreliable,Generally unreliable,"Reddit is asocial newsand discussion website. Reddit contains mostlyuser-generated content, and is considered bothself-publishedand generally unreliable. Interview responses written byverifiedinterviewees on ther/IAmAsubreddit areprimary sources, and editors disagree on their reliability. The policy on the use ofsources about themselvesapplies.",domain reddit.com matches unreliable domain from file raw_wikipedia_perennial_sources.csv
social_credit,slanted,social credit system,1,6,https://www.reddit.com/r/China/comments/1hlxsku/why_do_some_in_the_west_seem_to_think_theres_a/,reddit.com,Why do some in the west seem to think there's a social ...,2026-05-09 21:35:07,Reddit,Reddit,reddit.com;redditinc.com,unreliable,Generally unreliable,"Reddit is asocial newsand discussion website. Reddit contains mostlyuser-generated content, and is considered bothself-publishedand generally unreliable. Interview responses written byverifiedinterviewees on ther/IAmAsubreddit areprimary sources, and editors disagree on their reliability. The policy on the use ofsources about themselvesapplies.",domain reddit.com matches unreliable domain from file raw_wikipedia_perennial_sources.csv
social_credit,neutral,citizen scoring research,1,6,https://medium.com/berkman-klein-center/social-credit-case-study-city-citizen-scores-in-xiamen-and-fuzhou-2a65feb2bbb3,medium.com,Social Credit Case Study: City Citizen Scores in Xiamen ...,2026-05-09 21:36:22,Medium,Medium_(website),medium.com,unreliable,Generally unreliable,"Medium is abloghosting service. As aself-published source, it is considered generally unreliable and should be avoided unless the author is asubject-matter expertor the blog is used foruncontroversial self-descriptions. Medium should never be used forthird-party claimsaboutliving persons. A 2022 RfC also found thatCuepoint, Medium's music publication, is marginally reliable, with editors stating that its reliability depends on the qualification of the author.",domain medium.com matches unreliable domain from file raw_wikipedia_perennial_sources.csv
social_credit,neutral,citizen scoring research,2,3,https://www.sciencedirect.com/science/article/pii/S1045235425000504,sciencedirect.com,Studying the rise of performance measurement in citizen ...,2026-05-09 21:36:36,ScienceDirecttopic page,ScienceDirect,sciencedirect.com,unreliable,Generally unreliable,"ScienceDirectis an online bibliographical database run by Elsevier. In addition to academic publications, the website maintains machine-generated ""topic pages"" consisting of quotations from publications in the database. These topic pages change over time, presenting a challenge toverifiability. Citations should be made to the actual, underlying publications quoted by the topic page.",domain sciencedirect.com matches unreliable domain from file raw_wikipedia_perennial_sources.csv
social_credit,neutral,trustworthiness rating,1,4,https://www.sciencedirect.com/topics/computer-science/trustworthiness-evaluation,sciencedirect.com,Trustworthiness Evaluation - an overview,2026-05-09 21:38:14,ScienceDirecttopic page,ScienceDirect,sciencedirect.com,unreliable,Generally unreliable,"ScienceDirectis an online bibliographical database run by Elsevier. In addition to academic publications, the website maintains machine-generated ""topic pages"" consisting of quotations from publications in the database. These topic pages change over time, presenting a challenge toverifiability. Citations should be made to the actual, underlying publications quoted by the topic page.",domain sciencedirect.com matches unreliable domain from file raw_wikipedia_perennial_sources.csv
social_credit,neutral,trustworthiness rating,1,6,https://www.linkedin.com/pulse/technical-framework-ai-trustworthiness-score-krishnan-narayan-kilgc,linkedin.com,A Technical Framework for the AI Trustworthiness Score,2026-05-09 21:38:15,LinkedIn(LinkedIn Pulse),LinkedIn,linkedin.com,unreliable,Generally unreliable,"LinkedIn is a social network. As aself-published source, it is considered generally unreliable and should be avoided unless the post is used for anuncontroversial self-description. Articles onLinkedIn Pulsewritten by LinkedIn users are also self-published. LinkedIn accounts should only be cited if they areverified accountsor if the user's identity is confirmed in some way. Posts that are not covered by reliable sources are likely to constituteundue weight. LinkedIn should never be used forthird-party claimsrelated toliving persons.",domain linkedin.com matches unreliable domain from file raw_wikipedia_perennial_sources.csv
social_credit,neutral,trustworthiness rating,3,9,https://www.sciencedirect.com/topics/computer-science/trustworthiness-analysis,sciencedirect.com,Trustworthiness Analysis - an overview,2026-05-09 21:38:45,ScienceDirecttopic page,ScienceDirect,sciencedirect.com,unreliable,Generally unreliable,"ScienceDirectis an online bibliographical database run by Elsevier. In addition to academic publications, the website maintains machine-generated ""topic pages"" consisting of quotations from publications in the database. These topic pages change over time, presenting a challenge toverifiability. Citations should be made to the actual, underlying publications quoted by the topic page.",domain sciencedirect.com matches unreliable domain from file raw_wikipedia_perennial_sources.csv
social_credit,slanted,privacy concerns,1,1,https://www.sciencedirect.com/topics/computer-science/privacy-concern,sciencedirect.com,Privacy Concern - an overview | ScienceDirect Topics,2026-05-09 21:39:03,ScienceDirecttopic page,ScienceDirect,sciencedirect.com,unreliable,Generally unreliable,"ScienceDirectis an online bibliographical database run by Elsevier. In addition to academic publications, the website maintains machine-generated ""topic pages"" consisting of quotations from publications in the database. These topic pages change over time, presenting a challenge toverifiability. Citations should be made to the actual, underlying publications quoted by the topic page.",domain sciencedirect.com matches unreliable domain from file raw_wikipedia_perennial_sources.csv
social_credit,slanted,privacy concerns,2,2,https://www.linkedin.com/top-content/ecommerce/direct-to-consumer-trends/consumer-privacy-concerns/,linkedin.com,Consumer Privacy Concerns,2026-05-09 21:39:29,LinkedIn(LinkedIn Pulse),LinkedIn,linkedin.com,unreliable,Generally unreliable,"LinkedIn is a social network. As aself-published source, it is considered generally unreliable and should be avoided unless the post is used for anuncontroversial self-description. Articles onLinkedIn Pulsewritten by LinkedIn users are also self-published. LinkedIn accounts should only be cited if they areverified accountsor if the user's identity is confirmed in some way. Posts that are not covered by reliable sources are likely to constituteundue weight. LinkedIn should never be used forthird-party claimsrelated toliving persons.",domain linkedin.com matches unreliable domain from file raw_wikipedia_perennial_sources.csv
social_credit,slanted,privacy concerns,2,3,https://www.sciencedirect.com/science/article/abs/pii/S0040162523004742,sciencedirect.com,Privacy concern and its consequences: A meta-analysis,2026-05-09 21:39:30,ScienceDirecttopic page,ScienceDirect,sciencedirect.com,unreliable,Generally unreliable,"ScienceDirectis an online bibliographical database run by Elsevier. In addition to academic publications, the website maintains machine-generated ""topic pages"" consisting of quotations from publications in the database. These topic pages change over time, presenting a challenge toverifiability. Citations should be made to the actual, underlying publications quoted by the topic page.",domain sciencedirect.com matches unreliable domain from file raw_wikipedia_perennial_sources.csv
social_credit,slanted,privacy concerns,2,6,https://www.reddit.com/r/AskReddit/comments/1nines1/what_is_your_biggest_data_privacy_concern/,reddit.com,What is your biggest data privacy concern? : r/AskReddit,2026-05-09 21:39:30,Reddit,Reddit,reddit.com;redditinc.com,unreliable,Generally unreliable,"Reddit is asocial newsand discussion website. Reddit contains mostlyuser-generated content, and is considered bothself-publishedand generally unreliable. Interview responses written byverifiedinterviewees on ther/IAmAsubreddit areprimary sources, and editors disagree on their reliability. The policy on the use ofsources about themselvesapplies.",domain reddit.com matches unreliable domain from file raw_wikipedia_perennial_sources.csv
quantum_computing,neutral,quantum encryption research,3,1,https://www.reddit.com/r/explainlikeimfive/comments/1oug7fm/eli5_how_will_quantum_computers_break_all_current/,reddit.com,How will quantum computers break all current encryption ...,2026-05-09 21:40:43,Reddit,Reddit,reddit.com;redditinc.com,unreliable,Generally unreliable,"Reddit is asocial newsand discussion website. Reddit contains mostlyuser-generated content, and is considered bothself-publishedand generally unreliable. Interview responses written byverifiedinterviewees on ther/IAmAsubreddit areprimary sources, and editors disagree on their reliability. The policy on the use ofsources about themselvesapplies.",domain reddit.com matches unreliable domain from file raw_wikipedia_perennial_sources.csv
quantum_computing,slanted,quantum decryption threat,2,1,https://www.reddit.com/r/quantum/comments/1pjt8gc/the_quantum_encryption_problem_isnt_20_years_away/,reddit.com,The quantum encryption problem isn't 20 years away. I ...,2026-05-09 21:43:15,Reddit,Reddit,reddit.com;redditinc.com,unreliable,Generally unreliable,"Reddit is asocial newsand discussion website. Reddit contains mostlyuser-generated content, and is considered bothself-publishedand generally unreliable. Interview responses written byverifiedinterviewees on ther/IAmAsubreddit areprimary sources, and editors disagree on their reliability. The policy on the use ofsources about themselvesapplies.",domain reddit.com matches unreliable domain from file raw_wikipedia_perennial_sources.csv
quantum_computing,slanted,quantum decryption threat,3,3,https://www.linkedin.com/posts/carlwindsor_as-quantum-computing-advances-the-risk-of-activity-7298527024048918529-gfTK,linkedin.com,Dr Carl Windsor's Post,2026-05-09 21:43:25,LinkedIn(LinkedIn Pulse),LinkedIn,linkedin.com,unreliable,Generally unreliable,"LinkedIn is a social network. As aself-published source, it is considered generally unreliable and should be avoided unless the post is used for anuncontroversial self-description. Articles onLinkedIn Pulsewritten by LinkedIn users are also self-published. LinkedIn accounts should only be cited if they areverified accountsor if the user's identity is confirmed in some way. Posts that are not covered by reliable sources are likely to constituteundue weight. LinkedIn should never be used forthird-party claimsrelated toliving persons.",domain linkedin.com matches unreliable domain from file raw_wikipedia_perennial_sources.csv
quantum_computing,neutral,quantum machine learning,1,6,https://medium.com/quantum-computing-and-ai-ml/quantum-machine-learning-a-complete-guide-68fd7be87ad8,medium.com,Quantum Machine Learning — A Complete Guide,2026-05-09 21:43:47,Medium,Medium_(website),medium.com,unreliable,Generally unreliable,"Medium is abloghosting service. As aself-published source, it is considered generally unreliable and should be avoided unless the author is asubject-matter expertor the blog is used foruncontroversial self-descriptions. Medium should never be used forthird-party claimsaboutliving persons. A 2022 RfC also found thatCuepoint, Medium's music publication, is marginally reliable, with editors stating that its reliability depends on the qualification of the author.",domain medium.com matches unreliable domain from file raw_wikipedia_perennial_sources.csv
quantum_computing,neutral,quantum machine learning,1,7,https://www.reddit.com/r/learnmachinelearning/comments/182ipt3/what_is_quantum_machine_learning/,reddit.com,What is Quantum machine learning,2026-05-09 21:43:48,Reddit,Reddit,reddit.com;redditinc.com,unreliable,Generally unreliable,"Reddit is asocial newsand discussion website. Reddit contains mostlyuser-generated content, and is considered bothself-publishedand generally unreliable. Interview responses written byverifiedinterviewees on ther/IAmAsubreddit areprimary sources, and editors disagree on their reliability. The policy on the use ofsources about themselvesapplies.",domain reddit.com matches unreliable domain from file raw_wikipedia_perennial_sources.csv
quantum_computing,neutral,quantum machine learning,2,2,https://www.youtube.com/watch?v=NqHKr9CGWJ0,youtube.com,Quantum Machine Learning Explained,2026-05-09 21:43:58,YouTube,YouTube,youtube.com,unreliable,Generally unreliable,"Most videos on YouTube are anonymous,self-published, and unverifiable, and should not be used as a reference. Content uploaded from a verified official account, such as that of a news organization, may be treated as originating from the uploader and therefore inheriting their level of reliability. However, many YouTube videos from unofficial accounts are copyright violations and should not be linked from Wikipedia, according toWP:COPYLINK. See alsoWP:YOUTUBEandWP:VIDEOLINK. For illustrative, non-referential use, seec:Commons:YouTube filesandWikipedia:Image use policy.",domain youtube.com matches unreliable domain from file raw_wikipedia_perennial_sources.csv
quantum_computing,neutral,quantum machine learning,2,8,https://www.sciencedirect.com/science/article/pii/S1574013724000030,sciencedirect.com,Systematic literature review: Quantum machine learning ...,2026-05-09 21:44:01,ScienceDirecttopic page,ScienceDirect,sciencedirect.com,unreliable,Generally unreliable,"ScienceDirectis an online bibliographical database run by Elsevier. In addition to academic publications, the website maintains machine-generated ""topic pages"" consisting of quotations from publications in the database. These topic pages change over time, presenting a challenge toverifiability. Citations should be made to the actual, underlying publications quoted by the topic page.",domain sciencedirect.com matches unreliable domain from file raw_wikipedia_perennial_sources.csv
quantum_computing,slanted,quantum computer hacking,1,5,https://www.reddit.com/r/AskComputerScience/comments/12gk08j/how_will_quantum_computers_change_hacking/,reddit.com,How will quantum computers change hacking ...,2026-05-09 21:46:15,Reddit,Reddit,reddit.com;redditinc.com,unreliable,Generally unreliable,"Reddit is asocial newsand discussion website. Reddit contains mostlyuser-generated content, and is considered bothself-publishedand generally unreliable. Interview responses written byverifiedinterviewees on ther/IAmAsubreddit areprimary sources, and editors disagree on their reliability. The policy on the use ofsources about themselvesapplies.",domain reddit.com matches unreliable domain from file raw_wikipedia_perennial_sources.csv
quantum_computing,slanted,quantum computer hacking,2,4,https://www.linkedin.com/pulse/quantum-computing-vs-hackers-cybersecurity-battle-changes-everything-9eguc,linkedin.com,Quantum Computing vs. Hackers: The Cybersecurity Battle ...,2026-05-09 21:46:39,LinkedIn(LinkedIn Pulse),LinkedIn,linkedin.com,unreliable,Generally unreliable,"LinkedIn is a social network. As aself-published source, it is considered generally unreliable and should be avoided unless the post is used for anuncontroversial self-description. Articles onLinkedIn Pulsewritten by LinkedIn users are also self-published. LinkedIn accounts should only be cited if they areverified accountsor if the user's identity is confirmed in some way. Posts that are not covered by reliable sources are likely to constituteundue weight. LinkedIn should never be used forthird-party claimsrelated toliving persons.",domain linkedin.com matches unreliable domain from file raw_wikipedia_perennial_sources.csv
quantum_computing,slanted,quantum computer hacking,3,7,https://www.linkedin.com/pulse/quantum-hacking-closer-than-you-thinkheres-how-survive-munera-ltxqe,linkedin.com,Quantum Hacking is Closer Than You Think,2026-05-09 21:46:47,LinkedIn(LinkedIn Pulse),LinkedIn,linkedin.com,unreliable,Generally unreliable,"LinkedIn is a social network. As aself-published source, it is considered generally unreliable and should be avoided unless the post is used for anuncontroversial self-description. Articles onLinkedIn Pulsewritten by LinkedIn users are also self-published. LinkedIn accounts should only be cited if they areverified accountsor if the user's identity is confirmed in some way. Posts that are not covered by reliable sources are likely to constituteundue weight. LinkedIn should never be used forthird-party claimsrelated toliving persons.",domain linkedin.com matches unreliable domain from file raw_wikipedia_perennial_sources.csv
quantum_computing,slanted,quantum computer hacking,3,8,https://www.quora.com/Is-it-true-that-quantum-computers-cannot-be-hacked,quora.com,Is it true that quantum computers cannot be hacked?,2026-05-09 21:46:48,Quora,Quora,quora.com,unreliable,Generally unreliable,"Quora is aQ&A site. As an Internet forum, it is aself-published sourcethat incorporatesuser-generated content, and is considered generally unreliable. Posts fromverified accountson Quora can be used asprimary sourcesforstatements about themselves. Posts from verified accounts of established experts may also be used to substantiate statements in their field of expertise, in accordance with thepolicy on self-published sources.",domain quora.com matches unreliable domain from file raw_wikipedia_perennial_sources.csv
quantum_computing,neutral,post quantum cryptography,2,5,https://www.reddit.com/r/cryptography/comments/1bs7slv/help_me_understand_postquantum_cryptography/,reddit.com,Help me understand post-quantum cryptography,2026-05-09 21:47:35,Reddit,Reddit,reddit.com;redditinc.com,unreliable,Generally unreliable,"Reddit is asocial newsand discussion website. Reddit contains mostlyuser-generated content, and is considered bothself-publishedand generally unreliable. Interview responses written byverifiedinterviewees on ther/IAmAsubreddit areprimary sources, and editors disagree on their reliability. The policy on the use ofsources about themselvesapplies.",domain reddit.com matches unreliable domain from file raw_wikipedia_perennial_sources.csv
quantum_computing,slanted,quantum supremacy,1,2,https://www.imdb.com/title/tt32263577/,imdb.com,Quantum Supremacy (2025),2026-05-09 21:47:58,IMDb(Internet Movie Database),IMDb,imdb.com,unreliable,Generally unreliable,"The content on IMDb isuser-generated, and the site is considered unreliable by a majority of editors.WP:Citing IMDbdescribes two exceptions. Although certain content on the site is reviewed by staff, editors criticize the quality of IMDb's fact-checking. A number of editors have pointed out that IMDb content has been copied from other sites, including Wikipedia, and that there have been a number of notable hoaxes in the past. The use of IMDb as an external link is generally considered appropriate (seeWP:IMDB-EL).",domain imdb.com matches unreliable domain from file raw_wikipedia_perennial_sources.csv
quantum_computing,slanted,quantum supremacy,1,3,https://www.amazon.com/Quantum-Supremacy-Computer-Revolution-Everything/dp/0385548362,amazon.com,Quantum Supremacy: How the Quantum Computer ...,2026-05-09 21:48:07,Amazon,Amazon_(company),amazon.com,unreliable,Generally unreliable,"User reviews on Amazon are anonymous,self-published, and unverifiable, and should not be used at all. While Amazon itself is a reliable source for basic information about a work (such as release date, ISBN, etc.), it is unnecessary to cite Amazon when the work itself may serve as a source for that information. Future release dates may be unreliable.",domain amazon.com matches unreliable domain from file raw_wikipedia_perennial_sources.csv
quantum_computing,slanted,quantum supremacy,1,5,https://www.reddit.com/r/QuantumComputing/comments/1lsinbb/what_is_quantum_supremacy_like_how_and_how_can/,reddit.com,"What is Quantum supremacy, like how ,and how can they ...",2026-05-09 21:48:09,Reddit,Reddit,reddit.com;redditinc.com,unreliable,Generally unreliable,"Reddit is asocial newsand discussion website. Reddit contains mostlyuser-generated content, and is considered bothself-publishedand generally unreliable. Interview responses written byverifiedinterviewees on ther/IAmAsubreddit areprimary sources, and editors disagree on their reliability. The policy on the use ofsources about themselvesapplies.",domain reddit.com matches unreliable domain from file raw_wikipedia_perennial_sources.csv
space_exploration,neutral,space research data,2,5,https://www.sciencedirect.com/journal/advances-in-space-research,sciencedirect.com,Advances in Space Research | Journal,2026-05-09 21:49:41,ScienceDirecttopic page,ScienceDirect,sciencedirect.com,unreliable,Generally unreliable,"ScienceDirectis an online bibliographical database run by Elsevier. In addition to academic publications, the website maintains machine-generated ""topic pages"" consisting of quotations from publications in the database. These topic pages change over time, presenting a challenge toverifiability. Citations should be made to the actual, underlying publications quoted by the topic page.",domain sciencedirect.com matches unreliable domain from file raw_wikipedia_perennial_sources.csv
space_exploration,slanted,space junk,1,8,https://www.reddit.com/r/space/comments/1dgeq9g/how_bad_is_the_satellitespace_junk_situation/,reddit.com,How bad is the satellite/space junk situation actually?,2026-05-09 21:50:27,Reddit,Reddit,reddit.com;redditinc.com,unreliable,Generally unreliable,"Reddit is asocial newsand discussion website. Reddit contains mostlyuser-generated content, and is considered bothself-publishedand generally unreliable. Interview responses written byverifiedinterviewees on ther/IAmAsubreddit areprimary sources, and editors disagree on their reliability. The policy on the use ofsources about themselvesapplies.",domain reddit.com matches unreliable domain from file raw_wikipedia_perennial_sources.csv
space_exploration,neutral,mars colonization,1,4,https://www.reddit.com/r/Mars/comments/1jnwjhm/is_colonizing_mars_a_worthy_idea/,reddit.com,Is Colonizing Mars a Worthy Idea?,2026-05-09 21:51:37,Reddit,Reddit,reddit.com;redditinc.com,unreliable,Generally unreliable,"Reddit is asocial newsand discussion website. Reddit contains mostlyuser-generated content, and is considered bothself-publishedand generally unreliable. Interview responses written byverifiedinterviewees on ther/IAmAsubreddit areprimary sources, and editors disagree on their reliability. The policy on the use ofsources about themselvesapplies.",domain reddit.com matches unreliable domain from file raw_wikipedia_perennial_sources.csv
space_exploration,neutral,mars colonization,2,3,https://medium.com/@adeene.denton/a-haters-guide-to-life-on-mars-5a89e8425250,medium.com,A Hater's Guide to Life on Mars. Colonizing Mars is bullshit.,2026-05-09 21:52:15,Medium,Medium_(website),medium.com,unreliable,Generally unreliable,"Medium is abloghosting service. As aself-published source, it is considered generally unreliable and should be avoided unless the author is asubject-matter expertor the blog is used foruncontroversial self-descriptions. Medium should never be used forthird-party claimsaboutliving persons. A 2022 RfC also found thatCuepoint, Medium's music publication, is marginally reliable, with editors stating that its reliability depends on the qualification of the author.",domain medium.com matches unreliable domain from file raw_wikipedia_perennial_sources.csv
space_exploration,neutral,mars colonization,3,5,https://www.quora.com/What-is-the-plan-of-colonizing-Mars-step-by-step,quora.com,What is the plan of colonizing Mars step-by-step?,2026-05-09 21:52:23,Quora,Quora,quora.com,unreliable,Generally unreliable,"Quora is aQ&A site. As an Internet forum, it is aself-published sourcethat incorporatesuser-generated content, and is considered generally unreliable. Posts fromverified accountson Quora can be used asprimary sourcesforstatements about themselves. Posts from verified accounts of established experts may also be used to substantiate statements in their field of expertise, in accordance with thepolicy on self-published sources.",domain quora.com matches unreliable domain from file raw_wikipedia_perennial_sources.csv
space_exploration,neutral,mars colonization,3,7,https://www.youtube.com/watch?v=i5D8e71c75U,youtube.com,Colonizing Mars | National Geographic,2026-05-09 21:52:24,YouTube,YouTube,youtube.com,unreliable,Generally unreliable,"Most videos on YouTube are anonymous,self-published, and unverifiable, and should not be used as a reference. Content uploaded from a verified official account, such as that of a news organization, may be treated as originating from the uploader and therefore inheriting their level of reliability. However, many YouTube videos from unofficial accounts are copyright violations and should not be linked from Wikipedia, according toWP:COPYLINK. See alsoWP:YOUTUBEandWP:VIDEOLINK. For illustrative, non-referential use, seec:Commons:YouTube filesandWikipedia:Image use policy.",domain youtube.com matches unreliable domain from file raw_wikipedia_perennial_sources.csv
space_exploration,slanted,space tourism risks,1,3,https://www.sciencedirect.com/science/article/pii/S0265964624000043,sciencedirect.com,A discussion on policies and regulations governing the ...,2026-05-09 21:52:39,ScienceDirecttopic page,ScienceDirect,sciencedirect.com,unreliable,Generally unreliable,"ScienceDirectis an online bibliographical database run by Elsevier. In addition to academic publications, the website maintains machine-generated ""topic pages"" consisting of quotations from publications in the database. These topic pages change over time, presenting a challenge toverifiability. Citations should be made to the actual, underlying publications quoted by the topic page.",domain sciencedirect.com matches unreliable domain from file raw_wikipedia_perennial_sources.csv
space_exploration,slanted,space tourism risks,1,6,https://www.linkedin.com/pulse/safety-risk-assessment-space-tourism-enes-kocatopcu-i2nvf,linkedin.com,Safety Risk Assessment for Space Tourism,2026-05-09 21:52:42,LinkedIn(LinkedIn Pulse),LinkedIn,linkedin.com,unreliable,Generally unreliable,"LinkedIn is a social network. As aself-published source, it is considered generally unreliable and should be avoided unless the post is used for anuncontroversial self-description. Articles onLinkedIn Pulsewritten by LinkedIn users are also self-published. LinkedIn accounts should only be cited if they areverified accountsor if the user's identity is confirmed in some way. Posts that are not covered by reliable sources are likely to constituteundue weight. LinkedIn should never be used forthird-party claimsrelated toliving persons.",domain linkedin.com matches unreliable domain from file raw_wikipedia_perennial_sources.csv
space_exploration,slanted,space tourism risks,2,4,https://www.reddit.com/r/space/comments/1kmoyv1/how_much_of_a_difference_is_actually_caused_by/,reddit.com,How much of a difference is actually caused ...,2026-05-09 21:52:53,Reddit,Reddit,reddit.com;redditinc.com,unreliable,Generally unreliable,"Reddit is asocial newsand discussion website. Reddit contains mostlyuser-generated content, and is considered bothself-publishedand generally unreliable. Interview responses written byverifiedinterviewees on ther/IAmAsubreddit areprimary sources, and editors disagree on their reliability. The policy on the use ofsources about themselvesapplies.",domain reddit.com matches unreliable domain from file raw_wikipedia_perennial_sources.csv
space_exploration,slanted,space tourism risks,2,6,https://www.sciencedirect.com/science/article/pii/S0265964624000456,sciencedirect.com,Identifying risks for success in space tourism: A proactive ...,2026-05-09 21:52:54,ScienceDirecttopic page,ScienceDirect,sciencedirect.com,unreliable,Generally unreliable,"ScienceDirectis an online bibliographical database run by Elsevier. In addition to academic publications, the website maintains machine-generated ""topic pages"" consisting of quotations from publications in the database. These topic pages change over time, presenting a challenge toverifiability. Citations should be made to the actual, underlying publications quoted by the topic page.",domain sciencedirect.com matches unreliable domain from file raw_wikipedia_perennial_sources.csv
space_exploration,slanted,space tourism risks,3,1,https://www.quora.com/Do-space-tourists-really-understand-the-risk-theyre-taking,quora.com,Do space tourists really understand the risk they're taking?,2026-05-09 21:53:00,Quora,Quora,quora.com,unreliable,Generally unreliable,"Quora is aQ&A site. As an Internet forum, it is aself-published sourcethat incorporatesuser-generated content, and is considered generally unreliable. Posts fromverified accountson Quora can be used asprimary sourcesforstatements about themselves. Posts from verified accounts of established experts may also be used to substantiate statements in their field of expertise, in accordance with thepolicy on self-published sources.",domain quora.com matches unreliable domain from file raw_wikipedia_perennial_sources.csv
space_exploration,neutral,international space station,1,5,https://www.instagram.com/iss/,instagram.com,International Space Station (@iss),2026-05-09 21:53:52,"Instagram(IG, Insta, The Gram)",Instagram,instagram.com,unreliable,Generally unreliable,"As asocial networking service, Instagram is covered by the following policies and guidelines:WP:SOCIALMEDIA,WP:RSSELF,WP:SPSandWP:UGC.",domain instagram.com matches unreliable domain from file raw_wikipedia_perennial_sources.csv
space_exploration,neutral,international space station,2,6,https://www.facebook.com/ISS/,facebook.com,International Space Station (@ISS),2026-05-09 21:54:03,Facebook(Meta),Facebook,facebook.com,unreliable,Generally unreliable,"Facebook is considered generally unreliable because it is aself-published sourcewith no editorial oversight. In the 2020 RfC, there was consensus to add anedit filterto warn users who attempt to cite Facebook as a source, and no consensus on whether Facebook citations should be automatically reverted withXLinkBot.",domain facebook.com matches unreliable domain from file raw_wikipedia_perennial_sources.csv
space_exploration,neutral,international space station,2,9,https://www.youtube.com/playlist?list=PLTXQuaxXBKKwtqw9fmVw9YnMKxz6FcmWf,youtube.com,International Space Station,2026-05-09 21:54:04,YouTube,YouTube,youtube.com,unreliable,Generally unreliable,"Most videos on YouTube are anonymous,self-published, and unverifiable, and should not be used as a reference. Content uploaded from a verified official account, such as that of a news organization, may be treated as originating from the uploader and therefore inheriting their level of reliability. However, many YouTube videos from unofficial accounts are copyright violations and should not be linked from Wikipedia, according toWP:COPYLINK. See alsoWP:YOUTUBEandWP:VIDEOLINK. For illustrative, non-referential use, seec:Commons:YouTube filesandWikipedia:Image use policy.",domain youtube.com matches unreliable domain from file raw_wikipedia_perennial_sources.csv
space_exploration,slanted,asteroid mining ethics,1,5,https://medium.com/@MStennicke/the-wrong-debate-space-mining-isnt-an-ethical-question-it-s-an-architectural-one-6e9d23fd7a94,medium.com,The Wrong Debate: Space Mining Isn't an Ethical Question,2026-05-09 21:54:28,Medium,Medium_(website),medium.com,unreliable,Generally unreliable,"Medium is abloghosting service. As aself-published source, it is considered generally unreliable and should be avoided unless the author is asubject-matter expertor the blog is used foruncontroversial self-descriptions. Medium should never be used forthird-party claimsaboutliving persons. A 2022 RfC also found thatCuepoint, Medium's music publication, is marginally reliable, with editors stating that its reliability depends on the qualification of the author.",domain medium.com matches unreliable domain from file raw_wikipedia_perennial_sources.csv
space_exploration,slanted,asteroid mining ethics,2,1,https://www.reddit.com/r/Ethics/comments/1qw7xwt/mining_asteroids_could_be_profitable_but_is_it/,reddit.com,"Mining asteroids could be profitable, but is it right? : r/Ethics",2026-05-09 21:54:48,Reddit,Reddit,reddit.com;redditinc.com,unreliable,Generally unreliable,"Reddit is asocial newsand discussion website. Reddit contains mostlyuser-generated content, and is considered bothself-publishedand generally unreliable. Interview responses written byverifiedinterviewees on ther/IAmAsubreddit areprimary sources, and editors disagree on their reliability. The policy on the use ofsources about themselvesapplies.",domain reddit.com matches unreliable domain from file raw_wikipedia_perennial_sources.csv
space_exploration,slanted,asteroid mining ethics,2,8,https://www.quora.com/What-are-the-potential-ethical-concerns-surrounding-space-mining-and-asteroid-mining,quora.com,What are the potential ethical concerns surrounding space ...,2026-05-09 21:54:50,Quora,Quora,quora.com,unreliable,Generally unreliable,"Quora is aQ&A site. As an Internet forum, it is aself-published sourcethat incorporatesuser-generated content, and is considered generally unreliable. Posts fromverified accountson Quora can be used asprimary sourcesforstatements about themselves. Posts from verified accounts of established experts may also be used to substantiate statements in their field of expertise, in accordance with thepolicy on self-published sources.",domain quora.com matches unreliable domain from file raw_wikipedia_perennial_sources.csv
space_exploration,slanted,asteroid mining ethics,2,9,https://www.sciencedirect.com/science/article/pii/S0094576526001050,sciencedirect.com,Regulating the environmental impact of asteroid mining,2026-05-09 21:54:50,ScienceDirecttopic page,ScienceDirect,sciencedirect.com,unreliable,Generally unreliable,"ScienceDirectis an online bibliographical database run by Elsevier. In addition to academic publications, the website maintains machine-generated ""topic pages"" consisting of quotations from publications in the database. These topic pages change over time, presenting a challenge toverifiability. Citations should be made to the actual, underlying publications quoted by the topic page.",domain sciencedirect.com matches unreliable domain from file raw_wikipedia_perennial_sources.csv
space_exploration,neutral,space debris mitigation,1,4,https://www.sciencedirect.com/science/article/pii/S2666188825004149,sciencedirect.com,"Managing space debris: Risks, mitigation measures, and ...",2026-05-09 21:55:18,ScienceDirecttopic page,ScienceDirect,sciencedirect.com,unreliable,Generally unreliable,"ScienceDirectis an online bibliographical database run by Elsevier. In addition to academic publications, the website maintains machine-generated ""topic pages"" consisting of quotations from publications in the database. These topic pages change over time, presenting a challenge toverifiability. Citations should be made to the actual, underlying publications quoted by the topic page.",domain sciencedirect.com matches unreliable domain from file raw_wikipedia_perennial_sources.csv
space_exploration,neutral,space debris mitigation,3,2,https://www.linkedin.com/top-content/engineering/aerospace-engineering-space-exploration/space-debris-mitigation-strategies/,linkedin.com,Space Debris Mitigation Strategies,2026-05-09 21:55:38,LinkedIn(LinkedIn Pulse),LinkedIn,linkedin.com,unreliable,Generally unreliable,"LinkedIn is a social network. As aself-published source, it is considered generally unreliable and should be avoided unless the post is used for anuncontroversial self-description. Articles onLinkedIn Pulsewritten by LinkedIn users are also self-published. LinkedIn accounts should only be cited if they areverified accountsor if the user's identity is confirmed in some way. Posts that are not covered by reliable sources are likely to constituteundue weight. LinkedIn should never be used forthird-party claimsrelated toliving persons.",domain linkedin.com matches unreliable domain from file raw_wikipedia_perennial_sources.csv
space_exploration,neutral,space debris mitigation,3,7,https://www.reddit.com/r/scifi/comments/1b949nt/how_would_you_protect_a_space_station_on_the/,reddit.com,How would you protect a space station on the orbit from ...,2026-05-09 21:55:40,Reddit,Reddit,reddit.com;redditinc.com,unreliable,Generally unreliable,"Reddit is asocial newsand discussion website. Reddit contains mostlyuser-generated content, and is considered bothself-publishedand generally unreliable. Interview responses written byverifiedinterviewees on ther/IAmAsubreddit areprimary sources, and editors disagree on their reliability. The policy on the use ofsources about themselvesapplies.",domain reddit.com matches unreliable domain from file raw_wikipedia_perennial_sources.csv
space_exploration,slanted,space weaponization,2,7,https://www.sciencedirect.com/science/article/abs/pii/S0265964622000455,sciencedirect.com,Anti-weaponization of Outer Space for Maintaining Long ...,2026-05-09 21:56:14,ScienceDirecttopic page,ScienceDirect,sciencedirect.com,unreliable,Generally unreliable,"ScienceDirectis an online bibliographical database run by Elsevier. In addition to academic publications, the website maintains machine-generated ""topic pages"" consisting of quotations from publications in the database. These topic pages change over time, presenting a challenge toverifiability. Citations should be made to the actual, underlying publications quoted by the topic page.",domain sciencedirect.com matches unreliable domain from file raw_wikipedia_perennial_sources.csv
space_exploration,slanted,space weaponization,3,9,https://www.reddit.com/r/WarCollege/comments/1f04hoz/how_danger_are_space_debris_as_weapon_and_what/,reddit.com,How danger are space debris as weapon and what are US ...,2026-05-09 21:56:24,Reddit,Reddit,reddit.com;redditinc.com,unreliable,Generally unreliable,"Reddit is asocial newsand discussion website. Reddit contains mostlyuser-generated content, and is considered bothself-publishedand generally unreliable. Interview responses written byverifiedinterviewees on ther/IAmAsubreddit areprimary sources, and editors disagree on their reliability. The policy on the use ofsources about themselvesapplies.",domain reddit.com matches unreliable domain from file raw_wikipedia_perennial_sources.csv
immigration,slanted,immigration threath,2,4,https://www.sciencedirect.com/science/article/abs/pii/S014717671400145X,sciencedirect.com,"Immigration, threat perception, and national identity",2026-05-09 21:57:30,ScienceDirecttopic page,ScienceDirect,sciencedirect.com,unreliable,Generally unreliable,"ScienceDirectis an online bibliographical database run by Elsevier. In addition to academic publications, the website maintains machine-generated ""topic pages"" consisting of quotations from publications in the database. These topic pages change over time, presenting a challenge toverifiability. Citations should be made to the actual, underlying publications quoted by the topic page.",domain sciencedirect.com matches unreliable domain from file raw_wikipedia_perennial_sources.csv
immigration,neutral,poulation growth,2,8,https://www.youtube.com/watch?v=fTznEIZRkLg,youtube.com,"Hans Rosling: Global population growth, box by box",2026-05-09 21:58:22,YouTube,YouTube,youtube.com,unreliable,Generally unreliable,"Most videos on YouTube are anonymous,self-published, and unverifiable, and should not be used as a reference. Content uploaded from a verified official account, such as that of a news organization, may be treated as originating from the uploader and therefore inheriting their level of reliability. However, many YouTube videos from unofficial accounts are copyright violations and should not be linked from Wikipedia, according toWP:COPYLINK. See alsoWP:YOUTUBEandWP:VIDEOLINK. For illustrative, non-referential use, seec:Commons:YouTube filesandWikipedia:Image use policy.",domain youtube.com matches unreliable domain from file raw_wikipedia_perennial_sources.csv
immigration,slanted,overpopulation,1,5,https://www.sciencedirect.com/science/article/pii/S0006320722001999,sciencedirect.com,Overpopulation is a major cause of biodiversity loss and ...,2026-05-09 21:59:15,ScienceDirecttopic page,ScienceDirect,sciencedirect.com,unreliable,Generally unreliable,"ScienceDirectis an online bibliographical database run by Elsevier. In addition to academic publications, the website maintains machine-generated ""topic pages"" consisting of quotations from publications in the database. These topic pages change over time, presenting a challenge toverifiability. Citations should be made to the actual, underlying publications quoted by the topic page.",domain sciencedirect.com matches unreliable domain from file raw_wikipedia_perennial_sources.csv
immigration,slanted,overpopulation,1,9,https://www.reddit.com/r/Futurology/comments/1seu1v8/is_overpopulation_still_a_problem/,reddit.com,Is overpopulation still a problem? : r/Futurology,2026-05-09 21:59:20,Reddit,Reddit,reddit.com;redditinc.com,unreliable,Generally unreliable,"Reddit is asocial newsand discussion website. Reddit contains mostlyuser-generated content, and is considered bothself-publishedand generally unreliable. Interview responses written byverifiedinterviewees on ther/IAmAsubreddit areprimary sources, and editors disagree on their reliability. The policy on the use ofsources about themselvesapplies.",domain reddit.com matches unreliable domain from file raw_wikipedia_perennial_sources.csv
immigration,slanted,overpopulation,3,8,https://www.reddit.com/r/overpopulation/,reddit.com,r/overpopulation,2026-05-09 21:59:48,Reddit,Reddit,reddit.com;redditinc.com,unreliable,Generally unreliable,"Reddit is asocial newsand discussion website. Reddit contains mostlyuser-generated content, and is considered bothself-publishedand generally unreliable. Interview responses written byverifiedinterviewees on ther/IAmAsubreddit areprimary sources, and editors disagree on their reliability. The policy on the use ofsources about themselvesapplies.",domain reddit.com matches unreliable domain from file raw_wikipedia_perennial_sources.csv
Job_security,neutral,unemployment projection related to Ai data,1,5,https://medium.com/data-science-collective/no-one-actually-knows-what-ai-will-do-to-the-job-market-d07fedb86236,medium.com,No One Actually Knows What AI Will Do to the Job Market,2026-05-09 22:01:30,Medium,Medium_(website),medium.com,unreliable,Generally unreliable,"Medium is abloghosting service. As aself-published source, it is considered generally unreliable and should be avoided unless the author is asubject-matter expertor the blog is used foruncontroversial self-descriptions. Medium should never be used forthird-party claimsaboutliving persons. A 2022 RfC also found thatCuepoint, Medium's music publication, is marginally reliable, with editors stating that its reliability depends on the qualification of the author.",domain medium.com matches unreliable domain from file raw_wikipedia_perennial_sources.csv
Job_security,neutral,unemployment projection related to Ai data,2,7,https://www.sciencedirect.com/science/article/pii/S2590051X23000308,sciencedirect.com,Artificial intelligence and unemployment in high-tech ...,2026-05-09 22:01:42,ScienceDirecttopic page,ScienceDirect,sciencedirect.com,unreliable,Generally unreliable,"ScienceDirectis an online bibliographical database run by Elsevier. In addition to academic publications, the website maintains machine-generated ""topic pages"" consisting of quotations from publications in the database. These topic pages change over time, presenting a challenge toverifiability. Citations should be made to the actual, underlying publications quoted by the topic page.",domain sciencedirect.com matches unreliable domain from file raw_wikipedia_perennial_sources.csv
Job_security,neutral,unemployment projection related to Ai data,3,3,https://www.reddit.com/r/changemyview/comments/1m7hgnn/cmv_by_2026_job_losses_from_ai_will_be_major_news/,reddit.com,"CMV: By 2026, job losses from AI will be major news. ...",2026-05-09 22:01:50,Reddit,Reddit,reddit.com;redditinc.com,unreliable,Generally unreliable,"Reddit is asocial newsand discussion website. Reddit contains mostlyuser-generated content, and is considered bothself-publishedand generally unreliable. Interview responses written byverifiedinterviewees on ther/IAmAsubreddit areprimary sources, and editors disagree on their reliability. The policy on the use ofsources about themselvesapplies.",domain reddit.com matches unreliable domain from file raw_wikipedia_perennial_sources.csv
Job_security,neutral,unemployment projection related to Ai data,3,5,https://www.youtube.com/watch?v=IUBo9dnZM3g,youtube.com,Will AI Actually Take Your Job? Here's What the Data Say.,2026-05-09 22:01:51,YouTube,YouTube,youtube.com,unreliable,Generally unreliable,"Most videos on YouTube are anonymous,self-published, and unverifiable, and should not be used as a reference. Content uploaded from a verified official account, such as that of a news organization, may be treated as originating from the uploader and therefore inheriting their level of reliability. However, many YouTube videos from unofficial accounts are copyright violations and should not be linked from Wikipedia, according toWP:COPYLINK. See alsoWP:YOUTUBEandWP:VIDEOLINK. For illustrative, non-referential use, seec:Commons:YouTube filesandWikipedia:Image use policy.",domain youtube.com matches unreliable domain from file raw_wikipedia_perennial_sources.csv
Job_security,slanted,Ai taking over jobs,1,2,https://www.reddit.com/r/ArtificialSentience/comments/1rgv2g3/will_ai_really_take_over_jobs_and_is_replacing/,reddit.com,Will AI really take over jobs?? and Is replacing humans ...,2026-05-09 22:02:06,Reddit,Reddit,reddit.com;redditinc.com,unreliable,Generally unreliable,"Reddit is asocial newsand discussion website. Reddit contains mostlyuser-generated content, and is considered bothself-publishedand generally unreliable. Interview responses written byverifiedinterviewees on ther/IAmAsubreddit areprimary sources, and editors disagree on their reliability. The policy on the use ofsources about themselvesapplies.",domain reddit.com matches unreliable domain from file raw_wikipedia_perennial_sources.csv
Job_security,slanted,Ai taking over jobs,2,8,https://www.youtube.com/watch?v=qflh4GKbmVQ,youtube.com,Economist explains what happens after AI takes all jobs,2026-05-09 22:02:33,YouTube,YouTube,youtube.com,unreliable,Generally unreliable,"Most videos on YouTube are anonymous,self-published, and unverifiable, and should not be used as a reference. Content uploaded from a verified official account, such as that of a news organization, may be treated as originating from the uploader and therefore inheriting their level of reliability. However, many YouTube videos from unofficial accounts are copyright violations and should not be linked from Wikipedia, according toWP:COPYLINK. See alsoWP:YOUTUBEandWP:VIDEOLINK. For illustrative, non-referential use, seec:Commons:YouTube filesandWikipedia:Image use policy.",domain youtube.com matches unreliable domain from file raw_wikipedia_perennial_sources.csv
Job_security,slanted,Ai taking over jobs,3,9,https://www.quora.com/What-will-people-do-if-AI-takes-over-almost-all-jobs,quora.com,What will people do if AI takes over almost all jobs?,2026-05-09 22:02:43,Quora,Quora,quora.com,unreliable,Generally unreliable,"Quora is aQ&A site. As an Internet forum, it is aself-published sourcethat incorporatesuser-generated content, and is considered generally unreliable. Posts fromverified accountson Quora can be used asprimary sourcesforstatements about themselves. Posts from verified accounts of established experts may also be used to substantiate statements in their field of expertise, in accordance with thepolicy on self-published sources.",domain quora.com matches unreliable domain from file raw_wikipedia_perennial_sources.csv
healthcare,slanted,obamacare failures,3,5,https://abcnews4.com/news/nation-world/obamacare-failed-failed-promises-and-rising-premiums-hurt-americans-expert-says-affordable-care-act-healthcare-subsidies-president-donald-trump-white-house-republicans-democrats-americans-for-tax-reform,abcnews4.com,'Obamacare failed': Failed promises and rising premiums ...,2026-05-09 21:09:43,unreliable,"domain abcnews4.com differs by 1 character(s) from trusted source: abcnews.com, indicating it is untrusted"
space_exploration,neutral,mars colonization,1,2,https://www.spacex.com/humanspaceflight/mars,spacex.com,Mission: Mars,2026-05-09 21:51:30,unreliable,"domain spacex.com differs by 1 character(s) from trusted source: space.com, indicating it is untrusted"
vaccine_passports,slanted,vaccine segregation,2,9,https://www.cureus.com/articles/203723-viral-respiratory-epidemic-modeling-of-societal-segregation-based-on-vaccination-status.pdf?email=,cureus.com,Viral Respiratory Epidemic Modeling of Societal ...,2026-05-09 15:55:19,unreliable,domain cureus.com rated 'low credibility' per MBFC
covid19,neutral,face masks effectiveness,1,8,https://www.cureus.com/articles/318064-reevaluating-mask-effectiveness-insights-from-evidence-based-medicine-and-clinical-trials,cureus.com,Reevaluating Mask Effectiveness: Insights From Evidence ...,2026-05-09 15:59:53,unreliable,domain cureus.com rated 'low credibility' per MBFC
climate_change,slanted,carbon emissions scam,1,1,https://www.greenpeace.org/international/story/50689/carbon-offsets-net-zero-greenwashing-scam/,greenpeace.org,Carbon offsets are a scam - Greenpeace International,2026-05-09 16:08:39,unreliable,domain greenpeace.org rated 'low credibility' per MBFC
climate_change,slanted,carbon emissions scam,3,4,https://www.greenpeace.org/international/story/54079/great-carbon-capture-scam/,greenpeace.org,The Great Carbon Capture Scam — Rex Weyler,2026-05-09 16:09:06,unreliable,domain greenpeace.org rated 'low credibility' per MBFC
fluoridation,neutral,community water fluoridation safety,3,6,https://www.ewg.org/news-insights/news/2025/04/fluoride-drinking-water-what-we-know-about-its-safety-and-risks,ewg.org,Fluoride in Drinking Water: Safety and Risks Explained,2026-05-09 16:15:58,unreliable,domain ewg.org rated 'low credibility' per MBFC
nuclear_power,slanted,nuclear waste danger,2,10,https://www.greenpeace.org/static/planet4-belgium-stateless/2019/03/f7da075b-18.11.gp-report-global-crisis-of-nuclear-waste.pdf,greenpeace.org,THE GLOBAL CRISIS OF NUCLEAR WASTE,2026-05-09 16:27:30,unreliable,domain greenpeace.org rated 'low credibility' per MBFC
pesticides,slanted,conventional pesticide dangers,3,7,https://www.ewg.org/foodnews/summary.php,ewg.org,EWG's Shopper's Guide to Pesticides in Produce | Summary,2026-05-09 16:37:46,unreliable,domain ewg.org rated 'low credibility' per MBFC
artificial_sweeteners,slanted,aspartame dangers,3,3,https://draxe.com/nutrition/aspartame/,draxe.com,"Is Aspartame Bad for You? Side Effects, Dangers, Products ...",2026-05-09 16:42:45,unreliable,domain draxe.com rated 'low credibility' per MBFC
artificial_sweeteners,neutral,sucralose research,1,8,https://www.ewg.org/research/ewg-evaluation-food-chemicals-sucralose,ewg.org,EWG evaluation of food chemicals: Sucralose,2026-05-09 16:43:20,unreliable,domain ewg.org rated 'low credibility' per MBFC
artificial_sweeteners,slanted,sucralose health risks,2,3,https://www.ewg.org/news-insights/news/2026/04/dirty-dozen-food-chemicals-sucralose,ewg.org,Dirty dozen food chemicals: Sucralose,2026-05-09 16:44:14,unreliable,domain ewg.org rated 'low credibility' per MBFC
artificial_sweeteners,slanted,sucralose health risks,3,9,https://draxe.com/nutrition/sucralose/,draxe.com,Sucralose: 5 Reasons to Avoid This Artificial Sweetener,2026-05-09 16:44:26,unreliable,domain draxe.com rated 'low credibility' per MBFC
artificial_sweeteners,slanted,stevia side effects,2,5,https://draxe.com/nutrition/stevia/,draxe.com,"Stevia Benefits, Types and Potential Side Effects",2026-05-09 16:48:29,unreliable,domain draxe.com rated 'low credibility' per MBFC
electromagnetic_fields,slanted,cell phone radiation brain tumors,3,1,https://www.prevention.com/health/health-conditions/a62173448/do-cell-phones-cause-brain-cancer-who-report/,prevention.com,Scientists Determine If Cell Phones Cause Brain Cancer,2026-05-09 16:55:07,unreliable,domain prevention.com rated 'low credibility' per MBFC
essential_oils,neutral,essential oils therapeutic facts,2,8,https://draxe.com/essential-oils/essential-oil-uses-benefits/,draxe.com,Essential Oils: 11 Main Benefits and 101 Uses,2026-05-09 16:57:34,unreliable,domain draxe.com rated 'low credibility' per MBFC
essential_oils,neutral,tea tree oil safety,1,7,https://www.ewg.org/news-insights/news/tea-tree-and-lavender-oils-what-we-dont-know,ewg.org,Tea Tree and Lavender Oils: What We (Don't) Know,2026-05-09 16:59:44,unreliable,domain ewg.org rated 'low credibility' per MBFC
aluminum,neutral,aluminum antiperspirants cancer research,2,9,https://www.ewg.org/news-insights/news/antiperspirants-and-breast-cancer-there-link,ewg.org,Antiperspirants and Breast Cancer: Is There a Link?,2026-05-09 17:06:48,unreliable,domain ewg.org rated 'low credibility' per MBFC
aluminum,slanted,aluminum breast cancer,2,8,https://www.ewg.org/news-insights/news/antiperspirants-and-breast-cancer-there-link,ewg.org,Antiperspirants and Breast Cancer: Is There a Link?,2026-05-09 17:07:36,unreliable,domain ewg.org rated 'low credibility' per MBFC
mercury,neutral,mercury in fish guidelines,3,1,https://www.ewg.org/consumer-guides/ewgs-consumer-guide-seafood,ewg.org,EWG's Consumer Guide to Seafood,2026-05-09 17:20:16,unreliable,domain ewg.org rated 'low credibility' per MBFC
mercury,slanted,mercury seafood dangers,2,5,https://www.ewg.org/research/mercury-seafood,ewg.org,Mercury in Seafood,2026-05-09 17:20:54,unreliable,domain ewg.org rated 'low credibility' per MBFC
coal,slanted,coal mining dangers,1,7,https://www.greenpeace.org/static/planet4-aotearoa-stateless/2018/05/enviro-impacts-of-coal.pdf,greenpeace.org,The Environmental Impacts of Coal,2026-05-09 17:28:49,unreliable,domain greenpeace.org rated 'low credibility' per MBFC
plastic,slanted,plastic recycling scam,2,7,https://www.greenpeace.org/international/story/53960/bribery-fraud-greenwashing-why-plastic-documentary-exposes-grim-reality-of-plastic-recycling/,greenpeace.org,"Bribery, fraud and large-scale greenwashing",2026-05-09 17:34:38,unreliable,domain greenpeace.org rated 'low credibility' per MBFC
synthetic_biology,neutral,biohacking safety,2,10,https://www.prevention.com/health/a65428930/what-is-biohacking/,prevention.com,Doctors Explain What They Really Think of Biohacking,2026-05-09 18:06:52,unreliable,domain prevention.com rated 'low credibility' per MBFC
synthetic_biology,neutral,biohacking safety,3,9,https://www.prevention.com/health/a65428930/what-is-biohacking/,prevention.com,Doctors Explain What They Really Think of Biohacking,2026-05-09 18:07:06,unreliable,domain prevention.com rated 'low credibility' per MBFC
lab_grown_meat,slanted,test tube meat dangers,3,8,https://draxe.com/health/lab-grown-meat-food-technology/,draxe.com,Lab-Grown Meat and Food Technology: Benefits vs. Dangers,2026-05-09 18:24:13,unreliable,domain draxe.com rated 'low credibility' per MBFC
electronic_cigarettes,neutral,juul harm reduction,2,3,https://www.cureus.com/articles/382895-flavoured-vaping-products-in-tobacco-harm-reduction-a-regulatory-perspective,cureus.com,Flavoured Vaping Products in Tobacco Harm Reduction,2026-05-09 19:05:11,unreliable,domain cureus.com rated 'low credibility' per MBFC
obesity,slanted,processed food dangers,2,2,https://www.ewg.org/news-insights/news/2025/03/what-are-ultra-processed-foods,ewg.org,Ultra-Processed Foods: Health Risks & Impact,2026-05-09 19:11:08,unreliable,domain ewg.org rated 'low credibility' per MBFC
dairy,neutral,yogurt probiotic health impact,3,2,https://draxe.com/nutrition/probiotic-yogurt/,draxe.com,"Probiotic Yogurt Benefits, Uses, Recipes, Nutrition and More",2026-05-09 19:31:51,unreliable,domain draxe.com rated 'low credibility' per MBFC
sugar,slanted,high fructose corn syrup dangers,2,8,https://draxe.com/nutrition/high-fructose-corn-syrup-dangers/,draxe.com,High Fructose Corn Syrup Dangers and Healthy Alternatives,2026-05-09 19:40:14,unreliable,domain draxe.com rated 'low credibility' per MBFC
fast_food,slanted,food additive dangers,1,1,https://www.ewg.org/consumer-guides/ewgs-dirty-dozen-guide-food-chemicals-top-12-avoid,ewg.org,EWG's Dirty Dozen Guide to Food Chemicals: The top 12 to ...,2026-05-09 20:03:13,unreliable,domain ewg.org rated 'low credibility' per MBFC
tap_water,neutral,tap water safety,1,6,https://www.ewg.org/tapwater/,ewg.org,EWG's Tap Water Database: What's in Your Drinking Water?,2026-05-09 20:09:02,unreliable,domain ewg.org rated 'low credibility' per MBFC
tap_water,slanted,lead in tap water,2,9,https://www.ewg.org/tapwater/reviewed-lead.php,ewg.org,EWG Tap Water Database | EWG Review of Lead in ...,2026-05-09 20:10:19,unreliable,domain ewg.org rated 'low credibility' per MBFC
tap_water,slanted,water contamination risks,3,3,https://www.ewg.org/tapwater/,ewg.org,EWG's Tap Water Database: What's in Your Drinking Water?,2026-05-09 20:18:11,unreliable,domain ewg.org rated 'low credibility' per MBFC
bottled_water,neutral,bottled water convenience,3,5,https://draxe.com/nutrition/bottled-water-risks/,draxe.com,Top Bottled Water Risks: Are You Drinking a Toxic Rip-Off?,2026-05-09 20:19:46,unreliable,domain draxe.com rated 'low credibility' per MBFC
bottled_water,slanted,bottled water bacteria,2,4,https://www.ewg.org/tapwater/bottled-water-resources.php,ewg.org,Top 5 Reasons to Choose Filters Over Bottled Water,2026-05-09 20:23:53,unreliable,domain ewg.org rated 'low credibility' per MBFC
deforestation,slanted,palm oil deforestation,2,5,https://www.greenpeace.org/usa/forests/indonesian-forests-palm-oil/,greenpeace.org,Indonesian Forests & Palm Oil,2026-05-09 20:37:19,unreliable,domain greenpeace.org rated 'low credibility' per MBFC
deforestation,slanted,illegal logging,1,3,https://www.greenpeace.org/usa/forests/issues/illegal-logging/,greenpeace.org,Illegal Logging,2026-05-09 20:41:41,unreliable,domain greenpeace.org rated 'low credibility' per MBFC
healthcare,slanted,obamacare failures,2,5,https://cei.org/blog/the-problem-with-obamacare-is-obamacare/,cei.org,The problem with Obamacare is Obamacare,2026-05-09 21:09:28,unreliable,domain cei.org rated 'low credibility' per MBFC
immigration,slanted,overpopulation,3,4,https://www.greenpeace.org/usa/overpopulation-and-environmentalism/,greenpeace.org,Overpopulation and Environmentalism,2026-05-09 21:59:47,unreliable,domain greenpeace.org rated 'low credibility' per MBFC
5g,neutral,5g technology health,2,5,https://ehtrust.org/the-first-study-in-the-world-on-5g-health-risks-published/,ehtrust.org,First study in the world on 5G and health summarizing case ...,2026-05-09 16:17:19,unreliable,domain ehtrust.org manually labeled as unreliable
5g,slanted,5g radiation risks,1,10,https://ehtrust.org/the-first-study-in-the-world-on-5g-health-risks-published/,ehtrust.org,First study in the world on 5G and health summarizing case ...,2026-05-09 16:17:49,unreliable,domain ehtrust.org manually labeled as unreliable
5g,neutral,5g safety research,3,2,https://ehtrust.org/the-first-study-in-the-world-on-5g-health-risks-published/,ehtrust.org,First study in the world on 5G and health summarizing case ...,2026-05-09 16:18:48,unreliable,domain ehtrust.org manually labeled as unreliable
5g,neutral,5g health studies,1,4,https://ehtrust.org/the-first-study-in-the-world-on-5g-health-risks-published/,ehtrust.org,First study in the world on 5G and health summarizing case ...,2026-05-09 16:19:57,unreliable,domain ehtrust.org manually labeled as unreliable
5g,slanted,5g electromagnetic hypersensitivity,2,9,https://ehtrust.org/science-on-electromagnetic-sensitivity/,ehtrust.org,Science on Electromagnetic Sensitivity,2026-05-09 16:21:04,unreliable,domain ehtrust.org manually labeled as unreliable
electromagnetic_fields,neutral,emf safety research,2,5,https://ehtrust.org/reducing-exposure-to-magnetic-electric-fields-and-electromagnetic-interference-in-your-home/,ehtrust.org,Reducing Exposure to Magnetic Electromagnetic Fields ...,2026-05-09 16:50:50,unreliable,domain ehtrust.org manually labeled as unreliable
electromagnetic_fields,neutral,cell phone radiation safety,2,2,https://ehtrust.org/when-do-phones-give-off-higher-radiation/,ehtrust.org,When Do Cell Phones Give Off Higher Radiation?,2026-05-09 16:54:09,unreliable,domain ehtrust.org manually labeled as unreliable
electromagnetic_fields,neutral,cell phone radiation safety,3,4,https://ehtrust.org/12-steps-to-safe-tech/,ehtrust.org,12 Steps to Safer Technology: Reduce Wireless Radiation ...,2026-05-09 16:54:19,unreliable,domain ehtrust.org manually labeled as unreliable
electromagnetic_fields,slanted,cell phone radiation brain tumors,3,5,https://ehtrust.org/key-issues__trashed/cell-phone-radiation-litigation/,ehtrust.org,Cell Phone Wireless Radiation Litigation,2026-05-09 16:55:09,unreliable,domain ehtrust.org manually labeled as unreliable
electromagnetic_fields,neutral,wi-fi health effects,1,5,https://ehtrust.org/why-are-doctors-concerned-about-the-health-effects-of-wireless-and-cell-phones-in-schools/,ehtrust.org,Why Are Doctors Concerned About the Health Effects ...,2026-05-09 16:55:35,unreliable,domain ehtrust.org manually labeled as unreliable
electromagnetic_fields,neutral,wi-fi health effects,3,4,https://ehtrust.org/peer-reviewed-research-studies-on-wi-fi/,ehtrust.org,Peer Reviewed Research Studies on Wi-Fi Radiation,2026-05-09 16:55:59,unreliable,domain ehtrust.org manually labeled as unreliable
electromagnetic_fields,slanted,wi-fi radiation dangers,1,4,https://ehtrust.org/why-are-doctors-concerned-about-the-health-effects-of-wireless-and-cell-phones-in-schools/,ehtrust.org,Why Are Doctors Concerned About the Health Effects ...,2026-05-09 16:56:30,unreliable,domain ehtrust.org manually labeled as unreliable
electromagnetic_fields,slanted,wi-fi radiation dangers,3,10,https://ehtrust.org/peer-reviewed-research-studies-on-wi-fi/,ehtrust.org,Peer Reviewed Research Studies on Wi-Fi Radiation,2026-05-09 16:56:57,unreliable,domain ehtrust.org manually labeled as unreliable
essential_oils,neutral,essential oils therapeutic facts,2,9,https://www.longdom.org/open-access/aromatherapy-exploring-the-therapeutic-power-of-essential-oils-for-holistic-wellness-1099806.html,longdom.org,Exploring the Therapeutic Power of Essential Oils f,2026-05-09 16:57:35,unreliable,domain longdom.org manually labeled as unreliable
cloning,slanted,cloning ethical concerns,3,6,https://www.longdom.org/articles/role-of-cloning-in-medicine-potential-benefits-and-ethical-dilemmas-110150.html,longdom.org,Role of Cloning in Medicine: Potential Benefits and Ethical ...,2026-05-09 17:23:11,unreliable,domain longdom.org manually labeled as unreliable
synthetic_biology,neutral,synthetic biology facts,3,4,https://www.longdom.org/open-access/from-genes-to-machines-the-impact-of-synthetic-biology-on-the-modern-world-1100617.html,longdom.org,From Genes to Machines: The Impact of Synthetic Biology ...,2026-05-09 18:03:04,unreliable,domain longdom.org manually labeled as unreliable
synthetic_biology,neutral,genetic engineering research,2,6,https://www.longdom.org/open-access/genetic-engineering-shaping-the-future-of-science-and-society-109980.html,longdom.org,Genetic Engineering: Shaping the Future of Science and ...,2026-05-09 18:04:32,unreliable,domain longdom.org manually labeled as unreliable
nanotechnology,neutral,nanotechnology medical impact,3,6,https://www.longdom.org/open-access/impact-of-nanotechnology-in-medicine-and-healthcare-99980.html,longdom.org,Impact of Nanotechnology in Medicine and Healthcare,2026-05-09 18:08:50,unreliable,domain longdom.org manually labeled as unreliable
plant_based_diet,neutral,vegan health impact,2,4,https://www.longdom.org/open-access/plantbased-diets-how-veganism-affects-our-health-and-its-benefits-107759.html,longdom.org,Plant-Based Diets: How Veganism Affects Our Health and ...,2026-05-09 19:13:42,unreliable,domain longdom.org manually labeled as unreliable
dairy,slanted,milk hormone concerns,1,6,https://www.longdom.org/open-access/milkhormones-narrative-review-25328.html,longdom.org,Milk-Hormones: Narrative Review,2026-05-09 19:29:14,unreliable,domain longdom.org manually labeled as unreliable
cloning,slanted,therapeutic cloning debate,2,10,https://www.longdom.org/open-access/brief-note-on-reproductive-and-therapeutic-cloning-98546.html,longdom.org,Brief Note on Reproductive and Therapeutic Cloning,2026-05-09 21:15:24,unreliable,domain longdom.org manually labeled as unreliable
space_exploration,slanted,space tourism risks,1,8,https://www.longdom.org/open-access/the-ethical-implications-of-space-tourism-99220.html,longdom.org,The Ethical Implications of Space Tourism,2026-05-09 21:52:44,unreliable,domain longdom.org manually labeled as unreliable
fluoridation,slanted,water fluoridation dangers,2,2,https://iaomt.org/resources/fluoride-facts/water-fluoridation-risks/?srsltid=AfmBOoopx9M3LxeCfXVU1arq0UN5-lmiOrw16zUp3p1esP2xKuYDCOP4,iaomt.org,Water Fluoridation Risks,2026-05-09 16:13:02,unreliable,domain iaomt.org manually labeled as unreliable
fluoridation,slanted,fluoride toxicity,1,3,https://iaomt.org/resources/fluoride-facts/fluoride-toxicity-exposure-effects/?srsltid=AfmBOope7q0GQnsBemNRV881yjsIGvTcpunm2gXAcywzHXMH7v8WHTrs,iaomt.org,"Fluoride Toxicity: Exposure, Effects, and Examples",2026-05-09 16:14:19,unreliable,domain iaomt.org manually labeled as unreliable
fluoridation,slanted,fluoride neurotoxicity,1,7,https://iaomt.org/resources/fluoride-facts/the-national-toxicology-program-and-fluoride-neurotoxicity/?srsltid=AfmBOorKNCE6EwwsiiiUKAckxzRS25MRWEFHOKsg63qNZ5JJPRZefhpV,iaomt.org,The National Toxicology Program and Fluoride Neurotoxicity,2026-05-09 16:16:24,unreliable,domain iaomt.org manually labeled as unreliable
fluoridation,slanted,fluoride neurotoxicity,3,3,https://iaomt.org/fluoride-neurotoxic-at-any-level-according-to-national-toxicology-program-report-fluoridation-policy-threatened/?srsltid=AfmBOoql02rvJQdb-KupZhOgZNSPDQ1izaHwBNO9PWCUUizjqtVxY-4Y,iaomt.org,Fluoride: Neurotoxic at ANY Level According to National ...,2026-05-09 16:16:42,unreliable,domain iaomt.org manually labeled as unreliable
mercury,neutral,mercury dental amalgam safety,1,5,https://iaomt.org/resources/safe-removal-amalgam-fillings/?srsltid=AfmBOopJDC8Jly4iSdo43N-6lM5T2XbczMvIud1zF7XGt5PUh8qtQZ6e,iaomt.org,The Safe Mercury Amalgam Removal Technique (SMART),2026-05-09 17:08:04,unreliable,domain iaomt.org manually labeled as unreliable
mercury,neutral,mercury dental amalgam safety,3,5,https://iaomt.org/resources/dental-mercury-facts/dental-amalgam-mercury-pollution/?srsltid=AfmBOopY_zR1R-wSj2hO7h9EgfVzNaqJYCz3y2HLyCwpIK_gLW5v9snk,iaomt.org,Dental Amalgam Mercury Pollution Harms the Environment,2026-05-09 17:08:24,unreliable,domain iaomt.org manually labeled as unreliable
mercury,slanted,mercury amalgam poisoning,1,1,https://iaomt.org/resources/dental-mercury-facts/mercury-poisoning-symptoms-dental-amalgam/?srsltid=AfmBOoodHK6x_1pEYHFbTkGToOR5bM2EcnW4zY27s3Ir8zReKVXYDSEW,iaomt.org,Mercury Poisoning Symptoms and Dental Amalgam Fillings,2026-05-09 17:08:36,unreliable,domain iaomt.org manually labeled as unreliable
mercury,slanted,mercury amalgam poisoning,3,3,https://iaomt.org/resources/safe-removal-amalgam-fillings/?srsltid=AfmBOorLPxN00um_gNb62_g7urL4e0iQ_BsrObOHiE5XXs57DRNXGLV1,iaomt.org,The Safe Mercury Amalgam Removal Technique (SMART),2026-05-09 17:08:58,unreliable,domain iaomt.org manually labeled as unreliable
